,AAPL,MSFT,NVDA,CRM,CSCO,IBM,AMZN,VZ,JPM,GS,AXP,V,TRV,UNH,JNJ,MRK,AMGN,BA,CAT,HON,MMM,WMT,PG,KO,MCD,NKE,DIS,HD,CVX,SHW,DOW,DIA
2021-01-04,0.3774376369578475,0.2874402304447351,0.426841501341931,0.3538347209018272,0.2645408003160446,0.7820426400424181,0.3175696513765897,0.1273317730173311,0.3000109281632792,0.3473067719577945,0.3451638608038741,0.2683515799235751,0.3112354399142006,0.3362379643422208,0.2452660793523051,0.7607808481221143,0.3061664197935309,0.5029235252442824,0.3428889405916115,,2.74548436304939,0.22771478890643698,0.2196627916753353,0.2422582621640405,0.2367039660905256,0.2711119399657599,0.3447292447877169,0.2541597986557131,0.3952844798823376,,0.3792619317576844,0.2188365198136297
2021-01-05,0.3650081101363686,0.2775061894083996,0.3939861574230353,0.3112758119112237,0.2834385356717477,0.4724965849889601,0.3567618380542389,0.1137575260013186,0.2814450410208361,0.3224140376458617,0.3046559754909341,0.2499227951438554,0.2822041965055831,0.3014976682784642,0.2453576717649159,0.4363854844347024,0.2643878617441259,0.4617624285436262,0.3008323102757221,0.2984959549498516,1.397020774648946,0.2406080812445297,0.1814533681609584,0.2202233700331845,0.2180597255015078,0.2460582418446068,0.3378881627257422,0.2199242110458766,0.3413577543924662,,0.3605211136250813,0.17600544323485
2021-01-06,0.3829567771111395,0.3072089603737188,0.416310826639608,0.3212378315128374,0.2655907549851918,0.4403861893721564,0.3669644936821745,0.1288582134781157,0.2694357408779292,0.3008351735257001,0.2923442037718975,0.2435837484678987,0.2631499801537603,0.2740119828433776,0.237495577115001,0.4642279613765144,0.265612769461542,0.4583195106762859,0.2949183983015691,0.3068242851638362,1.4462340209902356,0.23220868514477688,0.1781589075255779,0.2222467557762212,0.2088720390410851,0.2508319209473572,0.3248392602262566,0.2182220483349576,0.3287141546883828,,0.3512798935941954,0.1769956994243021
2021-01-07,0.3630737721581021,0.2655774542832937,0.3671046590620463,0.3051557708601334,0.264484198948911,0.4353376658790876,0.3533667100821049,0.1710221155839858,0.2632357471768797,0.331827988145526,0.3182018609755271,0.2323511858255862,0.2779387947881342,0.2661390981946442,0.2306182768316038,0.4366960295546804,0.2473096802142847,0.4556443060441007,0.2886567597826617,0.2990323531549929,1.5456565604655037,0.22801275524654993,0.1720668727013405,0.2132238913503092,0.2030796101967215,0.23152637040663,0.317981298136272,0.2122044122010672,0.3143956977741403,,0.3432648590042176,0.1617477743403841
2021-01-08,0.3633986497473127,0.2643687946608576,0.3706894216496451,0.2924146011386082,0.2657298455822243,0.4316452702363559,0.3500462327500254,0.1598580347059126,0.2662477702156194,0.316765821614638,0.3195983411815731,0.2260497495448029,0.2603046797619088,0.2691124683831168,0.2282925514585722,,0.2442269049689461,0.4424448076504172,0.2900093784755052,0.3092871402591368,1.5017768588624392,0.2279597592039321,0.1633115082281572,0.2124004101375889,0.2050009563925352,0.2288047059176199,0.3125970267044181,0.1973881435038882,0.313389230666196,,0.344869465988817,0.1579823971435513
2021-01-11,0.399282635739578,0.2913914785309454,0.4202909181430547,0.3156176812439999,0.2844565459098061,0.4617532125155744,0.3801823185717807,0.1703445163695319,0.2786829690555407,0.3259181836678799,0.3344546065502625,0.2462136697315657,0.2887360887625864,0.2714771915161911,0.2398334219553562,0.4843031358223627,0.2583579244242405,0.4592108257882889,0.3125411704105033,0.3051965171349094,1.5216403282614457,0.23814189805586566,0.1762448675062675,0.2293997856689381,0.2202262374494099,0.2380072520203508,0.330818272265058,0.2337123492168602,0.3383022745094539,,0.3467804950580306,0.1764218473964819
2021-01-12,0.3969565523834342,0.2735181215960477,0.4195761084889646,0.3145852667231292,0.2813192504832382,0.4805451615995198,0.3735260671649449,0.1636232424235081,0.2808013590664721,0.3295581067909332,0.3295688125750229,0.2521192404207319,0.2774689735861368,0.2761954211884294,0.2505449589691416,0.4495519481517087,0.2570657791606798,0.4573758285056923,0.3042745135327055,0.3222503725281628,1.6109897128399375,0.24555196310652536,0.1715073518144897,0.2243178273675585,0.2196608381738435,0.2404295278581298,0.3345643000599206,0.2203100170398141,0.329589256025171,,0.3690462225261999,0.1636529602374552
2021-01-13,0.3862927733556202,0.2674380664055094,0.4059869809978803,0.3036704983708934,0.2789671396500656,0.5120451136430012,0.3592202505250646,0.1732065433611201,0.2768060771079842,0.3183489046996477,0.3232998128275225,0.239822219849101,0.2724391941685295,0.262441452460754,0.2250661955526134,0.4941234607190555,0.2484657225305845,0.4642050610056414,0.2938973480490903,0.3666164337471059,1.5784098098927144,0.22885025536975243,0.1705651871752891,0.2210635765405081,0.2111756275972859,0.2297913121952166,0.3294735519634504,0.2177279685640065,0.3260709881309158,,0.3467214067107521,0.1621928648042922
2021-01-14,0.3990607144576666,0.2824031353910631,0.405087102692292,0.3170971499291149,0.2821289374633782,0.4778979263833334,0.3714831416874308,0.1732172301907178,0.2718772921207551,0.3250983726699191,0.3249773537800757,0.2743945291923572,0.2830327114482976,0.2805826466447136,0.2290000224030841,0.4981512525609492,0.2469965575411594,0.4690678827274653,0.3009481344037603,0.3096255037009562,1.6085775154071935,0.23811675228386078,0.1787251201931535,0.2244985125399393,0.2143256424802186,0.2343142835318194,0.3349125735490526,0.2208467078699115,0.3236973612443092,,0.3467409301630075,0.1596677609440449
2021-01-15,0.3857292194654921,0.2747558828397158,0.3945652661633225,0.3338812644894312,0.2805776150911335,0.4638006824962381,0.358216556888642,0.1673918870582786,0.2660956355246052,0.3203923376264966,0.3062059765401779,0.2483954916742733,0.2530837514085358,0.2607043411052174,0.2299356672509542,0.4627518238014286,0.234932042635782,0.4631006866270913,0.2933750076097572,0.3320433587521667,1.5464325887331938,0.2404496800707878,0.172364376015225,0.2190812631207916,0.2148043005241729,0.2329143693323402,0.3296761196642556,0.2100755294985171,0.3192627273996971,,0.3536215563478915,0.1566811785088854
2021-01-19,0.3649361770392629,0.2588044622136613,0.3709786631352023,0.3019326118388396,0.2765910010111902,,0.3579989514036406,0.1702130163537963,0.2504554332558961,0.2870874449077269,0.3334155308454351,0.2488299649571627,0.2510700340334735,0.2635917610188455,0.2270863687271783,0.4921470222506272,0.2411144500018563,0.4531364075939362,0.3089895947654171,0.3167382848039683,1.732850806090693,0.2492298030249684,0.1796544453064046,0.2150075220162332,0.2089192387767968,0.2361198162313053,0.3257615958440072,0.2164041302789668,0.3043419744084968,,0.3488755819837353,0.1580362072706109
2021-01-20,0.3825559689342381,0.2745229270118952,0.3734196605264727,0.3080121276258304,0.2847357976429031,0.5284364628967134,0.3669236722131111,0.1753931586065323,0.2438138371190021,0.2870940849010216,0.3202785361624851,0.2472214046666927,0.27291847111885,0.2148055646449948,0.2362804254484238,0.5002544382652062,0.2428417155570265,0.4448259512851518,0.3106192208306568,0.3215120097648172,1.8140334431652203,0.2449745308374812,0.1483743854876977,0.2167142364040376,0.2111849937740183,0.2411859716301251,0.3289996044198627,0.2102465184492227,0.2967581909855558,,0.341201478900771,0.1524224409261964
2021-01-21,0.4048060499754117,0.2785054282162105,0.3992117709494783,0.3112637227785886,0.293865395202296,0.5625704898827694,0.3654847304086589,0.1820209345667347,0.2487956566932543,0.2813433119233778,0.3359425552946941,0.242382535631525,0.2213497092676962,0.2334943424892211,0.2635288162787007,0.5068862715800483,0.2386753206598555,0.4628897890318447,0.3178278738558188,0.3306186734889688,1.6517403115625913,0.24830692147340647,0.1726819868294426,0.2277028475237078,0.217800509381624,0.2366572503249755,0.3394866668908695,0.2127801420833264,0.3150884108937663,,0.3640653383535897,0.1468997889051286
2021-01-22,0.4042633414758508,0.2877304933879754,0.379012199704646,0.3109337858327665,0.2994518353653552,0.4635505278899561,0.3719921499677984,0.1764785994736203,0.2504190222627203,0.2841942426245853,0.3350282751726344,0.2472627799760908,0.2364795270527419,0.2423373836295388,0.2685102021198441,0.5077946574738056,0.239168603885011,0.4596691838082392,0.3171929612156146,0.3182455273809225,1.862414910848024,0.2540395956344939,0.1750320995995533,0.2318207787261885,0.2194526683725763,0.2424173145326958,0.3495372639198026,0.2050500130904717,0.3162575662458357,,0.3556085041992217,0.1539790230745629
2021-01-25,0.4712377991654642,0.3061262485761867,0.4115422471832733,0.3284338038810028,0.3174447704050164,0.4616515522983844,0.3956023701714478,0.1863396822552457,0.2710683783728979,0.3029359577805793,0.357370993850568,0.2892376221279328,0.2421275054876396,0.2578734223731824,0.2969565191291599,0.5314796297809264,0.2433751244119814,0.4915524012109076,0.3514634080556766,0.3420329872577453,1.9782248031042264,0.2769646591171141,0.1909169174296064,0.2432007509195869,0.2408378412770641,0.2550590584636942,0.3658330565336627,0.224181993462673,0.3359451839581214,,0.3740814052198202,0.1600005432405326
2021-01-26,0.4830186243145877,0.3355574626999639,0.4196607921534004,0.3412371439051382,0.3328017131273958,0.5271425604483059,0.4029736960974085,0.1707438349028786,0.2723022570094351,0.3055242758807346,0.3246867107796281,0.2733256093946079,0.2451657801245908,0.2653973572711117,0.2670133060609307,0.5694646302673827,,0.4949837737073968,0.3524168146424946,0.3571643128140844,2.029197751676919,0.2833981411319682,0.1999231704260239,0.2520718652916227,0.2412423580565344,0.2715503806305177,0.3846911016134886,0.2268741026088273,0.3490369155260894,,0.3700870389788085,0.1653736861781674
2021-01-27,0.5437255293053198,0.3432281007550101,0.5157195942061109,,0.3609367788069753,0.542098956410233,0.4763573529420097,0.2100463150465683,0.3352621029328725,0.3754341356423839,0.3895123428738938,0.3365583211469675,0.3221975070642398,0.3207127578833538,0.2944168769700528,0.6342624087052758,0.308770836145601,0.529001632627096,0.4142458344718016,0.3931988114195431,2.048845468781262,0.3405702693127332,0.2704342072817038,0.2927023337530781,0.3236573024640146,0.3360773478007028,0.4653165675247365,0.2927592178126423,0.3912647599186585,,,0.204548583101818
2021-01-28,0.4061039021319959,0.2608090054517166,0.4315630121255397,0.3397079599087323,0.3474977110304715,0.549380324047778,0.4288827693856776,0.2011875391000075,0.3078060170756189,0.3221115731440745,0.3590444577287255,0.3166784522940075,0.2707849130050495,0.3208646955789634,0.2917056268100383,0.6372957825140707,0.3482349854878254,0.4958897002323483,0.3699038017825623,0.3839183025552243,2.064829834282986,0.32551811712693934,0.1942095684032873,0.2695715639004841,0.2571077677584809,0.2886730140437413,0.4247930512814061,0.2615606184219023,0.3639745868093129,,0.3731313923572639,0.1959403819946061
2021-01-29,0.4261733730088896,0.3039542210401313,0.4305729605583234,0.3619799675060781,0.3820370811691628,0.5713481195221428,0.437207400012927,0.2170389757858631,0.3288762386644053,0.3592111231204856,0.3979043298230026,0.332701324292783,0.349366437525418,0.3260959143093236,0.2492230748125866,0.6566601820482159,,0.515310910352305,0.3773964042236116,0.393806694268755,2.204270181428947,0.34416357512072265,0.2366196209373126,0.2815519659629605,0.2696310161179937,0.3173403366243508,0.4497318657545007,0.3035424258636109,0.3616539360240277,,0.4106053562950553,0.2356494887508771
2021-02-01,0.3564403485484604,0.2725509998247548,0.4058768282128246,0.3330349287847367,0.3766725709982774,0.5426132327376725,0.4171837307214384,0.1827825934442219,0.3021869386000795,0.3239880965685105,0.3577418030617686,0.2811581485927952,0.2711860909586395,0.2830752325688142,0.2281045306246752,0.6441650451229672,,0.458320651770921,0.3185238526778903,0.352377758760304,2.299671710623697,0.3436019450958364,0.2006160537309163,0.2717006461539015,0.2266019141445313,0.2969361669931476,0.4429416679928952,0.2630476968845929,0.3262281122404578,,0.3645752457197516,0.2094949092670865
2021-02-02,0.3090039077212583,0.2422012649726725,0.3692020662019478,0.2963124372512411,0.3600654970320802,0.5694476292153378,0.3865067796257879,0.1525760580147768,0.2874465294187948,0.3072505062096907,0.322203399900867,0.2340769862772644,0.240022508183175,0.2673611836768048,0.202682503168722,,0.2826947806510333,0.4046444647102075,0.2670382019511468,0.3164793794063755,2.3885719371030256,0.31509624844839873,0.1862699205225212,0.2572170369687652,0.1952525235948279,0.2435608989781541,0.4107380651237922,0.2352275629922549,0.2774803160222517,,0.3465113112304617,0.1738940875969741
2021-02-03,0.3265989538726548,0.2293204828327484,0.3665842253094384,0.2988653827920849,0.2739179057126861,0.3731560928959833,0.2805931433834965,0.1680500637106489,0.2816684906764078,0.2826600151364375,0.3185566945222122,0.2350081730703577,0.2226931200424917,0.2603321363989947,0.18744016040973,0.4379642970364578,,0.3914715503052721,0.2875075857932617,0.3089509894570289,2.463974562308162,0.30632442030284524,0.1636372577067404,0.2201241201927702,0.1916656301422415,0.2480390343895149,0.4100566632363937,0.2222891828931084,0.2648964511052337,,0.3027964195145807,0.1620625206126889
2021-02-04,0.3150822604537827,0.2324577086915321,0.4246555528816523,0.3655126592969767,0.2805424271041979,0.3827132798076228,0.2917397216385559,0.1612323879813954,0.2705822419713242,0.276693606707443,0.3145482016240658,0.2329916982222084,0.2078535397985334,0.2574048929453995,0.1699937856297513,0.4300991563876243,0.2102644718222472,0.4261691684624742,0.2781305208471145,0.2594137535699417,1.352676012532541,0.25118123310922535,0.172704330924715,0.2083379246004476,0.1794865305972942,0.2667956017295707,0.3710945350851813,0.2339304638871149,0.274638696461542,,0.2885534917624778,0.1499349183488348
2021-02-05,0.3061921013946161,0.2275522158062417,0.4129757023552138,0.3578990623792139,0.2848593200510153,0.3929310930879932,0.2768036066941332,0.1534881611491124,0.2570473252122824,0.2641602190337047,0.2906747836142865,0.2166775903364762,0.2172698739942348,0.2499010288277438,0.188803167827675,0.4298605317504581,0.2077187465615864,0.4048837153518919,0.2764225347901278,0.2623054961187587,1.4266818990754462,0.2443455650733516,0.1728604712387844,0.2112506768861712,0.1764609036533872,0.2584657897986447,0.3608773738998274,0.2279674194673372,0.2654814885642834,,0.2844019137324619,0.1515485685981854
2021-02-08,0.3007019767850753,0.2236184110077349,0.4474284540560697,0.3632452379376363,0.2828246766807512,0.3570146684229678,0.2839218903266601,0.170687688007995,0.2639563183235395,0.2776991857830664,0.3003369849668795,0.2336602711267791,0.2182589784045619,0.2518716346943283,0.1763349607065582,0.4103439280776079,0.2099142660651401,0.3976979850003065,0.2863828041624265,0.2640994275650708,1.5169635564268484,0.24672202081156747,0.1760288664408268,0.2098435742746847,0.173974235910403,0.2604348331216284,0.3769832963783465,0.238785025850677,0.2720898439249561,,0.2874352601659,0.1368401252759186
2021-02-09,0.3069580490062938,0.2220493252700859,0.4257061447086488,0.3712243014778683,0.2954576849708096,0.4867111511817191,0.2808629197285608,0.1623931722786625,0.2678474697535901,0.2741786631245234,0.307101454573327,0.2359283468569807,0.2117107295973476,0.2456830896799171,0.17469737279523,0.4269931675236599,0.2107670787383933,0.4150250889241475,0.2825956334525069,0.2633825400696955,1.5549893652520623,0.2454107087415594,0.1720150589136292,0.2144977927391562,0.184297410880266,0.2571209954019782,0.4035954795290075,0.2352651927063312,0.2568806499172315,,0.2861288376130683,0.141201258508741
2021-02-10,0.3040561465033748,0.2279584968197557,0.4867342055466743,0.3729894526315929,0.2220521275705224,0.4901077281508322,0.2786004933287762,0.1696450865139731,0.2596548059903665,0.2743304956578404,0.2959965277643422,0.2297673189464179,0.2310249903265126,0.2569354512857655,0.1700344952239107,,0.2118468940641603,0.4203151489082167,0.2813871082489372,0.2615199804280806,1.5602581084350684,0.2623141770321984,0.1766796444750792,0.1924347846354247,0.1725158499354991,0.2751054582221773,0.4014634815256938,0.2385491022743021,0.2623215522358743,,0.282646621214789,0.1453260185201614
2021-02-11,0.2934196298793003,0.2184885679351764,0.4974116562407842,0.376254368647297,0.2236974921902098,0.4816119117425586,0.2711178897527658,0.1666482169801787,0.2552696301291782,0.2762998193724516,0.2965666852898542,0.2309760107269382,0.2214361267877435,0.2528971342864134,0.1744354172213335,,0.2322148248725642,0.41432669645672,0.2762171837112352,0.2611883369797591,1.4989147511894598,0.262566510536797,0.1758237602142567,0.1851645533169015,0.1751523748896762,0.2661034001044774,0.4129227410815875,0.2445009812822428,0.2679978575167318,,0.2807737562564942,0.1409189298039703
2021-02-12,0.279660292156385,0.2057765466356438,0.4858697047653386,0.3855852765640746,0.2200775923473216,0.4753789951355033,0.2645658117035675,0.1662946379908583,0.2574975092071708,0.2715697521856675,0.306931564515411,0.2292543109559001,0.2207178135355221,0.2550198839969153,0.1718435100024329,0.4484462884792533,0.2246863553798465,0.4080671994406837,0.2756189390776854,0.2620914686256868,1.5785918350497985,0.2566410084011378,0.1771149167297754,0.1761796955673686,0.1678791737883086,0.2548987474489027,0.3388039497354175,0.2365355998250483,0.2561140014650104,,0.2784185333420774,0.1377250095059524
2021-02-16,0.283970594182988,0.2171423589908084,0.478150125629858,0.3960824821383236,0.2182431752435653,0.4962239138962331,0.2724456764456757,0.1689387575210597,0.2691863157415248,0.2757954660515023,0.3017824742785427,0.2362041568863516,0.2165611594031164,0.2546227335710443,0.1782821379335747,0.5012527516784747,0.2344165082539286,0.4222869304233377,0.289752265845547,0.2644058911678423,1.6224487328062025,0.26943526808561036,0.1755281244176229,0.1741415435837806,0.1881089953942112,0.2653393254845854,0.323798170044122,0.2485256214605734,0.3261741857402024,,0.2686188784558473,0.1410532800507425
2021-02-17,0.2928032996779525,0.2282540620211302,0.4901805045782194,0.3951642886590201,0.2161084565419553,0.4839848050153285,0.2782133735835879,0.1817957838465812,0.2627536298267748,0.2823426775462729,0.3042368419381966,0.2388608271145797,0.2069933356284954,0.2495466969273915,0.1709243325958145,0.4396101020221036,0.2171167778800055,0.4206023504169681,0.291696005703588,0.2562559014851855,1.6733437069090653,0.25598796446539535,0.1835145630874567,0.1767161015129115,0.1806510084448151,0.2657847022405078,0.3213513690997692,0.2455236773693554,0.3261962292187961,,0.2851461974920508,0.1407574696691044
2021-02-18,0.299375213616998,0.2248142008131602,0.4814795484303989,0.405966387361646,0.2121982558082109,0.4992333354598147,0.2693679718055021,0.1728226856106658,0.2528285563587988,0.2713441523577239,0.2914774571814262,0.2262922493942312,0.2089655844999375,0.2464327371981953,0.1692214339691909,0.4771866942294773,0.2308242732631246,0.4209247114964399,0.2942751918433651,0.262469760800528,1.7715614737134642,0.21862579763176954,0.1811263666477625,0.1673011302831278,0.1807588334896486,0.2619774770427756,0.3183616997117071,0.2472973596402518,0.3262519253718178,,0.2810240242579724,0.1452206245134787
2021-02-19,0.2783884045949261,0.2256055452121061,0.4714958152221062,0.3841000945097129,0.2163638701823038,0.4650800912133449,0.2683391875202321,0.1706816872785361,0.2473507367291945,0.2580025697125248,0.3057829353143406,0.2314312727970205,0.2150245056354671,0.2393818738116969,0.1692440633297249,0.5021642090246059,0.2248005337311062,0.4094430948365916,0.2884474721007241,0.2655569498763139,1.7347954342500764,0.19723815957914456,0.1814008306007868,0.1752112938137814,0.1782650392420877,0.3313754437736154,0.3013229708601176,0.2428307061004759,0.3142448885442351,,0.2576044944411493,0.144107173957489
2021-02-22,0.3220018343051269,0.2506400141429418,0.5166141849572847,0.4194210258958455,0.2267666345239501,0.5160897793765625,0.2958013693557919,0.169422774018899,0.2556464487425022,0.270742142340341,0.3061304960085185,0.2405704149246544,0.2005490443618221,0.2486278077171684,0.1960643405594044,,0.2318378146022563,0.421861914350329,0.3003771624850353,0.2576665363255657,1.9970437245304893,0.19642349730066344,0.1917778572994541,0.1784192599121932,0.1804137510640261,0.354433826727918,0.3270528284936866,0.2532609080593093,0.3267756578407876,,0.2736833579772186,0.1595055780011026
2021-02-23,0.3330505163434629,0.251987362679678,0.4909880073784129,0.4086526865298945,0.2154064080419952,0.5398394529957528,0.2854660686929591,0.1825138004031501,0.2606690737675706,0.2787108626390481,0.3146037745615779,0.258517446698583,0.2003167420569937,0.2525499633133107,0.1984963343630046,0.4831066848547769,0.2514818187749528,0.4209909667930374,0.2937185455625867,0.2636101305094416,2.042145589658646,0.20046546865468068,0.1946965652211684,0.1758238848946351,0.1799503248483635,0.365611805886924,0.3344368819110032,0.2226925805642108,0.3106419150433616,,0.2854863586322175,0.1619263222227049
2021-02-24,0.3246924327996292,0.2616387494040724,0.4682264218332801,0.4326974686437783,0.2147395243446818,0.5272713457026897,0.2900258609473672,0.1740294614609689,0.2683301731171045,0.2836172616856586,0.3273805545519316,0.2605356061405481,0.2133513791908853,0.2496219543715049,0.2118337786861927,0.5413013001854023,0.2401845341049813,0.453246278173815,0.2976387094326444,0.2761100893916396,1.905589716855892,0.21768787886366023,0.1904034199458305,0.1713536855244488,0.1761268914714719,0.372475169421907,0.3323042305105972,0.2304339683245672,0.3263503592527343,,0.2734704832370804,0.1533635333916718
2021-02-25,0.3964025444967238,0.3227046724019836,0.5198904945758874,0.4437123158056828,0.2554562231596395,0.5964992960621589,0.3522145570432333,0.2108895270099949,0.3012922330595984,0.3149748792019683,0.3467161801605505,0.3020534652896447,0.2377017291588073,0.2853459270581179,0.2240802801007837,,0.2989965357660688,0.4775411046890859,0.3320630126101284,0.3388594181097542,2.0133846240138684,0.2261309617260112,0.2328959493305152,0.192805283483705,0.2087963110735533,0.4121339301397101,0.374608143763691,0.2622839378407888,0.3556411579691741,,0.3707496439281105,0.2002969755502801
2021-02-26,0.3700613223918199,0.2817018498265387,0.4278324158674843,0.3493181827776402,0.2379758423108461,0.6165990882890665,0.309280358544755,0.1923269458686203,0.2966623396219354,0.3001768324900498,0.3244120892039995,0.2710673019944052,0.2337117182424954,,0.2183584555398847,,0.2696259266900206,0.4572355637412861,0.3234270054533564,0.3364533528142336,2.1435538898874245,0.22386393408977504,0.2079166630465373,0.1848367561931913,0.2350416908253414,0.4179213758443738,0.3565948934442945,0.2278278575108336,0.3474052862182087,,0.3837806697257183,0.1964224447832227
2021-03-01,0.3060308612754417,0.2390033920124573,0.3940144958792373,0.2914920485160065,0.2149023275196926,0.6037669696723843,0.2611025345822321,0.1693244534914858,0.2684067574138067,0.2986996640348877,0.2922830105003621,0.2338354858823998,0.193568591623325,0.2321165868152304,0.1896598108769351,0.5593647738501174,0.2276380448196991,0.4291686916195837,0.2801458738747919,0.2982416197124884,2.3556737174569675,0.19984585190217047,0.1861705231161898,0.162795501041184,0.1964084288433229,0.3852200329144513,0.3110534977515069,0.2004197526622143,0.325132067163351,,0.3464212770364384,0.1700991934485501
2021-03-02,0.3283369318087039,0.2473889056488618,0.3988734448865315,0.2886916532946619,0.2200265164729792,0.6079164579544569,0.2769534282128812,0.1684237837690696,0.2624478730054007,0.3162170353445603,0.2902755015448937,0.2450462144660946,0.1922435025723988,0.2567351313314868,0.1873185877627665,0.4133739776553228,0.2205135019032867,0.4285709962543123,0.2896837095995848,0.2974967508038706,2.208430426309215,0.19836569907365242,0.1903592411442687,0.1574527301464975,0.2034991773650084,0.3900529736518376,0.3091222610455188,0.203179773255738,0.3341013960362403,,0.3518007464013819,0.1782283806153898
2021-03-03,0.365696695347041,0.3038153818834831,0.4307929175112389,0.3454000767377522,0.2088339967902803,0.6324654586234184,0.3256488842982104,0.1920607417015986,0.2812996312792469,0.3272039755302843,0.3306276990812778,0.2669495493667955,0.2142022967771387,0.2702476582600194,0.2044666012080451,0.402488320813903,0.2604130319392404,0.4669363967354477,0.2990540824616517,0.3105862549088451,1.435493868273284,0.21607240612980363,0.2013681985386427,0.1753405373814807,0.2353463421815697,0.4252858879012881,0.3290222501430013,0.2157997645705555,0.3322634407916015,,0.3519625087255374,0.1853483588096883
2021-03-04,0.3637152602697622,0.3022019961325811,0.4653919676743602,0.324419183171741,0.206646309200313,0.4579797209044996,0.3117857774308052,0.1692903696043816,0.2826346813667227,0.3395400484096255,0.3447292704030408,0.2874252402228245,0.2397023996567073,0.2613177850090569,0.2230397446823414,0.3820344553918477,,0.4782897540428016,0.3075815272418215,0.2932697319854979,1.4165161892943745,0.2204902793886655,0.2058564504896467,0.1766114560998265,0.219868994536333,0.3703494309845419,0.3439942380815877,0.2272798427037678,0.342541415795886,,0.3716632514414605,0.1976996700553457
2021-03-05,0.3324971090144883,0.265922848303272,0.416249506219741,0.3099295469524146,0.2066854707105227,0.4911081251794149,0.2917519911967229,0.1536386830420769,0.2655398473841014,0.3217447799807767,0.2944181662014863,0.2423796785739451,0.2261783447660062,0.2586233824748943,0.2149072364121063,0.4194448862779539,0.2454063108858465,0.4784417450326926,0.2916907003715479,0.2977096169097972,1.5282054633289,0.2118150550258866,0.1932739576846967,0.1573517248102152,0.2002354728757147,0.3364267813401462,0.3279267541114779,0.2143926190406507,0.3308849799116454,,0.3480475879884728,0.1652321717267018
2021-03-08,0.3759668359016406,0.2847576595467926,0.4526049862738038,0.3285223317272782,0.2239574360808558,0.4501730803333168,0.3214103514343146,0.1627464343083507,0.2808366075550442,0.3303608733225523,0.3223407008941698,0.2617510016310941,0.2308584190864139,0.2674835930651443,0.199894064255696,0.4560712248679265,,0.4684963532498553,0.305436146314945,0.2843451705065407,1.5004859105518171,0.21943273103005342,0.1876397864886854,0.1823991150512101,0.2078849903402445,0.3435542295422759,0.3567123491035824,0.2254785967555249,0.3384228566335914,,0.3775195623047541,0.1934812464796542
2021-03-09,0.3355646052530379,0.249585451373907,0.425894438221843,0.3192106499401798,0.2098798978990728,0.4377255404918724,0.2855243020843833,0.1478144290221787,0.2611117531350122,0.313842898785334,0.3035757442034664,0.2417309731072021,0.2484047874124508,0.2608359304898729,0.1962789615611004,0.4280869709180799,0.2356169496158843,0.4573967833559574,0.2831493372745415,0.2727178292524637,1.5951610799683285,0.20729859934428624,0.175541126726416,0.1551820653952171,0.1993242304805162,0.3422330009720017,0.3455368109267773,0.2133872502193608,0.3082620621384074,,0.3389386432046696,0.1688119457297953
2021-03-10,0.3409947872690771,0.2565388891390199,0.4253030262279876,0.3166342331391785,0.1956565350469846,0.5086616652415231,0.2843041320853283,0.1490876948699907,0.2683477955101486,0.318720201880084,0.2954947441685291,0.2419970126378358,0.2358345684773779,0.2537020618709674,0.1909343505415694,0.3717125828739116,0.244022766162974,0.4666609406647551,0.2810259649799511,0.300380407719378,1.5442907536365464,0.19425329916818357,0.179120386219546,0.1697617929598067,0.1945328241855305,0.3395626966140175,0.3397346568399677,0.2337477762715879,0.3084944150013468,,0.3358967398971491,0.1737224586534921
2021-03-11,0.3207312575661239,0.2450301957044305,0.4129101253074186,0.2999770350692196,0.1892097956238272,0.4831537793372197,0.2687456116649934,0.1596227379106291,0.2546304246441627,0.3113509289068047,0.2892190361503275,0.2384399459566136,0.2478019629737951,0.2548402480383867,0.1867731413238233,0.4326585472315903,0.2184324611107852,0.4454678181774149,0.280300226965642,0.282876935589882,1.5697351529952717,0.18832978559998048,0.184422071246113,0.1496944028705266,0.1975503553237975,0.3330202387513893,0.3237742577438436,0.2250125665510055,0.2953341845421461,,0.3250651936491084,0.1562582716322018
2021-03-12,0.3247503155972602,0.2442163137223597,0.4178647310942721,0.2976667042714237,0.1981420384499988,0.5016892533092269,0.2773518830121642,0.1478181983370532,0.2575619291188707,0.3127633722808686,0.2975127804377813,0.232363478948645,0.2435033827514294,0.2560831319094657,0.1842355161550372,0.5140599998122328,0.2336391316086274,0.4629782867452122,0.2980786924555743,0.2976496502527453,1.6153833650540774,0.19579302050944142,0.1889287416834329,0.1924548432130333,0.1865901709797764,0.3347245018896602,0.3252919945860396,0.224351717991668,0.2912341459547274,,0.3163023348496613,0.1468657911182748
2021-03-15,0.3238521996310759,0.2393088669789057,0.416205092134706,0.2886481995271905,0.1865320792761779,0.4251641586011089,0.2711108247149796,0.1458287054522492,0.2579833256641053,0.3096550665899743,0.2840908378717856,0.222850878862725,0.2400734154552458,0.264490284882882,0.1866640450395014,0.4890003246407403,0.2210796264066029,0.4702932152186026,0.3029887968847204,0.3072315380998018,1.6104389137697357,0.19732717507936884,0.1876872405333017,0.1975337228437267,0.1852004607206015,0.3345815524972423,0.3257115178213031,0.2218383805676705,0.3004133844739973,,0.3368129415955148,0.1388425490734528
2021-03-16,0.304944869691605,0.2278250993980584,0.3974802940513213,0.2691684431473125,0.1769419862889829,0.418800196027002,0.2600241133907305,0.130455258044724,0.2450104299502417,0.2891540546455614,0.2721106778063045,0.2133717843173342,0.2120478247140215,0.2308821760594862,0.1681931992636746,0.5051840290401559,0.2202660582014786,0.4335215784058319,0.2711010255976235,0.2585708904728409,1.7468226216006524,0.17973322936215527,0.1779093493167403,0.1743374892602953,0.1819105714634032,0.3317332281499008,0.3070924913382294,0.2080836946814341,0.2922598651670912,,0.3282637572369217,0.1429800486927859
2021-03-17,0.3114261521617528,0.2325264195816699,0.3930165676532744,0.277398134666658,0.1717770998204494,0.4286743548723195,0.2599336014516314,0.1274036990521803,0.2393459980534489,0.2851654122661871,0.2671629875239428,0.2153217399860796,0.2037566753048609,0.2449632458771015,0.169171627120389,0.4160797619235906,0.218001783930495,0.4465662457334274,0.271739884324264,0.2657255513645593,1.808501202402626,0.171149775671988,0.1709891866074918,0.177206838927343,0.1858399218468696,0.3292905155779783,0.3125366008437774,0.2121220366623619,0.2822534016487555,,0.3174118050960288,0.1344004458861143
2021-03-18,0.3468303650179997,0.2660199809608815,0.4210374143901373,0.2903823461112341,0.1945063148678565,0.472417876460898,0.2977657042970723,0.1448611715415314,0.2586414913417685,0.3076057500639641,0.2875204927062921,0.2355228407165737,0.2224699340077547,0.2566281405898862,0.1752704968415858,0.5323300609370536,0.2230791103728693,0.4532271873225404,0.2979451167116955,0.3009265779459134,1.7387901807238866,0.20437364835166927,0.1809415406326577,0.18394100899009,0.1924501649483355,0.3499186281032054,0.3274021875651056,0.2228125447293067,0.3151081351872291,,0.3337439581730234,0.1540954489938466
2021-03-19,0.3132678240468107,0.2279187457633854,0.3847508999443537,0.2675829530448651,0.1718711472343933,0.4400231846515864,0.2533843924209513,0.1185833883563663,0.2414475158944732,0.2902436560568671,0.2698448642705027,0.3013108137125376,0.2296887657473945,0.2594400336114978,0.1782224119841396,,0.2035969329483041,0.4219681855293274,0.2792583574367108,0.270356131579288,1.7662681484104863,0.1937025887875408,0.1866088963300481,0.1687566949530828,0.1832087588405908,0.2522789162253899,0.3135396827525607,0.1878872279233733,0.2789381015880969,,0.3089609346382742,0.1558582857400989
2021-03-22,0.276774190617392,0.207671644075442,0.3534441411068583,0.2520049525552041,0.1594365972097131,0.4805270100553733,0.2360906840492284,0.1124446770514623,0.2288032329712995,0.2834869703708984,0.2471908004065883,0.2255729904783566,0.203355856808459,0.228035554700085,0.1458706917998402,,0.1830345429671246,0.3942065628672562,0.2469134029000109,0.2587028143642909,1.8272766905547368,0.17359148109339553,0.1542840529233141,0.1597408614015759,0.1708312978016416,0.2303150139562812,0.2831476922829513,0.1692962855890479,0.269431690222853,,0.2909289007142356,0.1430087687413261
2021-03-23,0.2813521410336189,0.2132947663376186,0.3484678814004446,0.249409954852316,0.1563690084284176,0.4965511850774309,0.240323112569104,0.1194815707328987,0.2399618438251136,0.2910865174440634,0.2575957112011263,0.2150983657498307,0.2174256340084441,0.2433013287484044,0.1504719722214083,,0.2041531190954982,0.414638005644003,0.264142199325951,0.2695467255443664,2.00294649652758,0.17636748111944506,0.1580276692330769,0.1567670221244123,0.1702720816488974,0.2272220855146956,0.2790462259464994,0.1881097171884235,0.2800997623134217,,0.3211589459543555,0.1571323717190325
2021-03-24,0.2962800799528491,0.2303828888934309,0.3796814880402059,0.2580629221609445,0.1645837778539287,0.5033308955445418,0.2574239489660996,0.1220859193459846,0.2514936605030603,0.3041705856258366,0.2590658524681755,0.2309868432235134,0.2403206850429388,0.2431355527269187,0.1519356677724555,0.5538615274411819,0.2027385997326732,0.4170961493671879,0.2835732855471981,0.2746787562751467,2.004270285987806,0.18444830559797148,,0.1668764183543271,0.1739076110691441,0.2574022894008383,0.2949966115015475,0.2040453221515186,0.2786706343228081,,0.3323066807677656,0.1585013241268252
2021-03-25,0.2828297659139114,0.2336915334109364,0.3767219827619572,0.2684597094003352,0.1659078465875288,0.5163349529575999,0.2641648762772918,0.1187199077893741,0.2523387152653847,0.3099863716880333,0.2541438665467548,0.2321335171688261,0.2190820036261819,0.2508615928883907,0.1565900691529476,0.5369571972117402,0.2054039671368768,0.4194718282772856,0.2911330973875288,0.2690299973266548,2.068480914316646,0.18074504008367506,0.1617845439836336,0.1606227021307026,0.1704634163617637,0.274282201135299,0.2944814647800965,0.2047437484620155,0.2817840380580199,,0.3066239032384718,0.1440259945977579
2021-03-26,0.2642756221480172,0.2053378590183676,0.3509303345436955,0.2562820239653808,0.1619386423881675,0.5295668118046042,0.2463085773681246,0.1210818004202491,0.2429455127274485,0.3013135214541392,0.2526848984679491,0.216918525423883,0.2328300598371228,,0.1492204082437707,0.542746471271709,0.1915815714886129,0.4058412366940044,0.2893795026830579,0.2637368504237747,1.9190252293235743,0.17411951795499392,0.1536032182521828,0.1555874562693495,0.1633979872983592,0.2502541112359925,0.3017334593783319,0.1941796399114398,0.273785923216519,,0.2904799148834154,0.1332675633181184
2021-03-29,0.2739838874953866,0.2239701387170648,0.3635057549155537,0.2447184388047202,0.1635307740301053,0.5645715463380381,0.2445927896058632,0.1149704929504626,0.250685007824513,0.3119820045244917,0.2560248567989541,0.2161092765604574,,0.247861586986604,0.1499216845619067,,0.2086525148067695,0.4451042683522611,0.2948448320435879,,2.1685417495973387,0.17245217093411463,,0.1582310978485411,0.1711797261346698,0.2494434084178241,0.2883985393372187,0.1929628253136985,0.2837826471803348,,0.3241394319010166,0.1395916824040964
2021-03-30,0.2766595283596879,0.2382079117527007,0.3595872482085883,0.2451190832276226,0.1611167968517378,0.5747098298288769,0.2421694074292947,0.1090518797492521,0.2515082686487284,0.3122608677111314,0.2364933316623175,0.228896960939347,0.230428408522085,0.2602272165491234,0.1470976659638314,,,0.4186900275862183,0.2822690500993851,0.2996283052336638,2.1711012676951,0.179084602330632,0.1647882638657121,0.1548576011108082,0.1612051343607112,0.2504791153068446,0.2667983594934023,0.1942010096027418,0.2752632240318287,,0.3097923108713942,0.1295806063925739
2021-03-31,0.2562679452009753,0.2256235654430778,0.339388760770575,0.2473968995944952,0.1396813671906602,0.6099695887812994,0.219493396570945,0.0982731517141393,0.2603540342033129,0.3187354787315491,0.2590823812473052,0.2103585477827321,0.2144781368800322,,0.1581861259126022,,0.19409493636345,0.3757219415299283,0.2857536025291589,0.2932239323084542,2.436046573121548,0.17641056026556812,0.1640794064903847,0.1611267449680653,0.155488103956566,0.2500214347432516,0.2778127043422885,0.1929659461606912,0.2664092193927789,,,0.1305072806179482
2021-04-01,0.2238523660211551,0.1863026544071974,0.3321635625080877,0.2319880544818984,0.1335852322439282,0.6102810670201992,0.2029932340118249,0.0883347799361678,0.2359543659434463,0.3173195036478025,0.2355467665835328,0.2004807547701811,0.2080131837566147,0.2476919800488343,0.1432819991655257,,,0.3515471787568059,0.2464943895607168,0.2536940731265541,2.4958605323022893,0.16391621883292523,,0.1473392112101643,0.1448964134957481,0.2368538418364018,0.2665532208890216,0.1741580269517303,0.2451518532823982,,0.2737792364998501,0.1267773193036699
2021-04-05,0.2540593932005001,0.2280690132768257,0.3535696889981028,0.237828823660767,0.1816363905532051,0.6880356507199791,0.2195516696627568,0.0942682935162108,0.2870751416925492,0.3495901455804314,0.2457910943656098,0.200730095525928,0.20586319089949,0.2568626793483873,0.1381212603918328,,,0.3655027208096211,0.2583808812522281,0.3046823889334449,2.740947392894444,0.16835992706921216,0.1549660135348357,0.1507816547917002,0.1454836398390864,0.2343253778054689,0.2660877407134646,0.1924741548532036,0.2543139033902435,0.2005527975628144,0.2841763011107505,0.1320252414986372
2021-04-06,0.2730632291501523,0.2163816556685456,0.3268602179538761,0.2317298100707616,0.2271884650627716,0.3950278228920847,0.2590787424916833,0.1133451459124307,0.2380305224111615,0.2629685312750895,0.2627991765747512,0.216820670478346,0.2278183826634164,0.223616090894484,0.1509758959934843,0.4343580241001152,0.2031666275458101,0.3811109275287855,0.2536500305198502,0.2364904081011202,1.35017383597672,0.19924261432265336,0.1440199180444158,0.1613788891706552,0.162144266668439,0.2203198114713281,0.2905653589346933,0.1961150869435528,0.2440197470496374,0.2374568362994497,0.2851588287664363,0.1188034692087771
2021-04-07,0.2718967025804373,0.2196546648168185,0.3225943708710813,0.224703212550532,0.2219615280929698,0.3985786645904322,0.2641637911945913,0.1079388777901766,0.2339343628075838,0.2627979235776911,0.2584846081848013,0.2115608286577519,0.2195722288421096,0.2074328373792744,0.1461943319172877,0.4525942283219704,0.2030859429339927,0.375039045652829,0.24993529123872,0.2291189173997246,1.37923837070537,0.19873410092613938,0.1402729240190836,0.1582334282735731,0.1593998230818307,0.2153911612110275,0.2900344058526156,0.1933770862595199,0.2436741624981755,0.2388503141506921,0.2875513321193531,0.117353154371286
2021-04-08,0.2705483466933966,0.2139695102945594,0.322213603390399,0.2207421871301541,0.2225574146666327,0.4166399258221311,0.2610275271433107,0.1375534492506213,0.2369466167955148,0.2620573968624995,0.2532215288326874,0.2118959461627769,0.2219102394319003,0.215425109904986,0.1379631202723282,0.4124338501629173,0.1977866583614809,0.3632389710355249,0.2472658535986109,0.2354806916037168,1.3987533273371748,0.19089986852500754,0.1381974242870105,0.1581496972161013,0.1609674201990451,0.2205818167670936,0.2845596077011767,0.1911852176938289,0.2426550599826531,0.2162406256746291,0.2874729942179323,0.1179334831181429
2021-04-09,0.2723405603357904,0.2136919267977733,0.312820562702977,0.2248083175287141,0.217999597288011,0.4300085446935323,0.2607066728566537,0.1327536454962066,0.2291775789516753,0.2545441169045531,0.2433301985514437,0.1998932693388609,0.217777892960894,0.2022368997119965,0.1394945225788114,0.4256977260776613,0.1812877808121454,0.3596952655263741,0.2425931038242493,0.2486576038667999,1.4693523500426544,0.1863314226388619,0.1340095621054711,0.1489701911282021,0.1573781117774002,0.2040287928037617,0.2804707273954795,0.1854894714617147,0.2364764280917178,0.2121099298381711,0.2829035593707252,0.1081020869028458
2021-04-12,0.281726453728281,0.2184627450247471,0.3538560582466863,0.2318939268558866,0.2283637100881326,0.4176711628139661,0.2685460698577703,0.1436358744399679,0.2289181145286561,0.2568527983716372,0.2497246298431809,0.2090893226778452,0.2164170172376703,0.2113765120626501,0.1443541537518339,0.4375887297288677,0.1842930718398996,0.3583522058078751,0.247352757492894,0.2418524844197255,1.5037399358651238,0.1818345575824837,0.1342081884671187,0.1570131767698444,0.1625753259521549,0.2105699496373421,0.2813119619812401,0.1921783703590088,0.241419331037363,0.2338873613147021,0.2826642591691015,0.1147656907407761
2021-04-13,0.2873497712257337,0.2116925086924344,0.3325069218462855,0.2276348009056302,0.2279039468216986,0.4507606061742998,0.2803992706537234,0.142631984576814,0.2314343898172984,0.2554443103539593,0.255350984837258,0.2046162457941643,0.2263733065572727,0.2109096349611955,0.1601435812514691,,0.1790918182639067,0.3607570210844965,0.2462237289446594,0.2392196840067555,1.5095348525118846,0.17912568383319818,0.1387555633145712,0.1602831931794242,0.1597428638026315,0.2175211504021086,0.2807151967710685,0.1919282778943327,0.2334569824323487,0.2254377909584191,0.2913785756324737,0.1193597660858362
2021-04-14,0.2985008778577875,0.2261908810251796,0.3342683241111359,0.2276756448782021,0.2300940645578656,0.4868327543578288,0.2816116749428731,0.1387102860072536,0.208688787149934,0.2345289463642363,0.2523509941445707,0.2057828040860944,0.2190811160280076,0.1997506505533328,0.1574013775474715,,0.1860253934605491,0.3607323927502173,0.2454166464349511,,1.544279503547275,0.18344883221390895,0.142009620086399,0.1609035293490112,0.1677317773478386,0.2100811327420732,0.2880935425835603,0.1945804447771799,0.2394570821269974,0.2444400475142689,0.2956255863802719,0.1179353134125512
2021-04-15,0.2865809264201467,0.2131295719702533,0.3577966495862915,0.2217616025899906,0.2301682082218232,0.4829926467875814,0.2653072331230083,0.1468265200668632,0.2062538604753213,0.235761393173945,0.2474767002175288,0.1972411671251784,0.2238034706406376,0.1806030557261449,0.1444515249858708,0.4669684943608105,0.1850272714952552,0.3539598000847936,0.2364929077909675,0.233896082154906,1.5739319787099375,0.18103156968501985,0.1273484537349334,0.1610979455554946,0.1660863225891029,0.202109603506303,0.2842584295800845,0.1915320987867698,0.2314708379470313,0.2075913062199778,0.2692957956368519,0.1161861929519939
2021-04-16,0.2805759926971342,0.2089169656671751,0.3341872003973357,0.2121679703497667,0.2276343694317863,0.4254256884188416,0.2688049797519879,0.1314577440027823,0.197044725881645,0.2245933654762344,0.2393617413890505,0.1905499690357865,0.2108263608062342,0.176341224760868,0.1324366077714467,0.4023189257298782,0.1658893098405042,0.3377998778281361,0.2310750620177446,0.2202444504280123,1.630548017437437,0.17667842657624996,0.1225806917288758,0.1614503123739138,0.1576784655432511,0.1945635487363665,0.2748425064252933,0.1916413437276164,0.2247076315508729,0.2366399166895079,0.2747033103127279,0.1100347931378866
2021-04-19,0.2931825353697732,0.229761071020415,0.3539974141263908,0.2385110574072531,0.2485549307551139,,0.2991047616189926,0.1496047578325765,0.2050444497868765,0.2431770386965616,0.250154379908456,0.2068816079687002,0.2223869841405554,0.1848133713384521,0.1534663630186883,,0.1903996029980819,0.3510573871368271,0.2487382017528363,0.2518256947126726,1.703666401325161,0.1921490160976891,0.1308011278417211,0.1405460779908811,0.1712487628499354,0.2110287709083979,0.2935421531422068,0.2048771539339812,0.2348595983113052,0.2218727402812254,0.2932083045950673,0.124044964996163
2021-04-20,0.3035229989783887,0.2362954294048088,0.356656610825193,0.2399227261602772,0.255924112572753,0.4262483333835005,0.3023455139952424,0.1495860897478257,0.2234515555509799,0.2594134933348115,0.2728307178023191,0.2125743103162275,0.1941453404890236,0.2116537272554499,0.1445788346972619,0.4565734810693602,0.2003496645351673,0.372097744334752,0.2647579979636887,0.2515611398376817,1.7218051303613215,0.19626278037509212,0.1124108938365351,0.148181715858982,0.1784535474196162,0.2370789558219487,0.2994524560699688,0.2284359926272403,0.2559344696985012,,0.3240797779552566,0.1323052575529629
2021-04-21,0.2933349835407793,0.2230421191595527,0.3249384791028685,0.2270909721268895,0.2475405271178614,0.4296923376530075,0.2951537979769199,0.1245859348488622,0.2114504628169704,0.2366307186758487,0.254875986865328,0.2126353268595659,0.1830562498818789,0.1936986851325059,0.1367788287687809,0.4911125590145785,0.1926508414242675,0.353733057112239,0.2556289937084676,0.2488496325533471,1.6695072529303383,0.18944156852422914,0.1142909912663266,0.1405997810704692,0.1765934579543576,0.2178586616269892,0.2845168241723124,0.2107103115831301,0.2439798555526871,0.2227607405758089,0.2888562743169628,0.116265607633193
2021-04-22,0.3032895888468614,0.2355021603497522,0.3437232822594423,0.2327710920598499,0.2536948386505557,0.4305430777943346,0.3008746245292658,0.1307696721126683,0.2200618631950247,0.2460786377146165,0.2665237752641192,0.2192124427184238,0.1972839833386935,0.1956638861368091,0.1456093265136102,0.4786688102545182,0.2037682611025877,0.3813527110528356,0.2667515918755762,0.2515722216344742,1.6952535049373076,0.20162972696520612,0.1495953219103501,0.1465761454411369,0.1848212031966542,0.2308876200699616,0.2968381021604994,0.217076120994195,0.2481475776565585,0.2508795526065623,0.2770164248811777,0.1366420125397754
2021-04-23,0.2803283976451932,0.2121707711816574,0.3279143431340768,0.2188157615495473,0.2425824091390197,0.4401371488724859,0.2815417380142215,0.1249258904691669,0.2029548805204125,0.231216502714295,0.2135817002108828,0.2017971596193381,0.1717967562973102,0.1824576280899311,0.1353738306639763,0.4926286186915897,0.1978523399447382,0.3459198366283131,0.2705640162637374,0.2197493727025399,1.7757550753672446,0.1946780686669579,0.1413022952715922,0.134558778434608,0.1719330492647937,0.2122505688463549,0.2869106800179538,0.1996751674934835,0.2386778075944663,0.2455187287327641,0.2584148579742317,0.1166566946783109
2021-04-26,0.2921960726059778,0.2241125086594705,0.3392978378744632,0.2299764138259825,0.2512546145894143,0.4553746374336983,0.3276362426701765,0.1331871935433889,0.2067483908126065,0.2348741118497376,0.2322413222918719,0.2056292879400006,0.185741572090738,0.1835813385518772,0.1370778843766146,0.5054447493317444,0.1943623795183008,0.3621229374253064,0.2800785140499709,0.2229927930250714,1.969506694456251,0.20373219990209235,0.1382629979796467,0.1418225528684575,0.1788281520093869,0.2170550668023552,0.2899734347288076,0.2091709887244554,0.2401555019049663,0.2494145459818783,0.2669114610965993,0.1249234571218996
2021-04-27,0.280507176053924,0.2418194184075421,0.3261834683713858,0.2273587832617176,0.2596422049547898,0.448108311826604,0.3172535810724567,0.1293767233575382,0.2035097904228693,0.2333496742935859,0.2320342966986053,0.2054151100508911,0.1741314437798618,0.1887915649683807,0.1345078405747028,0.5079740868963897,0.1965792118348835,0.3524716703017713,0.2830245815796353,0.2225157402684519,1.8095051808179017,0.20291080724204952,0.1406230200365901,0.1352933529780947,0.1762091150261849,0.2126479828930661,0.2877520932171019,0.2110800439656296,0.2373183389770958,0.1816554283196134,0.2420512926249984,0.1179204579105468
2021-04-28,0.2874641089515169,0.1946014257454326,0.3177357109464742,0.2286903543314049,0.2662267738161763,0.4551135050083938,0.3150290512102237,0.1257840144234098,0.1981184959009098,0.2351681871247957,0.2268125958157029,0.1758082151436529,0.1760633756394384,0.190376207711495,0.1380585183227671,0.5532625341916932,0.1669578534906427,0.31566753547997,0.2729887199207494,0.2214323496998902,1.91624061394928,0.20643431273611806,0.1428662749282134,0.1359423675939498,0.1735675030349884,0.215858211439709,0.292066932579615,0.2106600497812463,0.2343244079088864,0.1813418637244823,0.2650196538581676,0.1227969735252462
2021-04-29,0.2291597267242836,0.1809818732886836,0.320148192556916,0.2320908274276443,0.2661023780042356,0.4570595257903536,0.3001879539895549,0.1312654112281457,0.1934927924667995,0.2280526555488083,0.2262143149667128,0.1745208276509964,0.1712426999010087,0.1812838928134894,0.1361597701249751,0.5501903416884097,0.1654009124309317,0.3021917094814104,0.2484353528403912,0.2100435198009851,2.0482715013190256,0.20699241099765095,0.1439570861475363,0.1354183343991453,0.140646530526515,0.211501582152976,0.2968019433997859,0.2105921890712291,0.2255240230340878,0.180002499688071,0.2556167028884012,0.115451111353563
2021-04-30,0.2178699884481791,0.1817041281159172,0.3220573840493713,0.2389401056357809,0.279119887667088,0.4685744979505605,0.2358096217449718,0.1291626569233928,0.2025158437018052,0.2327949821473782,0.2217130521640144,0.1757387827276561,0.1736652113873949,0.1901559950189487,0.1340915067184926,0.5250790981319896,0.1611535531914637,0.3118219164734323,0.2356046368014016,0.2215715437812628,2.0734399342557994,0.20950731909915887,0.1375969288286962,0.1334501101384679,0.141512262214302,0.2114113333963044,0.308506317624256,0.2170315646032096,0.2079508115058827,0.1797775141651298,0.2608608800135392,0.1235892624928044
2021-05-03,0.2061294561659343,0.1788027878347339,0.3136934751843586,0.2322501663026935,0.289516013088956,0.5501895311341549,0.2365341244582146,0.1287646235501858,0.2001805125745878,0.2234555394411401,0.2172434475305585,0.1738992926743585,0.1824940019923146,0.1842997848913905,0.1330256468542831,0.5839760430004529,0.1575628529513127,0.3010992528771061,0.2351057033434795,0.2280429635889286,2.2737123228188936,0.21296012439168574,0.1394650661156193,0.1344588007592241,0.1357670137434652,0.2140398335656103,0.3143158873747352,0.2186316929229681,0.198758032992725,0.1901168594199241,0.262997325230944,0.1151363667281119
2021-05-04,0.2518486532782231,0.2034946939589001,0.3526796278796684,0.2665587627936532,0.3063337139096478,0.5353504488589336,0.2611006172649407,0.1423384927863444,0.2175974218730489,0.2454164119730517,0.2345858583338667,0.1935729215523768,0.1882070897991264,0.1954019305625297,0.1442673536694146,0.5766722089297137,0.1718932195377749,0.3498911764228081,0.2543862807059848,0.2449693519789083,2.351727010201333,0.23381833910804936,0.1498831158882083,0.1420954201858529,0.1516776200609952,0.2326000798389774,0.3278174576955545,0.2449289223032434,0.2164976926693453,0.195236390645156,0.2654550399359175,0.1240743254545291
2021-05-05,0.2396148361220459,0.193627375932882,0.3545795720188279,0.2604641316043696,0.234937384836368,0.5196814653377969,0.2546330051551536,0.1369487501061198,0.2108988062848442,0.2415185272116074,0.2200991022933897,0.1822105700000294,0.1665172285146812,0.17897320785708,0.1123790752833755,0.3713179960672227,0.1657800561652436,0.3362674319358117,0.24257360088655,0.2431039609877155,2.3054858036254435,0.18477306103697544,0.1396342558432146,0.1354504022272116,0.1436135171011595,0.2257109860119163,0.264779383754968,0.1958063059016233,0.2008419647449146,0.1878791297473558,0.2399871021912543,0.1244416701078076
2021-05-06,0.2274324549657043,0.187155935791642,0.370982411791031,0.2989432642160737,0.2378655445339206,0.365466585282621,0.2372214965582872,0.1288811888089844,0.210860722242461,0.2237460238059188,0.2280942929702312,0.1904047367382697,0.1708504103720195,0.1919008726280005,0.1233258601982566,0.3746660801780692,0.1700574804903024,0.3227600742034074,0.2426678216849001,0.2051090030684772,1.3860114132655543,0.19873453453837553,0.1437441014208405,0.1273150339648342,0.1193006697006408,0.2147021016538877,0.271924526819847,0.1990519174112704,0.1966160379041733,0.181317024772359,0.2394585227343733,0.1167475300638407
2021-05-07,0.2217560125973755,0.1750977585076814,0.361377345827691,0.2930921449222924,0.2381999366408791,0.3842352049230685,0.2208893967061057,0.1187797094682878,0.2060342020692802,0.2193943426902873,0.2216842904924635,0.1735188544850963,0.1626669069267879,0.17630069621705,0.111802311546708,0.397995830500348,0.1566375920787313,0.3059455232219363,0.232887644394336,0.1936628559916561,1.445276665067896,0.1980957485478833,0.1414815064954084,0.1250755910620526,0.107129861878584,0.2088484730309056,0.2582718203230903,0.188454950910837,0.1819106236300869,0.1893996159086017,0.2255336085328448,0.107325150178211
2021-05-10,0.2477895537939663,0.2025946793179091,0.3912957899275185,0.3085197951476529,0.2504478379316779,0.4175282366711255,0.2534066724768123,0.1329176977410124,0.2171957438503407,0.2330752629191311,0.2326426995339442,0.1949274857218767,0.1745938084040055,0.1903206590148813,0.1161621863960503,0.4036988417547625,0.173710226084995,0.3283563172530314,0.2453090760436295,0.2123885867404093,1.4546300275241917,0.20573006030740168,0.1480004929096308,0.132269323905676,0.1308447718310217,0.2102948680684729,0.2730075720963498,0.204491641820958,0.1961461730389705,0.2040681209186717,0.2373202987126166,0.1219805261312974
2021-05-11,0.2551577021176121,0.2147150368343634,0.4062961413441263,0.3175443751712663,0.259163119564422,0.3959427342589116,0.2550423589309107,0.1361166817679929,0.2321702208442029,0.2511373450793586,0.2503302619668256,0.2049661420794062,0.1935788391901356,0.2079935982313516,0.1291341951006258,0.3958307807920431,0.167107941772983,0.3488175287427624,0.259605889137905,0.2220598146856047,1.5186089100177342,0.2185383767846322,0.1555118937301454,0.145692030093536,0.1430587607994214,0.2200389360834982,0.2949115842827355,0.2176701690175127,0.2055831424536877,0.2052074905622769,0.2445556940434555,0.1309914942204297
2021-05-12,0.3073562986821119,0.2580101050342712,0.4508590458249359,0.3541928549414511,0.284668473686324,0.4734548207268809,0.2934992946355766,0.1625611102343339,0.2716061737035783,0.284537233290252,0.2861881594316034,0.2383273705144778,0.2181406902878715,0.2329307446072527,0.1475518376159008,0.4190256879655137,0.1959240602150917,0.3999071655515594,0.3017192222266266,0.2687854410418669,1.5950147583390983,0.2551368791378611,0.1860904959530318,0.1650001230657709,0.1745936656410642,0.254660620633548,0.3163802652151472,0.2551877300827129,0.2359995718970931,0.2391403548469453,0.2858294677708688,0.1691806263125356
2021-05-13,0.274211450919563,0.2232372727819866,0.4182569398042248,0.3419087217316078,0.2692642874686155,0.4104783892033202,0.2660962232963537,0.1475584525227153,0.2371456110391659,0.2537233183214128,0.255819492371136,0.2186222758841723,0.194757445994898,0.2191618859378257,0.1355210097260843,0.4387324892383563,0.1815277265885502,0.3653678225310551,0.271551390422417,0.2800137193142115,1.5734543211785246,0.2369495249222872,0.1700219769809915,0.1495395718287664,0.1590337599162035,0.2358240599689607,0.2980153545229536,0.235364927383203,0.2174194556940681,0.2178400693489038,0.2581962675511181,0.1386257902643967
2021-05-14,0.2422823295485773,0.1890470326801518,0.3834986383005261,0.3088414272299659,0.2475234498670648,0.395269820526975,0.229511100722582,0.1238689190973822,0.2139762262323458,0.2260824306403027,0.2326948778040506,0.1992641057793411,0.1653234708171214,0.1919430601068901,0.1197196739080473,0.4052065267015509,0.1922807688393075,0.3254388617773444,0.2440411466505983,0.2705040500202156,1.636015270312538,0.2213811912801137,0.1490581434407343,0.1303446417082266,0.1304988844179151,0.2091794009006956,0.2277299133811692,0.2104077125858599,0.2031879856064958,0.1931559754527124,0.2255600652311976,0.11872478578681
2021-05-17,0.2465873064687578,0.2063094929087151,0.3882291313212905,0.3358527046838837,0.2609014965836248,0.4281257952066617,0.2473666662393689,0.1456999394210786,0.2245762253155516,0.2402718719717657,0.2410768713426779,0.2032450899030264,0.1796993413518342,0.1969483597933658,0.1235774509243303,0.4890300784233151,0.198079853870053,0.3417364806223901,0.2528332787763896,0.2808904747914687,1.6919659889287657,0.23411649618551789,0.1559552318931482,0.1369276079902417,0.1384252714673403,0.2184170648682515,0.2415473521962206,0.2253491359105104,0.1963640779315455,0.1986856197880115,0.2323493089040912,0.1236935584288522
2021-05-18,0.2473000114949373,0.2049978899142928,0.3961480040632032,0.3397133874479758,0.2657885769308939,0.4068956523989603,0.2524793557470315,0.1517345008549224,0.2193058109310986,0.2349061069511225,0.233726275717883,0.2058528423763176,0.1915766687081402,0.1947893259523341,0.1182017025590242,0.4707738479823403,0.1995466837063396,0.3340330775250831,0.2500814396346285,0.2645272634511086,1.6986416858169913,0.16696715423888464,0.1539145330329236,0.1325751208552255,0.1352494118621464,0.2140844887742052,0.2351678689266956,0.1993063998570759,0.2610458740783645,0.1961746360908809,0.2446080029236971,0.1298691411824696
2021-05-19,0.2578209506247477,0.2216819408076271,0.4145434305317007,0.3487452188702551,0.2715696516497998,0.5239152156866893,0.2507704729533886,0.1543821847651069,0.2302878658398441,0.2498922545992536,0.2473541818718391,0.2099470579534778,0.1885960625059357,0.2124187212062633,0.1251770370333086,0.489152031086734,0.2098139552716716,0.3519215535185846,0.2707419752431357,0.2728822455239724,1.6894182907595627,0.17826772836591728,0.165493260981077,0.1434298890918064,0.1458168331511286,0.2309925149389248,0.2440891331408446,0.2022132105469157,0.2780330973447295,0.2055404177303321,0.2413880266701644,0.1326668924555185
2021-05-20,0.2342360368992337,0.2092633596293865,0.3955286839886548,0.3402967417767519,0.1895916550218556,0.4112024016434946,0.2260631881478741,0.1435066913905185,0.2143474163931728,0.2242490454685758,0.2359052100446251,0.2043274607908169,0.1718469796304317,0.1947800940291129,0.1094873094662138,0.5024443386438575,0.1897850550904552,0.3258783431087396,0.2556721839743233,0.2603389517454638,1.7172221721568366,0.1593975522081101,0.1519105902782287,0.1299215681107424,0.1317349271449968,0.2095678382506888,0.2242255660912346,0.1832406419589473,0.2578700749080654,0.1960794508065369,0.2302788769394592,0.1264330228426435
2021-05-21,0.2299928504320029,0.2035849284642758,0.404085812044225,0.3307839372348818,0.1855405456062694,0.4157972138207467,0.2277755451097451,0.1406114858235587,0.20440615645546,0.227186585330097,0.2331042950699662,0.2068254307068257,0.1665472068426776,0.1929937094305529,0.1095763483133369,0.4918939439549195,0.1812844465357723,0.3187348226468824,0.2420563203922321,0.2606770502896137,1.767155680506422,0.15414405738387188,0.1462756527284096,0.1259532744459525,0.120983338569865,0.207074270633046,0.2177155740601421,0.1739837595563062,0.2503400878885199,0.204271122935286,0.2199471537612343,0.1365230545880544
2021-05-24,0.2112624622352768,0.1852830921894464,0.383133005109852,0.3390602289113655,0.1718591359161576,0.4986709231933624,0.2082085821407304,0.1312676942220426,0.1955761720786055,0.2106591121769356,0.2156881039049987,0.1821736379497934,0.1562289283606085,0.1733389430474346,0.130362919920172,0.467904941780977,0.1763246570184882,0.3165839619024443,0.2295154546661805,0.2404295207513129,1.8950646149558767,0.14774417618537258,0.1374304809969675,0.1144962247527704,0.133104426813963,0.1848083318735996,0.2032523378377633,0.1617716240386031,0.2323006767058256,0.1795366270149457,0.2020540066720999,0.1212215885627544
2021-05-25,0.2136523284329179,0.1841547419826854,0.3773136148311,0.335640617345243,0.1706552485666737,0.4965300124841357,0.2132697189669252,0.1339712710702351,0.1982769075614744,0.2148050662715708,0.2104000941260694,0.1812387237510633,0.1583672408880764,0.1774748725690584,0.1325490412924662,,0.1926221046473435,0.309756033537124,0.2294662111112115,0.241086399574567,1.8898552807225169,0.1424145128878709,0.1386702831541707,0.1138665909260711,0.1208842808052864,0.1891095454989004,0.2074775425355858,0.1576172905375968,0.2426190266498628,0.1853136446142115,0.1999752411571854,0.1198868329072974
2021-05-26,0.2031946502258157,0.1744547553235096,0.355560026572452,0.3365528920962923,0.1680071568311301,0.4922257730357704,0.2012064197234618,0.1274558647510126,0.1870920969416273,0.2033169024858964,0.2059941247121451,0.1800492038092554,0.1462565391047749,0.1664139593575465,0.1307775296456826,0.4672574113625676,0.1863630670058365,0.2964005637384781,0.2155733627285394,0.2360686934052562,1.9014723876632664,0.1362253346984588,0.1357085382573462,0.109530824432797,0.1137168433752129,0.1879452450245922,0.2080978138162879,0.1520687961781254,0.2347150671175276,0.1802763731149253,0.184405757027149,0.112130391918254
2021-05-27,0.2094870911616807,0.1743216083852009,0.3022689319452772,0.3076283058912393,0.1598221199700256,0.5074746154368082,0.2015581718161551,0.1306846867276713,0.1838137517624247,0.1961574663236976,0.200669178704051,0.1681837915885831,0.1396924787311906,0.1590874530124212,0.1303768510979155,0.5407157194997742,0.1895938563568144,0.3060021767957026,0.2177698858835909,0.2532666610020651,2.014557595709168,0.14181700125694033,0.144453399525541,0.0961398036871817,0.1032930150976346,0.189448306396753,0.1982735934268813,0.1489995437459581,0.2295721434460972,0.1772406019632632,0.2522240961514372,0.1238684024805989
2021-05-28,0.2002525900425072,0.1710879459420918,0.3222774077307361,0.2264279016629347,0.1583679229657982,0.5251482909395683,0.1917163310887556,0.1286991523167681,0.1810793850648059,0.2074899020020799,0.1941873594545664,0.1772978473421413,0.1468140586689986,0.1536765031213156,0.1216113709952288,0.530931935812882,0.1960318373458249,0.2907785998121118,0.212205089720985,0.2459539691647348,2.037118717651651,0.13000057496812534,0.1329015657801504,0.1015506788661494,0.1300768112492766,0.1938408201436264,0.1959215250999322,0.1451143289583402,0.2166035831629464,0.1782186084448151,0.2340293357587632,0.1044251195684879
2021-06-01,0.2215653556469259,0.1814905136010828,0.34361817621105,0.2359915038389505,0.1735933223450183,0.5572046014332767,0.2034883708721152,0.159544714681934,0.1946963880119167,0.2264614374724156,0.214786849409188,0.1917042184306865,0.1470373885769446,0.1824616848734565,0.1458431859065793,,0.2181510359257384,0.3190512427717031,0.2315495534276791,0.2636945683164688,2.2908470399239262,0.13824193727472037,0.144714255657179,0.1113154912920806,0.1445674317663372,0.2141981709786718,0.213661441407182,0.1580476830382247,0.2310282909959991,0.2023540318297357,0.2469128662073824,0.1124086880464863
2021-06-02,0.2052799069878926,0.1746024553644418,0.3405220222265863,0.2290586880753833,0.1486369354323009,0.3768778983736964,0.2080699339919091,0.1332339247005274,0.1937193497659682,0.2291440598429115,0.2074827193327099,0.1886712630785359,0.1556073761582756,0.1990573930367989,0.1417499041365507,0.5314311962942846,0.2042227875505959,0.3121394944071053,0.22719492772769,0.2247132073464524,2.358689335443997,0.13294557390134942,0.1391373384861407,0.0982351973732659,0.1365905824861664,0.1976428558506154,0.208903124336311,0.1818318239637203,0.2352990945152521,0.1819019144544966,0.2722328747449624,0.107324867793705
2021-06-03,0.2127917201962608,0.1879469539997056,0.356090191567682,0.2344735528886561,0.1580180030955865,0.3782674011324506,0.2140113092759588,0.1169230771945724,0.2048897502637552,0.2493587007827118,0.2167657402023684,0.1848292160197734,0.173663844838609,0.1846396325896111,0.1405885364337558,,0.1916111039443464,0.329766238721774,0.2347691173710653,0.224820848353397,1.452331497450779,0.14015664595375738,0.1402391575175589,0.0977047727298614,0.1435666591418774,0.26303436955694,0.2050404367955943,0.1878937939303534,0.2327815562207047,0.1913122251744227,0.2561839213837106,0.1137493735579488
2021-06-04,0.2039702011016781,0.1791082442605303,0.358327128413177,0.2311805908836821,0.1449717128910357,0.4033345178977971,0.1971044336089709,0.1085054974821962,0.182283876958914,0.242643902320297,0.1980853615374285,0.1774766935414527,0.1630748082620095,0.1758771338857435,0.1355293736482995,0.1448550857299154,0.2098644537884744,0.3086307193700555,0.2225958397989976,0.214930304940323,1.5029730435215043,0.14171163515541346,0.1319374659707969,0.0738402487130313,0.1317365658075865,0.2592807768479612,0.1955139460678298,0.1752935568018455,0.2213450035885489,0.179635777316592,0.2461262646161905,0.1017483586805387
2021-06-07,0.205115874118504,0.1777926989310935,0.3461996769000855,0.2299121793447771,0.1479289526066864,0.424136840182492,0.1976059269018752,0.1081763970416041,0.1840031546853869,0.2412825204244079,0.2016935474015478,0.1842867187411527,0.1645684335590637,0.186417008301723,0.1351009850285524,0.1336557337839388,0.186061030445639,0.3067094200563673,0.222273709158802,0.2136437763739637,1.515844687822274,0.12897098642019703,0.1360037720410326,0.0791219300114889,0.1357713483144526,0.2657999167773189,0.1895567113887462,0.1780320717088321,0.2265451601714608,0.1883549582775543,0.2530135673670465,0.1057686439666189
2021-06-08,0.2047355180654706,0.1763862907155887,0.3325401298942542,0.2358337850463615,0.1444468590358165,0.368057079070014,0.2053404389583676,0.1120701438610098,0.1841871298976813,0.2374979293506397,0.2026885734423925,0.1801045782555096,0.1561339311872386,0.1833107203604061,0.1396975241645853,0.1270197193158611,0.1897680711166052,0.3096183245749379,0.2178305592072398,0.2169939085283521,1.5287721957964286,0.1307902862863332,0.1389409190426535,0.0912032707942479,0.1345186298840734,0.2709291285116437,0.1947515764340187,0.1771930880112147,0.2263744853469536,0.1855313227602982,0.2484954019013166,0.107591253337526
2021-06-09,0.203390009753037,0.1768619258961341,0.3316914774518096,0.2360911901466673,0.1459510126261949,0.3904830408098641,0.2082526437443395,0.1123867410745204,0.1971648761825754,0.2479070655530511,0.2064424829122086,0.1801862809941498,0.1846203904069515,0.1855580988925103,0.1350662133651362,0.1356170174479552,0.1897206672331676,0.3129062041269138,0.2364147869686829,0.2142382945522075,1.5366073859460352,0.13056290393375747,0.1376102327391363,0.0992285577253835,0.1391438178268943,0.2777945602428157,0.1919546923206994,0.1805281810123937,0.2235222358953583,0.1911862397980121,0.2524635159506288,0.1124562300792336
2021-06-10,0.190842628484436,0.1662230224965329,0.3125744223185419,0.2159121712414083,0.1362315091285222,0.3887946167895691,0.1989655925411986,0.1012416200301441,0.1920367952766295,0.2477958769738596,0.197861099142709,0.1630785695368659,0.1757759935126013,0.1731198434119111,0.1242906378099889,0.1078973192523931,0.1757995818649474,0.3010473919621074,0.2299146707241989,0.2385111667664247,1.5645090760141374,0.12581988704445307,0.1297897109088343,0.0775174147356442,0.1259349467518277,0.2700216909079047,0.184087646545211,0.1625700371712493,0.2267765175122125,0.1818421656866659,0.2542404757586057,0.1033142700428438
2021-06-11,0.1780936796447443,0.1560161056542093,0.3145816618749655,0.2070974329397798,0.1295718624533469,0.3993038326347903,0.1918346325563263,0.0926162206313336,0.1831164055443155,0.2307978525709688,0.1890406571352649,0.1587432840971449,0.1678185585041162,0.1681300672006602,0.1254308417038613,0.128859100977121,0.1701945971004171,0.2886967935582757,0.2252100392113554,0.2263916866152865,1.5642444789269736,0.11865257300893764,0.1306069124127593,0.0428582365236709,0.1267308640903692,0.2558991857741455,0.1776297703067329,0.1578593216110231,0.2180115513935449,0.1725590753640151,0.2407261346476965,0.0933528801393886
2021-06-14,0.1906813048223294,0.156785460289809,0.3029271061008008,0.2260679413385922,0.1372326233707415,0.3861396442883913,0.1932440928938936,0.101452934353616,0.1966288926624873,0.2461401848949245,0.1916439937882507,0.1653807104135845,0.1698836974191593,0.1635145921398413,0.1251121150941258,0.1516308217960078,0.174872709212748,0.2920838257079077,0.2497584947537048,0.2239059088557537,1.598283952742815,0.12499477336218073,0.1311701752625908,0.123429167116128,0.125593424751777,0.2742038309348019,0.1873889977236087,0.1650796772191569,0.2188725976506296,0.1850017621269601,0.2516564928409011,0.1015510965081571
2021-06-15,0.2012673728230949,0.1668442664387779,0.3052538145668768,0.2176598437526347,0.1431358500176032,0.3876267274367946,0.1946825009555214,0.0968948170504382,0.197341167944638,0.2444941422160359,0.1950763224175493,0.1672087681795754,0.1694188122974245,0.1731671237024548,0.1276314004698593,0.1550106778321895,0.1726946865375606,0.2956768954176258,0.2343474384698768,0.222546800777729,1.625254436623084,0.12538285259621165,0.1314506661837588,0.1244274332247502,0.1319013497259534,0.2728870135943479,0.183575218921172,0.1728013029062203,0.2191333084064431,0.1725638724165307,0.2362418351222285,0.1031704643129378
2021-06-16,0.1986404173960146,0.1768037651227424,0.3015646119065943,0.2242672939406184,0.1336373274890628,0.4762366236221361,0.1969888388959784,0.1077269190560307,0.1956906298420363,0.2494755024661808,0.1981645717850934,0.1704745283336143,0.1692029754974932,0.182322321280722,0.127924685218413,0.1587347759890316,0.1712800077694289,0.2998237685783996,0.2368342644739988,0.2189347867756629,1.7137624198262922,0.13082533315074282,0.1349465814701988,0.1329042030122289,0.1333971197307805,0.2772609051598565,0.1889105363470058,0.1767569675264599,0.2222879047653144,0.1710646791997162,0.2442059678688673,0.1084696984702168
2021-06-17,0.1855575369554708,0.16353220089426,0.3209552547825504,0.2124746181347893,0.1295725535423325,0.4326661392934877,0.1902768753280613,0.106270136896273,0.1995407330059474,0.2618110946666128,0.1985350859440953,0.1668863989827877,0.1766513528357919,0.176464419029875,0.1234490058403614,0.1447208304412309,0.1591296690032736,0.2933097239334637,0.2644761648060381,0.2470253220927589,1.690673089553575,0.1303955912293297,0.1403433755532034,0.1239139229939775,0.1292615087908609,0.2839848541311376,0.1891319061827547,0.1710420556178309,0.2405997063141224,0.1735758020424473,0.2594216556654079,0.1112541243107258
2021-06-18,0.2000397934911704,0.1705453724412056,0.345162771053083,0.2253682791803006,0.1515392421723603,0.5359497901842654,0.206190700143592,0.1042248974119565,0.2279502125041616,0.2772186087296414,0.2168819912214917,0.1821126728359915,0.2045538498972349,0.214381331187972,0.1397574306525543,0.164070121395637,0.1806015808858688,0.3118871237277879,0.2676225314170301,0.240889516076889,1.8386426923716104,0.1549392614517386,0.1459065577721817,0.1511894262139763,0.1475533626368702,0.299821637614273,0.2045502130328309,0.1864277294857648,0.25580523000884,0.1867727221431226,0.2663667658643296,0.1491676939789353
2021-06-21,0.1859472424242061,0.1677359065502623,0.3525699425200675,0.2139236739785876,0.1320267425466468,0.4885014951370877,0.2005878028839557,0.092718938787683,0.206587172825146,0.2635146255102214,0.2074861151904245,0.1687757079054979,0.176442258010927,0.2067755231492321,0.1237007168609463,0.1498168467393419,0.1685047974634847,0.29342436917664,0.2418412850638248,0.2410674560526796,1.8433520706640576,0.13080191313533732,0.1283605188092168,0.1341338066538722,0.1323926831611656,0.2899935534374313,0.1905240540945399,0.1742520038405684,0.2318769659163999,0.1651208486196184,0.2500847207880403,0.1274219543122371
2021-06-22,0.1883532961786152,0.1604816998218104,0.3494988737143683,0.2131271864533986,0.1320945861859524,0.4815427091323631,0.1955427934047062,0.0846966124414885,0.2030190592480188,0.2669596222322834,0.2039153247031733,0.1604363874952392,0.1810431794616341,0.1995335271841494,0.1241134930171372,0.1500199340056298,0.1737460348412865,0.2872956153941315,0.2460353299195708,0.2445648934194069,1.851736993378576,0.13071737036620656,0.1296182456348983,0.1345297738930244,0.1291717993242772,0.2868930975748568,0.181886331008995,0.1766494879601061,0.2279126589212716,0.1680942571220312,0.2396780571241787,0.1149265469477714
2021-06-23,0.1841789132380198,0.1563350954863022,0.3369889345389203,0.2069658155202704,0.1274623637385971,0.5052787726282,0.1874994237563545,0.0896690551279397,0.1968664029081449,0.2608840355654437,0.1903757647431012,0.159679293144213,0.1799213460907962,0.2051405140993392,0.125574196217291,0.1511961629674528,0.1675071596297549,0.2792483942442388,0.2400090445831047,0.2322091239531125,2.0257838004942847,0.1270034034355425,0.1355688826009035,0.1332498930398097,0.1276976064040022,0.2899477237347221,0.1766845281265781,0.1705553671434763,0.2312780643087986,0.1663429819434959,0.2529768414626406,0.114161383688364
2021-06-24,0.1761092668172932,0.148050677062125,0.3323778606182712,0.2103748990671565,0.1222668467423336,0.4994871088954258,0.1888838099253394,0.0792183656079636,0.205082470521903,0.2726427782724931,0.1862736454339809,0.1544068393142653,0.1726359408070538,0.1938614883212623,0.120103959983541,0.1606776997821611,0.1635722740285715,0.2761132161656208,0.25285550568278,0.2333832123702685,2.0861209253723745,0.12322762213459221,0.129758437132044,0.1250722028745442,0.1211059072133611,0.2956616914725359,0.1840520541269723,0.1656073473066918,0.2209596652631644,0.1602344668377199,0.2449564733904237,0.1069844464789685
2021-06-25,0.1679428163893101,0.1495340165914497,0.3259558269568374,0.2269227115433144,0.1146790748764731,0.515070452852859,0.1953799414033812,0.0753481319681561,0.1937682234928616,0.2524656834414492,0.1794125764341237,0.1467077737790686,0.1628030087337876,,0.120221473931097,,0.1599283547241566,0.272746507567208,0.2379812877065392,0.2396482094519172,1.9937384005227785,0.12100841826271247,0.1187610790212821,0.1191125038772924,0.1184430410126382,0.2231445733142426,0.1734676145978304,0.16362113518357,0.2104105300246404,0.1507302697292888,0.2365235869621398,0.0968364536693958
2021-06-28,0.1696602040655784,0.1494181861311326,0.3499412043933576,0.2097494371764772,0.115259293337674,0.5407379933492543,0.1897288660676846,0.0805167856498107,0.205701154627639,0.2624916253925817,0.1940625247181319,0.1742356194867071,0.177911495187427,0.2171417927561542,0.1219438765199283,0.1490367969115967,0.1603546934984334,0.301463347798909,0.2443590585462198,0.2588153770349254,2.19673179216097,0.12552922300771313,0.1279598050272379,0.1221215499922639,0.1247701782499103,0.1942274699967613,0.1960246968806022,0.1718916131385384,0.2404911860134122,0.1586564315549956,0.2423808507253612,0.1025504064036393
2021-06-29,0.1658481190504,0.1467916077393401,0.344330481437781,0.2123933128932557,0.1118590237030122,0.5606974433941039,0.1866914080301626,0.0854618264483029,0.1951354567815064,0.2650718789573668,0.1848646418465396,0.1556246830347968,0.1674697655738469,0.2181211760645177,0.1229389653830335,0.1505640590403114,0.1551626709529053,0.3052678475916661,0.2376178562784554,0.2546342327029926,2.2525132034277813,0.1261674963054823,0.127780016538606,0.1246969611002636,0.122262796220896,0.1954568244823336,0.193162894507814,0.1724508496270069,0.2290382543634329,0.1557436444277325,0.2433644988021419,0.1128363241350538
2021-06-30,0.1669177789087928,0.1444178197407921,0.3494989275940043,0.2178914095137473,0.1019463492224086,0.5682816495171135,0.1847615765871383,0.0749576253680842,0.1894281263815704,0.2630520282299066,0.189303105101233,0.171083545318532,0.1797213941722444,0.2214427994932452,0.1226439840898051,0.1473604757894716,0.1549128985925996,0.2841007427695656,0.2321855042909215,0.2469283458911791,2.40837588312028,0.15827731924242555,0.1327458709762176,0.1241899319108301,0.1199449650291892,0.1995090108442015,0.1866512176895347,0.1701658150412987,0.2230208458484619,0.1690368495635249,0.2366926936002653,0.1120451253469186
2021-07-01,0.1657589919014984,0.1430476936362968,0.3485678427356693,0.1998064846182602,0.098441807429737,0.5873808678169327,0.1715124740472405,0.0631064228387808,0.179720052028221,0.260064453467398,0.2004703838537043,0.1539305402510908,0.1660241850778191,0.2231722228287941,0.1116726300504917,0.1366738144877052,0.1562550840803459,0.2702908998313526,0.2189763939042228,0.2482722266030909,2.5008464441213847,0.14545403411551328,0.1288556335882968,0.1168322144452417,0.1216349178098305,0.1882083123143045,0.1804285127580738,0.1606416297881679,0.2199043343931911,0.1479017247955597,0.2300864380407737,0.0936731545735843
2021-07-02,0.165415672879331,0.1349900864000406,0.3135840788533566,0.1982357772897889,0.1319675015276595,0.6223865783131785,0.1758994088577127,,0.2078750547503493,0.2435560908431315,0.1811125548438864,0.1348105113643062,0.1561096587792504,0.2045520091628997,0.1161026105230712,0.1250151829010167,0.1438697432608097,0.2595026065954439,0.2000237382055298,0.2196091665227372,2.634512011320944,0.14158450165989808,0.1179336032142877,0.1017651699645376,0.107447955851111,0.1708412727271772,0.1702756527090836,0.1453171459890838,0.2078830173668969,0.1382574383002373,0.2207358994810127,0.0787478666762336
2021-07-06,0.2319370217573892,0.1839496906154911,0.418545640985703,0.2299426150389044,0.2200436172253071,0.3981003973733066,0.2797109553858306,0.1008856912467331,0.2057765832109835,0.2370829078957173,0.2349723820159368,0.1753960100884804,0.2101586153656282,0.2036916744208783,0.1447774823688039,0.165932980749075,0.1874740110555755,0.3164934584381799,0.2388625649086785,0.2219609141505517,1.3886311631529094,0.16907969481104598,0.1206543002497845,0.1549554400491707,0.1492806269574445,0.200632209381982,0.2420989420614863,0.1926488782666229,0.2439938425616099,0.1987068657638412,0.2815032312412731,0.1073480313119621
2021-07-07,0.2448573702692275,0.1915136523881011,0.4344004400703668,0.2303584567933553,0.2125773442768473,0.411012763792425,0.2843849359576024,0.0984499296709594,0.2161126013911172,0.2412582215377342,0.2345862924603059,0.1788413338297771,0.2102276090598384,0.1925711459737548,0.1411048199095434,0.1669671149958151,0.1927892761063488,0.3197015356344214,0.2379794594950471,0.2248335068274726,1.4743781815991062,0.1714115990075619,0.1123067456099341,0.1484650981693937,0.1522864442621669,0.1941621640705388,0.2371465788616576,0.1927223371066291,0.2413011005126031,0.2085207576231703,0.2804721683936126,0.1106507182175023
2021-07-08,0.2569782526819497,0.207780351559022,0.4528158915469366,0.2380706952109585,0.2299057694663314,0.4318914348500091,0.2882718377224849,0.1359625263537481,0.2279245564323545,0.2679390019295964,0.2536604345927627,0.2034409115487091,0.2250021873192507,0.1993471424295846,0.1473178155343992,0.1663633793081223,0.2045762474318116,0.3456687706002395,0.2569477825691578,0.233081762929751,1.467246338703687,0.17719194526143844,0.1212357561849747,0.1579706557258444,0.1594724967123406,0.1997494070430181,0.243876307382423,0.2060794045498059,0.2509808200560126,0.2085472059567357,0.2850474055909447,0.1190277989605263
2021-07-09,0.250779340663893,0.1853368535217627,0.4264227165826764,0.2141092804412294,0.2227882132215916,0.4317073359129839,0.279519951358362,0.1233427433742181,0.2059848639683221,0.2438077312364645,0.2318162517384939,0.1810083003804832,0.2076882862234596,0.1874707293188738,0.1396240087237151,0.1623022231294533,0.1886462892938059,0.3193052044003807,0.241376909747789,0.231804569647862,1.413964519116175,0.16851367983666574,0.1103658710289105,0.1459603877855947,0.1538420663223864,0.186811072633607,0.2327673506803702,0.1949634187885554,0.2385726608701385,0.1960536809157115,0.2781034717859673,0.1071803765928184
2021-07-12,0.2444289806077914,0.1850613364587184,0.4203862231295285,0.2239700551473377,0.2254100437651464,0.4343152116916906,0.2777236158880732,0.1222844171686542,0.219520502465581,0.2513276595427444,0.2349247189541177,0.1794058342297051,0.2080840594758374,0.1847025326108952,0.1415343282853153,0.1636773857322266,0.1939772520839535,0.3143982463201987,0.2447685463457709,0.2396583868851528,1.5662844584322675,0.1674905157920273,0.1049689259673666,0.1471965687130916,0.1558999485475372,0.1873488910693616,0.2587635986263176,0.1985058620638189,0.2338080312573538,0.2077483160221342,0.2862314602172993,0.1092406688899628
2021-07-13,0.2471525419355957,0.1935552532654334,0.420966688241475,0.2229532348501299,0.224252969060276,0.4302328182042083,0.281878894454563,0.1220728514503122,0.1929802457652354,0.2329559982846246,0.2327416139862694,0.1747904064230117,0.2104580062058225,0.1856860769975168,0.1419742338866055,0.1670146914504119,0.1939766882231333,0.3309801311453424,0.2488922256946749,0.2377193158816963,1.5954142737667014,0.16752057084058525,0.1070061606273609,0.1494499264428785,0.1572803201981515,0.1861572202111033,0.257331376427839,0.2050539095992614,0.2338244913137825,0.208404291423963,0.2818957115031589,0.115887585436235
2021-07-14,0.2524082729427951,0.1899611863959714,0.4210322647039339,0.2172831381553911,0.2180521057291404,0.4233473230434272,0.2780568299222189,0.1263993008933239,0.1984185098451783,0.227228199535143,0.2349894282329318,0.1803367188817064,0.1877127021026592,0.1819879266708828,0.1339424468031533,0.1702320876366108,0.1969038930026797,0.3288509127896697,0.2478968289861314,0.2246478593423009,1.5524136010705112,0.16849670784505216,0.1180202599932481,0.1430707823561835,0.1541538110561369,0.1844505300105454,0.2500863995185182,0.1964890271197351,0.2289330756719025,0.2115360649073483,0.2798181276300979,0.1098383928511024
2021-07-15,0.2487861605279731,0.1911997785753255,0.4136075215075782,0.22219625970004,0.2274959017710562,0.4393675596524178,0.2767493744091199,0.1262989619548448,0.1984104199715389,0.2244052110797846,0.2280454158382523,0.1835746890363912,0.1949040340267428,0.1673647582449348,0.1460547565811608,0.1664148711973857,0.1893216487416784,0.3237934047626002,0.238691638893581,0.2325631108168343,1.5521396241542949,0.16584607317535577,0.1170968565600509,0.1436046462370455,0.15452940506661,0.1893142816123411,0.2445064306750496,0.1962278700855436,0.2322191675209962,0.1965648058897492,0.2840440013784907,0.1061068692224007
2021-07-16,0.2489942625918214,0.196121750717912,0.4214381031212718,0.2218214441879621,0.2218639301287125,0.4234126149829545,0.2829581714673252,0.1275774573548369,0.203469016633387,0.2351492341225524,0.2348268942095532,0.182183585415742,0.2051150289022982,0.1739291520354008,0.137553408804774,0.1687554091086117,0.1888081355075438,0.3268932300028301,0.2448673368126579,0.228544311126987,1.644321734621095,0.15904584795013285,0.1120958391684733,0.1438097974815975,0.1504942248999,0.1927562209119287,0.2442254128209869,0.1986821062411791,0.2412578197417196,0.2091609565942924,0.2932223831225617,0.1212586464795055
2021-07-19,0.2805836467797698,0.215559517426357,0.4554257095697746,0.2508036677484983,0.253111374147531,0.4946414022975167,0.3032163325979075,0.150101211222157,0.250808739999725,0.276341450199077,0.2940781381299024,0.2278078519494168,0.2399936026866967,0.2000930102806027,0.163900549174144,0.1991260067979223,0.2179106206010179,0.3939921979480968,0.3071587739763624,0.2908366249810246,1.6676951894468195,0.19189898138504582,0.1314908182001046,0.1695224477953007,0.1853395392399079,0.2238848769159566,0.2833355638205191,0.2240234196036796,0.2831677229068831,0.2341418801594904,0.3277037393772205,0.1652723505913121
2021-07-20,0.2648125127146736,0.1950530426297755,,0.2252634049229316,0.2307704377736723,0.420878311104211,0.2835482682950515,0.1420422031550379,0.2204156417572098,0.2495468521411483,0.2689845143533406,0.1951883100961666,0.2007435447799201,0.1732418166531698,0.165123622766525,0.1777662703591263,,0.3345256922380862,0.2803383853103223,0.2601297473510036,1.6487203239872097,0.18001699605627103,0.1282471463512913,0.159226365633826,0.1640518199954982,0.2006691023717732,0.2584734748362605,0.2075224975492923,0.2658773582199824,0.2377744457824644,0.3036497390734431,0.148012557658361
2021-07-21,0.2589308421484127,0.1826514804158056,,0.2212449307584936,0.2306353328892526,0.418858532776436,0.2769458443575024,0.121930361397003,0.2062607868626525,0.2407191453224123,0.2613205836827654,0.1922544828676095,0.1955459770425155,0.1731849644511671,0.1326695116363176,0.1738706139497909,0.1927689621055656,0.3243706858426661,0.2757310193745491,0.2475486595375726,1.660384783651986,0.17643042075001453,0.1223383359528662,0.1300827004880794,0.1577718963461893,0.1785489899310406,0.2522844695388683,0.1993800064802412,0.249433411382534,0.2111974808487427,0.2838168366212232,0.1286919404545913
2021-07-22,0.2599640191029163,0.1922358748207482,,0.2267530473466252,0.2377517211547142,0.4099684826916455,0.2764089359775787,0.1150097386673615,0.2098765168038213,0.2328176790902644,0.2540401571218097,0.1919081577059698,0.1964255815078589,0.1726510508091299,0.1326408531089376,0.1762547180123627,0.1960191149838607,0.3293181001826818,0.2750985974257959,0.2440958035109888,1.831604599732187,0.1733545944268855,0.1612626091530542,0.1216280314984483,0.1624756802080753,0.180034896170006,0.2564656636136447,0.1997940506495903,0.2502153795347757,0.2253978232039485,0.2582701858499102,0.1263624530906785
2021-07-23,0.2415378873338262,0.1872068705544069,,0.2190922774687096,0.2320209224410828,0.4231762444350609,0.272499963688972,0.110675413815449,0.2014438461588832,0.2306730088437128,0.2339152553743502,0.1983763832081287,0.1943209388833467,0.1557076964794083,0.1299472266665216,0.1715026993800315,0.1976110132996246,0.3209139824632798,0.2733105489081822,0.2194017309061062,1.716111022286679,0.17312846516305916,0.1624408505768169,0.1172449489413031,0.1670531282966549,0.175359716599926,0.2493755212190669,0.1971305997430397,0.2399715155105574,0.2239526024317059,0.2501579175838002,0.1175861912592769
2021-07-26,0.2525289420918072,0.1972821068689757,,0.2290149115616586,0.2400855778003912,0.4621478492994858,0.2886489426677477,0.1164691963169863,0.2073534169032195,0.2373129738981253,0.2277692800435569,0.1975023101921673,0.1987920834591431,0.176948235837047,0.1325567372775834,0.1827659031897707,0.1985799753549509,0.3279408987856945,0.2849128912947602,0.2332853003330544,1.8479627692061324,0.19210914594791656,0.1610410001014484,0.1213101734868883,0.16996955659622,0.1782642454244037,0.2614976835128194,0.2125712967777682,0.2529880540505811,0.2390150287874309,0.2611489663149514,0.1240365725091493
2021-07-27,0.2631147584245042,0.2176444280791001,,0.234544912221166,0.2524046283885799,0.474831649174734,0.2904802483324594,0.115398866244386,0.2152565290896249,0.2472790841458614,0.2499396201820192,0.2041845458734552,0.2019534221883933,0.1690710281054986,0.1310284149132842,0.1814799128104558,0.2067662727611051,0.3383878821297361,0.2920288144503904,0.2452609065390938,1.8457347353140925,0.19048477098705804,0.1621695993799088,0.1278867947726864,0.1816519185094842,0.1988157726298438,0.2742294183382842,0.2162404210392373,0.2598871669739064,0.1738839980934166,0.2761148767994641,0.1203789148659642
2021-07-28,0.2156096248037122,0.1616201599776952,,0.2187041446170974,0.2536240622941742,0.4487626845393209,0.2723756060078463,0.1188608284093304,0.2084796997663535,0.233688363478296,0.2334999135037264,0.1720910591963501,0.2023049859996146,0.1717258360500976,0.1319965660818449,,0.209648985566753,0.3021737634861461,0.2843563440104249,0.2437162592190241,2.013061885406484,0.18853694652092395,0.1650698589583743,0.1266939461114533,0.1493665737313234,0.1900281374067438,0.2641799528250398,0.2169699792081345,0.2498276442532976,0.1636072188738943,0.259523623954649,0.1294173661198043
2021-07-29,0.1835168376995379,0.1437350933507231,,0.2131323745404752,0.2494665874993331,0.4553135333439793,0.2575083712894612,0.1108213401813888,0.1971986792718624,0.2211119325745425,0.222119710103206,0.1612081233009208,0.1927748809579424,0.1630932019835595,0.1228372534716599,0.1400531925458065,0.2038955512897807,0.2806656291972594,0.2827594216358943,0.2268808586616252,2.044829830233669,0.18060294009194525,0.1567344871668418,0.1179311387655865,0.1311185845641246,0.1725892214106079,0.2617070320567974,0.2071264372550523,0.2332584926955759,0.1521752148563544,0.2593941119194584,0.1195493055749379
2021-07-30,0.1835409271615302,0.1475612527434704,,0.211550878940761,0.2526414264127724,0.426461957253432,0.231332382055242,0.1089337662137232,0.1977475045655174,0.2237928210476724,0.2317426936395651,0.1739853201839678,0.1912961904877908,0.164248178151516,0.1196759271281336,0.1414667609216814,0.2006132781382996,0.2876402626103883,0.2390378019595515,0.2354343200840572,2.0651460342185946,0.18506344414775822,0.1247837414677221,0.1132866020764818,0.1332132853501585,0.1641469924918766,0.2773830948382185,0.2139803205330342,0.2139018310308593,0.1549443617471403,0.2620749856215222,0.1257719103924757
2021-08-02,0.1823794581873624,0.147539156929661,,0.2148220932988886,0.2736417901351126,0.5206943178042883,0.2076224762773801,0.1144695728060335,0.2128096155676903,0.244184417024151,0.2380939223828925,0.2022019175785054,0.1941387752038133,0.1680737748037733,0.1257215268681756,0.1501833084779974,0.212562412340332,0.295948707379343,0.2416979902225387,0.2322417264989329,2.2596240061778947,0.18830986001967445,0.1290350238312768,0.1224151171381733,0.138789374529247,0.18233365737939,0.284697325096218,0.2191997838889192,0.217122823952413,0.1553129110657495,0.2663934279204077,0.1343740373001824
2021-08-03,0.1793771851319958,0.1360948932233465,0.3934515588719154,0.2168646681668072,0.2731299984951634,0.4672788500500031,0.2079575163550323,0.1098651013905774,0.2041185170031483,0.2342384221916381,0.2310569236883947,0.1999875974296617,0.1921593610201538,0.1578500311278231,0.1344121447707849,0.1497279916799738,0.2128163133901026,0.2880892460501003,0.2330429603618813,0.2311554499865111,2.20079163927456,0.20311391549276417,0.1260680873544849,0.1163779549476265,0.1431858845179948,0.1828370715932144,0.3003435278463266,0.218115735336437,0.2059427382900717,0.1465100754878095,0.2673158037322642,0.1083422201269246
2021-08-04,0.1841356188568887,0.1565675862044598,0.4065526311069298,0.2289166170426437,0.2823981817262438,0.3635213943645162,0.2042660696848448,0.1142412888436177,0.2138877583735604,0.2215126493262558,0.2300375577034131,0.1846744335145139,0.1852632878640631,0.1629630240347381,0.1316777549020686,0.1562596184420814,0.1554345870587369,0.3039685997801677,0.2381615891296649,0.2362602664494528,2.3750736991845733,0.20869169118375414,0.1362622174429067,0.1313045629752877,0.1264866308881567,0.1860429480082605,0.2943154634064009,0.2253618759902078,0.1994776465882393,0.1637667533835048,0.2523328443346077,0.1180033776757697
2021-08-05,0.1929670882000405,0.149958532177606,0.3981536648926288,0.2935989172601131,0.2184404507551293,0.3624482129349473,0.2026634575090149,0.1131572462968453,0.2065804857375276,0.2141056393440946,0.2223910832172706,0.1755435805996284,0.1765021228760027,0.1762303368238372,0.1129013718660682,0.1413927859121915,0.1532719844525033,0.3021674727739995,0.2278639609701867,0.2025250305520842,1.4426956123904142,0.16427944782729295,0.1238242361196431,0.113672085677793,0.1276922733195441,0.1904768502161143,0.2442151985189825,0.1865530422505125,0.1836988941131057,0.1571822383333249,0.2198321481651911,0.1071546432819091
2021-08-06,0.1885514312049127,0.1421355621188041,0.381664187381604,0.2888745079423301,0.2254092428714474,0.2869917317923652,0.196057525727716,0.1065566015768779,0.2023762223638057,0.2242383910189197,0.2171470974754366,0.1686744123455689,0.1719901998463774,0.1546180350544143,0.1084527361987079,0.1356309949362674,0.1570579545988839,0.2927427056519088,0.2153396023941265,0.1969486387379893,1.4639997727060392,0.16528239442558146,0.1198598511263898,0.1072585178460757,0.1219367620168372,0.190393443748232,0.2379808725848576,0.1853990684838027,0.1715451207985225,0.1531994515253746,0.2187088542323821,0.1063321271387624
2021-08-09,0.1894613779352225,0.1479056907218509,0.3698396016858185,0.2922444473290064,0.2243272118154647,0.407467744193369,0.1931874807948099,0.1064950344625107,0.209886031248328,0.2317389862759503,0.2227417098072071,0.171525929736378,0.1695238251712865,0.1654734582836133,0.1088468526774042,0.13995645768409,0.1657838639388827,0.2939757747302357,0.2221351786107242,0.1983674146394984,1.5158087848985016,0.16781524233763323,0.1190275999535773,0.1111889847230456,0.1147478893130963,0.1915658362643481,0.2405026122795019,0.190286042736716,0.1817694755853175,0.1507531002481558,0.2212429239144502,0.1120829757192403
2021-08-10,0.1929662234643396,0.1506912886837673,0.3732553185517486,0.2979523147062238,0.2244940888135678,0.4151444440292485,0.1980951242103813,0.1041355362213001,0.2071657428068637,0.2257966402343177,0.2193853444090143,0.179021407384954,0.1751761960209167,0.1596448864863929,0.1116675987751694,0.1423648189734836,0.1629814871057744,0.2896847914429261,0.2257921302943423,0.2046469781480566,1.566503268498013,0.17210285434039577,0.1188761346221753,0.1100129660716525,0.1159680085792423,0.1871446188839348,0.2393163809260256,0.1835670501703094,0.1648978502493492,0.1509059159652821,0.2260240788038706,0.1072650337424959
2021-08-11,0.1892543319191262,0.1425249938008101,0.372440821913474,0.2967212238698741,0.2224791507449878,0.4258494700165509,0.1989887158498513,0.1038339496031153,0.1971012372864569,0.2162640460269119,0.2186101598046818,0.1700794173055721,0.1701889782103195,0.1610806311649179,0.1048027858165633,0.1377422829700514,0.1619306386323698,0.2866377765096182,0.2443708470917443,0.2070316833162345,1.4985782335566646,0.16923705981392648,0.1151740502150283,0.1124718557260166,0.1204590772632952,0.1836024257107062,0.2448128373395634,0.1888465189544844,0.184546532747387,0.1537667384599886,0.2140230056614328,0.1018202759237938
2021-08-12,0.2004176441590448,0.1382182534548107,0.3691136837758443,0.2954063673370422,0.2214215256799327,0.4627942960109991,0.1962140587650333,0.1022564768822369,0.1951628225261138,0.2131622139756844,0.2164658782847667,0.181965759391494,0.1640924216452617,0.1556493280283027,0.0992650144663162,0.1331067861628551,0.1564031108436128,0.2835837344388259,0.2271422632990724,0.2206093408304768,1.514508164775328,0.1838435853315285,0.1149140951175565,0.1085692760704149,0.1175613122679289,0.1826729426513729,0.2575021493930652,0.1888395751566099,0.1788195929515504,0.1537731556263547,0.2112432443236286,0.0977546371318429
2021-08-13,0.1899150666725454,0.1380808176238958,0.3572046677547154,0.2959698712997109,0.2148691594125027,0.4586773309504003,0.1884372623694499,0.0851107944326549,0.1879340308655142,0.2081512207299337,0.2130227164803164,0.1740349269568511,0.1756223755961723,0.1506601953292526,0.0894054209732924,0.1374106853140458,0.1493604703907912,0.2761078772915638,0.2243516552340284,0.2177657650246064,1.5175302812110043,0.18074028758052482,0.1125025677356004,0.1048146163844419,0.1125960424035023,0.1776034976033098,0.2039067868191484,0.1827841927588957,0.1499370225441203,0.1508681340152423,0.2010335094018549,0.094094864106691
2021-08-16,0.2117509714685408,0.1427242740446591,0.3762441328797549,0.3062161776653669,0.2244334724760079,0.4906117860264704,0.1911774030155315,0.0981431949171993,0.1963544782748205,0.2139292270008818,0.2239036075860655,0.1769524953473349,0.1640087724872676,0.1515722585209015,0.1114012581713831,0.1362386040922488,0.1793419576442362,0.2917506083277361,0.2154513987206531,0.232848704280409,1.6575434070370474,0.17967523597837948,0.1137939742144059,0.1035774664004942,0.1138459306310421,0.1880514265539462,0.2055377563418632,0.1859938000455842,0.1618724084686977,,0.2088829395121722,0.0976615209091116
2021-08-17,0.2301228769215607,0.1579243592950662,0.378983187375492,0.3258461622816122,0.2414105341444996,0.495294597004655,0.2093791154031006,0.0978342545143435,0.2175941674737478,0.2266683616901766,0.2357873084243685,0.1848034152442693,0.1628830265076867,0.1725402865720426,0.1129591258178534,0.1525064056462897,0.1818618011288891,0.316933102408695,0.2248156835824777,0.238377623162713,1.7333046845299214,0.1440374206226959,0.1204687894928532,0.1141753246823359,0.1190754467806669,0.2017261676448078,0.2142450875855165,0.1678681470893432,0.1708902403436788,0.1517701330640137,0.22315035646174,0.104127569577075
2021-08-18,0.2409348819041585,0.1766679571254317,0.3784055147431013,0.3441232856622283,0.2341189415488109,0.4207632943259385,0.223547557511037,0.1191006352109072,0.2113178755189707,0.2267266988278901,0.2411068773828721,0.1912436506892115,0.1694470032721632,0.1721572478227804,0.0947944638923175,0.1502991893342973,0.19395101768351,0.3171097567839291,0.2327953424065841,0.235899521186515,1.6959380783924698,0.14552094256986423,0.1264441875804722,0.1201092546161214,0.1278100156542071,0.2016749415387405,0.2168921115690123,0.1662363782992049,0.25170055026237,0.1638581235792544,0.2186192268530708,0.133610919536363
2021-08-19,0.2455533884102214,0.1885806506527492,0.3580265413001345,0.351421559464307,0.1827974411320492,0.5161605543060194,0.2205219980942719,0.1358894275593563,0.2222836165711993,0.2346902583771746,0.2525840542580209,0.2053619809406227,0.1937928189429473,0.1777918236560561,0.1204281236860545,0.1600371935252943,0.2112729543687512,0.3510551295310939,0.2535088376556415,0.2468586071670206,1.7027783792505469,0.14897648844839562,0.130052148022043,0.1244350932226443,0.1378929907204167,0.220118769260971,0.227204801467481,0.1783365191080702,0.2736704199022872,0.1884585227262997,0.2265757097930181,0.1369874560845166
2021-08-20,0.2127672889395648,0.1723632474789828,0.3463239819214573,0.3546943819220905,0.1658130137787952,0.4071674362540374,0.1963513544860115,0.1101582645208935,0.2017875891516266,0.2130560422734184,0.223880400302233,0.1805516009521791,0.1697333550837745,0.1653564175763476,0.1013812768205633,0.1496980457915545,0.189578715569534,0.3060576591224637,0.2332718197726002,0.2210988599168975,1.871876941457484,0.13732707188549764,0.1181706305366349,0.1114964615635327,0.1149832093097081,0.1871998611534038,0.2047382770391037,0.1563553334010727,0.2483233186415578,0.1638784419278658,0.1876336378544863,0.1188378134036905
2021-08-23,0.1993212827512216,0.1573625379863099,0.337078430608037,0.3465878982726821,0.1493003943374748,,0.1863115732670551,0.1079755765735391,0.190535858025912,0.205976146212794,0.2100893302132498,0.1684183805720891,0.1603915495679355,0.1592871957809458,0.1197497773396642,0.138585712872408,0.1723909316436486,0.2909224645389907,0.2177296332284602,0.232009348503261,1.8605683393751984,0.1251962697980521,0.1116941627985998,0.1004504421421751,0.1056333526331952,0.176603339581808,0.1869442981287253,0.1457095068133957,0.2340692470731152,0.1549263017534272,0.1778953954493873,0.110966326126469
2021-08-24,0.1926856554037908,0.1561691596058184,0.3284014148293669,0.3433283190158082,0.1519568681607245,0.4762230359137408,0.1805578893319759,0.1058611615610197,0.1861790152581931,0.2020328240796497,0.2056243710681975,0.1682845725820446,0.1529384591564338,0.1538439309819418,0.119073854325355,0.1395240996579859,0.1722285171965705,0.279209115412006,0.220310882018938,0.2358791470579077,1.86809658576985,0.12554538663977335,0.1077912693857101,0.1054468162664286,0.1017826324654405,0.1758270894443669,0.1884625388363557,0.1425828224708346,0.2294460969492834,0.1571935742244224,0.1801198707894324,0.1035786291214598
2021-08-25,0.1868138374190389,0.1518433130074939,0.3203094097387104,0.3672488495574065,0.1473717251847033,0.4863012514982668,0.1710461628465062,0.1039038639211725,0.1925880877680004,0.1974368729613207,0.2138368415622828,0.1629461761124879,0.1449940378176905,0.1530210642777545,0.1193704888058633,0.1336532347951622,0.1739999479146411,0.28182639003425,0.2100525058655269,0.2385954473935686,2.086065454710448,0.12066143736188499,0.1177787441001746,0.1059566113651211,0.1011764438064858,0.171058899383283,0.1870545863432404,0.1386779844501119,0.2241271658085356,0.1557886482411959,0.1781920155163162,0.1038891774685267
2021-08-26,0.1957827129295537,0.1603775941960592,0.3232901609811139,0.2504438791270613,0.1563457726056101,0.4991519589001022,0.1723692009418538,0.1095166839126736,0.2035560279095503,0.205790627904842,0.238385522866356,0.1777326686116549,0.1561299412058502,0.1511529133868669,0.1230125667719854,0.1336280935337822,0.1766348885791339,0.2958642540167869,0.2240130697613724,0.2471366058470489,1.979135793068581,0.12759641506152664,0.1227685931859308,0.1067843221441244,0.1029225195075188,0.1833079205839181,0.1978039367478087,0.1444112130730293,0.2374855145344596,0.1401169497324436,0.177964586125825,0.1196236257407541
2021-08-27,0.1738716730940341,0.1359985933092024,0.3016085185262362,0.2111687250094876,0.1339881836637522,0.5157988761756548,0.1546108684968284,0.0977478754474917,0.1759959959555251,0.185206783428459,0.2085245251304368,0.1604091693404206,0.1411645258988614,0.1316610625882477,0.1148013994914224,0.1234192919514986,0.1694985490711845,0.2632301779525953,0.201518552650335,0.235498893532196,1.9824408231854365,0.11903553648073156,0.1113249706293129,0.0930972118092835,0.0874080601373236,0.1755750227718377,0.1911053686181565,0.1249978090004272,0.2114249017947153,0.1505065507186929,0.1719259576022218,0.086995533776387
2021-08-30,0.2029624084734391,0.1371472473487784,0.2976236295467787,0.1947233286797589,0.1362259045676022,0.5250564753868333,0.1614208223667503,0.0971953689800433,0.1875337506226786,0.1886731056349202,0.212701088330608,0.1670831871839676,0.143344931786103,0.1341300076210829,0.1150721064011855,0.1185228346267565,0.1676923724011471,0.2764830648686137,0.1936394613569867,0.228647749692582,2.1924087197128106,0.12236150025314589,0.1136745276007345,0.0868248514053774,0.0949089352784602,0.1717047481832777,0.1934950590648077,0.1349932531191196,0.2147074875103879,0.1433160345033359,0.2336871922886793,0.0940781718503742
2021-08-31,0.2148760788886062,0.1575010541438259,0.2980659507571193,0.1973784688500746,0.1390943776580649,0.5920737437101766,0.1687653023025481,0.1025836597995952,0.183161246659807,0.2083562536257017,0.209176184856406,0.1620857234403337,0.132920670983175,0.1450656866782078,0.1187734637239634,0.1201870854665367,0.1638526312887566,0.2656274508639245,0.1867572112756497,0.2336959626401698,2.2058491347201428,0.11789601749471683,0.1148598625039565,0.0927502491112194,0.1135504120138038,0.1761068321718581,0.1931382554438108,0.1265013925164897,0.2206469844401077,0.1433378782243156,0.2251703576675718,0.0979800694500121
2021-09-01,0.2040749626664791,0.1402780188698895,0.2852638707821141,0.1965468625072718,0.1358383461762518,0.5522488244182799,0.1878656482212258,0.0901710926324324,0.1816018205540687,0.2292484902333265,0.2005131381768246,0.1539113034045211,0.1531409857482992,0.1389899615132331,0.1098223535897128,0.1115190498644245,0.1728293087062313,0.2972451331924057,0.2119221466440985,0.2372726620363759,2.44860712023845,0.13208552267825419,0.1184578587364628,0.0894312593916549,0.1155346607333202,0.1721545179199672,0.2016264374626822,0.1713223004859135,0.2296129132419617,0.1572219774607619,0.2255593611383439,0.0900869943794557
2021-09-02,0.2164295458307528,0.1587497453759454,0.3100307149562251,0.2296986397913197,0.1310646883355694,0.367356871620621,0.1876245455506129,0.0868406649625041,0.1811264625214676,0.2337369995790205,0.2271528431159744,0.1928304640220204,0.1545501943362779,0.1861877079742769,0.1193651340149449,0.1203021949205461,0.1739818142869209,0.2963905546227211,0.2170154933410869,0.2128844755735794,1.3636128927394553,0.1293029840438592,0.120329193774914,0.0926791407106588,0.1283700956701063,0.2708349082215033,0.1969452188781622,0.1637777935072025,0.2268744732391706,0.1510103847401532,0.2384711198511651,0.0980077999780533
2021-09-03,0.2072132275914869,0.1569077681946624,0.3157540785139997,0.2329333139627095,0.1302341861579125,0.3671193643677645,0.184877917625801,0.0852238295525239,0.1827481726610348,0.2334932221847089,0.1999086600214936,0.1766365513336088,0.1463363326004393,0.1912278792402041,0.119720210696987,0.1219148029570906,0.1769513234235243,0.297457655680001,0.2166590020773384,0.2056324303104452,1.426432771546037,0.12689734323042962,0.1201758916869484,0.091642765154466,0.1267359579697284,0.2751667662456186,0.1949124714573676,0.1639888338683924,0.2296836815856446,0.1362249746872985,0.2370870414005709,0.096764217619117
2021-09-07,0.2269437343159838,0.1713786800722661,0.3184956925217078,0.2355254899192511,0.1378193192904107,0.4179604728063529,0.1940037301761551,0.0965450434554074,0.1925521446072858,0.2411785729277433,0.2259362295529362,0.1797235921010186,0.1580200384130958,0.1962037871515359,0.1284709207847563,0.1122055909675243,0.201628978537558,0.3113219818889607,0.2294802450604447,0.2355197264744431,1.5759614253796466,0.1320062331397144,0.1243458814825669,0.0871355271441238,0.1330763667607217,0.294201368482516,0.2086358124150297,0.1725786364657572,0.2319581821341632,0.1868536562807368,0.2491808433593898,0.1033431894753322
2021-09-08,0.2293416398634302,0.1704535307451089,0.3343883513123685,0.2387126360048568,0.1347555865725901,0.3712437057034333,0.1966698644191796,0.0914158660248262,0.1957030382832933,0.2471566959492142,0.2261338176569466,0.1858767915416544,0.1564178050179656,0.2044586529145694,0.1311098406525081,0.1207606300652585,0.197413025332433,0.3139970514982443,0.229887445974736,0.2429768462817831,1.6589054362327018,0.13102041079604787,0.1252213026098251,0.1045488824214479,0.1390707919406226,0.294296988347685,0.2127234267103939,0.17369552460654,0.2365931164217689,0.1846219597615225,0.2564914747101385,0.1098132767203998
2021-09-09,0.2249955950920776,0.1788593527869567,0.3322335471705061,0.239471005530214,0.1425915676526024,0.4630520602783874,0.196811767172277,0.0959180738304438,0.1942794053013941,0.2471043910338819,0.23300208159558,0.1865142140409255,0.1812467919212271,0.2039945331994406,0.1353608439370444,0.1447864364010179,0.2221505124041518,0.3061025829562716,0.2281203009536832,0.2393451092492454,1.6247059657120153,0.13492353951790423,0.1275729691925491,0.080531996425424,0.1366101533895771,0.2987233181634556,0.2086389551837492,0.1751698033722253,0.2416389059690106,0.1825313862814982,0.2601119255599163,0.1167005912915249
2021-09-10,0.2504838854476381,0.191332677105155,0.3282402060309787,0.2419554167390978,0.156403520288583,0.463345086988957,0.1982858899161971,0.0992283798081452,0.2053738107265758,0.2531757817560751,0.236230307485393,0.1956371501300396,0.2007377121835536,0.2381097261489073,0.1451309114898082,0.1430397040187054,0.2123525813794094,0.3208760186546082,0.2345414844004451,0.24413629243365,1.6186543510064304,0.14060784940970633,0.1330467856049139,0.0912456269405652,0.1436562592924271,0.2997407909725949,0.2117491651428736,0.1793457750495284,0.2463669815611818,0.1848067599058408,0.2645405193319939,0.1276417172362143
2021-09-13,0.2296566788890027,0.1798071764156952,0.338347347934665,0.2517304975267621,0.1634038259664187,0.4964620808093568,0.1969383193459257,0.0956895212295039,0.2002452458576991,0.2497425681807492,0.2339794364423968,0.1929383935761693,0.1904796380509076,0.2345263396559174,0.1457353238758417,0.1478220547978676,0.2180316673327609,0.3115997195437779,0.2329588540725314,0.246690204543607,1.7214743885408297,0.14398728980451372,0.1291941082174207,0.0721557821646299,0.1448315038411276,0.3027241306358646,0.2126646138085346,0.1772703073599598,0.2432692030891025,0.184480980178241,0.262586098373828,0.1237673995550989
2021-09-14,0.2237083976798949,0.178800995600777,0.333668762608534,0.2541962410964536,0.1659194124843888,0.4643889784498953,0.1954673019791845,0.1019905133554987,0.2211996752349734,0.2708920697123863,0.2430680423170966,0.1976323565301647,0.2075997695091302,0.23850893348077,0.1518387297624085,0.2021794366168441,0.2167231096462604,0.3203314343490785,0.2604673203230132,0.2491837815387416,1.6585618923232894,0.14315426196343073,0.1359019666559724,0.1358263756399231,0.1476607801187347,0.3088052004757387,0.2110472165605845,0.1766447531204812,0.2570519062594786,0.185590751384101,0.2723122367851734,0.1295862554208737
2021-09-15,0.2097275451132388,0.1663429257246564,0.3205096123542882,0.234917605888441,0.1435312034187408,0.4848427780476135,0.1800966780101545,0.092159695640482,0.1960445513028713,0.260751859817508,0.2311953772136253,0.1796735338959518,0.184004485913223,0.2381677274346094,0.1407111233924405,0.1910488433843324,0.2004037129663422,0.2936809361672241,0.2371147104742018,0.2384876815845497,1.6997127431088015,0.13233544924238097,0.1253609286119748,0.1254108991359049,0.1363492382861154,0.30275302960239,0.2005538131894648,0.167631369266208,0.243013020134632,0.1823336163837577,0.258218744433291,0.1148472958205348
2021-09-16,0.2028778539275623,0.1612195013445846,0.3109673313557803,0.2358534933919759,0.1431143568399046,0.4736967782390895,0.1715116629380945,0.093226811912063,0.19147102341361,0.2518316378812536,0.2259998875862361,0.1807663032163297,0.1928190637459405,0.2259363284387469,0.13923757230404,0.1870844355239544,0.2084797588934681,0.2955243114201713,0.2463807243222776,0.2267054719336894,1.695273305175095,0.13024522832318625,0.1251628785457158,0.1287331390246718,0.1391404707948845,0.2968195642989781,0.1949730879839629,0.1651313927047343,0.2350967131680315,0.1860594454530499,0.2600624104780527,0.1159037230660019
2021-09-17,0.2190160262791127,0.1862891928628278,0.3179368470531373,0.2417408368631491,0.1415738445756914,0.4554509365112388,0.1865623011212521,0.0966006683418339,0.1976616368665036,0.2626555634195668,0.2343667475864176,0.1935572320102215,0.192715883996198,0.2293809774854956,0.1464192563006267,0.1928407550307251,0.2117532310739126,0.297032740007616,0.2519039128834454,0.2354719788550711,1.8919844578407,0.14478153047021003,0.1390785863336421,0.1361926141400374,0.1383436988051777,0.3125437282042066,0.2070069126655693,0.1729438589413313,0.2443146980754728,0.1972937960807962,0.2732953471448419,0.1329970898572587
2021-09-20,0.2655524218169454,0.2342959967017596,0.384298473610598,0.2919325590690044,0.1703677546779977,0.5387524657254957,0.2450024420275145,0.1096449626344149,0.2555771006153518,0.3188766121892462,0.2843331143182001,0.2334419174793253,0.2312180999129381,0.2860610873349373,0.1700043335927191,0.2350596940890484,0.2523240819265216,0.3534923010543334,0.3186268703032243,0.3100738964188317,1.9586969982120963,0.1735074160880386,0.1655284463238199,0.1682546948262353,0.1746186915722772,0.3543919640058446,0.2532833916556868,0.2135430302161711,0.282987274763756,0.2204693456434635,0.3325276336548132,0.1768189221660108
2021-09-21,0.246655843927391,0.2235751390375805,0.3550072923085789,0.2837441797885014,0.1701657658894184,0.5299829636124459,0.2396308356950459,0.1051794427355254,0.2398354711470749,0.3136832140118235,0.2688412500454723,0.2259758028443552,0.214789546857817,0.2602695701392818,0.1688305648667082,0.2315121132995803,0.2303250841031578,0.3323236331333037,0.2898655043169207,0.2844090194244672,1.992155202792904,0.16102714445570043,0.1525231913455205,0.1642548780436652,0.1667572504997012,0.3637745163701267,0.2736473887600834,0.1973499119119989,0.2691387852812961,,0.3078404527453511,0.173338709876951
2021-09-22,0.2170191463772981,0.2009880376131062,0.3304614195774984,0.251273765328951,0.1447194207775309,0.5135253783766244,0.2055883892123781,0.0909157900879368,0.2078491150222177,0.2811005571390008,0.2501166427649289,0.1929677881666408,0.1948999583540577,0.252554111710611,0.1501708696907343,0.2013208580952094,0.2171830586452548,0.2970574683193988,0.2629926492022211,0.2520098435633842,1.9984119243053,0.15032235187049192,0.1377723478930332,0.1471519543705286,0.1525693286114991,0.3480942508559213,0.225426368620816,0.1837924229611811,0.2425376234691116,0.1935966053020525,0.2796706146297804,0.1520398345838565
2021-09-23,0.1941351291915427,0.1751929581692166,0.3243436444366533,0.2247361993045527,0.124644292956909,0.5073079678540104,0.1797288565057943,0.075377581881994,0.1942369046401748,0.266919864589227,0.2246624061837878,0.1838275978369113,0.1989425457456326,0.241010896538214,0.1403018403273308,0.2048195896297057,0.197395073827853,0.2753404645430506,0.2410520654503767,0.2397556198806752,2.1028626749983714,0.13669398541348457,0.1291584600154715,0.1339966095855606,0.1366669106005738,0.3980242420672984,0.203511440582362,0.1682094532190284,0.226484399324764,0.1800814876027274,0.261886513279322,0.1343316919188066
2021-09-24,0.1874347862825305,0.1627896217844053,0.3163980012235277,0.2335810023406953,0.116285051517289,0.5347583590809137,0.173567201925744,0.0749520998427122,0.1844755895102907,0.256447587577147,0.2108276190979364,0.173734231198207,0.1896692216330552,0.2352263972090595,0.1353453541608175,0.2044838783699263,0.1972480406894951,0.2694089390664973,0.240673075149451,0.2379639693687776,2.1457494861875905,0.12812189815760505,0.1247149961309015,0.1309522804478147,0.1300827723047131,0.2295740379992788,0.1981667668647052,0.1645663008665959,0.2204820229744781,0.1861780437381384,0.2567772105774418,0.1241702053776112
2021-09-27,0.1972658566267993,0.1836588190364062,0.3245067991721238,0.2351799657022276,0.1213124630584312,0.5762471361313739,0.1897507875516653,0.0713316667013454,0.1979063799535489,0.2691196342771533,0.2147239099038279,0.1816997116136321,0.1851766101744267,0.2455873266062674,0.1421848663958048,0.1964461173055036,0.1969890114770031,0.2739617830187406,0.2472065797833542,0.2536882975016006,2.353605192030648,0.13819265476032544,0.1280859129210362,0.1335840716072002,0.1291938972495389,0.2009380335416553,0.1930395376636758,0.1706477255318521,0.2276313069010971,0.1808241326314388,0.2703898430842882,0.1297614851245561
2021-09-28,0.2637965457169233,0.2810149692130325,0.3991656557783485,0.2742151992434964,0.1602367288956976,0.6314212181955767,0.2545654447636214,0.0923933956570546,0.2238428315408252,0.3070549454193476,0.2643803391635552,0.2291991489313506,0.2208595641680248,0.2860880515618331,0.1658770594473627,0.221055745450137,0.2226489306845577,0.3277811847545105,0.2816242678105964,0.2929948084107518,2.343556610541361,0.17449424316587,0.152519868874922,0.1644196174191581,0.1613624073677202,0.2333859190760263,0.2383086197457073,0.208497379300595,0.2598604553264876,0.2284103915771323,0.3193708538759373,0.1796846888271795
2021-09-29,0.251069893918909,0.2545247657091402,0.3877653854554789,0.2780985891550515,0.1672746668411889,0.6322453767744785,0.2528216252722734,0.0823436971956025,0.2242199798459361,0.3112900144464961,0.2544302057732417,0.2088934452473892,0.2228806246825077,0.2706845580252813,0.1552758791220659,0.2072381227799686,0.2222546681468271,0.3134997605702899,0.2810547506011663,0.2802202972460877,2.445441403218883,0.16936119416964912,0.1477706963104134,0.1543416092059461,0.1588325186550797,0.2219033351144514,0.2401940718865694,0.1991121979043877,0.2559704099231264,0.2205342694892688,0.3136763157607716,0.1767962566223136
2021-09-30,0.2654829149281051,0.2578523309586888,0.3853202837244348,0.2722086259817731,0.1839708772530249,0.61655906622144,0.2602795914937326,0.0899909514643785,0.246700788406474,0.3256569395528325,0.2717553238490352,0.2410984573941127,0.2518038319508897,0.3044728641116879,0.1724871019595355,0.2221457438097606,0.2371538950384878,0.3292113997018074,0.3033905733334059,0.3059815308610999,2.5700655935311,0.17250594023210447,0.1645996534674496,0.1700264392508404,0.1771313343204833,0.2340362393363006,0.2592555593047665,0.2271723051060881,0.2785036471853479,0.1957077555819507,0.3325349052563126,0.1978561505891998
2021-10-01,0.2207755417340689,0.2255338474844928,0.3495531968308054,0.2584399293018997,0.1502241554529583,0.6757825983788438,0.2373405287912996,0.0759030251186606,0.2255228631476286,0.3057504918312242,0.244178449225963,0.2090052473369781,0.2380671698581077,0.2894039493109601,0.1808839476784489,0.2899283115910155,0.2266431229259687,0.3083814398995474,0.2856193769754409,0.3066032407791927,2.478498199997254,0.18076449893972538,0.1560450081222973,0.1565419361863565,0.1587027980471825,0.2091128881251088,0.2410859694233121,0.2060919563072853,0.255251874543865,0.2140632566570262,0.2970791641883906,0.1606765940404281
2021-10-04,0.2891460730659843,0.281764082710741,0.4159001811952861,0.3067864774170796,0.2255696344503408,0.7361411608542036,0.2959410309166114,0.0839630884162813,0.2552314412604279,0.3402670253472964,0.2804510756505554,0.2687753966841734,0.2672648861886275,0.3305244930058895,0.1987237717776586,0.2864979395334742,0.2606584449895093,0.3487609364963704,0.315865661318861,0.3308998837969815,3.022796012002115,0.20340433693117807,0.1795370665607049,0.1918572077568506,0.188958993963943,0.2433407713699773,0.2688160502515477,0.2392096064855572,0.2719011090956132,,0.3468335417456446,0.1916957756375606
2021-10-05,0.257388542658333,0.231777401518227,0.3883805561001464,0.2585874578991368,0.2334279888646789,0.4540272022267174,0.2820184667589378,0.0979560324191851,0.2293042299324749,0.2653737383820531,0.2714826954302853,0.2385871875661678,0.2235134124719889,0.2435024390533005,0.182063409250331,0.2383519314086367,0.2319684223676643,0.3335554072247704,0.2703309912563411,0.2554929214711999,1.4148772174281,0.19897532167649132,0.144169476276325,0.1662666242074582,0.1674432233704911,0.2117812852052285,0.2573377595177925,0.2184280169339287,0.2468379680993864,0.2192550535493358,0.2896503092494096,0.1579402134587224
2021-10-06,0.2594679748833116,0.2283051698918193,0.3957309025759168,0.2516392584244076,0.2387057655738984,0.4573136445207734,0.2762740488963753,0.0988893045460622,0.2383747610708418,0.2805399024066651,0.2752745323728804,0.2294574750816809,0.2275195322087869,0.2466230763819788,0.1810702837718793,0.229076275175571,0.2311110674875459,0.3456212709546711,0.272672459672213,0.2669642788320742,1.4182835260537323,0.19617181051253424,0.1411967103790575,0.1724907409266358,0.1664910961498114,0.2140533528910622,0.2576806927631355,0.2196484644522598,0.2497760247983599,0.2379297953492579,0.2911100244346875,0.1518501575910697
2021-10-07,0.2391623551803602,0.2204580385432256,0.3724754296512383,0.2498720116403789,0.2337001667938605,0.4314852666075532,0.2630340535158328,0.1263833288660033,0.2181668999473717,0.25883814790303,0.2617893292986362,0.2164545000916342,0.2235347537319042,0.2247122003182883,0.1735529554928234,0.2152506026391217,0.227500683571251,0.3223683211106583,0.2538947078342257,0.2247319243350067,1.4324691710519144,0.18148388092991571,0.1342115923145059,0.1508219888972243,0.1602523684009408,0.20239856746564,0.2434733351766006,0.2068917832088115,0.2344207009019018,0.2106593075293443,0.2909257542912368,0.1381980927275237
2021-10-08,0.2339110428884598,0.2128269609382259,0.365074040316186,0.2460446121352309,0.2291229790640312,0.4499625564147965,0.2655363695665452,0.136203279992599,0.2148255286936492,0.2473968239558951,0.269193571164408,0.2131767959948591,0.2264574554210328,0.2102105746420896,0.1722936869534724,0.2174474819885524,0.2178323272145922,0.3258551309633726,0.2440569147861158,0.2221516453432747,1.422689126464836,0.18176378939239557,0.1277581722950959,0.1497176794183163,0.1574841772675924,0.2005609542600744,0.2436457177185256,0.206584030441324,0.2318894067772515,0.232201887327263,0.2925134378338411,0.1302476667645987
2021-10-11,0.23681587661904,0.2185216800368001,0.3768116752150161,0.248827204857253,0.2323871829583718,0.4617002014760312,0.2767040787553664,0.1408114826017104,0.2278422276803085,0.2771675646074134,0.2777862897298543,0.2327861214867535,0.2295861513874766,0.2278677281886727,0.1737312009055686,0.2191886575551577,0.2302920437968059,0.3376141175264353,0.250559509793149,0.2574915494745139,1.6255979482812672,0.1841774073564205,0.1299917697033741,0.1497699051112061,0.1636835009474241,0.2089676995546086,0.2532560035957916,0.2111289435719726,0.2367323814081987,0.2315707934861527,0.3039325034958207,0.1437193073441117
2021-10-12,0.2397190310979794,0.221657871518208,0.3788596538510425,0.2409036388460588,0.2411089276246554,0.4479045493898994,0.2708142759260132,0.1532279316603826,0.2222165637508971,0.2638593967611747,0.2773424660519108,0.2254466415539452,0.2358533083851287,0.2272538956357748,0.1833360046984948,0.2223483991112659,0.24762692157962,0.3356509309633778,0.2567933159798121,0.2543078435675706,1.628603477706858,0.18581094218471994,0.1305853026038175,0.1528606267022908,0.172428668089305,0.2069227566748553,0.25217426154623,0.2103297736872329,0.2394446661317337,0.2274395116958678,0.2894439669335683,0.1354289899923929
2021-10-13,0.2406256288658159,0.2102916529130596,0.3567815570797373,0.2350383571066104,0.2309791732504073,0.457492359239502,0.2545573537832168,0.1520211364987641,0.2129788255873491,0.2580805509738018,0.2714704151187609,0.2181237691546287,0.2242398604122433,0.2267248626667697,0.1785479793228649,0.2165742622605516,0.2202204055991209,0.3213270072956926,0.255040667604853,0.2540532357972013,1.5105038439353649,0.18241502558635447,0.121467629580671,0.1465845581343762,0.1782514404185396,0.2024345274049702,0.2517743196532643,0.2003901119320308,0.2202320458681341,,0.2932498004392028,0.1329167382676007
2021-10-14,0.2128780788134441,0.1866811255682872,0.3496249153315742,0.2222527010605217,0.2193110093413047,0.4938829980437529,0.2394184693612192,0.1376089116030935,0.1783266923048955,0.2299458973595272,0.2455840925053647,0.1960882626642352,0.2053471394529381,0.1736839693308085,0.1624123031456054,0.2026100110571853,0.2009095418859897,0.3097705851564911,0.2405591383545706,0.210342275101338,1.6184806925593975,0.1757323407162494,0.1181985708350218,0.1352229190124294,0.1587067608941678,0.1892026376045422,0.2304497543841135,0.1894380407270494,0.2056743326820257,0.2150126208387385,0.2695138302363707,0.1126813345368704
2021-10-15,0.2022833532966932,0.1727290404058913,0.3187839014606255,0.2065831510008131,0.213956639686293,0.4206429669354526,0.2367289971570466,0.1234248987907682,0.1734440489588686,0.209232958304323,0.2361596368553188,0.1839250447075225,0.2016956020531612,0.1553297448791943,0.1633056770122258,0.1921290309668097,0.2001435379608517,0.2940637070189204,0.2342260880740802,0.206564877407294,1.6778233553909343,0.1728349285378718,0.1080719414028861,0.1280827549780893,0.1529527713000515,0.1815380884445431,0.2292437021979059,0.1802155681936147,0.1963972399947768,0.1917823883319737,0.2481766790210883,0.1111217868530846
2021-10-18,0.2072294589561091,0.1818006726636199,0.3329192225455604,0.1974287872885055,0.2182677286937846,0.4632248775685708,0.2371119145871291,0.1291992814275055,0.173617303553752,0.208582899803644,0.2389965522364547,0.1891262624059744,0.1958598367912991,0.1639908766052537,0.1635326476597262,0.2019239536592712,0.2103685976245044,0.3068390324553919,0.2408409799157052,0.2269169972712683,1.748076141760932,0.18116011646297378,0.1246882799697356,0.1401433744194974,0.1551666167177925,0.1856375599456923,0.2596775503379732,0.1858166647206056,0.1969390382495109,0.2062395979019996,0.2708242723340737,0.1136721559070225
2021-10-19,0.210347110640569,0.1813793293035694,0.3255881352573437,0.2081428509459737,0.218910715372338,0.4711081257038501,0.2349037662848984,0.1232252118963914,0.1679635841679354,0.2049531916632569,0.2357632517970707,0.1929388733235207,0.1796913781376288,0.1580672546804184,0.1379838825901911,0.1882204137380242,0.2023913783856554,0.3059006427627265,0.239447939041261,0.2215019645386763,1.7924970832550589,0.17712865877416567,0.1000001700243358,0.1387263743313515,0.159026006180388,0.1814510411579234,0.2568607641744965,0.1803949858343937,0.1861542423333974,0.192573791145626,0.25080357191251,0.1110063109196549
2021-10-20,0.2088588097472599,0.1806109200687998,0.3296782195821681,0.2108111320600472,0.2166250797714151,0.4642644939383619,0.2455393474353938,0.1071011881647006,0.1690809427411087,0.2094819174934485,0.2359172869688064,0.1986636917513976,0.171611778096345,0.1615654580346983,0.1344824232145521,0.1880276447041284,0.2068515250072173,0.3079907182433893,0.2334455600784606,0.2290142277051923,1.651233158731654,0.18288509590762328,0.0916321793188795,0.1379483896053628,0.1658327068505851,0.1845741935675162,0.2567125599513077,0.1882913497365158,0.1953014347709729,0.1950578361670639,0.2694800386505818,0.0994621161385389
2021-10-21,0.204199935609915,0.178614701787084,0.3327533164009419,0.2049641812071675,0.224765752901926,0.3982871273190915,0.2360095214013618,0.103132129662856,0.1717019974883223,0.208961676457434,0.2431005028427587,0.1955979933120177,0.1755751985385757,0.150297362065262,0.1319378576284332,0.1879700547777847,0.2117692594538923,0.313266020550615,0.2363535212154907,0.228012278994288,1.8525566762367909,0.1822333954997864,0.1231585175677603,0.1420190850302994,0.1543349152967389,0.1821232984572677,0.2561666745186425,0.1906213312670534,0.1938940298540407,0.1878583585022385,0.2264856944771697,0.1071551586717242
2021-10-22,0.213045096360394,0.1870069206002079,0.3440265611747886,0.2116284885970502,0.2339039445704142,0.5099022053328678,0.2623168554171181,0.1081950002888102,0.1744658954005202,0.2076249316356556,0.2171797191488863,0.19951881133471,0.1727333557670297,0.1449772322937598,0.1337337654089846,0.1903203333539344,0.2008362642089391,0.3147417230342225,0.2673511611755719,0.2151967343290685,1.862624496854091,0.18239527949044018,0.1179137674907656,0.1455231092156884,0.1604943610480677,0.1820424763343389,0.258984388738204,0.1922369684139409,0.1886513982814175,0.2042381698404073,0.2291193824279297,0.1015200804285859
2021-10-25,0.2159942042392648,0.202787788541474,0.3654047139065893,0.2178295891135626,0.2465190416289467,0.5282391642344828,0.2636421728299345,0.1135234822639688,0.1738046303058189,0.2093267162380721,0.2241477641358977,0.2116084644248858,0.1852221115218106,0.1595400840012889,0.1417081737939466,0.2032317637412878,0.2128703322356009,0.3260296773207413,0.277705786654116,0.2161930978678949,1.8279344689422417,0.1906778397638468,0.1214698778800354,0.1528936966340826,0.1761182343569069,0.1812057000758105,0.2662187660768678,0.2016941308409157,0.1914233222001051,0.2138770431744527,0.2336888896841092,0.1025601692467714
2021-10-26,0.2120629313088764,0.1830727014229337,0.406476216948158,0.2239213432436411,0.2508497013586539,0.5198857721096048,0.2632370072284206,0.1115505339739294,0.1782947751192642,0.2165611566287516,0.23019207094413,0.2233763782465362,0.1849942441904367,0.1710936480884224,0.1384909546251804,0.1945716713925817,0.219914374785367,0.3397686197874923,0.2723971416803276,0.228330574776093,2.08454085446866,0.19426495340542524,0.1226435714505896,0.1532553851617338,0.1647027616794483,0.1856931135896641,0.2600447605837806,0.2113314424087614,0.1922800283797948,0.1641082231203018,0.2499043464888876,0.1122847950150713
2021-10-27,0.2358761272386436,0.168724194313547,0.3933090742585853,0.2252451779432982,0.2530743000200569,0.4694473927592691,0.2727471868287487,0.1151902341272198,0.1897773556897632,0.2268237536192325,0.2314038507848804,0.2321606781445899,0.1849519471340619,0.1742623522833414,0.1490313625432003,0.2062620023936695,0.2253111042475919,0.2982942241462134,0.2822166383371866,0.2351217783540558,1.946840793074156,0.19799119909242904,0.1301248458718277,0.1239065124176028,0.1452015578309242,0.1842423886406331,0.2774332863960153,0.2163429296160491,0.201842038106942,0.1651403668342757,0.2534832185342523,0.1123425652597047
2021-10-28,0.21636641189119,0.1601031018771807,0.3996215269083879,0.2229835152869988,0.2643413511367713,0.4877720130315193,0.2920302414687376,0.111670112095396,0.1830808743719749,0.2216756452526279,0.2344401955896178,0.2383341331812287,0.1836831051425565,0.169788516838572,0.1533323851204706,0.2209666969482197,0.2284892300761439,0.2921351603702834,0.2487238717557975,0.2296310400982423,2.007682502917959,0.19690165304119223,0.1257008489083264,0.1222446654461465,0.1443340874493022,0.1915672914480915,0.2787317038576618,0.2163917859266294,0.2053484329752338,0.2005559683368322,0.2500242216305016,0.1080888408123029
2021-10-29,0.1839518512905234,0.17207058682066,0.4108451111671757,0.2151430228935314,0.258312099330043,0.4758926727914266,0.2064418420620351,0.113386870323181,0.1805586419906154,0.2213319041473478,0.2308335344401647,0.2054467044173389,0.1863240867879647,0.1634764800558166,0.1539622176215764,0.2149267107544039,0.232130149992212,0.2886644883309956,0.2405872609754101,0.2294614117262583,2.026357440387003,0.20724360941589917,0.1217641019793017,0.1143889544604582,0.1332213028277678,0.1929948168251375,0.2834171442511414,0.2164873094148097,0.1779232021175056,0.1954065126302559,0.2573766199004978,0.1108655603925356
2021-11-01,0.18182821938945,0.1722130656388596,0.4244585709830212,0.2249303349933111,0.2853439557747478,0.5334756983722592,0.2095780160772848,0.1174514473157916,0.1892823912378758,0.2211503288524051,0.239327231050921,0.2103925400709491,0.187898327623224,0.1775233166954807,0.1592103233545009,0.2123986749547406,0.240738027958564,0.2971244011975799,0.2406964775183369,0.2298060668590517,2.266225871650909,0.218894456383297,0.1294797172978023,0.1263298733750756,0.1365382876159506,0.2026027166903346,0.2880857437907506,0.2310286908104632,0.1802515197115618,0.2042218162176381,0.2558431438714012,0.1099175201764145
2021-11-02,0.180928195112623,0.1697299374076375,0.4500386127932072,0.2147808431434188,0.2851747040081108,0.5206930079834604,0.2066722851985101,0.1184607649550299,0.1976257510690783,0.2542411214203788,0.2446417876629182,0.2250888753896654,0.1897018875042204,0.1774067256532581,0.1598002098542623,0.2187932683579617,0.2583555785168963,0.29313374175995,0.2466758280403079,0.2376634025646961,2.395159083830068,0.22175647959286665,0.1310106726556117,0.1223976668179624,0.1323682736081818,0.2061326478893484,0.2947287627727223,0.2307901097098656,0.1817369566835556,0.194194862321857,0.2693144389008586,0.1034328633039663
2021-11-03,0.1832021238638413,0.159180718684831,0.3946217749168832,0.2653890155992942,0.2175329296524731,0.3730792934040095,0.2058982160428671,0.1056547247616385,0.1908484971679429,0.2270873870775979,0.2329813521682316,0.210422475169503,0.1771103243102335,0.1763871051445525,0.1591878619131867,0.210750606332,0.1663301619511683,0.2926874678010032,0.2649674196116529,0.2305539516136191,2.460589119948663,0.16674413072898053,0.1252950382825546,0.1032612963175517,0.1332038355408566,0.2068330276561969,0.3041157390008567,0.1853034276009871,0.1749748560009278,0.2142443570316557,0.225162689005035,0.0940890231691063
2021-11-04,0.1878738387106973,0.1715740136383035,0.5206197545322586,0.2757961784713497,0.2233598724263662,,0.2171686620699539,0.1311528683033335,0.1967550614580189,0.2333347321306841,0.2291973635622242,0.2214039551953331,,0.1613444549002985,0.1292049531369348,0.2179752648949923,0.1805478609680829,0.3015782996478959,0.2439989588788019,0.2036231528345449,1.453262793752944,0.16971358513184903,0.1245393103908358,0.1003939796985104,0.1143237824548456,0.2263473664030125,0.2504073417169275,0.1807473163482247,0.1722963617637026,0.1733581011674782,0.2252089914683511,0.0926819339597746
2021-11-05,0.1924338629732487,0.1761688034827731,0.5708554869502861,0.2771333296503128,0.2323013923233975,0.1267514667547612,0.2183527586183793,0.1222948036628255,0.1924649461045151,0.2180604571394973,0.2331146366730142,0.2123687899890845,0.1707691557669036,0.1639400720044663,0.1324237898528381,0.2461710946093165,0.1774652257939687,0.3310242403891915,0.2436259578435737,0.2154546991873527,1.5262611645792066,0.17398776826517973,0.1248666964718706,0.0948955538297531,0.1086602764936462,0.2465800091969573,0.2707146111570121,0.1880308008308984,0.166394188820366,0.1902624620935649,0.2241017904549029,0.0978003290781579
2021-11-08,0.1992313572531676,0.1742793896740456,0.5703589230669618,0.288684777824769,0.2343307147604318,0.1244226489103207,0.2265018329314556,0.1259060603723072,0.1978174680383622,0.2291747157085214,0.2362380426450729,0.2163186682234073,0.1814185917517187,0.1717762096386681,0.13457402017893,0.2310149932009352,0.1813992475244437,0.3318196434215538,0.2531511057787836,0.2209143483169369,1.54866366855975,0.1775235449771263,0.1317113164745489,0.1063907200238619,0.1159514377580958,0.2584033827383226,0.2909969255681472,0.193954609165828,0.1652372596513985,0.1853968156368342,0.2207622998144613,0.1016222927941044
2021-11-09,0.207082123357157,0.1764521119622631,0.564958944023808,0.2919079022093956,0.2410607340087489,0.1951296372773428,0.2501576776178509,0.1311968716107806,0.2052796421900498,0.2315459363226017,0.2431660311880385,0.2381099392976888,0.1781221010695151,0.1709544278153968,0.1366286355970538,0.219642308142421,0.1757580469812835,0.3371666129532892,0.2596477518362221,0.1986271878908156,1.5710455482514396,0.1778888105095796,0.1297262865600214,0.1021901499722098,0.1274045770405205,0.2614522458030869,0.288146311449268,0.1942498627218459,0.1568215009858823,0.1852514171482188,0.2262214994900709,0.1076110621602617
2021-11-10,0.2124660463578142,0.1843897990679511,0.5133021430412137,0.3054012712484147,0.2522519877373955,0.2084023812894747,0.2445842327263771,0.1268530185008966,0.2072075195093268,0.2360331080977581,0.2501936955120264,0.2291616337051211,0.1811354349904969,0.1728137233159705,0.1315530629274765,0.238664595566671,0.1841289874371577,0.332067586291029,0.2574924294755715,0.2442182647243969,1.4748274196697495,0.18278174839149708,0.1288576279972023,0.1030351675505526,0.1162796594641268,0.2517492229437662,0.2937050954147778,0.1911087720402479,0.1732285619612186,0.2030895507565822,0.2279986567848592,0.1145748788118937
2021-11-11,0.2034813071895872,0.1736032069667671,0.5003697738066603,0.3010088424361554,0.2566518264332272,0.1768112059006942,0.2330070242127417,0.1227915825229793,0.1963231737926467,0.2188208558514317,0.2318463863077751,0.230314207547837,0.1701898507548603,0.1693326852215411,0.1290376589307093,0.2257674514326647,0.1696628805788998,0.3259069201535177,0.2482020012345035,0.2272884545407973,1.5940805308815411,0.18449147500139254,0.1269346295777982,0.0993263158722566,0.1169674043959115,0.2427002955553954,0.2338428876583459,0.1884155139551637,0.1603497369467455,0.1792688068082405,0.2108475960999324,0.1129793237804776
2021-11-12,0.2000514713291846,0.1679986476374832,0.4865585818468859,0.3193073620795618,0.2530955177712949,0.1856334981254555,0.2374811605172858,0.1201777413968561,0.1922527477386562,0.2089181609963646,0.2267253466430448,0.2271234530484508,0.173014757943216,0.1616713696722413,0.1302524358907988,0.219219696660642,0.1638378147812687,0.3308870201012373,0.2443328272737728,0.2317359015123573,1.5465430852092965,0.1940347375612754,0.1231814466147889,0.0995050697140496,0.1145042023524523,0.24113430744096,0.2342471271357572,0.1920308324561285,0.1542872806823126,0.1766851864489237,0.209582201804626,0.1097739937955905
2021-11-15,0.2006021204123418,0.169721829143575,0.5007153109829314,0.3079288723164035,0.2575274552297589,0.1811463063729341,0.2451735528599812,0.118939037383207,0.1901651531021914,0.2086210637101034,0.2188903177738393,0.2269935383110465,0.1713751398064806,0.1696222397097234,0.1326642173789118,0.2246312143949612,0.2071452586305902,0.3357112117583672,0.2489727728340401,0.2365107595435349,1.605828335124636,0.20014098243491305,0.1328405851528571,0.0990756333667734,0.1045975788034852,0.243450287430076,0.236018875472628,0.2049010743580887,0.1329753678031107,0.1747111767444573,0.2094854181524655,0.1087992004524536
2021-11-16,0.1950712751636263,0.1633212475702023,0.483812213748333,0.3127155835761559,0.2607315357787383,0.1784360248861888,0.2343361150192517,0.1176107979633647,0.1909190909726346,0.2011851937405708,0.2234224052174414,0.2218206179728315,0.1645745723841631,0.1717882910558533,0.1314431616767693,0.234130520449836,0.2065213990526845,0.3277887063393966,0.2424334342709391,0.2246954977063033,1.6388918175381224,0.17643290111266857,0.1238507995007296,0.0698054960017349,0.1025007045003072,0.2386807069589512,0.2283787905039181,0.1761878982010682,0.1244123465732956,0.1938396059925166,0.2110805620578116,0.1019851377658397
2021-11-17,0.20587050637199,0.1770034686041013,0.5131627768717278,0.3137026026908489,0.2778494401153466,0.1811605778176057,0.2393672892345606,0.1204436559975223,0.1893353759294412,0.2210115398785672,0.2320059965157753,0.2524454500868009,0.1716494102896948,0.1742631273120675,0.1272523043002724,0.224097604004309,0.2002194720341391,0.3266646921608431,0.2500536388980909,0.2199591854717543,1.6716775781644713,0.14570184646396153,0.1242232940443744,0.0865213782978149,0.097804597104427,0.2264000201763205,0.2263066192298831,0.1686510462103102,0.1977767632724881,0.1983853266283617,0.1961010563700504,0.1055041543510489
2021-11-18,0.2288609769584557,0.1841041542630303,0.469173962991868,0.3266600849573658,0.198351183140046,0.178397271301745,0.2542745857496282,0.1324452038542831,0.1925139465707157,0.2144828163022339,0.2423788098262645,0.2490724481414399,0.1684823054677051,0.1788281032777155,0.107103742318245,0.2157724742793147,0.20686451124394,0.3324666694148748,0.2449510845077439,0.2262810915047567,1.7670172683533212,0.16506308066572717,0.1227417851391168,0.0922141709748214,0.0931092704904121,0.2245357913682754,0.2285235158636268,0.1730399769924926,0.1979764225548445,,0.2011967072601995,0.1077533898120467
2021-11-19,0.2177629486201339,0.1724660468949365,0.4447882607074855,0.3284893534033714,0.1945064473279613,0.1809049221053834,0.2522465738440506,0.1386969131510546,0.2015076917745978,0.22307243270931,0.2440829558875332,0.2688878060588401,0.1765372336427996,0.1895172479363762,0.1277086040864456,0.2267768555094632,0.2041115137206381,0.3673038205320709,0.2464462326051451,0.21941682932537,1.8108907998532489,0.15197017425363138,0.1211376400220204,0.0957086862129478,0.1126978000315102,0.233466550920041,0.2364377045307798,0.1754989875197988,0.2251855554846949,0.1993808033700557,0.2125199925657376,0.129757263379836
2021-11-22,0.2405059916690854,0.1976537164109791,0.4945885139855241,0.3470222040283766,0.205109304061176,0.1900734525071424,0.2649561694507547,0.1371868968244871,0.2123936905398982,0.2362546541963304,0.2605413534920064,0.2684784532082697,0.1801422780142447,0.1888814723540315,0.1610010457147779,0.2384319158333675,0.2135758674316173,0.3621761366668428,0.2461843269317363,0.2666811883977303,1.949854305577884,0.15494241214703375,0.1258047867630341,0.0962600394272121,0.1240567842227655,0.2436656358633191,0.2485084532978342,0.1786574899504566,0.2220551904868241,,0.2075567038108434,0.1326789821330504
2021-11-23,0.2583420828907524,0.2043442264233974,0.525291776551623,0.39105766259764,0.2117129896977052,0.19402587813823,0.2848818489595876,0.140072505700626,0.2129890558096218,0.2402837421031635,0.2537119090000624,0.26589718725203,0.1938329782922754,0.1935058061244868,0.1604505090551033,0.2388545741136843,0.2131072226933741,0.3597915728906776,0.2646203258564469,0.2744635788821758,1.9720915324685109,0.16187637260046608,0.1311614243872689,0.0983520557059324,0.1207318964441811,0.2397588023969048,0.2549731907218794,0.1820267590485945,0.2289984187005284,0.2246474265537419,0.207095344796038,0.1248602182817986
2021-11-24,0.2558467863702997,0.1975221892765351,0.4868448846372532,0.391376300438253,0.193375048641526,0.1881966292457258,0.2712729587169125,0.1364500637114236,0.2157568884855035,0.2424720189431178,0.2498265000853778,0.2618804172333086,0.1695345695459269,0.1886146978186687,0.1582246191775197,0.2346666091226758,0.2150050206642577,0.3573408698535284,0.2579366342708488,0.2582353260692038,1.959067620121532,0.15854075789915986,0.1292615565993194,0.0937995974528969,0.1196050670045744,0.2418540732194395,0.2437599988873905,0.1719915008507257,0.2332935705853539,0.1948181899187859,0.2055366187775633,0.1231385487052173
2021-11-26,0.2956857037133285,0.2682931035330678,0.5301378868266189,0.4635468139864325,0.235489612877531,0.2229834276566524,0.3197849008010476,0.1738803351548585,0.2773937715890707,0.2913849049941873,0.3619982866089962,0.33449468252452,,0.2567399859526384,0.1986232935718633,0.2875868585830016,0.2625256075902289,0.4463675413694221,0.3244003519370235,0.3546492781168944,2.189189033253627,0.19205961933014615,0.169932452129757,0.1436911258172653,0.1732268501191316,0.3093735581607594,0.2986010164392902,0.220565966451848,0.3051183047843742,0.2625380741822766,0.2577157484278467,0.1807288186110719
2021-11-29,0.2501926099401554,0.2048799570662211,0.4903044313150716,0.4308855253281535,0.21071495068578,0.2129810760067798,0.2677536215508651,0.1496841166627665,0.244537634179239,0.2591776473702152,0.3144076613123485,0.2928528136964174,,0.2223065728598522,0.1701600865728828,0.2988596012620971,0.2353823565344771,0.392900544808104,0.2829924389428004,0.3020590400543249,2.337095795611822,0.17775648901633492,0.1516738984836149,0.1116045810440746,0.1459136990959944,0.2577313061224898,0.2697768145444861,0.190865476569794,0.2622927872902982,0.243874910381544,0.3001371325709456,0.1730741080118574
2021-11-30,0.3006367662261529,0.2690662896906763,0.5317270637238917,0.522292046300132,0.2482119752562503,0.2472420062308393,0.3003707769355899,0.1982128706828513,0.277410516385824,0.3035412679455482,0.3769986942515487,0.314123802563951,0.2588714852780761,0.2294706620269007,0.215362230972446,0.3361121349296926,0.2677495855252073,0.4258107742101271,0.328557824434141,0.3408249680490774,2.472534737801314,0.18721359634470028,0.1897478945715333,0.2093450897837372,0.2063051118622438,0.2913041713058141,0.302646983886806,0.2172492241564793,0.2987585426827179,0.265381981989677,0.3517233656165754,0.2084524074713689
2021-12-01,0.3236584506989663,0.2716127940309586,0.5588061140009596,0.3795238960751858,0.2613313013549012,0.2632625049664557,0.3142187780154878,0.2052058930275057,0.3128015535260162,0.362082600865057,0.4111182390129898,0.3581172486282705,,0.2693024170772921,0.2151504554376474,0.2673627011365574,0.2843401471811955,0.4752613220435367,0.3336531371262138,0.3687637838142036,2.34702319133723,0.22163262523101443,0.2066826803969086,0.2098443732752293,0.2200921364922746,0.3250236873767001,0.3316771977467233,0.2697746883784901,0.3302287423085157,0.2946765092875467,0.3801348859535406,0.2517280915058403
2021-12-02,0.2936608481380849,0.2787218322097465,0.519111183646851,0.3541120424600306,0.2458261009306963,0.248871582092894,0.309087996848052,0.1872919815684973,0.2987138231437363,0.335172533844267,0.3774675067090938,0.3254021784877017,0.2434015430980128,0.261866298036597,0.2155355082165869,0.2572137493456775,0.2676206260020205,0.4569850993723896,0.3278075275506327,0.3529015962244005,2.604986009812229,0.21580055443557325,0.1921694880097312,0.1921421037107007,0.2113609209221342,0.3088111777880233,0.3079328663590168,0.2593141114321167,0.3017642203318825,0.2895704706781046,0.3607326384353287,0.2203352967254036
2021-12-03,0.3228958319467998,0.3257418393337018,0.5911699564475097,0.3906099205181265,0.2704423633867641,0.2803555445645785,0.3394182796557396,0.2170092965752191,0.3406330034138282,0.3876148617431526,0.4098642957013664,0.3372992038161362,0.2897331081103202,0.2778470735472625,0.2317506651333426,0.2706735504079495,0.3039862209621414,0.4832076671783372,0.3726838275957471,0.407097532252427,2.5201099627681245,0.22914475968349238,0.2114670474704777,0.2135883711852052,0.2344205762430524,0.35047854048991,0.3472210465534927,0.2763938241108191,0.315382092168952,0.3124776741186656,0.395745734339785,0.2358834592181117
2021-12-06,0.3103054061226786,0.2818877849099887,0.5685714691915285,0.3336246262607226,0.2513831381147474,0.2455585055920084,0.305607132707806,0.1976923851818956,0.2895910419304709,0.3388081466237909,0.3750503913419589,0.3187812579454722,0.2200411127101307,0.2466523467300053,0.2104819306981105,0.2253665682974834,0.2740068712617854,0.4399623892938745,0.3028391010037058,0.3561709252933525,2.787840405672833,0.18755773294105818,0.1822078765884298,0.1900237569770715,0.2110201495194675,0.3210035549504852,0.3156367753724203,0.2662231521083601,0.2809037260628001,0.2810690945491268,0.3531815734770242,0.202648000616207
2021-12-07,0.2648107216550583,0.2167327169383336,0.4649582704664097,0.2898497596703985,0.1830825787954091,0.2006796517943999,0.2550739476341294,0.1346408661594449,0.2162618504957058,0.266896080371077,0.2977099924321059,0.2637791201696249,0.1931310786019536,0.243469945883881,0.1712933156148054,0.220906192338686,0.2315594014679982,0.3781552756507136,0.2636061958465754,0.2794343360590887,1.3756693609187334,0.171799192419045,0.15414728383856,0.1520011162778955,0.1729040492354336,0.3446928291010827,0.2614484808690687,0.2220476053038037,0.2358129729375702,0.2125690685144013,0.29034353692975,0.1482977668735789
2021-12-08,0.2719771470986887,0.2049566000053055,0.4724587638808857,0.2721047133929345,0.1799182783369194,0.1865261145930025,0.2517497407473627,0.1363875480768092,0.2154278898938148,0.2675929012980585,0.2809767363129197,0.2484186469855802,0.1916968008008107,0.2369895924468978,0.1608108307610302,0.20189793069676,0.2180496417414636,0.3563443682495571,0.2508441375443654,0.2670325564719961,1.5259743733824922,0.17058968162775712,0.14781805181732,0.1414640773596617,0.1663444151968905,0.3289375106174855,0.252505826637223,0.207362459644274,0.2236793710956682,0.2553612780063951,0.2865821719157006,0.1337303638825607
2021-12-09,0.2809963616579,0.221210737687096,0.4936671361560495,0.2792971680229577,0.1860245317173284,0.1971435510755159,0.2623689792093897,0.1311480361083976,0.2202710417983794,0.2849566917578702,0.2774359213674111,0.2452385027666174,0.2154279896641671,0.2379484070092134,0.1613582121404839,0.2057543775217602,0.2253084637866106,0.3509675108692883,0.2491076888786901,0.2788663158827669,1.537591599992733,0.18364419997167514,0.1544919660303448,0.1497153061908567,0.1663807218553729,0.3245984891347264,0.2567814936780924,0.208884138426256,0.2294949002972347,0.2371033595530689,0.2826966366053365,0.1365126194963791
2021-12-10,0.2745735152617286,0.2039193990971578,0.4643568660002148,0.2615068864603785,0.1776234126090521,0.1838649107943454,0.2432410869510124,0.123771521384554,0.2059472414979219,0.2653770252580802,0.2632567195821393,0.221994627228873,0.2024592635758904,0.2237694984357114,0.1518545317762799,0.1891561426017156,0.2258704290673574,0.3327845729270932,0.235266954982953,0.2382574447655964,1.4189100463049045,0.17129894194635256,0.1421129965936434,0.1357309472369013,0.1568818244826396,0.3095870803315291,0.2437241783259403,0.195086886798742,0.2157975390110761,0.2168177245015861,0.2652706876697723,0.1270301549371399
2021-12-13,0.299547650880835,0.2263601726109979,0.5054063224991243,0.2690793587576591,0.176679235346619,0.192250493453531,0.2569366105749446,0.1318861058729578,0.207951550290568,0.2771292695662292,0.2701907194653951,0.2378176812172344,0.2078730600414065,0.2271374359033299,0.15421544920778,0.184243671433171,0.2217296350194655,0.3511842633396857,0.2437196456619047,0.2446370943069659,1.57645114053046,0.17766719243795967,0.1346353114677252,0.1414820192340604,0.1581552149377925,0.3294126982075375,0.2420069038320856,0.205885462023846,0.2255254243174063,,0.2934360548296837,0.1388641423009904
2021-12-14,0.305542890538284,0.252212611636398,0.5030334008667826,0.2889565795921461,0.1856426440240583,0.1948549253352988,0.2645323478834528,0.1308692116683394,0.2189563410082857,0.2895814985503492,0.2786353884338902,0.2488227291173487,0.2461518031705102,0.2363488987453695,0.1593223213701724,0.2314097178297964,0.2153267256150104,0.3622025040741518,0.2513864165095914,0.2888329694645208,1.5824459967534292,0.1789998779866435,0.1401264405627092,0.1475301380978825,0.160286531650741,0.3359640709248754,0.2525409503492174,0.2090874077523644,0.2272821356763938,0.217142836688243,0.2835552669676062,0.1443016852511822
2021-12-15,0.2873710325800466,0.2233718004907922,0.5081642376302952,0.2831007545069132,0.1824240724343167,0.195985558619731,0.262076076042853,0.1275708137858659,0.2038800776597582,0.2761184713484146,0.2726548466715407,0.2367442450872977,0.2199585450706098,0.2432098256486337,0.1517389921615003,0.2173081356174184,0.2074733916034376,0.3589642128121272,0.2367648172209771,0.2502716024759755,1.6226811768172746,0.17697622386159786,0.1413774731698388,0.1446122000464769,0.1584070343183709,0.3275467779054863,0.2490319091070948,0.1937053710850426,0.2193710774653021,,0.2727153330708746,0.1298619151189494
2021-12-16,0.32096866847464,0.2589615593556674,0.5744675272219868,0.3066364003026481,0.1893417206050918,0.2026705141132611,0.2801173815513678,0.1419818097787312,0.2080925803928304,0.2862020486595576,0.2578749946273074,0.2380616707001026,0.2110369998612186,0.2413618638552438,0.1559959227709324,0.2249355361094789,0.2238465671319019,0.3682522159993255,0.2381068795887045,0.2539746207936112,1.544773304145218,0.18390971637443865,0.141947454468567,0.1433063773500702,0.1527662748032161,0.3442191916935742,0.2524060449176384,0.2138792801173999,0.2307983550757458,0.2085536093635201,0.2799487749794356,0.1494536169736681
2021-12-17,0.301879943898386,0.2482542458377226,,0.2971684181708459,0.1867447345710847,0.2104463221319978,0.2737936537955797,0.1318409908052343,0.2239692986685248,0.2959107830774409,0.2760628853822361,0.2417619507508624,0.2237787448686985,0.2317925481908057,0.1616054235085728,0.2239282871509037,0.2395590394169217,0.3556741794260704,0.2484613822655537,0.2888354068539886,1.6535657168690892,0.1850066268733897,0.1617495095720971,0.1698518217802924,0.1631353038736665,0.3473664570900373,0.2534610715753514,0.2189005206179778,0.2405305718910412,0.2042425059509165,0.2793730498326102,0.1704873888499437
2021-12-20,0.3065966021314286,0.2672812218533165,0.5482416234617078,0.3080035982179374,0.193078141153507,0.2195525007940319,0.2935034794309524,0.1484105475921983,0.2345856048946012,0.31148442499472,0.2956815750531381,0.2616901900450178,0.251179375444242,0.2150450720022502,0.1695696505998452,0.2277658435352154,0.2376541869136934,0.375270625400866,0.2669093560945816,0.3009425674896377,1.678768306215081,0.19439664642886553,0.1510548092725296,0.1572901969281115,0.1696609477628424,0.4061753942638212,0.2732281390543482,0.2247900979287781,0.2497283648619739,0.2345537757367165,0.2976167057807645,0.1840493775118309
2021-12-21,0.2760462320606179,0.231558176739219,0.4977305765701759,0.2725023975363411,0.1771702862035085,0.1929797102834071,0.2582738180588154,0.1293582309873684,0.2063575400875384,0.2821908471532495,0.2633562824961238,0.2405616671480794,0.2315422887053848,0.2348693585866907,0.1530629008768871,0.2222596786362356,0.2209646926494306,0.3434376760454151,0.2344085820421156,0.2609963971042051,1.7036102668402795,0.17521298704302124,0.1447408962390279,0.1398577810024775,0.1553696188419395,0.2471142326247746,0.2340717807259748,0.2062536624780679,0.2280642920164849,,0.2787560748389833,0.1510810982049915
2021-12-22,0.2652259398274413,0.2125300401118222,0.4690286770149322,0.2520148712034485,0.1618981638343879,0.1803330980522869,0.2444774825426956,0.1162854382138185,0.1914490940450789,0.2587353491612181,0.2444941728086774,0.2201128340333382,0.2159855606910985,0.229682766715144,0.1433249548828334,0.206826357053999,0.1952836580129697,0.329800711454771,0.2218660656272192,0.2488381458101431,1.7159889491739928,0.16584867441530998,0.1349394678973325,0.1294741891975964,0.1479755755976547,0.2242866754245762,0.2290254337256398,0.1896946022073646,0.2103669271023487,0.1823139639054331,0.2543499552827131,0.1374512762027654
2021-12-23,0.2474683971643587,0.1948738937986538,0.4524264217651922,0.2432569360254864,0.1532932801827536,0.1791901875494527,0.2335189485184176,0.1022540132522893,0.1860540414391702,0.2500197479003094,0.2400732503895512,0.2124974995996151,0.212788709380107,0.2316356509983378,0.1350379664323344,0.2042804859330834,0.1945915825223448,0.3113735872866408,0.2144874315557565,0.2492927857235666,1.815410097485012,0.16326791612654862,0.1346925520367887,0.1239739377954059,0.138705465721532,0.2095353889396163,0.2140631252962586,0.1860566925626809,0.2006844610368013,0.1878520227041437,0.2469045378560406,0.1305622447191709
2021-12-27,0.2526817956251916,0.1936054900661543,0.4601126539853905,0.2538737165710119,0.1627064179535249,0.1740854746530771,0.2534461472690343,0.1017200688366675,0.1819180654155412,0.2557287418345414,0.2330672962139714,0.2112084032295893,0.2152418691280541,0.2216961698098829,0.1229692763793909,0.200491810491029,0.1834883193172022,0.3173570371481075,0.2103209599133081,0.2454789250045726,1.7576490630282475,0.1604856277447965,0.1362924116259742,0.1258983613717089,0.1376241229310872,0.1986491361442347,0.2200911155005257,0.1797688761119717,0.2006053345513086,,0.2442049217053307,0.1232450278826929
2021-12-28,0.2569132487787754,0.1974173761788735,0.474783951908905,0.2553525412356096,0.1545191242857101,0.1686987574610369,0.2424967849692467,0.096000186585223,0.178155889343982,0.2535345554320105,0.2259587419229755,0.2115175379663166,0.2203106141165584,0.2240394752354543,0.12409950449334,0.1904781511322417,0.1821695183453291,0.313006285356029,0.2060311437904276,0.2420966984627037,1.873076063820721,0.1587784608652821,0.1403536487462949,0.1216747921612386,0.1329390064574705,0.196711149795754,0.2311522960814965,0.1835874435134584,0.1989783722138982,0.1774467821407616,0.2323777651689397,0.1236605378921265
2021-12-29,0.2423891721491333,0.1925171162708991,0.4616049551672301,0.2411531268166025,0.1559605473107491,0.1722181948718207,0.2348424737870068,0.0954905777011916,0.1728368653980518,0.2447340051197734,0.222976852706721,0.1997934692232747,0.2093875866277515,0.2120763593863275,0.1175655052577973,0.1870109989026946,0.1732334890697545,0.3038663599170925,0.2007190825824508,0.2430152114372659,1.9513573939460704,0.15660324434075745,0.1432301181658405,0.1237784537605928,0.1299195088096359,0.1960867208413745,0.2254978775499763,0.1804730833217163,0.1971051765097344,0.1841242602275197,0.2282034192253893,0.1184983016421925
2021-12-30,0.2390573397008731,0.1935267524028421,0.437671907127617,0.2394691725870225,0.1466365655632103,0.1645457526351747,0.2279997368895391,0.0867696435550999,0.1657031509793601,0.242783660088251,0.2123496586363588,0.1938810800909704,0.2107057919121263,0.2237929845318421,0.123852663807125,0.18691097320911,0.1656843832069851,0.2921278712063139,0.1979405338318632,0.2388337921348312,1.955639824228164,0.15362193481978012,0.1472856921382264,0.1223447403370839,0.1244057573220781,0.1906523095820662,0.2191263685786876,0.1780073005675732,0.1924713277997446,0.1802690148131985,0.2206288378525883,0.1172798740623428
2021-12-31,0.2331285589237183,0.1926537700001331,0.4231699434633686,0.2334925423331956,0.1390279061621813,0.1686419659590712,0.2228860158345669,0.096889437467521,0.1687805572662624,0.2420060358093866,0.2091464599295762,0.1946265376656978,0.2117200795960498,0.2165434571956369,0.1150072284062861,0.1837546796920156,0.1670878873321757,0.2914201284392946,0.1887439093060135,0.2501690685848123,2.036843390936788,0.1432159755093977,0.1434650850601413,0.1164741719387029,0.1192915806554859,0.1897292008054537,0.2162968987132184,0.1725953854805989,0.1891330930608879,,0.2218064590468522,0.12655285995943
2022-01-03,0.2289699322952032,0.193211471041864,0.4459686243625542,0.2423010520690498,0.1408271671370854,0.1628003614071548,0.2193319465526911,0.0788499603732675,0.1717533300245986,0.2605307829025501,0.2039097759090336,0.1874217164246035,0.2161122396197353,0.2282526806646768,0.1257995571759354,0.1842792598982059,0.1622526005965879,0.2982409956298977,0.1905744904191599,0.2437195770123368,2.1351898517023686,0.1474172320426041,0.1460716967578934,0.1126681286034455,0.1184519181826771,0.1931372842492378,0.2061425807552501,0.1821644247295749,0.1885029547059505,0.1934618040199954,0.2206895378244087,0.1127160430012758
2022-01-04,0.2399650376895971,0.2187381325460579,0.4694065705171341,0.2558336221124468,0.1827109204686803,0.177936131273458,0.2291850416183041,0.0864449289089922,0.1747659326278247,0.2630707622974161,0.219167360354386,0.2016554597427489,0.2165717791250491,0.2420295041070186,0.1314188517222895,0.1906449398786771,0.1724281036957028,0.2947853904129946,0.2101276326906185,0.2433789220969258,2.3342952959401,0.15579690898156742,0.157177205392034,0.117884108096545,0.1268185056513418,0.1917491996720611,0.2164620320579165,0.1840097856629451,0.1898962529877906,0.1864911417505292,0.2307216894647897,0.1152129526683096
2022-01-05,0.2939815374732163,0.2749107003809621,0.5148188787580443,0.3323183587166961,0.25090437813001,0.2157578027382938,0.2586356407557255,0.0962701256843237,0.2185611437027819,0.2647682359702323,0.2399676283425664,0.2391049686914644,0.2049271754921072,0.227295413236814,0.1428806282941988,0.2014829737784227,0.2042293638773468,0.3163949188756799,0.2452078452083763,0.2497157461849868,2.392165663780088,0.16787209294906097,0.141777111512548,0.1415043798338061,0.1351637610126784,0.2147720754702705,0.2589288314378374,0.2000591479660391,0.2072726561757546,0.20305430596472,0.2796398792473392,0.1435150552497313
2022-01-06,0.2837983416624166,0.2778103561191485,0.4965630367833705,0.3188235573317715,0.2586081247898758,0.2413104464190575,0.291037057670075,0.1235659059194746,0.2270801468655193,0.2743301251334831,0.2777553599726946,0.2476611066974125,0.1942980271738647,0.2535005942462883,0.1585794513138914,0.2171661968311206,0.2065219715264063,0.3452319005773127,0.2458253826678725,0.2441212809174509,1.428708963784316,0.19653589997331786,0.1423792476070277,0.1560012952033667,0.1607833024355669,0.2247020884139053,0.2647286780686885,0.2039735593189609,0.2147230786677529,0.2325869892234786,0.2892630871224299,0.1491160770670144
2022-01-07,0.278828730681301,0.2760164222674877,0.49778105574459,0.3064333423371705,0.2546772042220063,0.2365325910833479,0.2892130263113137,0.1556391177939112,0.2208087354505679,0.2641213267966661,0.2781904971515133,0.2482974368834977,0.2139239394212319,0.2594964146963124,0.1559668878226392,0.2145859351068163,0.2064012885810968,0.346079497924901,0.2420112689014603,0.2618070212459885,1.4675167353970753,0.1953935504499132,0.1423817810766594,0.1513079273512317,0.1583759212046236,0.2262327648986108,0.2644992498321396,0.2076041657954596,0.217974389856377,0.2357098917692411,0.2741165389152388,0.1403074889975049
2022-01-10,0.2823911446335342,0.2805736285734284,0.5205058607921464,0.3096515295401325,0.2578645961816262,0.2493158799686633,0.305646001540981,0.1641271927985545,0.2273523365696892,0.2799813138405957,0.2881118867185536,0.262902305435523,0.2184119744134859,0.263746069740791,0.1587938422527743,0.2242913627603693,0.206598253442827,0.3600875661702595,0.2470842366688106,0.2612535594383744,1.4695158092782372,0.19884871964889875,0.1420767314575415,0.1600399945076916,0.1775569883145773,0.2352885072631051,0.270144877753823,0.2121698632134166,0.2234345744932321,0.2267777434570594,0.2868090147381693,0.1319354670047366
2022-01-11,0.257646221608908,0.262318459734314,0.4792499350207557,0.2959219554974486,0.239876648389965,0.2461347099194104,0.2888106367647478,0.1541544250976754,0.2148555663364713,0.2637088010881537,0.2737768279738042,0.2505446562769692,0.2341040404426703,0.2421059436543611,0.1519077164019974,0.2125556331401568,0.1931142610881564,0.3453641289619838,0.2354376918702632,0.2598260156799133,1.5277322517334193,0.19582530965478306,0.1393629431761166,0.1497803335687483,0.1678250327228641,0.227264846965417,0.2561952450624888,0.2002147180378184,0.2156433489525678,0.2346666165671171,0.2657985656147774,0.1218952481357973
2022-01-12,0.2561216744049369,0.2500755885624328,0.4678389310114597,0.2784501823959682,0.2359073967984766,0.2415894504373025,0.2794664866373288,0.1539729542086183,0.2113870279547247,0.2676853464158972,0.2751455340434909,0.2472875400238998,0.2025559012015039,0.236734075127952,0.1549384500207944,0.2026544481195303,0.1847920708454361,0.3464064633018754,0.2231014138269644,0.2263229678729177,1.559721986629117,0.19602378008016008,0.1342701654884756,0.145532381870467,0.1646369309198337,0.2232319860505431,0.2509424888604528,0.1954536035105748,0.2064336553210051,0.2094301700425514,0.2554041906977119,0.1158232963118008
2022-01-13,0.2812839139296963,0.3107729150488273,0.5189180346835282,0.3149377381086601,0.2464779187982786,0.2636200488460641,0.3077350982717969,0.1494538718245403,0.2183733576118176,0.2864440059932827,0.2782712357792922,0.2628857682553141,0.2064138760522312,0.241000056448414,0.1583656557356138,0.2078155750120367,0.1871152091002438,0.3459332180567704,0.2432193589303896,0.2411285630939599,1.5975664828178722,0.20201118360837023,0.1406132870276525,0.1535391564928718,0.1672038099163756,0.2375149922054663,0.2598990432400606,0.2067445341471519,0.2156970374561986,0.2343456045080222,0.2769357832417925,0.1347921032662524
2022-01-14,0.2666560870415078,0.2758050795390077,0.4849158420627456,0.3006545018621865,0.244119662804947,0.2594321473507264,0.298178081551221,0.1546406950441464,0.2091104205541856,0.2900293828254319,0.2889200033247905,0.2690499883250883,0.2234485664880048,0.2427307468150001,0.1580081650616572,0.2029637978308298,0.1806143890994771,0.3466249852124297,0.2478709169981452,0.2431747689106926,1.5914363510251608,0.20686830509302734,0.1356218359137646,0.1501912693953034,0.1760175568162087,0.238766164396811,0.2742969624690716,0.2209291581678765,0.2199468672320493,0.2257137568381659,0.2772339174220956,0.1308264035111696
2022-01-18,0.3119508549960319,0.3215759891436621,0.5381350001277195,0.3230229898825154,0.2851753434950483,0.2850278019902255,0.3286209459823667,0.1698784869255906,0.2484450222983153,0.274463147713357,0.3166911490862686,0.2775069713626331,0.2302533387825587,0.2819614436084101,0.1826045475345721,0.2192926526165994,0.209052340697659,0.3682199941913986,0.2650389417625139,0.3007179930826688,1.6722339759080878,0.22850690769759344,0.1686402653657141,0.1691023598246334,0.1910903017193902,0.2650038359748916,0.2823044010196569,0.2496404439270066,0.2383763723134536,0.2542944628365323,0.3046075792684829,0.1604256898377416
2022-01-19,0.3113522626290102,0.3116995808771516,0.537306374809159,0.3211739080802679,0.2788366955543422,0.2909201113432532,0.3277449248542201,0.1720719017164378,0.2302297048964098,0.2761241537296651,0.3193466810885951,0.2767322472615082,0.2332960632486808,0.2369993935220102,0.1724864819255787,0.2199580760263402,0.2063588229809835,0.3708178002482318,0.2905436247043914,0.2870622991987831,1.712420726601588,0.22021140489057453,0.1267225608119172,0.1637468403912007,0.1897036087463914,0.2578875857888179,0.2882225449321703,0.245477483576049,0.2383367621256377,0.26981246472219,0.2974479009232063,0.1725643170662909
2022-01-20,0.3205113052691594,0.327032308599992,0.537674045695237,0.3382808017690421,0.2963633281874167,0.2905615673911723,0.337335552943042,0.1799673840828743,0.2372136633514933,0.2839500965136151,0.3164822577260509,0.2839744825607808,0.2242110913033256,0.241192050287524,0.1760828704412013,0.2256476524430524,0.2179849439208736,0.371567551134233,0.2895111745379814,0.2891110881540186,1.805000925586204,0.23135358054284932,0.166945600848097,0.1656744495626577,0.2005742685966259,0.2691385449219772,0.2914459923726987,0.2586930271912698,0.2431614989704902,0.267488760594191,0.3148593780141305,0.1854378091590613
2022-01-21,0.3549530716561225,0.3836569479382252,0.6011914276447164,0.3764482860446774,0.3209992757528767,0.3479713776489495,0.4133393307508408,0.2002260476035438,0.2643848791239724,0.3087008782371236,0.3427329878112022,0.3300829490989477,0.2436169552836154,0.2599076271376326,0.1883475715522621,0.2539077489300624,0.2382956057879307,0.410639654920119,0.3306508109912882,0.3555796053171616,1.7978192396910362,0.2478550545868118,0.1773731950823522,0.1788264023789765,0.2360356856258623,0.2918757191795086,0.3721165258692699,0.2839717897557392,0.2635806230041466,0.2798784682624012,0.3363804507243005,0.2076434008035197
2022-01-24,0.4064416268831051,0.4293045519219442,0.673227897637665,0.4019506571694926,0.3499821183815256,0.3994675948895123,0.4550423732571357,0.2240896757838977,0.2927992506990272,0.3484143754177297,0.3706705484727489,0.3518677695980514,0.2642674772356991,0.2762261024786091,,0.2800371080771162,0.2636846772452367,0.4590109546848849,0.3309689362535886,0.344680803273223,1.909229137599188,0.2671857740112403,0.1993037556473657,0.2025526861866956,0.2536130756087946,0.316909797523688,0.3845053520928265,0.3122457466515178,0.2704470108189332,,0.367529304989049,0.2192153099699142
2022-01-25,0.3934266231573367,0.5157943322853439,0.7071508519708,0.446246432942292,0.3659111440676423,0.2387950962310684,0.4758799206661922,0.2055215548191021,0.2914184428437144,0.3630131534092898,0.3413601777270337,0.3535095286215012,0.2622722794619844,0.3023143367577326,0.1842100355134512,0.2713834033478513,0.2563377469719927,0.4823303058872599,0.3491186889885377,0.3754896145180125,1.9611507608467096,0.2851316297375476,0.2003055683562829,0.2143148503817562,0.2538826257065357,0.3325713396256988,0.4108606652727429,0.3153878703341286,0.2845175604314223,0.3175314411674221,0.3630222892563464,0.2113353941083647
2022-01-26,0.3929174193770439,0.3585297238216183,0.6956553466368335,0.4184570828297325,0.3612829455375089,0.2326264490382029,0.4541016217138158,0.2246691922936196,0.2824434890576982,0.341369591711142,0.3245224113223015,0.3616512439510422,0.2562918052711141,0.2909516249700156,0.1801180422216805,0.2711011645390971,0.2577116780523142,0.4517746944363117,0.3483745986493684,0.3768634969675274,2.049551494014381,0.2783981992589783,0.2009933929864355,0.211009049024627,0.2568019635790352,0.3020347085269659,0.4036404147266582,0.3055238194479449,0.2892353829322884,0.3316042008628889,0.3553164346883758,0.2268899784388514
2022-01-27,0.4163379790441877,0.3519175727877169,0.6991537355548184,0.4238776081161659,0.3794385786481534,0.2364156044998135,0.4496777296310389,0.218749931122926,0.3057246983779229,0.3581331271177261,0.3409622036743597,0.3702048633131056,0.286093329145472,0.2902192342906323,0.1843995576213218,0.2624763973694359,0.2581734443056483,0.4467077517716078,0.362520768007973,0.3898653500957779,2.141786585296744,0.28739139513243506,0.2030388233208795,0.2130460529406584,0.2252879484085226,0.3148420828498397,0.414031051944706,0.3173307866779183,0.2909270792831408,,0.3146185119641789,0.2411292669473042
2022-01-28,0.3001802710562787,0.2949041226639039,0.626854788554224,0.3682767632853816,0.366575337257538,0.194400896477329,0.400064608472314,0.1870325998637449,0.2641212460032805,0.3217315839797945,0.2975751364802333,0.292544211465274,0.2572754491705389,0.2575907476135235,0.156520112058722,0.2436649035546363,0.2339270407647252,0.4254099186386219,0.3117225286368216,0.3658981421466794,2.1147666907989624,0.2648480791597756,0.1874189107846024,0.1960228911148556,0.1944805035735124,0.2943304265276534,0.3830841536525451,0.2770422721425739,0.2600730357065154,,0.3026624677691606,0.1872000620756543
2022-01-31,0.2546377586972503,0.2688664389922765,0.6047188001392519,0.343734524091379,0.3578111411625962,0.1736525659080624,0.3849427721945895,0.1711319885645479,0.2475803446452954,0.2982785032106956,0.2836104460332979,0.261682246891101,0.264692602179253,0.2429099503174968,0.1489816992436418,0.2498446994266721,0.2474638570412731,0.4026341365021703,0.2778456163455455,0.3401942532437836,2.161439558152682,0.26572915641301853,0.1729185971384099,0.1955838736023531,0.1669410782206732,0.2727391937631376,0.3679941747535813,0.2580451784481587,0.2325031078019588,,0.2902739627481082,0.1636791896941213
2022-02-01,0.2385982452136127,0.2496206081228208,0.6148400649860584,0.3202033983664087,0.3507478495472377,0.1619705364870897,0.3725256922998199,0.1629614593091824,0.2384662875373572,0.2819269460086651,0.2636942354135743,0.2513844930711473,0.2085190826153148,0.2602312841593696,0.159307371173297,0.2410169231941234,0.2319085111446741,0.3744044153730188,0.2607038405630877,0.3465402262614171,2.306055964382544,0.25956565671398485,0.168178203018927,0.1871433161573817,0.158081263034669,0.2554161197031304,0.3602453127438672,0.2380044281120151,0.2291688881196389,0.2483904033315801,0.263901987916105,0.1330462849177784
2022-02-02,0.2184746212840264,0.2320011956651367,0.649175078661777,0.3380527257787973,0.3667983353450029,0.1319090053195755,0.4398820322311666,0.1580488748553612,0.2322152551805881,0.2433340504075638,0.2586461245594658,0.2315826165568469,0.1888847621558703,0.2200048767885978,0.1197517117298914,0.2017379809381554,0.2377445512701219,0.3568158977634806,0.2534304456209966,0.3428131387112255,2.334298953383445,0.2645594465204936,0.1512104028809705,0.1515482516741479,0.156404196016592,0.2514716189143456,0.3818313103341843,0.2300145630643967,0.2106784986127591,0.2586447674535156,0.2541387988200008,0.1358533652981831
2022-02-03,0.2724739778786885,0.2973962899128318,0.6111643721100156,0.4548943766277812,0.2912696219722481,0.1730565001044754,0.4722492619469153,0.1621313160584795,0.242729821281789,0.2741952661877765,0.2795164135462057,0.2666305297858187,0.2108463027756998,0.2223914524371551,0.1294100689856427,0.2014490258604207,0.1992915781009816,0.3844897915279378,0.2760309056889236,0.2742522859945058,1.507743621817972,0.2138355223882075,0.1665999724864044,0.1618766465136608,0.1478673099371171,0.2848940287623047,0.3562586170447828,0.2576643973975089,0.218633926839668,0.2564477671174798,0.2397269536465779,0.1683217051504909
2022-02-04,0.2597370929999613,0.2625266128445136,0.5866317969046783,0.4107467624504432,0.2881140501300698,0.1509318278311758,0.3025942674238599,0.1564662348620545,0.2313251514850046,0.2525497559491572,0.2741668495978921,0.2533172095361135,0.2206785831366337,0.2250761827650021,0.1315332533799255,0.1944425887329062,0.2075646174912965,0.3656241746468022,0.2585602233589307,0.2554644476054222,1.4461845545139642,0.2147984149746848,0.1659123997065629,0.1642239409757526,0.1422495378785596,0.265969843138841,0.3556570474335944,0.252190657378354,0.2195156143227289,0.2703991475435292,0.2348137105760341,0.1507805679046809
2022-02-07,0.2623608880943384,0.2696584651236398,0.6052268866512406,0.407036694385994,0.2960953525919284,0.1456009673839033,0.3001560400065249,0.1585646290414749,0.2280523342175916,0.2481760049749249,0.2754074976499257,0.2488358395131789,0.2117129994985754,0.2216794824644463,0.1291597010778354,0.2018886661222382,0.2131851307164153,0.3652610128315846,0.2597476796879625,0.2617371607325833,1.4846294018589865,0.2169329691245802,0.1682160728519282,0.1589392739114155,0.1466123602803273,0.2661416345893859,0.3683906222377628,0.2631945356772651,0.2306320342894262,0.2492966581733559,0.2352471342569059,0.1615384406868261
2022-02-08,0.2379966669899922,0.2401958823874122,0.5759366680967046,0.393814802785258,0.2841333599311291,0.1291748540334615,0.2821024956004955,0.1542467277828503,0.2248347853285305,0.2412538568365309,0.2740991581202845,0.2383383537209107,0.1808800535086528,0.2107605341343269,0.1179344725617974,0.1883015530552916,0.1606540008481244,0.3532262724861508,0.2506328683981348,0.2533012055533037,1.5668180770746352,0.2095001558704709,0.1549724448889687,0.1609182421701208,0.1399694630988412,0.2610981363170342,0.3789629905530682,0.2552970034051805,0.21366001945334,0.2199035944118967,0.2190455260468329,0.1423017184829633
2022-02-09,0.2232356547392369,0.2185536783950086,0.5487462472102301,0.3799335614975664,0.2588747078215056,0.135766443574676,0.2676483716827182,0.1481959726787843,0.2151986581207492,0.2220792949610703,0.2659264453863487,0.2380341855807722,0.1743899485348704,0.2002324651324893,0.1146433503720789,0.1779168499582972,0.1428577214972259,0.3326001867514719,0.2316876795635196,0.224150057583596,1.612083611545285,0.2028872467875662,0.14855067445751,0.1673038796753821,0.1262215820503166,0.2466429930329168,0.4117051782515181,0.2359402293645575,0.2075574313979815,,0.2003612585941393,0.1333707430537686
2022-02-10,0.2808816767152331,0.2599256312834339,0.5913413513356122,0.4093159647589005,0.2939086810219287,0.2027819600134189,0.2894024882399836,0.1590008170065291,0.2307721186259327,0.2460459254584947,0.2824223110394626,0.2665517180407107,0.2069049999640068,0.2043275946616348,0.1316440486090333,0.1882804625562924,0.1701905459268327,0.3534161561193364,0.2573124509757948,0.2575264973611433,1.502698235010773,0.22444977631336072,0.1665281115762787,0.1401212031109419,0.1438644634481629,0.2714232691118802,0.2776520575454201,0.2715870165484503,0.2063438764484233,0.2329631710744292,0.2157216288698832,0.1482207100860773
2022-02-11,0.2759817750782853,0.3055411114154928,0.6639368020377281,0.4716868610236369,0.3150315225367784,0.2304901186313907,0.323220585410354,0.1766834384014828,0.2483994773936143,0.2710218864751601,0.3107863967121365,0.2911243126868241,0.2231332003890313,0.2405343667735234,0.1568781996783755,0.2038977238170571,0.1981644334861486,0.3937826693724229,0.2983943654934914,0.2953408005603043,1.564756563602388,0.24331055326156245,0.1882962224193986,0.1750152177440275,0.1605025655533312,0.3171510647591203,0.2976396702754079,0.2979667698929303,0.2422530083192282,0.2478654759517491,0.2560668567357512,0.1999308800564461
2022-02-14,0.2777899316623415,0.2957929129190133,0.6611462870642588,0.4631077896056699,0.3449020630842613,0.24850669915878,0.3208332382448151,0.1897798284874524,0.2694638491022098,0.2839869414242387,0.3193637115978806,0.2947468438580636,0.2262632076257104,0.2566283101095535,0.155718743927628,0.213337689496988,0.2368740296390461,0.4045543377670009,0.2930678556043783,0.2957930334407536,1.745125581352369,0.24629579388059408,0.1975398906811838,0.1770341494655335,0.1680346581396721,0.3170245638940593,0.296041130885362,0.3121186309581523,0.2468461767769793,,0.2364061112641245,0.2001886084688792
2022-02-15,0.2445114897776439,0.26039507392123,0.609474491753818,0.4447359161850471,0.3218218079410519,0.2206661274069791,0.2934072305206004,0.1711133646218894,0.2361341700016138,0.2532394706787334,0.2798015158771496,0.2610228245229043,0.2057576586399266,0.2198227829948448,0.1273619201627611,0.1864390293745501,0.2054315512219258,0.3613342402643381,0.2734306628723559,0.2778869508359183,1.7441785304983168,0.24044966481948163,0.1740487313970651,0.1572877258434663,0.1529380605302376,0.2959427520291936,0.2695579685914951,0.2833809323962015,0.2664459679971225,0.2621312684069679,0.2221736648242262,0.1592097822159649
2022-02-16,0.2355334567896922,0.254815767058959,0.65617502182598,0.4341303228895548,0.3291622710846194,0.2141133295455738,0.2865939885658043,0.1689650061979167,0.2321716906429611,0.2401904147551097,0.2652632828601694,0.2516456148523638,0.2039858574423974,0.2193220248441224,0.1240120721249488,0.1865059729964039,0.2062838295694906,0.3545129629527569,0.2597264022875213,0.283040629660243,1.6845191302765992,0.24409985287679864,0.1629235461841616,0.1538030248870452,0.1422158784636123,0.2928102038592783,0.263179509873521,0.2833610687097689,0.2602759260898805,0.2322251129107166,0.2127631019936262,0.1541763466331557
2022-02-17,0.277557207175401,0.3089900676632783,0.5996362967457363,0.5025737067890799,0.2616655499388299,0.2504529616937544,0.3289920615398679,0.1757938790270753,0.2720117982032268,0.2803029495925499,0.2964036605180758,0.2771352697313442,0.2105052091588807,0.2357589993961958,0.1406829452511317,0.1977128151201258,0.2241506248237726,0.3773553729933274,0.3043222738622017,0.3023370906716406,1.7609254181269558,0.2029111494053301,0.1866994375850249,0.1575265417717707,0.1620648305317007,0.31410551440944,0.2842888336860781,0.3109394861906587,0.2779004031070347,0.2462374040928576,0.229624691907098,0.1842092099518379
2022-02-18,0.2874597791138389,0.3028711977050252,0.5788447977363016,0.5221623291402929,0.248290358008354,0.2442612935743746,0.3303637474284951,0.1719566863555424,0.274575188849703,0.2774889407652786,0.2928404470777867,0.2730215956575997,0.2109487608597609,0.2442961679405575,0.175448452528265,0.1951434284110358,0.2398305508612559,0.3873546592963067,0.2937176701899743,0.2880860399545942,1.770445328771448,0.20116521137219848,0.1853244047901686,0.1598979841352497,0.1659804292733795,0.3077652786877943,0.2951671639520166,0.3240328867976771,0.279288614740823,0.2591721780527253,0.2329634866186438,0.2097723609163764
2022-02-22,0.2881614661286628,0.324504609447322,0.5820788534055733,0.5219915702422927,0.2693562194402455,0.2630267842534848,0.3539544042597986,0.1860058082636657,0.2791885683932283,0.2942082667997407,0.3277838297370801,0.2926925036505221,0.2243682843633634,0.2550903638889516,0.2000464278777208,0.2102199057535723,0.2377103803749507,0.4292629623682162,0.3029575051575606,0.3093107801737501,1.8859185137071035,0.2159739294196268,0.2006793994623728,0.1738083744155114,0.1699883359370995,0.3524810030895264,0.3162891903850974,0.3224279363626867,0.2957320282385253,,0.2292776583344137,0.2371673562064259
2022-02-23,0.3240263185066874,0.3493765824230106,0.61248527145191,0.5537080810523883,0.3009552250342051,0.2756395591725142,0.3716532202429006,0.1971842811723806,0.3019771554265474,0.3102251463161621,0.3446198930838514,0.3281155700085222,0.2311956723593529,0.2807857272180097,0.2052428817452764,0.2163344949186849,0.2483458518862743,0.4296165520033238,0.3300637778512977,0.3288225023445553,1.9824028210601656,0.22434929632463668,0.2190155886110253,0.1817948105213438,0.188299855888087,0.3280385550391032,0.3243309099456207,0.3121811271696985,0.3191617868422126,,0.2432559394133294,0.2311499886105106
2022-02-24,0.2925321460525118,0.3123507144358212,0.5648746713680304,0.5425651869233119,0.2711294964925629,0.2617463346769181,0.3393515271369846,0.2081941293017323,0.3092834817307104,0.2979664233180799,0.3372585289646042,0.3188664728079656,0.2311127082975992,0.2487949155180674,0.2196379224204072,0.2281597229843471,0.2405443706139836,0.4299873643683761,0.3224854761787842,0.3495045067144272,2.0686087863151763,0.21410293851603798,0.2124435027717729,0.1918634467496025,0.1865221723498708,0.3188380062907837,0.3161185619472742,0.2707053933824452,0.3233601750549776,0.2729718118486838,,0.2012123097617189
2022-02-25,0.2592294111617812,0.2826509741226584,0.507252518453591,0.5241526239689336,0.2448240146239626,0.2397390481782124,0.3145409871707632,0.1789375094338673,0.2826177758443907,0.2661718648167913,0.3187905860238226,0.2873477021764138,,0.2207995350162506,0.1837558011884449,0.1995329416755501,0.2090828995093946,0.3936269453301968,0.2823529813284642,0.3378539187759288,2.1499240417272585,0.1872339025018666,0.1932612981457822,0.1610681196915887,0.1561580349753023,0.2651965608808876,0.2876302947991396,0.2438965026177568,0.2943586719627564,0.259724658795244,0.2773706852441336,0.1984412204142776
2022-02-28,0.2826222073053258,0.3074621570391684,0.5262223914526554,0.6128818795384764,0.2694276247113785,0.2639903279597811,0.3369352645939412,0.1894565714785183,0.3399090102662727,0.3148352660802894,0.3388371123684548,0.3379531690760293,0.2543320681264763,0.2629564111162745,0.201764379917865,0.2172687749730163,0.2242010854195804,0.4461157362906835,0.313290384755498,0.3711713760437988,2.166254561295307,0.21197987055583112,0.2396708735121527,0.1929477285614947,0.2292188530102551,0.3179570489770276,0.3198042534909082,0.2682358899927956,0.3189333041551799,0.295451285089975,0.3189164637436953,0.220411272624043
2022-03-01,0.3328833537885042,0.353391056653227,0.6102181919215082,0.6685280422105209,0.3190510454905376,0.3060707779289474,0.3837425848573456,0.2302175408669102,0.4380910040414858,0.4193039214160116,0.4481125812507958,0.3853655365875527,0.2470489072542682,0.2791545007202541,0.2245431500093568,0.24242434871827,0.2752145300076908,0.5170387122483748,0.370043823650987,0.4338017477014727,2.3655047836979204,0.24287916307805946,0.2762551450139293,0.2287634427730821,0.2780203270652114,0.3628745338092721,0.3685703447084639,0.3290413175120701,0.3673054244724108,0.3222178519668479,0.3622669476972623,0.2797945381322966
2022-03-02,0.2814673001668066,0.3146686005221112,0.5460134416227268,0.4243912883850836,0.2769407864582868,0.2531417710726008,0.3408458368732807,0.2031541233333917,0.3546867644735874,0.3486657458310095,0.3800336471391787,0.3373892305645943,,0.2449941458189349,0.2056665408687138,,0.2345983635213152,0.4485415774628991,0.330030297991071,0.3778896833858054,2.306671205867221,0.21313622280237474,0.225107700866028,0.1915186017939553,0.230976921980716,0.3133273850179575,0.3218874041494277,0.2768989930745064,0.3506678372419231,0.3123169476690511,0.3096233608459413,0.2213293642632511
2022-03-03,0.3016729137311603,0.3308062717570206,0.5719177171643631,0.4145552524292837,0.2852716769606221,0.2744386836703242,0.3579844354878286,0.2106352316624035,0.3524511341467181,0.36486651059217,0.3964792129227054,0.3353763563257751,,0.2383703117218765,0.1975357777136846,0.2133818715744146,0.2266732696402845,0.4717427031014835,0.3377967262933486,0.3822712320577027,2.387495366781452,0.2105097550057023,0.2287231776650245,0.1865216607100275,0.242916432500485,0.3316895248139185,,0.2723826490929125,0.3545105875353524,0.2992551451070901,0.3324982198432128,0.2348965209234789
2022-03-04,0.3370066333238381,0.3565695097366311,0.6192509306884043,0.4273253510653876,0.2948875625467529,0.2863965490319138,0.3752675812940189,0.2103262097660081,0.4059785706305254,0.3896335503513605,0.4372340571608147,0.3778410330660179,,0.2737045130332418,0.2073195283889709,0.2125413930801681,0.2343725283198536,0.53351325408497,0.3583033951299472,0.408432070635351,2.386188753500422,0.21842039367660382,0.2513180730930541,0.2035421911523198,0.2512634414894776,0.3707860787253373,0.3655146252011195,0.2866921741533564,0.3772894697680761,0.3196014201987099,0.3531560989014246,0.2280608687290592
2022-03-07,0.3926174821797732,0.4253808937736437,0.7102729007318509,0.5062760861119338,0.3462219414170838,0.32769134519826,0.477818564772743,0.2455217062768729,0.4819208076655639,0.446824850436442,0.5431435632222084,0.4562532458939938,0.3266033640846197,0.308023796956915,0.2345800667535758,0.2327815334922928,0.2868769951468359,0.6261921088786028,0.4078302899469859,0.4834466833037938,2.925631509092447,0.2636858968934828,0.2904771562077594,0.2394708666637906,0.3348288246593464,0.4407406041126723,0.4411072056605017,0.3411360416668365,0.449241961276502,,0.4051033814588633,0.2953102335608776
2022-03-08,0.4362678105657137,0.4397700391959601,0.6870588078895604,0.5156127432416993,0.3743662377669924,0.322943610855241,0.449891769829921,0.2467101049329811,0.4721532971294355,0.4737349525219427,0.5210225654996168,0.4435685602545545,0.3274382763371108,0.34481517304198,0.2458856644977273,0.2278628943993286,0.2808549089693157,0.5915836313138002,0.4326610891791082,0.4848062175255597,3.1537477755323806,0.2590771022105654,0.3073801553728803,0.2586112201492024,0.3190696546801658,0.4594672392803368,0.4334302929877466,0.3384911454057464,0.5742122984868613,0.4059854679858422,0.414459290106248,0.2809779376719953
2022-03-09,0.3338170281158204,0.353249509358624,0.6285987138285795,0.4546082207542974,0.3236759053122578,0.3015586303336923,0.4074998952186778,0.2314657674955899,0.4104858055359308,0.4317847219078032,0.4971259771554528,0.4023285657626899,0.3385437533953711,0.2462992897869043,0.210718340019863,0.1877088750820469,0.2397585681067978,0.5340011254211545,0.3819514924517889,0.43480859723497,3.1328595176628085,0.22862752980939485,0.2695255188298031,0.2118362234202715,0.28651003930316,0.3968452850654724,0.3789517079294333,0.3459991490149343,0.4839088855385822,,0.3708756696359404,0.2627862457904575
2022-03-10,0.3407219675162486,0.3535884781621926,0.6115008483463872,0.4487832618530396,0.3145663218744121,0.2988867537576327,0.4015712497424947,0.2199740174721358,0.3858833964062425,0.4139612426946423,0.4530330193492133,0.3992833414999779,0.3239413030065867,,0.2034920256949541,0.1654867972478695,0.2710491981638549,0.5214282574115106,0.3790212041504734,0.4313201064540025,3.371072345743213,0.21020985469467693,0.2796760539646638,0.2020198569748391,0.2830711698646354,0.3861554666963266,0.3560613014146037,0.330126219418259,0.4448738290515829,,,0.2539818385819318
2022-03-11,0.3762830851849026,0.3681634731787467,0.6044947125191805,0.442878374883515,0.3105336455682887,0.3062095390245569,0.3989796616659976,0.2155893356061526,0.4177576002859428,0.408601261111032,0.4586884921805797,0.3746288010353306,0.2985901790034483,,0.1996748799116919,0.1761889316496078,0.234950983388408,0.5290861350201979,0.3743352584500712,0.4326114998056574,3.4083716790862537,0.20423610434659867,0.2681259490222196,0.1967938064903047,0.2819923613531424,0.3900122115684656,0.3718195856458645,0.3220776412747742,0.4230771741024614,,0.365024425417993,0.2535786177846045
2022-04-05,0.2586821928306724,0.2486123556520985,0.4587955035400919,0.3199775022102706,0.2613610166247062,0.2139225969544924,0.3218259703204513,0.1006473702982688,0.2785699407393329,0.2961531614500057,0.2955311138261094,0.2708973777135436,0.2149277566639841,0.2315635146022473,0.1477632157282124,0.1950242234876114,0.1749479875175855,0.3955757461124007,0.2646405123781913,0.2745342909171263,1.3779326607288211,0.17755461565203873,0.1725718824932849,0.1697848319216077,0.1853747910315043,0.2558955852083593,0.3025290461189376,0.2750176425345667,0.2718308739381853,0.2611061481845002,0.2959103553976891,0.1445824040128984
2022-04-06,0.2746757400129591,0.2821902735090811,0.5054389447538671,0.3522058968532688,0.2650987289023729,0.2262943402919058,0.3426430824507681,0.0999828512480957,0.2925295619638577,0.3089989032566832,0.3012699667538795,0.2936301715878042,0.2159161280789114,0.2434300957613485,0.1628703311831166,0.1971248543303372,0.1843137960085626,0.4090973431865348,0.2700799790841577,0.285995429973941,1.4398515451303686,0.1902350022226939,0.1736866533302271,0.1758481939636898,0.1920162779656176,0.2735260472850195,0.3172927796865833,0.2902347268439447,0.2785368158617482,,0.2984526871728536,0.142987791708414
2022-04-07,0.278018497187651,0.2822794686819395,0.5086379106931683,0.3452689725899651,0.2678443915175915,0.2220663397785554,0.3486606246102219,0.1626050662238465,0.3024524802656991,0.3117898257791509,0.333444084136771,0.2993592339346117,0.2388924843462943,0.2458274717588264,0.1618965161814552,0.211098601836314,0.1879216100117843,0.4045190248272077,0.2733912449003878,0.2882240949265593,1.4977950503816686,0.1994084706755885,0.1674396029735588,0.1744474110765771,0.193175448382753,0.264963270235233,0.3291831481606604,0.2866509959380908,0.2769113738590751,0.2533958617908921,0.3011323477051956,0.1449274649499382
2022-04-08,0.2736699556884955,0.2808645745950004,0.5165758268098797,0.3429983587450173,0.2672482679410878,0.2249920548360832,0.3564508161249283,0.16370100907899,0.2896524530954925,0.31257795603535,0.3204991155114852,0.29221443072538,0.2217012161948121,0.2429992239678352,0.1633321071181973,0.2124668200098327,0.1869250044469856,0.4006871608684313,0.274180065158594,0.2789606815408553,1.5156608439974268,0.19306395835633627,0.1605111849732329,0.1643291816487122,0.1915556983234275,0.2606742858466851,0.3249490918095096,0.2838845221696575,0.2676207418404419,0.2741026514895818,0.292529525660045,0.1477074488007062
2022-04-11,0.3034293273154844,0.3214673734146181,0.5577959705015471,0.3670278456593273,0.2967776968339188,0.2502111654760121,0.3812985996037498,0.1704659318557659,0.3040941476824743,0.3366132403635997,0.353170499742821,0.30881138456101,0.2220283433858703,0.2527701021963471,0.1800618110766702,0.2153414901261548,0.1984026250521111,0.4223738768549276,0.2871254246207749,0.3149828764874194,1.5735829035922098,0.20300067256193843,0.176614808895677,0.178859903542572,0.2002431970253884,0.2848112162947105,0.3402569705412175,0.3021194310701137,0.2873273632332812,,0.3099708414694848,0.1669458484697245
2022-04-12,0.285699035542393,0.3240145802611209,0.55198003523317,0.369167277835291,0.2941652321608489,0.2526280338745722,0.3804551904963651,0.1714259494705625,0.314651372233021,0.3337162989560265,0.3546216267924947,0.3061206654381234,0.2268780439101599,0.2652789952450458,0.1684848117056817,0.2229383776755987,0.2010054969449147,0.4187863552496096,0.2785631837237202,0.294524228298375,1.5399106529603772,0.20346712380922133,0.1791818797227172,0.1817909110519185,0.1936004275347841,0.2869952604855963,0.3388099079881803,0.2986308923183094,0.2801952381734265,0.2663130211498199,0.314599061429399,0.1768689948579655
2022-04-13,0.2687166812818676,0.2916799417800667,0.5221991760460009,0.3393232039414512,0.275308072867068,0.2346687539856781,0.3528423350264209,0.1521166135710965,0.263484685038273,0.3120477182112376,0.337824254755271,0.2938081533659211,0.2213763039564102,0.2461654970986643,0.1625176596580221,0.2109487927719039,0.2029575640583805,0.3897691097478258,0.2623537993444355,0.2699205273101968,1.5534794735474668,0.19658296165530642,0.1632924957101982,0.1717984372689461,0.1836544004680101,0.2638742522202957,0.3266643835976117,0.276975183879428,0.276018952900652,,0.2862716257692943,0.1443282565238793
2022-04-14,0.2907674870326994,0.3110925940098037,0.5271226522664048,0.3448260801376973,0.2887898070561939,0.2319377524492339,0.3572969766846208,0.1549760420129395,0.2602433733930714,0.2769641800782188,0.329296892784528,0.2847868412183106,0.2067250279238804,0.2195922554694274,0.1629760566512446,0.2105422372073252,0.1933266946159697,0.3887208278976801,0.2742997526726339,0.2756254855749402,1.5394501321364984,0.18988907099791424,0.1659051641076777,0.1649560655168212,0.1855991562208188,0.2640870627119092,0.3247960406053497,0.2798640111129082,0.2718911699195763,0.2784756415592274,0.288292252418713,0.1516442799596284
2022-04-18,0.2908902840403253,0.3154470311702371,0.5510161565963718,0.3569038090191586,0.2900387596518408,0.2444116177622555,0.3702964184274764,0.1633136973559745,0.2629724010406321,0.2854623667258237,0.3374028953857103,0.3009084827772301,0.2319879383491072,0.2166196877061308,0.1721823148054303,0.2119598924473103,0.1979660431019727,0.4065203078622703,0.2879942373017031,0.2945767623824738,1.767692257522586,0.20233707540075158,0.1717437068304068,0.1716995337355865,0.1859830948911676,0.2735466166425706,0.3458446408684723,0.2902091516433414,0.2824999594239812,0.2750788909004512,0.2855796750884087,0.1700937956554471
2022-04-19,0.2728891018622868,0.3027979352104539,0.5321522545325923,0.3351194855748947,0.2749235839836466,0.2467521313111712,0.3700324482758568,0.1618664854745841,0.2454394152562888,0.2671700388653547,0.3258417515439164,0.2917976547752182,0.1973457360349645,0.2135433857767862,0.1566748762044854,0.210764254822764,0.1989186356297217,0.3895394826134951,0.281919667822324,0.2878043061255796,1.733698648763855,0.20169046424302578,0.1721389298691099,0.1682597784733197,0.1903760877076166,0.2757073233335058,0.3411050475046822,0.2828903812634599,0.2844391828542091,0.274472580985908,0.2808559680639174,0.1331577787526676
2022-04-20,0.2918194868962144,0.3218608541411277,0.5596462530955101,0.3649998637235829,0.2818139170022728,0.1705615011574765,0.3895042532727148,0.1670585593992136,0.2404032049878331,0.2566369797513426,0.3306566694968579,0.294513092925595,0.1815335429967935,0.2133469064822542,0.1393279627466614,0.2059967836432915,0.1944706845851813,0.406330908336431,0.277407589430285,0.2860632590002914,1.7791339688057757,0.20494414226030747,0.1330765520693088,0.1693629070428658,0.1932366667745603,0.2746688956323783,0.3922027422503718,0.284638875748856,0.2836703410229973,,0.2669449045503878,0.147577704712221
2022-04-21,0.303587512595321,0.3574831277567266,0.5933242357859916,0.3991178283434736,0.2940731651703401,0.1707437979448722,0.4170599500158329,0.1812267344764376,0.2511566821341982,0.2855967220911878,0.3595873781099305,0.3218511745603938,0.1996838166890905,0.2159213776296314,0.1477971481824286,0.2116226294626786,0.2012185569979625,0.4181540373270692,0.2880461662602747,0.3080374530068795,1.864638940395734,0.21311616331525723,0.1681372280435053,0.1861057093698783,0.1973526545663847,0.2891536856381013,0.4080491736378864,0.3023963576333325,0.3077116389816259,,0.264157873628948,0.1603982504254858
2022-04-22,0.3649657107287449,0.3960401709004152,0.6344843508669751,0.4251911352901267,0.3206361404596578,0.2001124105823762,0.4469763920780406,0.1753434797888245,0.2929742981723569,0.3149149443051836,0.333476980343202,0.3595332498583689,0.2168084924414825,0.2524987360909004,0.1637737428323419,0.2398600723002187,0.226544025611365,0.4599280358167869,0.3605837094510453,0.3441649293270124,1.8307821705026488,0.22344724479564776,0.1813820360411765,0.2061850211520426,0.2346266923650491,0.3207025879753918,0.4400236491472284,0.3322767272248488,0.3330866784286277,,0.2974556090933813,0.1872751271808521
2022-04-25,0.3775316319842683,0.401947473170123,0.6127939066024812,0.4266894686274052,0.3350353275590751,0.1940965018498269,0.4523593250645361,0.1955231632633813,0.2944659617319046,0.306776647391861,0.3412999913814754,0.3678262372381591,0.2257220145672561,0.2524175281814387,0.185144386395796,0.2455723199985595,0.2271295401350504,0.4735733998104888,0.3775023783592888,0.3464628438734744,1.8941544324363344,0.23723180032846033,0.1958393629047418,0.1871848998869232,0.2288988562170861,0.3360069561401928,0.4451120741195231,0.3431248453115639,0.3554958783101988,,0.3049818071590013,0.1989258865611073
2022-04-26,0.4342215308283719,0.4645454367311712,0.6780192575674443,0.469827188085065,0.3641608858137278,0.2298873790224971,0.521525212087665,0.2240454886662477,0.3467567935746154,0.3580544149359335,0.3866973162925777,0.4471291045571423,0.2393600900377199,0.2874215252055105,0.200522680820592,0.2641290743321257,0.262142317589851,0.5217202426891175,0.4104666794700662,0.391835610328921,1.925964923812412,0.2514643441408029,0.2184291692814387,0.2101443292546757,0.2627205252063464,0.3881532489550979,0.4820432522527356,0.3728911850940657,0.3757375239295709,,0.3318388406155786,0.2480148323635503
2022-04-27,0.418188931879286,0.3526333167884491,0.6353682379358506,0.4527554092908115,0.3715065014282594,0.2039133001473616,0.506060614042672,0.2208618046458145,0.3265405421657024,0.3444411444965429,0.3649854990434059,0.3316909432679582,0.2358410899926023,0.2681289337118014,0.1901556371555076,0.2656024610859882,0.2555722049921112,0.4785560488856292,0.393606551387077,0.3813066681392655,2.0262489870697364,0.2495770889024652,0.2062194183697578,0.1927080339889633,0.2589398642102562,0.3801553103025135,0.4587662482764005,0.3716431337855443,0.3758679403386261,0.2883486940075357,0.3192614745750425,
2022-04-28,0.3969328140849064,0.3066539807993743,0.626103565680031,0.4187069937977886,0.3515892161582652,0.1874147885004534,0.4994596003359562,0.2003256325523325,0.2970896999202082,0.3172805925409617,0.3275963941413469,0.3029765206169104,0.2289612354645217,0.2586983157889572,0.1828085406056018,0.2047557984025572,0.2176828884016681,0.4335670407866621,0.3496575693775023,0.3774814972517216,1.9588804150872487,0.23666915012557874,0.1994966780669513,0.1827690366739043,0.2182585139487405,0.3522536078754215,0.4524982810209489,0.3586755132386698,0.3553514090281129,0.2923430101280374,0.2925888326199753,
2022-04-29,0.3714575967533733,0.3687644701982781,0.6710841368557232,0.4734007348400836,0.3891217873236872,0.2194803978561134,0.4465050858215129,0.2502278775143121,0.3431307778685704,0.3599929057437167,0.3842314367764771,0.3353720645284984,0.2706288352452002,0.280831849320644,0.2086434264409816,0.223762065005877,,0.4785051356540637,0.3606807387813799,0.3357180862481333,2.150378903027376,0.2546114795081197,0.218478691658413,0.2136439402684914,0.2346575185751985,0.3825957413926709,0.4883156270336487,0.3967236318791634,0.3553993208892951,,0.3274121323883335,0.2554269221841108
2022-05-02,0.3572277150770776,0.3473029868868043,0.6949126686299911,0.4849933073616682,0.3949496272638733,0.2025258942061902,0.4423128760021625,0.2636719736744251,0.3460593056076103,0.3675336355648045,0.3889514973129898,0.3503384744470085,0.2733230512449475,0.3334601695606657,0.2240578038669438,0.2339412144195641,0.2255623488399371,0.5047367182951188,0.3689633180679841,0.3646096439543579,2.3665602242912764,0.2665268201036254,0.2432983966642748,0.2432215683930627,0.2552115706372689,0.3917350623940818,0.5091685334968743,0.4111227853706117,0.3391700309834054,0.3275448090808145,0.3362327774190097,0.2403130123254503
2022-05-03,0.3306619794460528,0.3313620871275434,0.6768711217312253,0.4619978186958934,0.3870494277658787,0.1961325965012699,0.4260059286092856,0.2358003325384084,0.3289257481733098,0.3486879284270927,0.3789608180939403,0.3437466727051576,0.258500807500269,0.2864969481244342,0.2049161903717051,0.2197478392546139,0.1919723653265994,0.4808054974691153,0.3568634173132781,0.3378314556895285,2.232680261225936,0.25793842366046543,0.2371823754979458,0.2243190059116997,0.2429980866510284,0.3846783644381396,0.4912587927777954,0.3974849290882832,0.3208318427440152,0.3032395163019653,0.3203394102032844,0.2341580638244282
2022-05-04,0.2890497134679521,0.2767844401945561,0.5994458397744425,0.4040511873552147,0.2800056030564356,0.1509448580523962,0.3744860026133976,0.2058990276774884,0.2826981976442453,0.2719075195508614,0.3361940736602645,0.2973681724442895,0.2012282981756245,0.2442168888558322,0.1450298461690264,0.1893536184453043,0.1748756850319415,0.420027488883057,0.2964987925471372,0.2858962226533101,1.3884911440895886,0.23823015567405528,0.2023932210916338,0.1700040712881673,0.2006350696388713,0.3394187425262226,0.3760456860563606,0.3680874833578453,0.2688769385565948,0.3005301840027942,0.2796546570615424,0.1654207837806065
2022-05-05,0.3434477993219811,0.3317591669538311,0.6758771894171286,0.5219671595883811,0.3291015979683595,0.1877199085564903,0.4460586657263509,0.206751266273844,0.3212180072871623,0.3156793875721687,0.3625303946304077,0.3428461764230142,0.232225597041367,0.2829994016982339,0.1843989400490758,0.2114888919040563,0.2168972483120777,0.4600911133296788,0.3280519763816857,0.302496949685179,1.4266558025943437,0.23740103548127095,0.2217133411218818,0.1953441675582262,0.2004740454342685,0.3645070860917801,0.4106252185625726,0.332599997442105,0.2954319698061498,0.306951046680094,0.2865121692715461,0.2174379243738003
2022-05-06,0.3480968080022616,0.3213382483102472,0.719824984161159,0.5058835652659285,0.3223230357183811,0.191415029293292,0.4474968570762682,0.1994924121965269,0.3135765425388129,0.3135139638153492,0.371080514480093,0.3225939248116479,0.2275411852562646,0.2691657483661802,0.1799678232650368,0.2082281463287181,0.1868517871881441,0.4546225662585351,0.3391645181100269,0.2883485060507635,1.4585725071899298,0.25139375281096576,0.2092529382297767,0.198973577080218,0.1956986681617786,0.3784828568013882,0.4282801058345934,0.3435050922966479,0.2964030673981775,0.3069646721266015,0.2792942386920639,0.2170813300505313
2022-05-09,0.3873042748773918,0.3818485480370474,0.7817575656917335,0.5576060187700755,0.3532819006218463,0.2671789708111073,0.5147138235406772,0.2317237111351821,0.3560442696600259,0.3469806510925914,0.4122492574193803,0.3775673144719763,0.2461879799318872,0.3041399190830652,0.1879192711286154,0.2243612041968421,0.2078344796937214,0.5385631625682337,0.3599841868217537,0.3310252657819012,1.5918814657400768,0.265264969865423,0.229804460117541,0.2062910687250121,0.2205786810641803,0.4237080349394218,0.4834951004275377,0.3757880298957717,0.3525152671638493,,0.3106795241630821,0.2419703292255388
2022-05-10,0.3603321154487715,0.3549758288406691,0.7910125222429242,0.5543407394016655,0.3492835296826558,0.2949075281134166,0.4991822199708163,0.2237962726780933,0.3568119314512537,0.347218613647553,0.3920302858670574,0.3609930032820926,0.2338678665531822,0.2923036296322501,0.1874962932519426,0.2225000853727873,0.2071343784185569,0.5203236893153815,0.3716216813525796,0.3138895341162375,1.5305741955498935,0.27125249981296495,0.2281914726304248,0.2023366894528099,0.2140124769521778,0.4099125706917579,0.4916988669637314,0.3802759068474654,0.3356024138217314,0.3295593856004002,0.3042584257706019,0.2482007610065807
2022-05-11,0.403362615524654,0.3781102800253984,0.821919913495678,0.5754837152149291,0.3714339069949883,0.2799110871103494,0.5166487215628698,0.2225348567414043,0.35183063884034,0.3521802220750093,0.3951026558789223,0.3703619170409711,0.2502675868640782,0.3121469363848422,0.1838434077092825,0.2330411306456221,0.2100691627165684,0.5503606714314729,0.3601182440482343,0.3205016173357347,1.6456200472201008,0.2707282588983901,0.2253295105096823,0.2087227459696514,0.2236436311784082,0.4116386936430162,0.5412796599545165,0.3925611571777637,0.3298613494888247,0.3595265221379194,0.3046665979876293,0.2346770894532029
2022-05-12,0.4001914697852374,0.3849113480934963,0.7884036124869955,0.5713040874627325,0.3674285752461418,0.2740177807195291,0.5197389711234751,0.2201120609137724,0.3468348614685173,0.3472107078965023,0.4251661911712284,0.3758623087514492,0.2442194667258219,0.3148010929415217,0.1757379950168149,0.2246388022651731,0.2054987252281832,0.5786906540162765,0.3758817572372227,0.3451245219023905,1.547893054215152,0.285407775165094,0.2315720960353746,0.2148874679948239,0.2205080355948577,0.4203108771051161,0.4024477577832452,0.4006514649270133,0.3338641793766297,,0.3009290749074549,0.2148933944638905
2022-05-13,0.3649685305174288,0.3307126913398693,0.7054355412063918,0.5366099230516949,0.3293872036349273,0.2459816205864109,0.471379978174864,0.2013124442643298,0.3288614474641394,0.3189565065973737,0.383364026800975,0.3335676386653543,0.2262156053700109,0.2747933875736401,0.1599740895308304,0.2099886672061805,0.1908228649000533,0.5416757528290642,0.3506917358418505,0.32757725123898,1.5917010324263017,0.2667844925976202,0.214077373565106,0.1986940883785442,0.1913495951388056,0.3711799917396558,0.3655048118911932,0.3733761047863532,0.3038148594448858,0.3121845844812751,0.2794405221816971,0.1942159244094152
2022-05-16,0.3609459322640869,0.334842818637426,0.7381509973737652,0.5322350880346199,0.3282685259270946,0.247452795374614,0.4794122134434001,0.1990613694752501,0.3137508064514417,0.306215844601203,0.3901757818526553,0.3255469180874652,0.2162754672067631,0.2676256944159383,0.1515835077534422,0.1993665133351426,0.2093672565578437,0.5576281590204684,0.3337300675216533,0.3244449353291677,1.6952793073631065,0.26747118173261186,0.2037184257196849,0.1887718763825319,0.1891158216222978,0.364457230327308,0.3570854877913532,0.3746863530940186,0.2927323351286341,0.3240807068773174,0.2663276677504578,0.205911231827098
2022-05-17,0.3193961711701783,0.295479188215702,0.6566323132822921,0.5112417750874982,0.3305961332394901,0.2155355826214746,0.4459493889861707,0.188978918496267,0.3081798430887252,0.2802696812027194,0.3574927037608897,0.3017544823694235,0.2077644247875662,0.2459103210624755,0.1409911918313184,0.1966547858916946,0.2007177087949263,0.5109030688033901,0.3137219804871988,0.304683706288064,1.7941122685631614,0.2594521136417398,0.1955251872431468,0.1798955192267277,0.1789263935678029,0.3415994145837657,0.3196021504467862,0.2917185395708074,0.2803084720581955,0.294266742911051,0.2437629270010262,0.1810939261117986
2022-05-18,0.3890961257997718,0.3619915360937254,0.7523397840621139,0.5718321088515524,0.4271743186212661,0.2753308001211436,0.5224487365748438,0.2063699390210879,0.3342175289501357,0.3205489132248077,0.3990542275250889,0.3474876344451311,0.2315904396336217,0.2930689521238916,0.1697702255435879,0.2106334733866624,0.2219099914603453,0.5688027570657034,0.3449739256650215,0.3478564273643948,1.6968879600479594,0.3322832106196833,0.2783231934405791,0.2550222141692612,0.2271728536323195,0.4124155741014156,0.3730281543929953,0.3372777805961448,0.3479160297531913,0.3385047115098381,0.27572811803337,0.2003806196845522
2022-05-19,0.3779207998497084,0.3391126017216998,0.7142751584471781,0.562046157794301,0.3192273661495196,0.2719802599028028,0.4923829476698814,0.2012121443291108,0.3236005902068385,0.3025200992483638,0.3718540581512692,0.3415126159503252,0.2309098769582602,0.2834119061480926,0.1707259355109162,0.2109081776032763,0.2182102121906621,0.5473740328477325,0.3382168893478718,0.3412349879069111,1.7076815685544218,0.3053605646167778,0.274363935304453,0.2287794575979153,0.2218464130188226,0.3972872446068412,0.3532813605776209,0.3205679526498992,0.3397317700200608,,0.2694662213282708,0.1862859338918965
2022-05-20,0.3650280493192759,0.3300079360846487,0.7446862470970601,0.5549598052607184,0.2998279811287974,0.2639365309646577,0.4914001836109947,0.1999488434473058,0.3432800938995969,0.3086821366034761,0.3792577428041512,0.3324854842328491,0.2203790269575254,0.2686581410044107,0.1481526010162333,0.2041833418609325,0.197923809670568,0.5829601614205455,0.3555484099702529,0.3244623900154309,1.866667475928152,0.2778805152913398,0.2515834760272399,0.2205131893986818,0.2090549974207058,0.3756418346084967,0.3576760633891045,0.3220658399042889,0.3255727448842002,0.3385008152136535,0.2661827855572197,0.221542149185375
2022-05-23,0.3619315278567735,0.328279086533326,0.7168242043795644,0.5582962355124887,0.2834912861645542,0.2529406787817411,0.509562960497378,0.2072422863856638,0.3254361866137162,0.2997980520820438,0.3733422356605455,0.3211163719614305,0.2244898859794703,0.268864908812813,0.1749807729208763,0.2037744883415304,0.2016545509552941,0.5435144493512569,0.3334509838893515,0.3435854779366887,1.9477734454326017,0.26062256045061993,0.2296373661768068,0.2047245602946505,0.1971144553868448,0.3697131462740469,0.3371493440203453,0.3105314275260383,0.3274744496667646,0.3202308038309622,0.2436857262157383,0.2115230901933753
2022-05-24,0.3933310289680964,0.3544941773739409,0.7770328312165112,0.5891524461422791,0.2865827170313758,0.2505383805005073,0.5371029640538888,0.213390408762939,0.3355847257857173,0.3054550951711033,0.3919627832010389,0.3471161481396109,0.2121228024135232,0.2705412568303758,0.1763755790368968,0.2018072978490146,0.2050509818740573,0.5851341224163512,0.3352574352134855,0.3434111569228997,2.003105891251159,0.2581430868655056,0.236229778045192,0.2038708543216358,0.2060971509689371,0.3829879903464169,0.3732002944114096,0.3123216565025491,0.3273876277476268,0.3260578610894349,0.2567514255217673,0.2205206531103466
2022-05-25,0.3724100872806937,0.3405831360091836,0.7861824858499548,0.5948355013258269,0.2822581120753695,0.2460190106612265,0.5073924548132709,0.1948518498157498,0.3141878472661283,0.3024547504611924,0.3827419886015966,0.3271444825365822,0.2160109177904688,0.2717865035603569,0.1743450436689358,0.1983538751803076,0.1934068031717947,0.5531892706441309,0.3183409840630988,0.3483465060882194,2.0813097972523624,0.24782464260307377,0.2312776526755492,0.1991958482753019,0.2023323441694662,0.3740455456541425,0.3581651284985571,0.2975681796069381,0.3260321813449677,0.3120402343193629,0.2484652727599,0.2028332966651886
2022-05-26,0.3492985047796561,0.3116777591332146,0.5885005757206859,0.5682525867742306,0.271175346281903,0.2253167531867438,0.4741019920859864,0.1873777834297849,0.2961343550679059,0.2757430156355391,0.3564527024901262,0.3114905644805083,0.1885019779508834,0.2625196327549631,0.1792659513542245,0.1930389754192387,0.1914281476458388,0.5089901974998488,0.2993503702487866,0.3292290656575708,1.9311913757946728,0.22934245736404865,0.2179906499697637,0.186986906171464,0.1863779808545206,0.344066656550164,0.3335797205542327,0.2710597110436198,0.3082629144068136,,0.2330303341788188,0.1844338182534816
2022-05-27,0.3133911488628487,0.2830644328494159,0.52784653781597,0.5493657149687857,0.240471858369461,0.2124147455613024,0.4397284200953551,0.1694890336033103,0.2631417344620265,0.2439900451901293,0.3270120541246949,0.2754564085413756,,0.2379149476050292,0.1640002534207987,0.1737126163180922,0.1742999837593101,0.4484807927077178,0.2732106312710156,0.2906295781284503,2.089996842105943,0.20348268946883602,0.1864344500679742,0.1636737379110294,0.1582432826985815,0.3002821205776196,0.3178813493996558,0.2348706796896498,0.2841787042913439,,0.2521326634058164,0.1803941827831608
2022-05-31,0.3649895985482791,0.3131640211383618,0.5700215396158006,0.6529471023067369,0.2611751105665703,0.2275900073794141,0.4945620138724507,0.1889346163250415,0.2972461726858435,0.3050433205313574,0.3570906360439824,0.302171478260954,,0.2704822126241939,0.1786099162331422,0.1985490358969526,0.1881063421265624,0.4926378674468549,0.3023485477736269,0.3361075223585785,2.3070714274565853,0.22925459095380715,0.2133195877417797,0.1911981533791528,0.1718403282762964,0.3373914223397807,0.3459726950689218,0.2641491658237981,0.3150785842013049,0.3101953182729686,0.2853068235639373,0.1970234326718372
2022-06-01,0.346115734688319,0.3098885612370053,0.5695497366474473,0.4245830866565603,0.2207387264294851,0.2258195894615662,0.4346838716475463,0.1850147735979221,0.2695527878690902,0.3099919212545793,0.377959502516932,0.3097717208155595,0.1936270792685195,0.2745599128961581,0.1913957826680448,0.1960713524345873,0.2000862151792665,0.4899112101172692,0.2939904828849224,0.3418270605845113,1.5944303184972324,0.22615510176170692,,0.17385588725414,0.1746315385762718,0.3320969060264792,0.3481347077002301,0.2870242092677804,0.3024622424857243,0.2884590664230412,0.275896626475104,0.1688564855517187
2022-06-02,0.3014316684077804,0.2732262836050423,0.5055141829804606,0.3706207684431594,0.2058189128785802,0.2111989282761425,0.4127282276607272,0.1483292261214611,0.2504170051385156,0.2913262481261506,0.3015711106436046,0.2714222062230711,0.1934032829379385,0.2526296885698927,0.1816032604412596,0.1777031277551923,0.2123177114201044,0.4424008604525321,0.2782069608707293,0.2741345855759929,1.4350995518895966,0.20070367589487248,0.2050491350237021,0.1584142442351097,0.1671026284674291,0.3748438993164294,0.3076719034113158,0.2665497941214803,0.2961868860245348,0.2847616750888251,0.2632546216085497,0.1519324608877325
2022-06-03,0.323906683199669,0.2924144060533649,0.524675417398838,0.3792316469211294,0.2134091164898328,0.2149444991341552,0.4205965312066064,0.1520428051230533,0.2533486916980983,0.2937832534445415,0.3184763453141748,0.2765778083955674,0.1932300073192311,0.2561972152854502,0.1819174715853509,0.177708504185858,0.1963396927374755,0.4561662218515681,0.283791485520137,0.2748756694355238,1.541251311837416,0.21442851111983333,0.2039061805664275,0.1705633685375722,0.1880242655519216,0.3959972371058533,0.3098703228339751,0.2691409355750318,0.2864470799786686,0.2822802532153876,0.2732720427799905,0.1671257551872557
2022-06-06,0.3269656497953418,0.2891032465629803,0.5144717591935537,0.3735388552810457,0.214196003240597,0.2094463021405986,,0.1474595503315899,0.257316024701688,0.293547430782918,0.3139230433839053,0.2777423246926225,0.1920931598291175,0.2534293035691263,0.1820141571828894,0.1745227505780099,0.2009698082476961,0.4529244244182045,0.2894409978128896,0.277427239986864,1.6352130989325349,0.2160166123855054,0.20502707571463,0.1641578624110354,0.1893508802730792,0.4043638712397364,0.3069298731570083,0.2663969228189565,0.2942444658991183,0.2773435286031472,0.2671554958809454,0.175389618602186
2022-06-07,0.2993639127224905,0.273556014622366,0.4984652471273101,0.3646975534127549,0.2018736666862594,0.2041189939383042,,0.1369444008104411,0.250224419894132,0.2874524383509809,0.301510549421398,0.26640463790343,,0.2398884245927736,0.1616943655271391,0.1644801475574359,0.1961633904240374,0.4449464300134073,0.2702396122813567,0.2856087937908122,1.4781929853983975,0.21085581332442016,0.2026695833195068,0.15553608203852,0.1840500153112431,0.397915821044332,0.2981824643220048,0.2682432599443292,0.2861656289396851,0.2645504502289331,0.260007777875842,0.1571315804826492
2022-06-08,0.2995229245002644,0.2718983595956676,0.5072974134580013,0.3423925872545829,0.2038950655092632,0.2119631401470401,,0.1406926993693424,0.2564746990554684,0.2973567252510745,0.3092953526196295,0.2664657475903213,0.1960813726039777,0.250807068361217,0.1756920198739943,0.1705799267870928,0.1912665675741637,0.4471242111407158,0.3002728412733584,0.3044900104111691,1.6633628447036914,0.22075057782028432,0.2014368059441126,0.1591372966602346,0.1865704599969914,0.4033396736857747,0.3174224498476472,0.2679703947447664,0.2876313422832722,0.2828849160190211,0.2608387045555937,0.1645679194228324
2022-06-09,0.3237790318611632,0.2948551625483031,0.5354509750357881,0.3789143936769685,0.210756915529016,0.2174738678468745,,0.1556540098949294,0.2832241323302807,0.3201868496466156,0.3326883150762884,0.3055960824406923,0.2355038081939176,0.2616261335678013,0.1790490922734027,0.1763187076512088,0.1989135118591849,0.4741258332422961,0.3076163681569287,0.3024207365223472,1.6565418594675787,0.22189089218205432,0.2178956023400926,0.1804056062426153,0.2076478692732536,0.4109473719874256,0.333461805869529,0.2820002959559046,0.291278132397548,0.2958090098121924,0.2782419469930867,0.1895691203709187
2022-06-10,0.3592515698348267,0.3170980464835535,0.5564405722555056,0.4056951225280225,0.2423599717785605,0.2440498135980485,,0.159760571981427,0.3111025293003944,0.3635553421404301,0.3505017251585959,0.3194545506173664,0.2633177450256765,0.2854624297197969,0.1851538435925941,0.1910374179848777,0.2177095729597084,0.5150877167324825,0.318798921545282,0.3335526499175881,1.6359628040159755,0.2405770254782269,0.2417848918846878,0.19239339093783,0.2239474785815194,0.4390373440225842,0.3589456997322319,0.3188537934581457,0.3106925487740622,0.3077884271083459,0.308781273168021,0.20256470230225
2022-06-13,0.4186722840933012,0.4101586829833901,0.656336590330008,0.4878772223699495,0.27500028136501,0.279372867749533,,0.1930940716985048,0.3633656553381497,0.3980544469947883,0.4141026989084298,0.3756964122120589,,0.3221759825341522,0.2201057877420263,0.2239446905969355,0.2525030601545917,0.61460905649455,0.3654198959168946,0.3894631481659145,1.675330537293866,0.2699434065785449,0.2603790248951973,0.2200157993563341,0.2451845474187128,0.5010068831695748,0.4128189916944075,0.3623830112475575,0.3864942266558887,0.3351141602975926,0.3740996575991409,0.2447225207178784
2022-06-14,0.3798085483670801,0.3570645978413755,0.6129721209984904,0.4743642387002257,0.2529480292197276,0.2708986107234434,,0.1884111277089507,0.3384483440202803,0.3805427286596092,0.4018378030736473,0.3445005446107617,0.2823068222932527,0.3168610644246832,0.2156321869695351,0.2442789592201192,0.2470921080541818,0.600512973905269,0.3536422813841184,0.3718372789208867,1.6541664970069645,0.26212405323758464,0.2686644221111076,0.2606474307102734,0.2470483295895404,0.4855987832331762,0.3946746477528225,0.3497010477904469,0.3595854422857523,0.3910805515310028,0.3613272364890271,
2022-06-15,0.351471596117353,0.3343968676844969,0.5724454373461861,0.4274264152073911,0.2287760394619516,0.2453882471312745,,0.1671162798778559,0.3114005976401929,0.3609484523326391,0.3630173910110889,0.3178960165944074,0.246657940972231,0.2837724612126819,0.1975472077416853,0.2275600290460949,0.2242860348767154,0.5521280331385043,0.3246180283342846,0.3198764943200961,1.891703278938078,0.24615444595673444,0.2454385164721184,0.2333466860760579,0.2252512227748961,0.4547485135913932,0.3630817878654787,0.3197872125549479,0.3428043509897502,0.3295255840073146,0.3291743752709504,0.2176368912954475
2022-06-16,0.3896329336778532,0.3764485322799906,0.6324902697065682,0.4703758696834756,0.2605680796181988,0.2764758592940938,,0.1929003320973951,0.3280602830107554,0.3798265869087473,0.4086391471742358,0.35787165708289,0.2780597734133355,0.3202337832262711,0.213393418135461,0.2393739924835862,0.2516607815476923,0.574391958704891,0.3763597068033374,0.3561449306732655,1.7644208145044031,0.2611579701810836,0.2586893997190571,0.2497359019120242,0.2355114961507136,0.5232170414780831,0.3873299889716995,0.3445530365114012,0.4017060050547283,0.3586437577093782,0.3564628081933981,0.2452441587595984
2022-06-17,0.35952843823409,0.3261864131104326,0.5776701004080742,0.4392311102123491,0.2356475187369327,0.2621130259862115,,0.167367565445846,0.3070995581682817,0.3610881324274165,0.3800655207084625,0.338301224640448,0.2639257491642925,0.3091800624224938,0.1977622623998786,0.239840438875459,0.2328572406005304,0.5571481525367641,0.3445467650569027,0.3316189296664825,1.7573074133922482,0.24520146684210395,0.2541503613048005,0.2399153585276836,0.239997980430774,0.4912420060777027,0.3677943071267641,0.3311600735666981,0.4126716812160227,0.3443905725158677,0.3445564392057743,0.2308781426340927
2022-06-21,0.3431230179317228,0.3208801621055038,0.5758106387745232,0.4255137903049411,0.2096961658909293,0.2374299723972857,,0.1561400039557365,0.2988777244795776,0.3435755628645241,0.3518474380973336,0.3089132899780754,0.2434037853437214,0.3102963818960468,0.1850327375778654,0.2209999882208609,0.2120724232341514,0.5205309194474939,0.330411433125838,0.3409624744047267,1.8670195241072889,0.24078914663207968,0.2426581649005052,0.2243146467457016,0.2173889358267584,0.481428395267756,0.3611804869985559,0.3233132149137797,0.3812575363253311,0.3289718085236253,0.3283292475707695,0.224231619623928
2022-06-22,0.349637262999908,0.3178809683317111,0.5784990584380739,0.4187997223333811,0.2217608874329292,0.2397940875309226,,0.156674685264473,0.3034237940343844,0.3433745029363326,0.353182024947774,0.3155838119861811,0.2347989560086716,0.3039436178306849,0.19657337515865,0.2236664628529662,0.2022155030998059,0.5290972096505674,0.3590373934312497,0.3533613145477345,1.941349470442557,0.2407237089649536,0.23267033758472,0.2272313364535233,0.2205336279796016,0.5067716028757246,0.3436760738289482,0.3239198407184095,0.4056751996107272,0.3311084089717604,0.3569710334584886,0.2308507214431364
2022-06-23,0.3402588023415596,0.3080917445115669,0.5532265513993353,0.4072537745103076,0.2240845356478914,0.2387123964396737,,0.1560320755613507,0.3194141589949352,0.3571776708528639,0.3647179029437802,0.3093328177574726,0.24286306041398,0.2988736193226032,0.176295063554021,0.2209415718498128,,0.5236071833604393,0.3771241523408116,0.3636211448416846,1.978131269749977,0.2272815385389322,0.2298973292665501,0.219704544012851,0.2181555286198593,0.5093904264319906,0.349235625195601,0.3150972487019031,0.4394807439204911,0.3347291189302436,0.3514873169588817,0.2019166573394734
2022-06-24,0.3033937647984569,0.2843468953681364,0.5142063407160532,0.3896308942258828,0.1980722429963277,0.2178396855405766,,0.1515168362812564,0.2839811164658428,0.3225023210301432,0.3228827312159789,0.2875663503386771,0.2514463975725386,0.2988665573453125,0.1682281883174933,0.2248196569798809,0.1837247173915513,0.4949187686636873,0.3349536377921359,0.3349142333316087,2.204849221143334,0.22260253572177305,0.2250483991876323,0.2027317504083079,0.1980011788567698,0.49342078371894,0.3269929447527777,0.2922136083030681,0.395721464560592,,0.3279394619034761,0.1892897023049134
2022-06-27,0.3177720805460909,0.2915097423471326,0.5496078966882052,0.406112530102593,0.200718079823316,0.2151969705534007,,0.1502569206136216,0.296276539008992,0.3399262946905778,0.3343071911000031,0.302680909072398,0.2656238783989302,0.3000726244215577,0.1743507516195736,0.2218600263069043,0.194968706559668,0.513847001354994,0.3476634611990798,0.3507962991007032,2.30542831902114,0.21838929760560793,0.2276155922554745,0.2118246890367647,0.201581445952117,0.589770554712025,0.3440495493969834,0.298347868449079,0.3743845173771906,0.3088440556968438,0.3474340774539906,0.2061626052858873
2022-06-28,0.3433471408576755,0.3162104340335707,0.5836808923648394,0.4334296693198064,0.2128634162202228,0.2192079909191553,,0.1512429627273811,0.2907933128590177,0.3371878760196178,0.343896932532297,0.3199739268667895,0.2458326250993437,0.2967563069455489,0.1908146103240645,0.2299698794412306,0.1984363723656523,0.5407912646933035,0.3493915898182,0.3532039072052871,2.25721686119913,0.2254684235044045,0.2306561964017425,0.2225432361751727,0.2105236952626143,0.3958804013467394,0.3568106478211577,0.3245391431304243,0.3836389365890327,0.3243813473875717,0.3541244201302273,0.2122275100178282
2022-06-29,0.3332612384200145,0.3101837272550781,0.6012526546098335,0.4322743048452904,0.2058431684378832,0.2255759124721034,,0.1421432284050333,0.2897604943564906,0.3301980246408605,0.3609414160163427,0.3061947376975118,0.2396346628213287,0.3004734355384832,0.1801547416476593,0.222476984848736,0.1931460898565676,0.5449806475047687,0.377020504758963,0.386226881585481,2.27652974814513,0.2288662904644894,0.2229321142151631,0.2181535387505537,0.2130399873969889,0.3944915558550408,0.3577228769683551,0.309669121222093,0.3989296749145919,0.3181900454419329,0.3523894863961898,0.2053914219335232
2022-06-30,0.3517074351853134,0.3379932490913938,0.6055768030983063,0.4483479230969167,0.2006870097583265,0.2297127374137793,,0.1458869307236877,0.3072151319369369,0.3577262704556347,0.3911883498752405,0.3340613807561306,0.2204312075705909,0.3287289177244894,0.1968302843984899,0.2419974330955652,0.1997162617255455,0.5486028454110657,0.3807316011457011,0.3656794948129694,2.325621864392769,0.2272379863764622,0.2362809335754591,0.2244767725782266,0.2130997667643709,0.3943152868440438,0.3849501520705267,0.3261215680711147,0.3973916286838193,0.3315138227694394,0.3434176404106769,
2022-07-01,0.3147999788466864,0.2877949594398001,0.5747183749057768,0.4211244690276681,0.1849999368438049,0.221063818172179,,0.1159289687793116,0.28424120628734,0.322879237576715,0.3537448223687966,0.2926180203153905,0.2257568496081296,0.2837000820610689,0.1741608746838383,0.2237595569926343,0.1876519550842913,0.5183322307928615,0.3517487149541958,0.362799884161425,2.6987093106638977,0.20997175007979013,0.209779354287955,0.2098901333640666,0.1944265497549858,0.3573384142701967,0.3520074251186828,0.2986500346072908,0.3724550231373883,0.2940512296943752,0.3304748045951071,0.1907343195923259
2022-07-05,0.3534022757620748,0.3240061170430064,0.5714075270256511,0.4304563015071732,0.3322205438829099,0.2637722335620152,0.5003116737286525,0.1615990886596188,0.3257142732539282,0.3593908967052054,0.3938116258480136,0.330055059043355,0.2769734537984303,0.2868208247120701,0.1917162409221774,0.2505374283671643,0.2304231208877277,0.5523052974587568,0.3711833570230808,0.3376409578670772,1.392522826278246,0.2588177300267749,0.213513654320307,0.237277931447703,0.2354777629120855,0.3610101979023067,0.4132865538579527,0.3336522370762196,0.3957787735606035,0.3216610208589165,0.390094524404076,0.1980036482564748
2022-07-06,0.3334702255602895,0.3185206121381172,0.5637891824796575,0.4176866902099616,0.3329320299582639,0.2609337234988828,0.4882198086223175,0.1520119242696763,0.3437092303584863,0.348703217205272,0.3767784115084325,0.3252484842814547,0.2633978001927283,0.2792355745879719,0.1880993568224391,0.2420185004155673,0.2285455978851454,0.5544006760142145,0.3752935190519401,0.3327440989015998,1.450640814727015,0.25826145431491265,0.2099443149884719,0.2335152740966591,0.2329425780815836,0.3514237390646197,0.4126170913981898,0.3264710832120839,0.4016080165458129,0.3183389903733151,0.3848939503920901,0.2046340878483857
2022-07-07,0.3275001624549646,0.2996389129603296,0.5252079986425332,0.3985681393536846,0.3257173863211031,0.2582340844664275,0.4605715964171974,0.2057710309314764,0.3131175393170943,0.330620480335772,0.3757369428839908,0.3124654330256206,0.2515426891454494,0.2768256851024426,0.1846281741598246,0.2328312256699754,0.2237551728157652,0.5233087626966002,0.353664580077474,0.3358678539395868,1.439853109591024,0.2570406069253963,0.2054197821651444,0.2262847660763329,0.2274656132561055,0.3320186922551243,0.4021507925904942,0.3155090693350555,0.3810280201473761,0.3213520842904454,0.3567840781719651,0.1854566442938066
2022-07-08,0.3163215299767328,0.294068025069776,0.5157276340878719,0.3894636325093817,0.3215453511641831,0.2499355703343223,0.451528550020637,0.2010621680231337,0.3036368613409668,0.3302031330441148,0.3677459153596977,0.3042020524091497,0.230000210126219,0.2627216470521935,0.1802937196008959,0.2324119564643514,0.2181962994789061,0.5131814886515227,0.3379226137445427,0.3295840156781405,1.4242434669700037,0.2489920477639235,0.1917768161860278,0.2156796546878082,0.2221724381833808,0.3240354802823177,0.3900684131739432,0.3092395093471369,0.3614714763574803,0.3187360667028151,0.3512789985335881,0.1793662820173643
2022-07-11,0.3376554173435889,0.3182089136668045,0.5587724148609406,0.4018352572145987,0.3325922703620489,0.2636863163948186,0.4822572463235604,0.2038779541313395,0.3207756159471729,0.3386970143799086,0.3800248719143219,0.3195024423507276,0.2487538991233174,0.2673447609512385,0.1891036020249936,0.2319612911348205,0.2254808949413807,0.5404063335590725,0.3609488216294405,0.3357021822331897,1.4652574642322918,0.255071390742219,0.2018039268633294,0.2269848342064178,0.2314698951955525,0.3486137363266225,0.4007675586431891,0.3249424884742716,0.3773035754045616,0.3373878356318568,0.3808358362496264,0.2017621218226674
2022-07-12,0.3510289170803981,0.34442843110362,0.5610520278250954,0.4333165732855772,0.3509936398668133,0.2752383542195532,0.4876446462889563,0.2180261693764698,0.3304432968273444,0.3530951128605408,0.3953589090380217,0.3319250139377749,0.2621819437942112,0.2855627995967634,0.2005421233030894,0.2444299034931842,0.2427653611661051,0.5443754691161783,0.359815450595277,0.3530162854600986,1.555691900792397,0.26412616584631265,0.2181332508351565,0.2327028245478785,0.2345857205822877,0.3519489142646366,0.4080830386732959,0.3364404445596334,0.3889165746151382,0.3435555339156371,0.3816495860022277,0.1996229002090963
2022-07-13,0.3524376454720267,0.3382180053927976,0.5684021464943664,0.4327093837196529,0.359907421643292,0.2902611281061179,0.4932257888176291,0.2183291783570033,0.3468912983011117,0.3572844767344736,0.3917716841416588,0.3408923810434515,0.2838415280997721,0.2796631311229099,0.19723714866102,0.2426297342384838,0.249989084611309,0.5437904594385735,0.3537435069511336,0.3430020472463941,1.724823595217744,0.2625305804235856,0.2107990894545694,0.2270926910896354,0.2425054191051872,0.3607602509964533,0.4135496792997966,0.3333983066744182,0.3799815279242677,0.3455666555949193,0.3764230124243284,0.1913045088854004
2022-07-14,0.3444863735985217,0.3307545503276765,0.5431928252212184,0.4337736642174394,0.3473527569821492,0.2771827875435042,0.4856096271475961,0.2100082696938444,0.3074782141935596,0.3637050820045281,0.3971647082921652,0.3383348476168341,0.2905569882936939,0.2838801031583324,0.1942857808928307,0.2402696509515778,0.248170680761005,0.5409366839623195,0.3554375434188236,0.3301695124054979,1.7006114914766124,0.26406224093631836,0.206791942841529,0.2247965975835414,0.2372039197933936,0.3402762780370335,0.4224399805746716,0.3311452489010849,0.390114338449231,0.3560576501821316,0.3686203210041872,0.2053953471933652
2022-07-15,0.3167576509658255,0.322866737530542,0.5099606364069704,0.4036059431443588,0.3421221921700452,0.2657592343633417,0.4636110837531538,0.201914875036909,0.2869243748961879,0.3246910918393457,0.3789690258118632,0.3253470474335055,0.264565281126156,0.2348644962188038,0.1824537743072932,0.2273565908785928,0.2242430394437377,0.5051044023092537,0.3319615668910772,0.3359332181976244,1.577089192648476,0.2557345196474025,0.1911279752331531,0.2151063922000193,0.2121878111779967,0.32691178842063,0.3895545829914737,0.314956815203275,0.3542179802938774,,0.3400099958083287,0.1746443382707775
2022-07-18,0.3474459385445081,0.3323495645361411,0.5547145469729576,0.4119675949640419,0.344635728388669,0.2830324588548544,0.4785979238471681,0.2139143473020031,0.298276751180699,0.3063640035214054,0.3832981418447496,0.3246733741337174,0.2651607396910323,0.2470209364413919,0.2060188700633816,0.2429634825496557,0.2463588862064814,0.5238806750216976,0.3327090340921027,0.3316577247867681,1.6164602727674495,0.2672416347370013,0.2071895317703408,0.2240060703415047,0.2296312890059517,0.3344618509855532,0.4082973787405223,0.3203605384389092,0.3602522266350593,0.3409749947597749,0.3461886507005698,0.1932153145395707
2022-07-19,0.3253172985362237,0.3065269736643511,0.534871254337533,0.3959328233678404,0.3426326534433839,0.2061234461799765,0.4647423573357725,0.2018847179434348,0.272283336910522,0.2949157933337274,0.3746449489936851,0.3023436232357235,0.260036886995879,0.2348047288019805,0.1828185227528137,0.2356613364202457,0.2329254902493691,0.5080882559416442,0.3518835276048724,0.3281148727887439,1.7502287400033385,0.26214962784887685,0.192803494073015,0.2132977063999486,0.2124179250391596,0.3212112012120796,0.4193995091127551,0.3091550002968379,0.3449007566924176,0.3244817801850992,0.341559991711115,0.1861143167968379
2022-07-20,0.3129263025170116,0.3172878526223294,0.5314617404551972,0.3870745169275782,0.3430105601475195,0.1879500716594232,0.4538397341500821,0.2216396481044112,0.276182769457991,0.2911609432586894,0.3548441438473737,0.3249004554215496,0.2438655532456606,0.2434937408207279,0.1859994781120351,0.2520261980034974,0.2430212210270021,0.4912384830721835,0.3385268658030586,0.3360446225287437,1.8145598002249343,0.2553607745961849,0.2016153251182119,0.2173199866193927,0.2126961179174412,0.3183542876770275,0.3950566117077422,0.3023669100824347,0.3474317738315143,0.3182643793918914,0.3337843130255107,0.1746097525828227
2022-07-21,0.3050119070845274,0.3078499554145082,0.5116734341712537,0.3650313480535685,0.3447531593468548,0.1820611020608166,0.4365109620374175,0.2441313144953692,0.2628720301673504,0.2691862186578856,0.3598856107498954,0.3112870233454751,0.2371671897658744,0.2407831156325633,0.1743717936484242,0.2455972783443008,0.2392816532893428,0.4818315484367982,0.3420877797701492,0.322991881373776,1.8639849055792608,0.2491559534709799,0.2189291866067401,0.2138079268092779,0.2137324124450585,0.3040715869258903,0.3762351307799231,0.2913309004964776,0.3532177949411214,0.3013683307517274,0.3087380996963093,0.1646248894523831
2022-07-22,0.3087004040499811,0.320966120904597,0.5115214361628819,0.3676243188288968,0.3441173715981438,0.1747225441082734,0.4520609148599294,0.2251317495872433,0.260182407496682,0.2668956727943735,0.3185889194213425,0.3178578303922538,0.2297953494057295,0.2365515718701755,0.1745185542906316,0.2425686409515166,0.2731095390587928,0.479105889115387,0.3501476055512455,0.307903491296074,1.8984572741925376,0.25280111840279823,0.2227119526427428,0.2048289359539753,0.2054069606470124,0.3094873392506251,0.3802618203858921,0.2982975771266145,0.3477487286499463,0.2934279128448407,0.3013192584600817,0.1634606628933924
2022-07-25,0.3347389382254512,0.3313781571033015,0.5354690105603722,0.3952270528282642,0.3610988818312003,0.1669818239244908,0.472943519962532,0.2062638516156961,0.2713089814485679,0.2783222607156578,0.3221339408004375,0.3256449304624923,0.2344260434196967,0.239379652105663,0.1834799763183875,0.2493327585151012,0.2410669355640873,0.4804190482080018,0.3471068458464877,0.3225594538428303,2.0307792170675523,0.264039796085208,0.2301381041629517,0.2196252911741089,0.2284584705741403,0.3216973834522682,0.3939245138418273,0.3083635890362938,0.3540597736635096,0.3177907054446638,0.3153052857287959,0.1713482370464165
2022-07-26,0.3459748374846181,0.3602314016908438,0.550835777121433,0.4392691400688974,0.38133900414304,0.1753828604183541,0.5200839687868835,0.1999725080046347,0.2884164462306128,0.289350946052838,0.3306744856286804,0.3461980220027162,0.2224517489801153,0.2469620328259608,0.1858866934754227,0.256232807233802,0.248786609763651,0.4862436796901482,0.3691407084926185,0.3362845099269977,1.922444794636656,0.2891464225471238,0.2405738744359879,0.1918979397093647,0.1949331482983712,0.3507607049526883,0.4154630976974945,0.3288290295907365,0.3653272813866633,,0.3226054116637379,0.1897100254637616
2022-07-27,0.3090757225101297,0.2538281997372288,0.5105512568193729,0.3852426954459125,0.3452496148054724,0.1517016341863541,0.4645478450635901,0.1771089791978082,0.2635740995580383,0.2646256302541891,0.3101916507237995,0.24977884910884,0.2217265449080683,0.2310337197254556,0.1687863917616798,0.2390100019565167,0.2343481512676768,0.42498261436128,0.3501759519182308,0.3086919659566855,2.0565826177469027,0.2484765431319007,0.2176335720078791,0.1790916906477447,0.1718910095180321,0.3119811586454225,0.3818817967765806,0.3121309474151826,0.3421997482896657,0.261928189812369,0.3068444047190629,0.1599723672854292
2022-07-28,0.2913584099999476,0.2369462491594059,0.4966824228687327,0.361336714776544,0.3513842614832573,0.1378305854838677,0.4759119893723951,0.1718717506158435,0.2441724893046965,0.2489402801969833,0.2952899216508876,0.2343382343236073,0.2362864412947669,0.2210373979240585,0.1633798604920804,0.1979242249359008,0.2377103697915581,0.4254112992774936,0.3346828802730131,0.2693507569399494,1.9968381677253424,0.24593480729477218,0.209914737137385,0.1715477395187481,0.1627699899454685,0.2965583554056364,0.3783154858903353,0.3027778658941709,0.3296482518869091,0.2834139085631277,0.2934572253282521,0.1485655842505501
2022-07-29,0.2305992792919633,0.2254407254649883,0.4757048198119746,0.3544177962507465,0.3446694922647298,0.1262950578920161,0.348872825201351,0.1657590242476024,0.2433684807413739,0.2347201377208113,0.2765672147162092,0.2326551180220799,0.1951860228521173,0.211366830696175,0.1574050100480345,0.2059902116872821,0.2374263204764505,0.3974642346629704,0.361084740254633,0.2490474742348791,2.082372590732524,0.24973185130822284,0.2160153748282079,0.1679549722787068,0.1603220966738112,0.2927070349585631,0.3735865546218771,0.2974567389510121,0.2951474366017504,0.266444221510684,0.274843798333552,0.1420889803990669
2022-08-01,0.2533164507807444,0.247014825265697,0.515082194062179,0.3787122509468322,0.3782324912938087,0.1350826424057066,0.3613142505161276,0.1769953073100465,0.2666659746661101,0.2522063875002728,0.3041195066602216,0.2440596915805589,0.238194920275275,0.2232750673466784,0.1717426506787831,0.2148903874317885,0.2435815994684691,0.4182483657437699,0.4031938116865968,0.2648805143448898,2.2475353413549124,0.27298328349399925,0.2114846995964963,0.1690417678626861,0.1650853262689136,0.3184377997617143,0.4067540409007824,0.3222068115437574,0.315920782069655,0.2839151702100451,0.2953611248514804,0.1647346172190117
2022-08-02,0.2743554633261457,0.2548540040780434,0.5355438091161817,0.3864849174595231,0.3926529693883562,0.1438129527682047,0.3779116928047906,0.1937789645498736,0.2792519899039953,0.2716633718869194,0.297011775930693,0.2609040923885008,0.2487848937006061,0.2279222621505057,0.1727226287652865,0.2243616483601231,0.2537113818150211,0.4354689430581616,0.3335991965173378,0.2784763675538241,2.293600751410486,0.27099605664167664,0.196506084957019,0.1765130483560422,0.1797640943635833,0.3375783505620812,0.4281715741245267,0.3374238228796602,0.3066190101898011,0.2846002917678386,0.310834699841418,0.1770060250718859
2022-08-03,0.2529133571768922,0.2347396704625347,0.5297833569881302,0.4077327411308143,0.300196331944166,0.1301190929210568,0.3517516291553859,0.1845775717361522,0.2516462077461899,0.2517976004837786,0.2831989902989618,0.2474910837019767,0.1974889540004912,0.2140892421100534,0.1630062734789841,0.2015088390906772,0.2391963438528854,0.4021119180241767,0.2969403143324607,0.2324777956109058,2.388684191886728,0.22486782978324685,0.1802360537232873,0.1623133482462982,0.1547099130556143,0.3088201005628154,0.4185980674840178,0.3215665485006862,0.2814945878613981,0.265524048392101,0.2941836880951741,0.1491913414541827
2022-08-04,0.2488146313528108,0.2304613048344961,0.5311350433260162,0.4151695016789001,0.3055675484911245,0.1393987784652455,0.3433775035751387,0.1831459043065931,0.2692664203394045,0.2288944470107808,0.2966361765816147,0.2494129490647596,0.2000229927078501,0.2278044791029387,0.1485208979129533,0.2010046438710745,0.204341850153038,0.4018719667855971,0.2916904445712822,0.2318205645655843,1.3959911251483608,0.23999988079395043,0.183962660957684,0.1768868009144761,0.1514249042310618,0.2844732634908273,0.3458662778556525,0.2669941179061048,0.2849833401534081,0.2853877240772812,0.2609190262007758,0.1472822765150482
2022-08-05,0.2480255640733719,0.2226206259204204,0.5168693350481447,0.4032843444028725,0.2974585908811688,0.1191513007386014,0.3318198962927267,0.1756762475514888,0.2528111905508473,0.2170841086314158,0.2740095060125432,0.2343896480589005,0.1884499716841945,0.2043807197194398,0.1393830910008937,0.1871905773006305,0.1934946736303686,0.3817161838782008,0.2804040590971913,0.2327522645908307,1.4113485517513715,0.23045622668785878,0.1757266851040509,0.1663338757529507,0.1443660750742334,0.2776941331558392,0.3583935220476487,0.2539373533883075,0.2689545913348792,0.2551605616961776,0.2370823342611909,0.1320074878661839
2022-08-08,0.2523386662593201,0.2351347884603558,0.5168431251641844,0.4118639305893857,0.3057565247568543,0.1406611240944039,0.3423599770450207,0.1807510281061823,0.2564041527976809,0.224293491530501,0.3001478519859244,0.245736117680891,0.1929452307863585,0.2110474090531761,0.1431033171994147,0.1979570085018806,0.1691883135232514,0.4072390472133796,0.2879740490573583,0.2410853423504195,1.4798996100812638,0.23097078774765165,0.1798582196412148,0.1730134396828711,0.1507399512140607,0.2851180310821984,0.3688829434198307,0.2616370711594326,0.2724051175261611,0.2561253181939315,0.2496099113829528,0.1447459371992014
2022-08-09,0.259581537814432,0.2438802364250162,0.5342703257788763,0.4426015386363831,0.3143264770539185,0.1987674734706505,0.3507890125388829,0.1847901083055152,0.2602590187538856,0.2243661197502144,0.2845753466369747,0.2543347526768357,0.1933743299701413,0.2133925647977492,0.1367787856080793,0.2021296778958249,0.1611848579145068,0.4174988759833978,0.2902050546916326,0.25640380395734,1.4910554626203412,0.2320077835792278,0.1779442575429276,0.1665003795827184,0.1478328858788099,0.3083189204455224,0.3858634490194146,0.2773268998245484,0.2704475452600082,0.2683669301485999,0.2408329397050509,0.1460654908053588
2022-08-10,0.2276840349267441,0.2162060117711752,0.5036855413128688,0.4050452000670453,0.3008162161687484,0.1866492941975295,0.326430970587,0.1690864822480275,0.2311767637400303,0.2012070238715857,0.2728679987820309,0.2281490335790034,0.1797048663954643,0.2019128420521457,0.1306255947988532,0.196389943094131,0.1440131883335633,0.3820838001698872,0.2664762260154597,0.2213323881616471,1.5560562736689028,0.2197499370779472,0.1691965677093781,0.1652453714128208,0.1358993959803552,0.2755999235303659,0.3967403500926504,0.2439439779556548,0.2526770079378325,0.2493843958921715,0.2257256051108375,0.1290024356015548
2022-08-11,0.2301917569396054,0.2273955578650194,0.5142765214451472,0.429567857692301,0.3046175510630981,0.1753861584891261,0.3334169040836026,0.1711474169370805,0.2368404567027302,0.2131382847335246,0.2654653370002103,0.2420642042527981,0.1777842509675439,0.2159863114074349,0.1483277315389219,0.2056989506451843,0.156248957417835,0.3773623106918413,0.2722635323602639,0.2557478281279336,1.5917324348913369,0.24167741407074808,0.1738306487253549,0.1656187056006876,0.1380655840374251,0.287626419685099,0.2848136480314763,0.2613106721642326,0.2482837648190883,0.2584040175851982,0.2315669563686006,0.134051268605802
2022-08-12,0.2277740311272502,0.2095723573386614,0.4997109241749184,0.4152750373943293,0.2758307005731877,0.167963121011234,0.3140937098943851,0.1606597735809059,0.2376374846511141,0.1968699154824423,0.2668367463262234,0.235645216553951,0.1753639512564034,0.2002284471074043,0.1408129716543002,0.1944297224025858,0.1485176205337365,0.3620780430150694,0.2638581079204477,0.2295428203642414,1.6486424753175335,0.24320397713365358,0.1633538731831094,0.1514012818094098,0.1287304384658527,0.2787255682118804,0.2735595283666525,0.2451120021768279,0.2410341351500081,0.2452690394303792,0.2148119313851168,0.1255630873209737
2022-08-15,0.2138190872927017,0.202773874939325,0.4992816054165024,0.4206920008387608,0.2841000864883109,0.1758814411919058,0.3244129549364837,0.161440920326143,0.242362586914719,0.1951747242081737,0.2674979187141957,0.2389202544673841,0.1894146507490579,0.2119523020708017,0.1365778314251881,0.2066862655540023,0.1296645894977215,0.3584753528475141,0.257236002471624,0.2435563887864499,1.7232109302364704,0.25461805427721734,0.1656556752434465,0.1424996620332634,0.1298606070478597,0.2860829054231947,0.2840838162792554,0.2673378141552649,0.2524967608814621,0.2522490649613237,0.2213831516568906,0.1183003535227125
2022-08-16,0.2152210567648493,0.2006657952272713,0.4971164922914275,0.4221559677634736,0.2869751585876945,0.1721523909311172,0.3231860047842284,0.1691774464108663,0.2254799896074835,0.1904718222553291,0.2672104559696201,0.2445994727213162,,0.1972965945440734,0.1364237197955279,0.1888396278153356,0.144134752182704,0.3631179647131013,0.2555978920454105,0.2533987458442164,1.7332667292303192,0.18804768011329712,0.1716736526589195,0.1425402022844666,0.1306578531493988,0.2711757611100531,0.2726200333788229,0.1995567250414376,0.2436922420549508,0.2568440230861052,0.2050363312420917,0.1279859824080357
2022-08-17,0.240684175561156,0.2274049718993554,0.5070447409716041,0.4257173072130742,0.3016394066361554,0.1659025683504032,0.332012559677616,0.1704442966511726,0.2308687856818698,0.1959123063927174,0.2672783000560395,0.2403585929889406,0.1728877729704421,0.2042300813744005,0.1324308681891487,0.1904867729551274,0.1860238025451968,0.3763310075143583,0.2650671519381417,0.253389455339187,1.6545652902647676,0.19002603468454035,0.165224646964543,0.1421703890448348,0.1289487254367634,0.2823911565389965,0.2760401768098987,0.2020519125734645,0.2497695661684046,0.2547737491113871,0.2129545119304179,0.1401570743987043
2022-08-18,0.2366662105728929,0.216731452838449,0.4803782529255687,0.4188265747200836,0.1947274688439093,0.162142272570531,0.3203730610085796,0.1699341072848226,0.2367666160369459,0.1820739844132761,0.2543352054392803,0.2299373471887279,0.1559747397834947,0.1875776285866354,0.1194661924363422,0.1841234113186357,0.1728825645610155,0.3537072420385103,0.265782925068397,0.2506982181838263,1.641916640218557,0.18134107775572167,0.1563020570718989,0.1372223739410114,0.1212915101722594,0.2656351293027993,0.2652111885436336,0.1964797051380789,0.2822230245133456,0.2631838207717571,0.199574095491955,0.1289791598836634
2022-08-19,0.2507761587709554,0.2328854269442991,0.5043468737707413,0.4424519048614977,0.2076406357975937,0.1659649668915646,0.3308973717905294,0.1662889815054071,0.2371050624456725,0.1927952243106857,0.2730821597806192,0.2316320395409735,0.1736990908086977,0.1942794510764865,0.1200620957031016,0.1891373889716372,0.1779945174654332,0.3624909105564157,0.2630870774234395,0.244711517310353,1.8648493978859808,0.1872739307220885,0.1624221725996678,0.1429208283184391,0.1207594638927674,0.2636614021525748,0.2731262552573883,0.1978455431050729,0.2871873325660192,0.2704803776346309,0.2061555134666562,0.1485607566436065
2022-08-22,0.2721161043970714,0.2621381652761947,0.5606823072437584,0.4989198039602786,0.2141102219143822,0.1954201755158097,0.3751984699045111,0.1890569264417007,0.2677088004340385,0.2249194440354501,0.3059505132505902,0.2643938101800188,0.1847567402024068,0.2089620860500495,0.1724965501796269,0.1982130287873147,0.1957442990656617,0.3947568302720369,0.2808309461487041,0.2850726589650855,1.8315623100707463,0.19874694347565677,0.1776900887733466,0.1570838487140417,0.141072934708408,0.2982973829955752,0.3040283992464125,0.2168167171407486,0.3148050315074316,0.2853098602572817,0.2051658956222773,0.1740383778001218
2022-08-23,0.2668812796102501,0.2702557139970807,0.5472120002355996,0.5077740797323377,0.2124359848834766,0.1941894179738197,0.3671922663871617,0.1935958393950799,0.2637524759666482,0.2229284172346443,0.2924189968006967,0.2596611278735863,0.1891903551891254,0.2129727129714802,0.1757160346476678,0.1975066918895568,0.1971273945984831,0.3962649094851515,0.2903585825522946,0.284300188541442,1.8927768733622352,0.19745547324131354,0.1832436457002059,0.1609881467618718,0.141426521146872,0.2978134387983517,0.2981365546108291,0.2269206388774803,0.3087133121853102,0.2719088542240339,0.2139035716548126,0.1693758606178869
2022-08-24,0.2637948854111461,0.2565030050553618,0.5571464699306995,0.5051878782566271,0.2062628627742682,0.19348069641141,0.3630548847040638,0.1885260904667776,0.2597741084780713,0.2116737574114942,0.2902514061925065,0.2484978558022054,0.1809246297474444,0.2022080665414144,,0.1910392541089312,0.1923588770782475,0.3858605318195934,0.2784802309071673,0.2818767773099654,1.847317482328648,0.19114824004057188,0.1772844041915989,0.1528123246750596,0.1370939798078407,0.2855351611933087,0.2898788762270227,0.2147098655544481,0.3073481667975104,0.2646614410360232,0.2149128766954638,0.1574067634487982
2022-08-25,0.2450908049636578,0.2367233690849017,0.4622784485497658,0.3445726480962764,0.2060341195035576,0.1766155190955758,0.3367014094471475,0.1787949505057863,0.2417731483623907,0.2013867403573996,0.2717200284924997,0.2351890353589202,,0.1971844238331184,0.1553960140289086,0.1883615443969348,0.184237125276208,0.3649024328550554,0.2619434903163138,0.268943235923993,2.000056247226797,0.17968799657675869,0.1694378091590407,0.142699380080333,0.1246128534058467,0.2716343927389973,0.2744456086991489,0.1983029655647811,0.2895408946350852,0.2558303538376067,0.2065134957282492,0.1413557634065037
2022-08-26,0.2783287986493513,0.2888716924904217,0.5144849993805336,0.3813818452910774,0.2324502893804069,0.2115193625797622,0.3843486813314461,0.1895550121226545,0.2831010063725155,0.224802525224341,0.3019074863515674,0.2700631089720788,0.1945818970651206,0.2210482684946607,0.1782334511565379,0.2029902809107976,0.2041078482007551,0.3984482956882611,0.2962687613995944,0.3112426966769495,2.0272020475052632,0.20240736527444836,0.1923896679786295,0.1730739517265711,0.143068093844565,0.3085041267499967,0.3018990900348943,0.2325608843572697,0.3038050594029349,0.3006644331964341,0.2229859998022176,0.1849900965719854
2022-08-29,0.3014534409093782,0.2977214729525603,0.5366585253071734,0.3909961195319099,0.2445382911071261,0.217031051185561,0.3947149203438644,0.1890281869085614,0.2887378824854592,0.2337378106781104,0.3091180818009773,0.2755070919498272,0.2034047777772407,0.2297216947561396,0.185597902471671,0.2174149631797015,0.2154176995658724,0.4173154501776068,0.3056053289552197,0.3259945874949231,2.331255207288492,0.2143622137124375,0.206160360096736,0.1795579539224706,0.1472275994401751,0.3156928172547952,0.3161748504271603,0.2381561643820066,0.3155964902384461,0.3010099250566089,0.2349910779740572,0.1965865297630445
2022-08-30,0.3057020407739011,0.2988946372573105,0.5389068006697266,0.4000330299702704,0.253565657509826,0.2153042848120182,0.3925973098827292,0.2089657440411874,0.2916236946409675,0.2338224497040565,0.3141632661017817,0.2787155824117517,0.1987376179956551,0.2328750681949954,0.1862745979265182,0.2071374200514171,0.2056143358652238,0.4441698285338348,0.318856966849269,0.3417764307396919,2.293146257423285,0.21704951366049277,0.2142785010407688,0.179562635749794,0.1533115975735684,0.3212787542674913,0.3271373997036854,0.2420106234496527,0.3378331990480849,0.3115861327346829,0.3313923962005451,0.2071363806465858
2022-08-31,0.3073311592477356,0.294089865634261,0.5470191484879422,0.3992605864318841,0.2547607469465922,0.2273911300194998,0.3982018194083735,0.2223541767637311,0.2923843600555958,0.2876087482679089,0.316796372924538,0.2863265296027191,0.2097846662157863,0.2270955744869884,0.187468611753729,0.2148208702237106,0.2097174316929426,0.4352051394819524,0.3169208101732428,0.3315525991945736,2.302630487142301,0.22321320915909124,0.2208715305150373,0.1775709964325302,0.1808995215068643,0.3197149942386142,0.3233303465981368,0.2814976489502872,0.3534095963547557,0.3000501714408021,0.3229650704572877,0.1978042750981493
2022-09-01,0.3090553663627698,0.3020881075470345,0.5681600386734244,0.3927460157587953,0.240363179335316,0.2092156492539396,0.4013372561893508,0.2037254301062878,0.2822202447496357,0.2840155509915605,0.3324690290270882,0.2657657376289757,0.1989942060742471,0.2322108479104538,0.185405910595969,0.1981657318669359,0.2097603641366817,0.4528820792338491,0.3110418538031572,0.3378771049717944,2.3897423951785832,0.21512582154011803,0.2049579067940008,0.168983416672479,0.1707461927339982,0.3114364361859154,0.3176527046901599,0.2704565539130404,0.3567474511473106,0.2952245609406096,0.3303071467637283,0.1803664685227957
2022-09-02,0.3080578498336578,0.3005928340278417,0.5466057406758269,0.3799989252568108,0.2528349919990257,0.2113148054295913,0.4003601944104102,0.2080261457054812,0.2803479736723545,0.2786630655084056,0.3227155370898833,0.2718040134018529,,0.2213827190947277,0.1839955161691232,0.1959515744979266,0.2102726485364934,0.423647719064071,0.3129098812155111,0.3307745420907153,2.694183098298094,0.20934586640286545,0.210278781594229,0.1669400227438381,0.1785185559466162,0.3229249308625309,0.3176899091741781,0.2708293426314387,0.3479493309912508,0.2897781559305131,0.3180918511251039,0.191731977121911
2022-09-06,0.3195377918035118,0.310554692201342,0.5690962696487907,0.4139518900321866,0.2290811741353696,0.2846247630818866,0.4116436909478916,0.2110120224618248,0.2852373810110047,0.3264852867443025,0.3457550846867621,0.2829931883734085,0.251853668703263,0.2656338660722884,0.205733814574892,0.199783091900513,0.2126846451527536,0.4456423417968214,0.3185369869989286,0.3014983237929427,1.557527633884343,0.24033337964515955,0.2396340678959845,0.1784556277790512,0.204368810684169,0.4092960121396454,0.339662573487179,0.2865428707377454,0.3531975772081235,0.3210415852272712,0.3675143042381907,0.1875644141971227
2022-09-07,0.3009574703151313,0.2872543922670373,0.5515689567102018,0.3834345669303434,0.2178533638797089,0.2613571952273663,0.3815412916595947,0.2048966355011565,0.2726488062784338,0.3047144924125425,0.3337013808499804,0.2712862546774351,0.2109851255026479,0.2661844388592931,0.1966491136003451,0.1924615306907128,0.2129867866601222,0.4171974266665655,0.314064110076529,0.3060909282481852,1.5227882578194316,0.22189921912132946,0.2103464231245755,0.1641319777275662,0.1839737283221171,0.3846980927116762,0.306777617852736,0.2688489863995172,0.3394226153430817,0.3079473121599378,0.3440370154162903,0.1780748278141211
2022-09-08,0.2892296481876688,0.2833257737031428,0.5305744288264805,0.3826224052581853,0.2112897264626513,0.2583958461359495,0.3775305558266545,0.1989495388753374,0.2622901586194315,0.2949763350761075,0.3134412082398171,0.2616388437564383,0.2270125597879213,0.2385141032315239,0.1868085694919787,0.1807263932815978,0.2035892398662554,0.4100438654699923,0.2956031146661586,0.2986547168921338,1.5011543612626082,0.2137686135317484,0.206131403778688,0.1603860874260798,0.1758977697403393,0.3861195433251879,0.3166319270058892,0.2555565374925536,0.3312609886801588,0.304502364923757,0.3344654374462751,0.1694543357113076
2022-09-09,0.2777706075914227,0.2681929507279908,0.4963099541256785,0.3577553484141538,0.2015749755068053,0.259851252835852,0.3469481168651477,0.1859229335345626,0.2559006378394071,0.2828108411864349,0.3042282882032129,0.2494002670290222,0.211575091491943,0.2654433335621855,0.1835740575183164,0.1759426437191627,0.2024094913346946,0.3876409142254276,0.2885393910402757,0.2819034215050331,1.4417664669846937,0.20843457615272973,0.2037437097248582,0.1510528485693587,0.1735424297676197,0.3874134505524705,0.3028686544969635,0.251489189275272,0.3089816628479127,0.2942184459104227,0.3244249674429829,0.1605270947520594
2022-09-12,0.2695215577361408,0.2724132395410682,0.5066350901524757,0.370775070013392,0.1949727616932204,0.2657365006114431,0.362485974166217,0.1912329495367547,0.2570145982375962,0.2824730658145453,0.3204987893121553,0.2507724684384782,0.2126100951921711,0.2705141437065078,0.1868885522404109,0.1785507479699478,0.2285101677481011,0.3899478147459294,0.2946252591941178,0.2846650159887468,1.524608212680563,0.20098749310215236,0.2175304921671888,0.1487326818053376,0.17897507891788,0.4016615375760134,0.3067091356427773,0.2529074543207301,0.3096826636433475,0.2911144109475758,0.3314971694144457,0.1697506988553318
2022-09-13,0.3236558593658019,0.3429578172329106,0.5646008844850037,0.3950249820309932,0.223981066832915,0.293307825348182,0.4180748868087038,0.2098024815304618,0.2941507131630982,0.319681810881732,0.3464018153791086,0.2716214531718741,0.2405592075255096,0.2857758129407853,0.2087625970278126,0.1905551478872132,0.2613405374489577,0.4477539304833231,0.3074310921193318,0.3145459526597473,1.6282261026641034,0.2239358446558843,0.2285478382110267,0.1827156268911045,0.203506547707699,0.4215330789618405,0.3374391857489841,0.2925377631173281,0.3302849530884001,0.3212127872143888,0.363787946109676,0.2014557533935488
2022-09-14,0.3194863570624762,0.2939320802602272,0.552402705733654,0.3974634677190114,0.2150815704741479,0.2792302355020468,0.393667506155143,0.2209523143065361,0.2887774196782658,0.3249120958965765,0.3474790584796191,0.2712875228131801,0.2423117219569764,0.2799758406900081,0.1982878257995188,0.2203426996400052,0.2320137146313057,0.4223988021059225,0.3150591085122282,0.3231457906940431,1.5380668830297524,0.223797200760422,0.224547101691065,0.17192447383637,0.1858785570273884,0.4265894065283809,0.3207285228641181,0.2906870335146099,0.3199921370609148,0.3123039542489025,0.3724088269355395,0.1912630874539335
2022-09-15,0.3344052660472494,0.3116773640923016,0.5508764231829043,0.4154990623760814,0.2283502077737838,0.2896881256561295,0.4056014072234222,0.2068932904588711,0.2792422049672564,0.3151152242509486,0.3461178225386851,0.2876320270055476,0.2432964083327279,0.2727110158024313,0.1954400195396678,0.2219530901072426,0.2312853136654132,0.4420216050337605,0.3263204460441512,0.3362126921761622,1.7446549920592778,0.21888099332394184,0.24715769009426,0.2101802533415558,0.204322705443625,0.4319828258965766,0.340369582431267,0.3006676020528639,0.3352141396124671,0.3216226996904457,0.3559438847840277,0.200617116755258
2022-09-16,0.3416602220500019,0.29899229882245,0.565774624608455,0.422716168287644,0.2259661633067185,0.2933082978253137,0.4135194713627578,0.2025645067182074,0.3018217023428942,0.3266152756426342,0.3494630273786407,0.2872153812894641,0.2722417407001046,0.2684751658101835,0.1802510318152126,0.2199264051637181,0.2377679412083613,0.4570581053536751,0.32744643937556,0.3409657064811152,1.539763987052051,0.22125432832810393,0.2264416570647271,0.2027600020202781,0.2079754052119558,0.4376313578252607,0.3484951998535507,0.2860223710858701,0.3446267595820643,0.3175370583457534,0.3627617050198933,0.2121178675335364
2022-09-19,0.3265488826211624,0.3096057238865762,0.5564781221575034,0.4142258364293563,0.2188028317737141,0.2907862831641108,0.4027562888599367,0.1940741169580956,0.2805811092163988,0.3268646274141255,0.3474211560650038,0.2852599338179818,0.2489002890295856,0.2721385057426898,0.185458333138148,0.2216952657610661,0.2359762287138795,0.4449476935709598,0.3192795591681805,0.324243509912525,1.5904141126610007,0.22319536482588395,0.2260726206179303,0.2020727874864765,0.1932239865268711,0.4361696427614294,0.3398640774925262,0.2890124975466712,0.3341402605948383,0.32059144175706,0.3597434634552283,0.2057435200085748
2022-09-20,0.3345084531668591,0.3273009398032102,0.56702135599421,0.4336072739367678,0.2258633419612103,0.3091459632361152,0.42493028776954,0.2068079704996965,0.3021048486435797,0.3412412665320646,0.3557801708589935,0.2957350750814989,0.2702570635705497,0.2833332174301433,0.1994415982990909,0.2302371091546185,0.2488842596806584,0.4459771306425135,0.3444301244393504,0.3486771113620356,1.868135086183717,0.22836324277847858,0.2353816731535429,0.2112915660789716,0.2064925830664985,0.4692346471089126,0.350661367909981,0.308140991237185,0.3354466325695695,0.3404368197596405,0.3772108832023144,0.2222135482898254
2022-09-21,0.3645295994074451,0.3378109143836061,0.5727858688207549,0.4380088507381098,0.2413126812669457,0.3156464656836573,0.4306398733095153,0.2231476548475592,0.3128117789599061,0.3482754031069817,0.3749761525929415,0.3038362848059567,0.2792849042439554,0.2779847407452776,0.2109108099279979,0.2312354227636882,0.2525784473709498,0.4675018431790998,0.3552380906736739,0.3575713014550059,1.839065857888624,0.2347533481863834,0.2520027378770387,0.2243677973848894,0.2202265085177844,0.469043187207917,0.3656097014678361,0.3087994970857307,0.342279328456594,0.3639301191545655,0.395663933869212,0.2264601595465482
2022-09-22,0.3503551398465358,0.3196348614891027,0.5720931712897802,0.4188625630470315,0.2310881197060136,0.324840023948137,0.4263722300497421,0.2136226104402878,0.3119630961960525,0.3588946865750342,0.3849074090549827,0.3003264366613322,0.283864611269555,0.2919920551432083,0.2099532922362094,0.2296360741994469,0.2448416725519894,0.4636475882583348,0.3483591422445604,0.3609767180164231,1.8436434529394985,0.24426904149362466,0.2482647698433298,0.2219274141767585,0.2199675326395758,0.4782163757905985,0.3673843792819946,0.3115126483279816,0.3336394349699828,0.3469064730676611,0.3791749994106256,0.2251299728313211
2022-09-23,0.3707212265756386,0.3468986634536087,0.5969182044285395,0.4358841752162005,0.2488813556904985,0.3346043874647019,0.4451069321867365,0.222593963958164,0.3398345561232714,0.3966614760628603,0.4043494825715809,0.3194950755574569,0.2877670200679631,0.3101985210448885,0.2184237561710794,0.2488802787516423,0.2602683479400935,0.4974318670828617,0.3674984435590956,0.3690397777038477,1.8205217932146744,0.2643423451989596,0.2671564851583802,0.2330554401367589,0.2322352273325718,0.492967336597211,0.3944683088868606,0.3331861588042242,0.4015628461757928,0.3635686692705903,0.3908923062900731,0.2306226062219234
2022-09-26,0.3917935225539442,0.3649160654192461,0.6304298070689978,0.4651948333941113,0.2661849744508888,0.3877753924190384,0.4749954428066765,0.2474075382917185,0.3626861690206558,0.427592432730058,0.444880332561879,0.3505959812875751,0.322493497887371,0.3365167984833575,0.2389372348699791,0.2737480679713835,0.2709168683781849,0.5502629330450405,0.4020675347124468,0.4074097097788587,1.943279230878036,0.28590040406172545,0.2832354636323413,0.2518242198011421,0.2469445363828794,0.5368998793616196,0.4072174171397721,0.3655851369455474,0.4342063591497672,0.3790825643800458,0.4325638479583364,0.2542307267545246
2022-09-27,0.3858558302261758,0.3696109550034762,0.6200305935880678,0.4592830346915533,0.268002044548081,0.3917411015565738,0.4797972422273495,0.2444731822292243,0.3668539040956411,0.4389194022364308,0.4456583598763154,0.3564839351334464,0.3193916503135052,0.3410610516399207,0.2408316211128414,0.2675463187449003,0.2785063643591257,0.5251947587465574,0.4016529684677019,0.4076373695251585,1.929768105021093,0.28814424281272283,0.3050937937969983,0.2757423475282042,0.2725279763579311,0.535827831735181,0.424545188331793,0.3654280774745259,0.4116479016041569,0.386236176701268,0.4328378232021548,0.263379176539625
2022-09-28,0.3697615051991025,0.3449903308565367,0.5969215702383307,0.439853079969431,0.2453495129767776,0.3700490832369406,0.4494574742051573,0.2203483106693831,0.3496790289272193,0.4050525989944736,0.4100545736969844,0.3344004727429306,0.3102694830230473,0.3169077105182248,0.2320862245466849,0.2528612863429492,0.2559486130922884,0.5114393586190952,0.3790086130835571,0.3772389691987433,2.0573925241508166,0.26695443641831407,0.2857171058364507,0.2488804355345145,0.2463683654231997,0.5198119106176108,0.3882754377068498,0.333120419548742,0.3773339015480599,0.3775772815414163,0.408813905537812,0.2437757369386555
2022-09-29,0.421211810541377,0.3627728240322035,0.6312935252025104,0.469705930129807,0.2617697579195205,0.3857781108466363,0.4824725257496402,0.2339539872909272,0.3660966183413564,0.4168914856693919,0.4174351923377316,0.3364147494890467,0.3070992149464843,0.3225871253469634,0.241198433553849,0.2534119552932831,0.2806966105076021,0.5526362800866165,0.397438300252333,0.4056380822751187,1.98641055744775,0.27963697720015,0.3035913369465477,0.2536380194847325,0.2508099825402264,0.5618980815021273,0.4111569988814067,0.3500782078975545,0.3895441096262537,0.3705324327895998,0.4309266632610559,0.2551468853594203
2022-09-30,0.4144088039375851,0.3717635994799771,0.612952239544562,0.4559646827232059,0.2531071603460696,0.3931510031530091,0.4704318213616854,0.2274084976939168,0.3635376097456558,0.4133117423719697,0.4203793301387162,0.34130198418557,0.2929649113343933,0.3070788289501786,0.2473639681047815,0.2534678383214392,0.2681842154107768,0.5455761840638464,0.3924294932006698,0.3876453581233234,2.272241010829717,0.2806373754377826,0.3074483377031844,0.2505611789291247,0.2570185848863563,0.4044638773750366,0.415604992425205,0.3629403721503035,0.3835596583934109,0.3892336041649048,0.4150165504349225,0.2593796874783229
2022-10-03,0.378131688242355,0.3383774242323832,0.5922254765664317,0.4363061433488082,0.2341667727282862,0.3977176208074854,0.4540000710928087,0.214066863504465,0.3447781879515758,0.4025070606059777,0.4164578678913248,0.3224668168720079,0.2992630909601378,0.3171707127969557,0.242499234513779,0.2492811598009087,0.2669019773827553,0.5167492219098523,0.3850070181967603,0.3885576704399396,2.234515036593973,0.2576555219022255,0.2875663572099351,0.2333731407921325,0.2358369885511303,0.3875805776078768,0.3900821757199338,0.3265593726099031,0.3632074888618234,0.3818637325662259,0.4044095777509182,0.2395421758424933
2022-10-04,0.3399366578896965,0.3132519878955495,0.5627363628278954,0.4310179770238652,0.2734027982495044,0.3884328635140106,0.4301194790382512,0.2103506479443633,0.319019234349835,0.3908311854999389,0.3991296439493393,0.3114976546253544,0.3065069401784989,0.3063901929916112,0.2299899964767899,0.239095533534919,0.2387869266300207,0.4743175417937899,0.355499622160534,0.3787552446999563,2.4361007463719755,0.25377270166151406,0.2758817386134951,0.2308914373847682,0.2327584972315211,0.3783335940013873,0.380790555118553,0.3176851776948923,0.3499715176586673,0.3553535740427626,0.3869031702227952,0.2265511819888907
2022-10-05,0.3502840254103811,0.3387094830153829,0.5583269583052063,0.4180122958066822,0.2820396431081994,0.2879589255975437,0.46840353134841,0.2129738565154857,0.4012739172619634,0.3641681128987692,0.4149875647003416,0.3195298261980406,0.2743360229599036,0.2785807666136285,0.2152830032262059,0.2549013861746408,0.2377359927802412,0.5172315373504563,0.3494399080929671,0.3711141848996673,1.5576396521122102,0.2504181126293263,0.233168704893191,0.2525941921362758,0.2259080222918319,0.3794302318894291,0.3831992125425817,0.3304828065437425,0.3478618368797895,0.3911201270802622,0.3846854023064701,0.2405608253967796
2022-10-06,0.3802964523116391,0.3551444421794806,0.6051039935425794,0.4223474316016976,0.3479447481349408,0.3202884990850583,0.48347112876014,0.2925661448271624,0.3654849609531242,0.3816139072224435,0.3951521092998253,0.3437410837598026,0.2722664569004371,0.3009856974764151,0.2299328707570289,0.2591365899724158,0.2550767944823667,0.527768178773786,0.3570955605525165,0.3353709129765588,1.4776937452005003,0.30143237167757325,0.2591008749198494,0.2536719874911495,0.276494080589586,0.375778972769048,0.420303225063375,0.3380887481990866,0.356285848687278,0.394435384703996,0.3970736164941012,0.2361833443534378
2022-10-07,0.4003230554700753,0.371963987031412,0.6441379960098303,0.4374542560269714,0.3773537663539701,0.3103713905896753,0.5039306533852774,0.3049807541033469,0.3869236954225778,0.3891615117901161,0.3939682490921312,0.3489856396184368,0.2907094799362331,0.3280613220710627,0.2358504683199663,0.2659134614929791,0.2612453151775192,0.5350106234233389,0.3592717059414129,0.3534995967528191,1.5574828075358855,0.29814041692153337,0.2641372536476066,0.254613398335965,0.2722465415328556,0.3836234261996674,0.4400878145862972,0.3476580119101596,0.36086638121058,0.3989015993702733,0.3821610825460895,0.2376076524684538
2022-10-10,0.4124013847780031,0.3943668086415423,0.6805042365373414,0.4654621131679904,0.388751566611262,0.3180972487265464,0.5216713105913532,0.3100457625975487,0.4010931946350548,0.4077450180140703,0.4115935640868838,0.3778386059943374,0.3003996415352903,0.3270643173068355,0.2382416857549533,0.2725442704319427,0.274416190626465,0.5664340810433899,0.3809303051804821,0.3658025419840841,1.6302714225568389,0.3071157135851064,0.269712597722094,0.2590851982547445,0.2788389837629469,0.3945646420254118,0.458164008397301,0.3668302290053263,0.3818609569402735,0.4134699146084418,0.4016951363626591,0.2598573293919053
2022-10-11,0.412363007119074,0.4145370465897739,0.6868563993308611,0.4687975775971427,0.390555496994753,0.3293943765493263,0.537441650225629,0.3314313348040422,0.4304478794407001,0.4200235760049375,0.4301149252284164,0.3757335782951109,0.2948307056529458,0.3195972557861987,0.2287366922691656,0.2828825734294346,0.2694863030522357,0.5917210217907184,0.3931787203916899,0.3803547105442215,1.6546167407017054,0.3103380401703122,0.2792426722477291,0.2673105879634236,0.2647229460619933,0.4073175968530381,0.4576658904850717,0.3604249163411819,0.3877452279330927,0.4204541078927757,0.409290289624236,0.2742124858758237
2022-10-12,0.4199059738688389,0.4078805339044084,0.6934806456179845,0.4929984261952551,0.3958574853258955,0.3313466353111916,0.5449827560784434,0.3308039082743984,0.4178448455860769,0.4276871440395551,0.4426201730671316,0.3763211818285006,0.3094591636414628,0.3298166878791874,0.2392105567017938,0.2793963706097842,0.2709909490788729,0.5878253388095249,0.3805960712368659,0.3795052810385945,1.724106397186446,0.3278888946544745,0.2864375786675965,0.2749897996109296,0.2760347622949474,0.4070155870529454,0.4640261453808084,0.3798764838559531,0.3759919139831641,0.4326114810818374,0.4106771049488172,0.2674441770154476
2022-10-13,0.395405429895884,0.3849598496804528,0.6645244553748979,0.4657554431347185,0.3854826403788285,0.3228122158494813,0.5297880855408594,0.325729551267867,0.3937880041759621,0.4180277294737963,0.4445540046980161,0.3630115797231831,0.3031366744607363,0.331881664634587,0.2276329864883597,0.261336114026889,0.2581093221374679,0.5762049095172131,0.3744053159475881,0.3628237240075805,1.6813038050289772,0.32812968959744077,0.2708564114203121,0.2752245148893965,0.2658547167380058,0.3852016028929498,0.464493041853052,0.3650341681974359,0.3724216856064678,0.4066644433370833,0.4089755391317209,0.253162564277721
2022-10-14,0.4153757744921271,0.4008959001034322,0.6977721344999985,0.4754043181286483,0.3923376334142574,0.3256896844611488,0.5538727320216191,0.3301141366260344,0.3872681320621198,0.4106400927146767,0.4506808497580349,0.3628636568371695,0.3081163990563073,0.3001003251912634,0.2457605969857982,0.27116360159347,0.2592522852515113,0.5646746979539159,0.388991107139593,0.3783888744296752,1.6941628477127564,0.3250356418948326,0.2698739885035312,0.2707152377799565,0.2860108199418452,0.3949165212576248,0.4667316642225207,0.3805320446602526,0.3906416407572518,0.42519811874397,0.4052709620602413,0.2522057543004711
2022-10-17,0.4113092629549174,0.3801639993949703,0.6629692515318943,0.451616588272445,0.3748762817380531,0.3328880008165674,0.5334212226396452,0.311358061572044,0.3521533534108498,0.3890779367969145,0.4299636739019887,0.3656476494453475,0.3073271285405254,0.283662444208048,0.2337580456824261,0.2629927608254924,0.2512586294427441,0.569602749777521,0.3703555148687737,0.3564702263998842,1.7600040072368222,0.3215604393088661,0.2725228042039803,0.2713364568252509,0.2666815446697387,0.3877128946976347,0.4713683097199339,0.3661306508665711,0.3823982094871804,0.410146440203814,0.3994957299702702,0.2582656173002008
2022-10-18,0.3967149145851825,0.3843359676655785,0.6670257407805616,0.4405888720018369,0.3797265381635354,0.3232788038768641,0.5358344060207865,0.3228266253106683,0.3405896433648827,0.353690444516886,0.4194087162811707,0.3650398591531378,0.3078053351984482,0.2757363169129934,0.2136860675035569,0.2540077640881082,0.2518615065838894,0.555864585652058,0.3621980549560351,0.3386697067745088,1.863313344745416,0.310406780844558,0.2528873519229128,0.2483164711372115,0.2625659982938669,0.3779619502356995,0.4518343931594872,0.3619974329031933,0.3561185396916173,0.4159233981965288,0.3747464186354476,0.2565502148716388
2022-10-19,0.3988589515828589,0.3916449908260125,0.6796408530973835,0.4443114714969978,0.3816521360527692,0.3288360464965861,0.5469099537159885,0.3159974110583272,0.355396552136219,0.3557297649181732,0.4167183802732035,0.360194934816266,0.2580223817440513,0.27718956629792,0.2058636120015064,0.2631604469605844,0.2439045440726524,0.5360913894878008,0.3619345048472517,0.3698961146037651,1.8211959646088192,0.3072200512831199,0.2112912995673385,0.2652850800432536,0.2610063602384019,0.3871418952087013,0.4417207877143783,0.3807220325909322,0.3559491226467447,0.4142749856511398,0.4071737298835348,0.2590996013435905
2022-10-20,0.3851600437327259,0.3887631904448165,0.6724224468681295,0.4495592087531425,0.384506945021573,0.2113475027278508,0.5336498888025821,0.3222528933089589,0.3402490133927643,0.3457603017802926,0.4302740996694216,0.3541702996716012,0.2680973464706505,0.2626997743981335,0.1978382694039592,0.2568141917086423,0.2537848735642817,0.5244649138399146,0.3655502901700125,0.3597155878900727,1.801988597908598,0.30540153795073854,0.2436918050104253,0.2643975275008881,0.2518903703212664,0.3861351550564754,0.4339204831059809,0.370477675848035,0.3544053175318046,0.415510083806815,0.3784705492579169,0.2504049445710662
2022-10-21,0.3953532832769321,0.3831701795161314,0.662148020504939,0.4339944731873189,0.3919831973885359,0.2056734097561931,0.5161695466517261,0.2740801844138412,0.3450668785659316,0.3370453977459334,0.3844599269198512,0.3505601983842897,0.2597423605851809,0.2632032283436814,0.1882316413535321,0.2541198404817593,0.2487104955603329,0.5236134646861111,0.3890845257416007,0.3529602648681777,1.7462581800900114,0.30722510726089697,0.2277821471076122,0.2674636564312613,0.2540199899163748,0.3748811264028147,0.4437465608914635,0.3548521097731254,0.3443922383249786,0.3955221812689563,0.3505332343692964,0.24249241966723
2022-10-24,0.3977752167296003,0.3963723297117191,0.690708953464517,0.4408906948442463,0.4050430402342457,0.2058255338906747,0.5428387670813013,0.2650475259883584,0.3366371494880979,0.3418299723580021,0.3732887991033567,0.3596346393634508,0.2547223069397894,0.2630643061546983,0.1996424755664449,0.2702194452247178,0.2549429994916452,0.5275179902697616,0.3988379595947222,0.3629132410827305,1.8949791758128312,0.3166594096607643,0.2377938040013081,0.2757561700806023,0.2578886267176278,0.3879712637146796,0.4624925360680388,0.3771116121027525,0.354142246129722,0.4443145529252524,0.3665781631893854,0.2483704614907589
2022-10-25,0.3825466259123806,0.3847728208263586,0.6752313834397572,0.4309117105595703,0.3911076065972077,0.1947918599064334,0.5349868971003849,0.2499777316163288,0.3222917953684877,0.317473509210618,0.3710536600083088,0.3695705601603292,0.2595017557610942,0.2587699426027203,0.1959611523418088,0.2707294963159539,0.2698252449154497,0.5059481090590658,0.3876501278825614,0.3493494207747938,1.900642620177788,0.309709554133441,0.2280759738418579,0.2252810172430595,0.2629525745493178,0.3735842366035383,0.4592246951251283,0.3605784386186668,0.3371559523941341,0.3545196545060756,0.3390143228148415,0.2288506888659423
2022-10-26,0.401104614999197,0.3691582258297739,0.6781446468992274,0.4263698609365428,0.3853774240630348,0.1925366991644289,0.5556253602149838,0.2491017012295793,0.3116312984224479,0.3045218822068939,0.3625463695220291,0.2931350199516699,0.246844581531899,0.2679941091015223,0.1871143266297377,0.2721484383865504,0.2646139972339943,0.4980847613555261,0.386257436243101,0.3505798913305713,1.9836719870660768,0.3084300078698381,0.2242618733370811,0.216637027595976,0.2482342117269555,0.3812826098369498,0.4473209681250082,0.3623411513655029,0.3387141768397283,0.355105249047424,0.3326743156284627,0.2481003909939482
2022-10-27,0.4537921836405733,0.3463403672962039,0.6784273567076787,0.4243592486811171,0.3932985749584766,0.1983496235987369,0.6796379335599417,0.2576969625124808,0.3036424248023452,0.2978366096098226,0.3575553101881589,0.2886752285127505,0.2336279714575811,0.2506002319825688,0.1918271058396579,0.2369789806039856,0.2637182507423217,0.4684114746207985,0.3355610853716613,0.3059667805871542,2.039034444476009,0.31171642521950443,0.2328640207224915,0.2083100784393731,0.2131855026095028,0.3781017931701954,0.4569129923042959,0.3626131053720728,0.3452698424081685,0.3548307694516936,0.3370639832268413,0.2184404687751424
2022-10-28,0.3188163735521888,0.3217328830679256,0.6631325765763815,0.4047812130966551,0.3762342094723078,0.1806057352924766,0.4415983467733999,0.2422474379507322,0.2879958461525307,0.2805419490333975,0.3449015966576685,0.2662091287965633,0.2265821670255277,0.2332622665534351,0.1816152910959798,0.2333372267589588,0.2741065632190764,0.4614263528673107,0.320203089882997,0.3048783008275265,2.0796638102329474,0.3013129939998909,0.2154181466855114,0.1952109692708504,0.2002870363098958,0.3637092490758802,0.4457265396216813,0.3480158470566197,0.2921404448010367,0.3432481721630733,0.3279508687386468,0.2270237879949647
2022-10-31,0.3371746786489169,0.3321520216368556,0.6967467913809403,0.4222951911508408,0.3964383653450615,0.1889548507888759,0.4460392283471739,0.2515502344238047,0.3024109307362196,0.2954390686343313,0.3546358076901728,0.281542237103472,0.2394883532280456,0.2432471252620147,0.1829307406281424,0.2270340078344074,0.273569482346004,0.4879366613757716,0.3307781096298714,0.3126184376762748,2.267914561361359,0.32154335547673,0.2250737772333301,0.2090453790386375,0.2035046861642968,0.3850130604525208,0.4696501870677559,0.3731414503810039,0.311513117482865,0.3403317478467063,0.3422926327693135,0.2240317087427086
2022-11-01,0.3404892030535386,0.3438501973683683,0.7048192740928915,0.4234748507846774,0.4033430073405266,0.1722886281366031,0.4685975853934678,0.2548684467708601,0.300707376076265,0.290398839056462,0.3561920521791055,0.2759646800806152,0.2303799322917514,0.24036854533918,0.1917292064274133,0.2288002546751155,0.2812177984650517,0.4796232484422401,0.327805551357135,0.3157834816856099,2.3109418825272807,0.31206385087879795,0.2208466940437539,0.202741250135477,0.2056146733951333,0.382977957511583,0.4733059295840011,0.3743561371668099,0.29804371144824,0.3534660329638502,0.3295191918873481,0.2268487886576129
2022-11-02,0.3566995584604721,0.319807496963814,0.6318983675897565,0.4532244040748838,0.4171942132054818,0.1848852242075292,0.4684780279016313,0.2375344607357095,0.3009755273995736,0.3025872529494538,0.3402927447350166,0.2778411498343378,0.2199567730512678,0.2452876595952685,0.1643001085695466,0.2298773515344793,0.2367830530561278,0.4391870217935587,0.3256865325345664,0.3186624913873008,2.363994343506606,0.31362464606688695,0.2164555341960664,0.2047727320337185,0.187494287637676,0.3796250067271667,0.4196020233167725,0.3795930257232736,0.3076273728893322,0.3228993034722682,0.345489261862068,0.2127855885420971
2022-11-03,0.3435377090324525,0.3253184257858464,0.6138372342322107,0.4801084611748631,0.3236421163925948,0.1879270837340903,0.4527043926625434,0.2428909056284648,0.3032732951562281,0.2654124123683206,0.3423094258110235,0.2829758906156471,0.2186732609844071,0.242079387686462,0.1594609185621386,0.208280154674934,0.2410882379807336,0.4388912143326047,0.3239600366870459,0.2918918423404469,1.3753101913286738,0.25230532978165493,0.2320375433141352,0.1739575151360963,0.1900799700388566,0.3491076770820919,0.4071490849031282,0.3184021849269983,0.2802978327787079,0.3268208562574464,0.2772645893710439,0.2174459186742918
2022-11-04,0.354913945574876,0.3151251081212367,0.6087778429522759,0.494524138625006,0.3322700303142735,0.1742217342558615,0.4357595834936935,0.2450458130425109,0.289764726913722,0.2614846115056563,0.344797303264302,0.2907806512975388,0.2084745712035896,0.2401052788370536,0.1584166688411149,0.2067904222593638,0.2173668790678583,0.4345180591984279,0.3205057086977226,0.2659249786359692,1.4356407183110986,0.25353116369093337,0.2134730289738053,0.172033791737079,0.1828277497234115,0.3560046146703777,0.4218045997952158,0.3177668999939859,0.2728876015388791,0.316309312936402,0.2813309237638567,0.2028419807924057
2022-11-07,0.3585998049213001,0.3167542433221282,0.6101063596458978,0.4906077844209368,0.3331923762946164,0.1784431654255016,0.4421889288442401,0.2419029508800075,0.2951131643712905,0.2587477196815421,0.3504327905086006,0.2789833047619407,0.214171484501558,0.2330409913762261,0.1552568793007687,0.2122375066345916,0.220582233182608,0.4393512554815804,0.3301127574063249,0.2742244978632158,1.4819005910386691,0.25732121701571686,0.225672712692235,0.1728385143554842,0.1785575693165988,0.3638926212627112,0.4459521553292686,0.3141173803298713,0.275928191018634,0.3166189713024813,0.2715681873262451,0.2037273998888454
2022-11-08,0.3636436624408788,0.3218036871963096,0.6167622053104058,0.5015051138759938,0.3283625668221907,0.1830566254493413,0.4501107585376873,0.2332475653747753,0.2966777470971368,0.262487085595846,0.3446310531531084,0.2835466654436636,0.2087950901728725,0.2342625068025019,0.1492718861484817,0.21902888018435,0.229965675700856,0.4436391362551608,0.3389100847894836,0.2844018445480363,1.5411593784005455,0.24903282547963781,0.2284447920368135,0.1756763412655634,0.1769743398122407,0.3730278113078057,0.4631614121005033,0.3240420052913622,0.2768015597559853,0.314631013056522,0.281026467299817,0.2060397133705867
2022-11-09,0.3806353990459125,0.3365256297031057,0.6336486586709836,0.5203460690623721,0.337414464591574,0.2390491781546791,0.4707501477274069,0.2380880337945463,0.2998055763440495,0.2671831269442226,0.3589695100977207,0.3061128712261259,0.2190886896766461,0.2464346932260946,0.1565962706152581,0.2179747960201003,0.2248292410623918,0.4542383162268426,0.3392411440269613,0.3027247414496294,1.4926217202786665,0.26668952457131895,0.2275777012801778,0.1780098445754807,0.1791744127879067,0.3712081318230518,0.3880957256917829,0.3373556575275044,0.2947236398947531,0.3258115966566911,0.2910659892768635,0.2181097881784279
2022-11-10,0.3310032228459,0.2897468651600034,0.6018332559167588,0.4808858748729158,0.3227787964567518,0.2222186137803246,0.4419943800742815,0.213935276055476,0.2801786620806901,0.247507299202523,0.3322287630101497,0.2879652570286826,0.2010274971428293,0.2325000237329781,0.1362450518661402,0.2055463265821822,0.2036963714355794,0.4372978139300993,0.3223266798052967,0.3153929127850513,1.453224130560681,0.2538007647727266,0.2021735786304311,0.165386897383029,0.1699309884901622,0.3436907632772766,0.3531111369205653,0.3083010302272421,0.2744028467307259,0.3130338331820531,0.2581755663762816,0.2010444764406248
2022-11-11,0.3154886913870717,0.2977976479420721,0.5903500129400543,0.4775963103911398,0.3286621328092662,0.2110033617483961,0.4233647000185991,0.2258970495136533,0.2744415519570179,0.2410068152008682,0.333517119452333,0.2731134811220397,0.2035688097710137,0.2491353136878647,0.1534833685043848,0.2025595956751015,0.2016629268399363,0.4278374706413897,0.310312971405153,0.2990887550719538,1.6467907775311932,0.24341860499405502,0.1952363511758382,0.1470510233646211,0.1611725322720105,0.3469672823945844,0.3384543378575378,0.3005560006978049,0.2579057180447225,0.2953999132236046,0.2646115625397389,0.1811616985835508
2022-11-14,0.321285151926241,0.311771288235833,0.614475564435515,0.4902566289084553,0.3245418040294391,0.2222745133746068,0.4471550111109282,0.2366873110298133,0.2744131004580294,0.2507826178510425,0.3296235358321187,0.2815685148975546,0.2096210461552747,0.2472890000361728,0.1481049111407763,0.2121965580840319,0.2124707065174738,0.4249598387587469,0.3149870334078253,0.3105247843884758,1.644934329809221,0.2932639317816873,0.2102020214994335,0.1657507011880387,0.163969260305366,0.3503733659879087,0.3470609646416064,0.3516541773503256,0.2621039124174618,0.3193160479655831,0.2649612067838,0.190582534024251
2022-11-15,0.3268967087494987,0.3060242765539836,0.6255353367933736,0.5155852780054081,0.335430805615781,0.223607606030165,0.4456552527954331,0.2369888451177654,0.2638851192502802,0.2452120403905987,0.3324467588855344,0.2810670895501606,0.2160660395059885,0.2454632887372879,0.1449498560759287,0.2085001183058145,0.2085849331397364,0.4211979140987624,0.3255326431166443,0.3235137333296771,1.6721173259974935,0.20485296647128517,0.2097839957596286,0.1583215774135239,0.1632896926629978,0.3491838807753281,0.3482793287362516,0.2727756654273748,0.2583995818082338,0.3130655865315714,0.273480190638011,0.1871774468483004
2022-11-16,0.320947460477996,0.3184972232392942,0.6379645751252216,0.5286852804715638,0.3506070728723457,0.2177083096121875,0.4544799188459349,0.2331890553932406,0.2616175801504859,0.247225389618019,0.3323123386975229,0.2839400172970402,0.2104763654314716,0.228640874710328,0.1458139144949916,0.2039643895741287,0.2360960456580008,0.4174780405918862,0.3160235893955083,0.3218432323004399,1.5985226216390445,0.19084047167656817,0.2148670680077992,0.152316801065344,0.1649057257473513,0.3446226513984347,0.3468405349947907,0.2817968757454262,0.2643725365413022,0.3162161231296168,0.2716535104986859,0.197537277598051
2022-11-17,0.3185117633889699,0.3106615919625498,0.5516995500287005,0.5392721991157051,0.2446417310280492,0.2166101242145246,0.4488899710667158,0.2257946997320634,0.2580617986261542,0.2473883489161909,0.3345467769611842,0.2812669529185786,0.189590741071022,0.2288277966614198,0.1406165535368584,0.2074634134130478,0.2390739489764841,0.4035204519976942,0.3088449967398279,0.3135154242465279,1.841382121205168,0.18734676767541827,0.2026145621743423,0.1500993938909086,0.1550152605799062,0.3407879630536347,0.3606929625504824,0.2752573619292828,0.2969263025248007,0.3317324638181992,0.2662136619378505,0.1809746195334068
2022-11-18,0.315872685780389,0.3047308700250482,0.5276417610454761,0.5237991658823001,0.2379054441866395,0.2013704330455424,0.4401460257576544,0.2114047536436808,0.2554826262788196,0.2351208572606654,0.3242760965989263,0.2675724871691697,0.1815709822209242,0.218828059426976,0.1274980791811741,0.2022373664055344,0.2272158179201448,0.3978108538430204,0.303159078073934,0.3104777717620095,1.869989992347744,0.17431966187915113,0.1775429625582663,0.1357621438812861,0.1502308583584834,0.3337230328828396,0.3434731423247939,0.2623586829498947,0.287609948288033,0.3158409653142329,0.2501755408430722,0.1845768080073158
2022-11-21,0.3201886554011222,0.2970650165942918,0.5350771685727689,0.531670302713491,0.2323916119646345,0.2030833597575021,0.4441680739981209,0.2266119944569818,0.2571708644561883,0.2263658237401889,0.317473701843913,0.2674048378788596,0.1818494953177251,0.2275997702584025,0.1562157153579381,0.1960118465871674,0.2400375558153387,0.4030747068886465,0.3017112563646105,0.2923506725415324,2.0113042975031843,0.17811301326163784,0.1792029946947556,0.1318602852976655,0.1419010143389607,0.3393099504402411,0.3443169475196891,0.2645903014305695,0.308595559395328,0.3323893491332076,0.2551224246659682,0.1847960040762664
2022-11-22,0.2989175662717225,0.2844175235055695,0.5086223005347861,0.5107801268179875,0.2189677461882459,0.1968765583055693,0.4322176705096276,0.2060338502000162,0.2411914697983079,0.2157515571490484,0.2929594292960971,0.2532869381803661,0.1675572031887646,0.2088301336264012,0.1454546771443582,0.1766803473433611,0.2325641397730919,0.3856264684305834,0.2770586301855652,0.2892688084373147,1.8125710450642805,0.1596771106738975,0.1654631516547015,0.1180222477989164,0.1320200063038265,0.3193703472400012,0.3410923833338449,0.2455230650904576,0.2852040644423664,0.3136924642551566,0.2350784990650343,0.1723890725477514
2022-11-23,0.2965267008305778,0.2728261299266465,0.4904471852268903,0.5098691492603272,0.2169955762156593,0.1886411607316276,0.4199726919572254,0.2027093316156085,0.2255887410330867,0.1976892487180397,0.28707277998233,0.2361596395807774,0.158477793330473,0.2044850303760745,0.1389948671159203,0.1779987126999134,0.2356020380414079,0.3688945716180175,0.2784374590689024,0.2764199047525593,2.106136674417596,0.1521659700232483,0.1609317632243808,0.1120183587379911,0.1282725081118182,0.3041572256729531,0.322921457628073,0.241124277374247,0.2718035357564353,0.3036970588093317,0.2182615387149228,0.1638733062195214
2022-11-25,0.3109902760833897,0.2761385605410281,0.502964938648019,0.5263148327592906,0.2143195797833233,0.203600154344248,0.4370414048684688,0.2087303617510507,0.2272881897802468,0.194569327214116,0.2773054875586453,0.2401661994526884,0.1568280283206337,0.2039740089727044,0.1406602444224872,0.1771208022727251,0.2409101367469949,0.3835250313786909,0.2823677949082056,0.2890856958246339,1.9726753200737133,0.15480166378003019,0.1556610525346239,0.1042284728407393,0.1277578736259283,0.3092616931526269,0.3371214008573711,0.2420195804124444,0.2753872268136421,0.302403557263016,0.2113359068126086,0.1717777479753916
2022-11-28,0.3470763605800014,0.315118615296948,0.5390562840900471,0.5770226959997118,0.245638184645909,0.2255971842163016,0.4595733226019267,0.2349061004077273,0.2666728889547867,0.2257962432513437,0.3266248315575772,0.2693789936719201,0.1798482985241678,0.2206150854794671,0.1548855196523434,0.1995012073711234,0.2507741331121269,0.4066011185286494,0.3132505773858187,0.3293309781363349,2.184470747490764,0.17089161718310752,0.1775862034350542,0.1195023785706408,0.142373370782247,0.3340492715607566,0.3612653417907501,0.2753796282905376,0.3079181267687852,0.3296863109684645,0.2385068536000234,0.1940938193633964
2022-11-29,0.3596872162728681,0.3183924903958551,0.5361768451351372,0.5984560508537865,0.2290211239411572,0.2093541076190274,0.4649203293255353,0.2160948279016252,0.2521522875305926,0.2231151710273863,0.315818906029607,0.2633934287149616,0.1656571007435985,0.2093416460609674,0.1642035745476494,0.1884963145775991,0.266120666249322,0.4100736319217056,0.3012434997122236,0.3095558649675968,2.34606472472025,0.16847350820368567,0.1782341658306066,0.1243130674761957,0.1455139906152864,0.3241473597983553,0.3586897590706774,0.2695108697261084,0.2987633487578295,0.3242181293692283,0.3084610287430179,0.1877209798448388
2022-11-30,0.3147734300482483,0.28891726226773,0.5090158285768898,0.5795623488456286,0.2155548867854337,0.1956822540602396,0.4221552712018561,0.1970862399288243,0.2367787332227898,0.2450671200360148,0.2907354970673253,0.2267725126570645,0.1629303484390988,0.1780985293177607,0.1352869072734078,0.1705094173444495,0.2720541278294821,0.3880909942116601,0.2873404877889863,0.3021218814084924,2.4195710427250257,0.15310893036921697,0.1619926498996423,0.1464793802377806,0.1647058578348365,0.3056812245948876,0.3271917691670848,0.2828760134758263,0.2745188729644751,0.310345248622995,0.2984308583483499,0.1765561926883895
2022-12-01,0.3175897001101924,0.2972137431384318,0.5209547110807751,0.4137609738783871,0.2261960702525106,0.2010111557275923,0.4245849432945646,0.2169310005825412,0.263499878489414,0.2620138722730739,0.3145944764441425,0.2634471573734526,0.1629771387179146,0.196921290291573,0.1530640977400853,0.1833899071365612,0.2498356048393171,0.4080925121793862,0.2903118551679656,0.3114655656095781,2.49832914692198,0.15616669943945682,0.1727850051087368,0.1656378719016197,0.1623152756091978,0.3114947509770774,0.3410663312749443,0.2803285110871787,0.2787212535140996,0.3114281062745822,0.305895021027021,0.172024741052177
2022-12-02,0.2960101216515013,0.2771735177594164,0.5028085325788072,0.3955396597105304,0.220768521946816,0.1950711054116039,0.4157039211931634,0.2202723113403663,0.2469555843336103,0.2405422508692507,0.288158932827375,0.2415203665079052,0.1444953622222991,0.2067555518459358,0.1383511389340279,0.1813483828886928,0.2418210226250224,0.4105950701300729,0.2880871463248737,0.2969479378212179,2.63904539065926,0.1457768735726722,0.1692239785494469,0.1594534564770066,0.1593930214019072,0.3193322239427267,0.329085372712309,0.2749979512788912,0.2727196141957176,,0.2861108745006422,0.1590000786348226
2022-12-05,0.3479258627487837,0.3337748387957492,0.5558559983259376,0.4518190232780186,0.2413744982387013,0.2191115618722608,0.4689552843977401,0.2489797693160023,0.2932587013467175,0.2825946431851308,0.33852953681231,0.2899695538320983,0.1797040055214014,0.2352986187087112,0.1565972941670114,0.2002020769859225,0.2485008656242014,0.4790542864306619,0.3125908766429307,0.3555951246855304,2.8251361337276,0.1627101981061073,0.1934725414614656,0.1784838877261221,0.1799772309646661,0.3703264212594852,0.3756990439015568,0.3269212274851464,0.3011392141219884,0.3521950302848423,0.3231781880662621,0.1944410721555086
2022-12-06,0.3270954776609029,0.3052856315638292,0.5320106183353315,0.4143402906705012,0.2078510329635865,0.2258129390017084,0.4308189282615011,0.189328999808238,0.2743676242733158,0.293896772152973,0.3025994015717756,0.269261041772531,0.1994407977991568,0.2524391411832663,0.1737958540796498,0.1942699779760644,0.2215472609049826,0.4131771408532381,0.29433351862338,0.2951733903648252,1.442646278451175,0.1768620535225145,0.185163066076346,0.1784014953509319,0.1869684912392004,0.421137282999069,0.3613250057717431,0.2966232699935135,0.3186945186162459,0.3114057003825382,0.3123603131762064,0.1799941319530766
2022-12-07,0.345083580274636,0.3107589282806297,0.5412028376090267,0.423855146556563,0.2225058803137223,0.2285668133236457,0.4347608914862594,0.1911003451572733,0.2837653503790535,0.302260416099879,0.3047022347715711,0.2709378717518647,0.1991131985420708,0.2472591012950031,0.1762986746796745,0.2036683370156027,0.2220371611553735,0.4134572130427953,0.2899360557366152,0.2940124579697058,1.5113396355755009,0.17859980424646069,0.1869704922193212,0.1816793469324291,0.1879422787696967,0.4246770967543975,0.3668559435090478,0.2904686624388992,0.3070431803655816,0.3258028334388971,0.3100002602233965,0.1811336414052959
2022-12-08,0.323992266011274,0.3056379592112553,0.5349060714160221,0.4203013171280548,0.2043438954871409,0.2066004958370958,0.4207144268221137,0.1917453408718802,0.2622521374691567,0.2929526891917249,0.3012171836434385,0.261092896961558,0.2099506953322085,0.2299230622117903,0.1693840512142161,0.2043741519834485,0.2187668246251402,0.4065061130162544,0.2905969279718342,0.2875619523206858,1.518650824640291,0.1904459544368118,0.1872262473667456,0.1606757017125103,0.1881016426726686,0.4292930107791569,0.3362780255439646,0.2819472764586077,0.3043150838966417,0.3065749656557722,0.3040676867575904,0.1726112410466284
2022-12-09,0.3432406809464774,0.3093819124621124,0.5411754951812129,0.4160081424765985,0.2150930761755293,0.2198611802929974,0.4284853401116718,0.1820995332865874,0.2729639905329682,0.2951693063376622,0.297459567716172,0.2631040008556409,0.2243505092749324,0.2473880778680934,0.1679104415099843,0.202520312810179,0.222898097440906,0.409907796680269,0.284933730232408,0.2886167266665833,1.533142939801308,0.20025654449609784,0.186774757439185,0.1768905992018571,0.1836874302765852,0.4278985203785861,0.3416721534121221,0.2801193643592892,0.3167602101694982,0.302064709168179,0.3059161881718887,0.1786530919579677
2022-12-12,0.3350978738850796,0.3082337459587193,0.5545953958062615,0.4076569007627194,0.2055533769812227,0.21251136072992,0.4349246783699606,0.1836876811075529,0.272540566427237,0.3006493405579977,0.3080412384455971,0.271543838469779,0.2282092515020866,0.243334636941548,0.1575580296377618,0.2071146905966673,0.234369391452313,0.4147875273816148,0.2986042128007414,0.3022835257692871,1.619998632494246,0.18809664605199425,0.1968951934636491,0.1650696149845976,0.174479990155938,0.4411745892984389,0.3521467839381986,0.2838074896649902,0.3152436992628442,0.3060451048559507,0.318106844067041,0.1829843474581853
2022-12-13,0.3182659382814853,0.2941233680504762,0.5220832187633907,0.3919466013438398,0.1965249615178552,0.2076779667344577,0.4074110824447574,0.1706343025578864,0.2528799925882236,0.286603608751842,0.2808744027027934,0.2544753796752523,0.2225717126067205,0.2499547274081147,0.1571494657620053,0.1852064359893573,0.22881867625732,0.4032463012783044,0.264777827489807,0.2912420269660654,1.6509860954952849,0.1915225706329222,0.1890547711288656,0.1634857799210699,0.1816615023151514,0.4067526599628124,0.3349185561942547,0.2710418619487709,0.2903675932114219,0.2901240974855524,0.2802447624401245,0.1714079899351852
2022-12-14,0.3093505943952059,0.2854567625388047,0.506948462712624,0.3785329610790342,0.1925924396672523,0.1985786215530543,0.3936116141542613,0.1691729885228163,0.2437519026390893,0.2852438661731039,0.2779248651354189,0.2412075442212317,0.2236780068594923,0.2340362078819701,0.1514743011336136,0.2073615887897582,0.2227954902281114,0.3803668290006399,0.2704848256827156,0.283885328712779,1.6340842082936884,0.18729571618777804,0.1697956557128631,0.1579444113430849,0.1727026609367999,0.4062593469809492,0.3238952286777194,0.2656395177145031,0.2965094842711313,0.2957200374411034,0.2727998570758974,0.1660589088742182
2022-12-15,0.3518223332596234,0.2979932264793488,0.5254307766336352,0.3921179417527318,0.2075017921239997,0.2317009057069537,0.4144546898457814,0.1700947102953061,0.2632502988633607,0.3041289669022476,0.287663770666799,0.2599815852086926,0.2192272245225203,0.24641107119402,0.166289038870483,0.2048002067713474,0.2331355305501645,0.3800325804354732,0.2790647474492498,0.2702181676289634,1.7383539369826155,0.1873879451924002,0.185527884742518,0.1753288632083045,0.1734202132706718,0.4111961795375712,0.3449372350191029,0.2753192341807137,0.3021673505332324,0.2920877823719011,0.2904917493927261,0.160580909294067
2022-12-16,0.3435565911883637,0.2766459801125048,0.5242709737933632,0.3797881381368307,0.2002143285753742,0.2132112072207271,0.3950613730633293,0.1768158860851324,0.2534649313889439,0.3006673893930689,0.2971170016596328,0.2568946369325323,0.2126280349066195,0.2457220758061447,0.1580704625943665,0.2021053142016095,0.2190035634084362,0.3798032600342041,0.2826760807343439,0.272274720542641,1.7183965943061148,0.18231751685146041,0.1743424049223304,0.1695950688845681,0.1673070291153569,0.4229694166135182,0.3390606243669621,0.2811113300068756,0.3076451519231951,0.2931235132256728,0.2874117184313552,0.1742837859243168
2022-12-19,0.3446425492944895,0.2908232529019317,0.5227845684069741,0.379085930241785,0.20131001903704,0.21447861414184,0.4242427684955461,0.1762367254598412,0.2516869451379073,0.3016957340814122,0.2986831183917124,0.2559421133112901,0.208144669630219,0.250124616884414,0.1552280432354567,0.2072307959125896,0.2171780478072574,0.3709559393426392,0.2844981107337671,0.2821836171406367,1.826452567674748,0.1834464124194839,0.1824641186811354,0.1658991327286551,0.1745869652975194,0.4526951561443135,0.3596898399457272,0.2860588264036506,0.2881487339581306,0.3006362463066658,0.2880439488615792,0.1810961415659142
2022-12-20,0.3401066114210738,0.2967878786570099,0.5243836084967485,0.3828441156806567,0.1879084846572829,0.2107194454171178,0.4192951599447275,0.1753314824815907,0.2456728440970457,0.2961215018695782,0.2908140908509091,0.2472818187285227,0.2074500757985163,0.244065054609931,0.1628636133567473,0.1988602424107256,0.2151728813836037,0.3659272127542543,0.27393258276151,0.2745415984606669,1.7836812273272076,0.18197339816580332,0.1811193083310564,0.1623480560565707,0.1694136075362463,0.4489939918639963,0.3489009282043741,0.2804468832662352,0.2847671465989658,0.2953920047441127,0.2911886325861825,0.1740420562121165
2022-12-21,0.3198721312698609,0.2804059395247174,0.4987542511262622,0.3636729048246279,0.185679219031614,0.2070365116440863,0.3938233844202786,0.1627996621518006,0.2349435037377854,0.2786587697410623,0.2738749852355023,0.2320548597239537,0.1842053036776574,0.2351569291210757,0.1486723205710461,0.193770533239238,0.2027168911316353,0.3534528266668836,0.2519405963627169,0.269483631754673,1.6785693263062118,0.17378329790839575,0.1622435542539698,0.1531005662045124,0.1613334322544569,0.2850301182024101,0.3328384106571644,0.2631621140873267,0.2718566946375437,0.276468592691356,0.2697093493404117,0.1699304216749966
2022-12-22,0.348549511920614,0.2934442327488699,0.5519041491528184,0.3827512565026614,0.1936119671064312,0.2184220564635564,0.4175558266874253,0.1626195219598485,0.2493339205546181,0.3005879841953948,0.2946719235635365,0.2562286920597099,0.2167359678978228,0.2467490932471141,0.1692606086144246,0.2019917456757751,0.2118453494178347,0.3864469716550432,0.2775375142649595,0.2903349694685866,1.874720027440525,0.19155042833055808,0.1758242668998798,0.1723320842406813,0.1787118666219148,0.3058738905202215,0.3525271253620322,0.2806245406411255,0.2936089271731145,0.2953275490770306,0.2837308135261692,0.1721930368246119
2022-12-23,0.3362117827297827,0.2983201101151583,0.5397109068632309,0.3699585937965867,0.1806898493242613,0.2064886634333693,0.4099730592530938,0.1575995910917828,0.2383326695974939,0.2929906400619902,0.2779948438287816,0.2449008181287798,0.1879053455063152,0.2275758450256127,0.1478573482727312,0.1907642756026023,0.2068434848533491,0.3597001191994395,0.2615590433155848,0.2708192496767458,1.8540768393013505,0.17737599900593023,0.1688150196655945,0.1545755223599568,0.1648038008669481,0.296065009551153,0.3443061110446128,0.2698742534575705,0.2677793326956804,0.2765337880568538,0.2638728949173816,0.1631224710165484
2022-12-27,0.3664677756009944,0.3124288812751225,0.6003430686314506,0.3949964078423374,0.1931510013047007,0.2194678358723821,0.4401548333698237,0.1603750141299891,0.24573880050959,0.3128086152091158,0.2948538514155745,0.2540560805478557,0.201090366344011,0.2458062547021911,0.1595531541284736,0.2020516575991711,0.2198748870277664,0.3778733626140109,0.2752338195125209,0.2938777548589322,2.003063074173342,0.18986808490397733,0.1740338133024241,0.1678377436499422,0.1780820532639099,0.3093272947656797,0.366845622782508,0.2801884876728739,0.2801013772004999,0.3016911330041137,0.2833264098876284,0.18203006531261
2022-12-28,0.4008187834038569,0.3174942250245487,0.583055797874159,0.3977028044854586,0.1987923845214766,0.2312613195880173,0.4487474577958794,0.1719742632158333,0.2622476939303463,0.3219977562909398,0.3065135374592716,0.2651697650385001,0.2158983471048628,0.2532223251041702,0.161545821534201,0.2078244923150292,0.2249369862894004,0.3857787293566483,0.2898124000423569,0.3111872898060463,1.939820351418608,0.2049342235277205,0.1897762517314822,0.1685138003418799,0.1813908620364026,0.3236023941368047,0.3827208233061607,0.2907097416699564,0.291114095035161,0.3031619320810116,0.2957447934677641,0.1899848099034811
2022-12-29,0.3639210970380048,0.2992874317051203,0.5472902422682975,0.3716523561566385,0.1827784680023209,0.2156091754840353,0.4187180949254048,0.1659882767160085,0.2536407778510997,0.3054571013146437,0.2818295795522035,0.2457639201154502,0.2087158186532936,0.2442079484186448,0.1564247632842688,0.203663390290422,0.2105400960796838,0.366208496433264,0.2721880497802885,0.2972473099383776,2.0849659066145736,0.19606493771055206,0.1850748192239171,0.1617584695261908,0.175391501853941,0.3060196665838444,0.3625994042388297,0.2753308044172629,0.2800308566254815,0.283360320408586,0.2823595087161625,0.1780747016407423
2022-12-30,0.3636837135201513,0.3043945114864795,0.5439862465927887,0.3750392923286315,0.1830247270378981,0.2187336728486032,0.4287443626883664,0.1535656724435311,0.2573964775477383,0.318728207727564,0.2748360293028196,0.250334594994908,0.221341479388896,0.2420260427981344,0.1664277078457017,0.2007993277621697,0.2184461683430413,0.353349779005174,0.2633749136518662,0.2989589798650157,2.113509332144757,0.1936425956905733,0.1857851560632105,0.1628956120122419,0.1788040141948913,0.3033645772906736,0.3608487368246381,0.2890671193833293,0.2778665469245827,0.2912131836351083,0.2940293930710753,0.1828894967833425
2023-01-03,0.4122824437924405,0.3229325165300194,0.585339639525551,0.3960714680692804,0.1889690715812096,0.223143782377595,0.4569509372720624,0.1558618770722667,0.2729031575830771,0.3423622479640322,0.3030478080629747,0.2640803165177026,0.2352545371597604,0.2779177592497078,0.1689802746493931,0.2170748959642349,0.2284509114327075,0.397323200694681,0.2855048384769291,0.3268067313976213,2.493746803264436,0.19519356926332518,0.1995402401411871,0.1815948068351126,0.1837463057618154,0.3253217451362811,0.3693678407069045,0.2982688815070454,0.3075422581814295,0.3087498282211688,0.2997984265251134,0.1810522848581291
2023-01-04,0.3765276289817023,0.3300583139960592,0.5657354219568705,0.3894539997845529,0.2437425486172303,0.2160058936696886,0.4430433937590421,0.1392701328291359,0.2719582915840574,0.3010838824359556,0.2904922274048083,0.2862024703001668,0.2412709771575684,0.2861599722355248,0.1537165066884176,0.2300197644028684,0.2272386006008066,0.3630182010610745,0.3157428456337008,0.3072739165844167,2.3502523897374696,0.18808997444526673,0.1814233456360842,0.1708912501156193,0.222945288370695,0.3138194696434955,0.371200057563322,0.2835968428919134,0.3067501861954526,0.3289432460504997,0.3167874934818127,0.1780916399287505
2023-01-05,0.3929831407613955,0.3586356191829291,0.5659596624405431,0.4066635560501782,0.2970910504081268,0.2616492613920296,0.5157546504519026,0.1957452467006847,0.298157499286987,0.3085804873173911,0.3581589823884269,0.2937574749723214,0.2287055845943285,0.2757728798901138,0.1693278740845073,0.223476373859115,0.2325790593834742,0.4023426057026653,0.3159647724182322,0.3270749942907126,1.427691354192885,0.19626753713278247,0.1844172839899518,0.2002434864489493,0.2154053875645275,0.3257462091652758,0.4283724764266601,0.2917151350282718,0.3033879782104359,0.3380042245560304,0.3294928557858148,0.1801607843042368
2023-01-06,0.354246890019056,0.3375653383737165,0.536169037117481,0.3841220718366465,0.2867865079817659,0.2449129820693832,0.5037246424319176,0.1899964122471511,0.2701421230521855,0.2883838938715324,0.3391753688811807,0.2664596525575771,0.2157602379002036,0.2602172336871872,0.1658897938604314,0.2210888246762196,0.217215660462843,0.3919871070339481,0.2986118741117889,0.2935216777079671,1.5593338636052538,0.19313481775647276,0.1673215365015269,0.2006151687393999,0.1959919029314286,0.3036713336444041,0.407336425071378,0.2767756113726192,0.2929873030509412,0.3260319947877353,0.2977147372515397,0.1711359212877121
2023-01-09,0.3639754824449565,0.3425820331185161,0.5518793493788227,0.3893869795997892,0.2991395253235955,0.2594400807806377,0.5235687629092868,0.2591936076386167,0.2908693244115216,0.292670357049711,0.3430868859574211,0.2751155027166901,0.2325883496154761,0.2650657218387928,0.180981956394659,0.2408878804964715,0.2341142360104427,0.4000847606367834,0.3074519515914607,0.3022866000746141,1.6298783527110363,0.19585722490694038,0.179433712365147,0.2024218225759232,0.2033173489981366,0.3076026558207051,0.4123699020573864,0.2796940359290694,0.2932873820826951,0.3412016400380522,0.312768593344397,0.1775388778043796
2023-01-10,0.3605376008309214,0.3289542650686406,0.5439607937359384,0.386875687461126,0.2810531285973914,0.2516911768933582,0.5117268695888074,0.2478298899505612,0.2747748335636297,0.2907372501820632,0.3398292989717981,0.2797577799825737,0.2384512360213006,0.2620199893780905,0.1786886662394473,0.2342862299189448,0.2268144388235804,0.4012007504444244,0.3078005833628587,0.3015302637442588,1.6825503885902202,0.1907472063163198,0.1739895931609116,0.1966740160373058,0.1998299038120858,0.3030915445330616,0.411551603949954,0.2737029479352511,0.2897609341937376,0.3580299238391589,0.2944934343583272,0.1678533780040864
2023-01-11,0.346213561380324,0.3321374298233545,0.5469682801638553,0.3876606109028565,0.2827898383939097,0.2542892871719489,0.5203451060828224,0.2658571634023661,0.2718474208260779,0.2855960629201611,0.3314831607624445,0.2849139168035657,0.2343409583426971,0.2613439381475487,0.1794394820621165,0.2305703721083265,0.2279494889715472,0.390021065652641,0.307818239263611,0.3079603188482902,1.5309663349470946,0.18878724871046543,0.1817629382897867,0.1997493340796398,0.1986367756672738,0.2967884757950912,0.4122616918295976,0.2700325046829439,0.2846493673514254,0.3525474071935466,0.3045595113729534,0.1695641836141186
2023-01-12,0.335864347938569,0.3123004067937369,0.5081650355023607,0.3602134351967837,0.2758031497729815,0.2480564007296606,0.5006632511312658,0.2419162229742419,0.2516307088297279,0.2702362488947357,0.3184837209238604,0.2618378731305688,0.2312022769747753,0.2561240640656838,0.1678622991949097,0.2249301494873662,0.223943369336329,0.3780250316335461,0.2918854671445931,0.3138191957637827,1.545863810991698,0.18048148159390998,0.1751782898672702,0.21193972366959,0.2045695854781756,0.2745947528224415,0.4004107245307704,0.2569682311243917,0.2710906950936502,0.3330896105897946,0.2976955543929311,0.1500247621956023
2023-01-13,0.3190499192862523,0.2986311819803237,0.4856944010548867,0.3466791385937109,0.2603954857569933,0.2413233826983221,0.4812709606879824,0.239856459027199,0.197514218991931,0.2337757093268101,0.3059878270971374,0.2489988506217947,0.2094245411273679,0.2260227438699336,0.1638409408916728,0.2165939021683045,0.2107088842583689,0.36208963104038,0.2765218143717919,0.3117890232965749,1.5775101751072544,0.17026270637382526,0.1659425995880859,0.1784889311397739,0.1843917296952907,0.2531805705727203,0.3772850047097367,0.2455451333008902,0.2492850715573914,0.3074626167248863,0.2882124760016728,0.1393545316111042
2023-01-17,0.3350882753979015,0.3168578390245449,0.4961387404533792,0.3533849742708121,0.2979085709995493,0.2475962306409518,0.5138779632563866,0.263656630402285,0.219058852116267,0.2551765122529194,0.3042239343972158,0.2541696442880284,0.2394512905545402,0.2234952276484572,0.1784586087809126,0.2204224158324221,0.2172300213167717,0.3724337684799822,0.2856585993984299,0.3059362836410068,1.7827886135516595,0.17709452264940442,0.174535376988838,0.1889318758042013,0.1905517630186322,0.2566891686653285,0.399209530129379,0.2508639497510297,0.2626208287260085,0.3241903948191829,0.2895499446789724,0.1508470010102306
2023-01-18,0.3364993354758734,0.3242374713692332,0.4984258405797003,0.3526485573039037,0.2929840042183322,0.259029257502298,0.5142129274180192,0.2794537730078272,0.2353700277385466,0.2426955929420664,0.3281252423138827,0.2686765325121822,0.2393845874283865,0.2293971869813062,0.1793430012761356,0.2168716311965026,0.2296814197338612,0.3628175614360556,0.2997027495715176,0.3299358587995365,1.6738306397253395,0.19336902318450333,0.1944888225724122,0.211206474332364,0.2166640972947676,0.2722733171606888,0.3975523178542378,0.2527029530312696,0.2719856243564318,0.3493844141701134,0.2789513141127807,0.1564125569852981
2023-01-19,0.3472665180175727,0.3466126839725539,0.510811948175871,0.3554117560892609,0.2894441251307259,0.2709784909097988,0.5105046276878462,0.2862942693380353,0.2366997979427356,0.2458576647228108,0.3365440592171366,0.2715475161244312,0.2317095760064272,0.238602540905338,0.1748274734316451,0.227011701819842,0.2319209231723722,0.3825125460112227,0.3328351651215636,0.3158824816772453,1.7738249431378157,0.18680060566060064,0.1972191028606076,0.2080411833149778,0.2152363163797175,0.2740396807943127,0.4097803930750984,0.2834586127280763,0.2669226416268524,0.3626252123953803,0.2852870003133479,0.1571562087682177
2023-01-20,0.3152179021272733,0.3017863151368798,0.491467672474456,0.3445989396781972,0.2859835281230274,0.2581432727636018,0.5014214891788583,0.2765382815775883,0.2246217019010561,0.2598722836898481,0.3247879381907421,0.2555867034763955,0.2228002681068225,0.2256646553665234,0.1689265860165206,0.2191081838899938,0.2202105809671457,0.3649117223400376,0.3261741039939319,0.3155210022520747,1.829859354192781,0.17831408851903352,0.1746329046903638,0.1973177257607335,0.1983682042093196,0.2618436552135977,0.3832822611019963,0.2597079571108358,0.2577377644545962,0.3364597476151447,0.2792953910498765,0.1555859659298358
2023-01-23,0.3264008759484956,0.3256093914713321,0.5402758590416364,0.3535218046542368,0.3051827848901223,0.2568545189879557,0.5144333506178331,0.2983217986244247,0.2268430187989584,0.2453937567416619,0.3218548227593824,0.2633085625292664,0.2440285350928277,0.2384429198868042,0.1839185577074434,0.2242078327392956,0.2311262442672845,0.3650522456508394,0.3315443628084996,0.317142977883589,1.806266046388864,0.17295053696704485,0.1834094675956326,0.1997671933321967,0.2104287555655844,0.263735826610139,0.3936738430028392,0.2649749476147596,0.2550402980555264,0.3445215280633968,0.2875094006851035,0.1613487356131274
2023-01-24,0.3291591197703845,0.3302824538311073,0.551671235709851,0.3548997375539041,0.3084512437839943,0.2654856847738656,0.534157327861228,0.2274860786814075,0.2250941940214223,0.2495103024760132,0.3168874804258712,0.2626290779535812,0.1691729404189007,0.2322265963496738,0.1513431944857584,0.2253506082277883,0.2303412578443736,0.3574158408296947,0.3301305364261289,0.3144118110929765,2.0381976526768235,0.17750232466061824,0.1730587117911349,0.1892852908692409,0.2130157287288261,0.2601058633403305,0.387275580607244,0.260486146254054,0.2530424405091283,0.3334043761075101,0.2836124133528845,0.1666033578849254
2023-01-25,0.3360172970430191,0.2667689375745899,0.5506336133010424,0.3557585567328795,0.318129847367288,0.2569809718406552,0.5405716384657914,0.2294943990358797,0.2183655867066536,0.2447578349818845,0.3192763284898555,0.2780117660573765,0.193095086081082,0.240428841622993,0.1407546245323289,0.2183530889943485,0.2340453643656199,0.3117887864036763,0.3379221392110614,0.31847894389948,1.9681864589543263,0.19082808240866694,0.1793060895678872,0.1956892827297804,0.2132949144297586,0.2667225457872482,0.3965736324524023,0.2612820626545744,0.2494032664606437,,0.2878698479474751,0.1568586461336783
2023-01-26,0.3194653210143933,0.2464643116754991,0.5362194393186986,0.3549085171677098,0.3060844756667739,0.1640916533592499,0.5189335884800548,0.2060272373123387,0.209394098683398,0.2318957296362237,0.3089783248429059,0.249606765699394,0.1974879558779932,0.2336962483155787,0.1466864485317017,0.2275030770999427,0.2350445815133528,0.3073012853727354,0.3297685166466092,0.3183530576925582,2.042419233585609,0.1814283978824934,0.1724636332309276,0.1934568725371329,0.2116548618814665,0.2630162990606609,0.3864850002906735,0.2607507568378324,0.2405641681390631,0.2959483721164007,0.2487008152534478,0.1548107202422318
2023-01-27,0.3025469678960469,0.248179347454474,0.5316642564511547,0.3526859636257325,0.3153152784984308,0.1512434692950461,0.5325931090640909,0.2067958705132035,0.2012381225508527,0.2289037227569695,0.2531735780952428,0.1861037854291386,0.182951932740417,0.2486628010054629,0.1425367673708238,0.23228465643146,0.2452204938344802,0.3096878405374071,0.3256076020993892,0.3287331136411293,2.1858110094678227,0.17803903393097253,0.1681750370490752,0.1968635649519501,0.2116689001790804,0.2595818759904487,0.3825942390506265,0.2556008753632622,0.2310014181544416,0.2863616738436387,0.2471265336013559,0.1517149319423852
2023-01-30,0.3766340279686446,0.2850570320790875,0.5735539177589086,0.3799417600200089,0.3574008755112093,0.1551057460055694,0.5876840388449779,0.2279955298600221,0.2357284939953499,0.2534904162947477,0.2831311186369796,0.2199378195454397,0.1969091579803993,0.2641061213356568,0.1869657522172654,0.2476646047913767,0.2566375181980209,0.3316439531590038,0.3627109126783353,0.3703513371234173,2.2028867016146214,0.19732009850595608,0.183541291814817,0.2050902767613205,0.2413373219401657,0.2946915808303307,0.4152425328818688,0.2830998637112122,0.2509879745514624,0.3055801052441137,0.2710407161671405,0.1831448892002089
2023-01-31,0.3649355045459798,0.2653528241100729,0.5760160164762174,0.3712703004203128,0.3471279710957489,0.150763116914107,0.5898815846358045,0.2138851711412537,0.2240016965964833,0.2438341744248597,0.2725040016702048,0.2094627741909321,0.1942669125740023,0.2328953820496466,0.1626601594518687,0.2461040172596973,0.2560169889225903,0.3165054734586315,0.2828633597514201,0.3660548817267997,2.401891904703948,0.18768302478114843,0.1778278586607759,0.2056043803957872,0.1941754785298664,0.285129788342873,0.4170594851411464,0.2695750014165474,0.241451335593527,0.2998678515224729,0.2643066246976622,0.1662105159521459
2023-02-01,0.3452327867869202,0.2239712557845284,0.5795447545744052,0.3483278602246183,0.3558138510968108,0.127719343827961,0.4385631610588245,0.1939537274376061,0.2071243274047272,0.2016759248223529,0.2601065261923331,0.1955283674192361,0.1822154665329508,0.2047592059824235,0.1250914164902566,0.2501798792511915,0.1627989865559652,0.3047200757203884,0.2622952430787911,0.2865990585097555,1.5060712444000863,0.17725050981235665,0.1654241445128835,0.1986936472505413,0.1634857691491684,0.2568191288440686,0.4215768165070532,0.2601631201230849,0.2208557800070754,0.2593742594565805,0.2058505476544777,0.1426649885895536
2023-02-02,0.2914335748474762,0.2389903906706485,0.533164835854369,0.3935881115014243,0.2529338183048475,0.1282474355446356,0.461000451631334,0.2033497237613996,0.2052097383059123,0.1975001060769475,0.2413255113436089,0.1945556319647315,0.2038423145557413,0.2422941212620313,0.1359058003747416,0.2017091685126929,0.1714078869400018,0.3187680540551856,0.2689723253019727,0.2729201122185091,1.501724559900723,0.21568071490196541,0.1750352828754778,0.1768009992035139,0.1418875421118405,0.2502360323343058,0.3367676410298486,0.2551346959579953,0.2309782402648682,0.2546981031962544,0.2061337842789715,0.138292503252143
2023-02-03,0.2705133570164325,0.2481298974369228,0.532516210871175,0.3993294262139998,0.2806862605458177,0.123504106365117,0.3675881584444295,0.1945253556485609,0.2110730231247159,0.1966069088073039,0.2438687463267402,0.1938308973839536,0.1859272479260043,0.2307917669346545,0.1273599700672447,0.1906988387166776,0.1701571496982948,0.3238151653688805,0.2528373012250578,0.2511689459462711,1.3855502486185678,0.23158823305553544,0.1569198886604984,0.1686739119065116,0.1412623382146088,0.250600430212283,0.3483535610296497,0.2706849385002645,0.2274483750890918,0.2641058413611057,0.2044495474471015,0.1391380742670594
2023-02-06,0.2823379256902645,0.2598091063423409,0.5553253905210637,0.4069013643046373,0.2891025056786156,0.1287085175965124,0.3830255512402962,0.2245746587526443,0.2207914956960751,0.205165159562462,0.2578267329740391,0.2016266576836713,0.1906725850521306,0.2256849199100858,0.1275129370213963,0.1950579748984669,0.1718080479483356,0.3289771409671805,0.2591846052564756,0.2620663623837696,1.636241204533486,0.240579536216312,0.1823611026280409,0.1861260855648061,0.1459965441703587,0.2731699340726111,0.358464690574402,0.2768633873051751,0.2306348144008354,0.2688789271919207,0.2143868314956094,0.1449048771584685
2023-02-07,0.2696985566477242,0.2507069857204168,0.5438745717287222,0.4121339486778847,0.2900260739219462,0.1275073073791776,0.3820622053821211,0.2051896819545851,0.2065068832887369,0.1977184993439066,0.248692676911561,0.198366661143853,0.1829122425632338,0.2276469040250762,0.1256236417491414,0.1939373477505177,0.1680870194653102,0.3240200696065377,0.2565631667918578,0.2644800506047378,1.4267301365088023,0.23886839388095196,0.1766855305350131,0.1819789655743776,0.1503470613824026,0.2708729580713113,0.3625986635455064,0.278423298104167,0.2206949552754989,0.2691940717078299,0.212581895845856,0.1316898996514415
2023-02-08,0.2916394022807864,0.2778588809788677,0.5595399905488257,0.4404912603805869,0.3029103528116101,0.1333799063158773,0.3981366052018631,0.2082195560883629,0.2121428177214704,0.2108711443322897,0.2534986473982247,0.2051423487727746,0.2017830248384642,0.2295487206936556,0.1264225391415642,0.1982313261315652,0.1710284867659497,0.3245579973356671,0.2601498452750683,0.2543331815378517,1.6295208202990634,0.24550147218643933,0.1750953694711756,0.1823970586623317,0.1539204816470211,0.2717570806863744,0.3778686792421251,0.2899245413561825,0.2357962746041679,0.2718108403987572,0.2164814607379748,0.1441275846457614
2023-02-09,0.2991923004524882,0.3013337074160359,0.5704122965570179,0.4640876518809839,0.3161777102226344,0.1905540263767139,0.4145121454145727,0.226849298746332,0.2373520914180069,0.2208326007166741,0.2645615346278831,0.2173370517162639,0.1959721339111122,0.2201493052912986,0.1326174006867244,0.1995165100446204,0.169199680822068,0.3409788349332444,0.2624811046200707,0.2721156054465512,1.5461357674212024,0.25141319410273494,0.193069859113465,0.1847801190302148,0.1549606022424003,0.2898854721471002,0.2986869776203096,0.2970084697492107,0.2360909748025497,0.290426097477933,0.2164920094501887,0.1599439024700583
2023-02-10,0.2969587915746582,0.284259880339707,0.575594244625923,0.4543529729582626,0.3139093682912886,0.1918741334430631,0.4012037962340208,0.2081513023000062,0.2338978633458655,0.2183129827890717,0.2614453990211545,0.228434784655712,0.201462782979927,0.217244572394292,0.1288844036769551,0.1877915865615659,0.1650279874736306,0.3282900273734204,0.2653306438453829,0.2497546929283254,1.605856412387403,0.24140567618043413,0.1719561515887225,0.1871972090208205,0.1531026018274212,0.2889984725689478,0.3026580393008407,0.296673910710591,0.2291660717254249,0.2832982532854604,0.20795428714339,0.1530616482341239
2023-02-13,0.2920663545129879,0.2879188730131836,0.5894005595234815,0.4553872702587249,0.3110623834864151,0.1963624781418031,0.3983823439808409,0.2151566913230269,0.2120201529478165,0.2134974953221312,0.2628337645822683,0.2156299794590297,0.1898326359202495,0.2159954737918667,0.1304338837017628,0.1880574516710867,0.1626744967719194,0.3361975969738514,0.2597394042533474,0.2602781124377031,1.7369431897809813,0.25193765841716215,0.1759129191657668,0.187878698285474,0.1466432490025178,0.2829560207399441,0.2968870296548344,0.2922834921048188,0.2269564095484132,0.2819320689785777,0.2073210113865209,0.1463259912523744
2023-02-14,0.2744128522135884,0.2704182915499665,0.5772800373667091,0.442255900675765,0.3074380467809077,0.1860073255096977,0.3764066755493327,0.2047915913472081,0.2022811128859061,0.2000883424176365,0.2496124251983694,0.2050742529939765,0.1929369428680974,0.2105443043257754,0.1192798148958504,0.1809130900320022,0.203336245566261,0.3214917026412637,0.2704235221779709,0.2388006564336491,1.718202519686885,0.2467307451554929,0.1683063793400195,0.1496147861519934,0.137349164270277,0.2679565622296035,0.2818303051491167,0.280129537812729,0.2128020548241035,0.2705181807042486,0.1951102695761918,0.1377846893830149
2023-02-15,0.2659644726986288,0.2677502915148333,0.5621243773884154,0.4372747030782949,0.3064104966032643,0.17902044409183,0.3651700804286235,0.2066240173910536,0.1972702173771725,0.1907437652859689,0.2455762717633458,0.1990928157345304,0.1789551899657012,0.1991643604445772,0.1256028836441257,0.1741536899381687,0.1928226133494278,0.3202832405402741,0.2384648713584934,0.2342110837725286,1.7759825412358603,0.25171687444742896,0.1581429673803647,0.1298084789110057,0.136202175734783,0.2582379493831999,0.2756802392003871,0.2779395291531443,0.250897160281536,0.2636517614651488,0.1769096046257577,0.1359656627847748
2023-02-16,0.2747581463565625,0.2848642315558742,0.5723192406008839,0.4430031419962461,0.2262142984640062,0.1760254007096008,0.3972101290235385,0.2083748094805835,0.2208934350042806,0.1972220764644981,0.2452747354950011,0.2062459463887347,0.1756968172091787,0.2032015081717005,0.1230962232476756,0.1902884953145059,0.1992138788742215,0.3199236959330417,0.2428203449908554,0.252859170207779,1.7291919794393855,0.25446310937448396,0.1813032078927778,0.1360207905910437,0.1376619550184676,0.2562836631614122,0.2971270776589745,0.2859966322389027,0.2590031304597682,0.2582496091185735,0.1878619879653166,0.1484164345539714
2023-02-17,0.2559728379603466,0.2699342895418352,0.5634317661201085,0.4520023533659511,0.207510994444701,0.1729333063021118,0.3714937664919561,0.1976713127318935,0.2195923089200118,0.1912078389765107,0.2515627766113098,0.2031606543255139,0.1718062804939112,0.1954581458817524,0.1601368959291031,0.1709977635739959,0.1940820208542026,0.3019028065140925,0.2368749819435455,0.2297305355343399,1.7785681016427488,0.25876511071861047,0.1645648529882461,0.1400067278456909,0.1275024069898847,0.253182662430069,0.286943783200816,0.2740869197033695,0.2529222130138595,0.253233501514727,0.1744208938172342,0.1460958236077931
2023-02-21,0.3023243669421536,0.3095136625046705,0.6055526506079383,0.4865060128477659,0.2367879950101358,0.2019515673428384,0.402373699924513,0.2288150122528587,0.2383234264523679,0.2236829461551566,0.2770257025606816,0.2250876856810763,0.1870847965891565,0.2207791199796143,0.1810385152452139,0.1924548592175457,0.2149648706065418,0.3398360717363827,0.280784034629595,0.267290196221479,2.0793666571242486,0.18469116432803215,0.1850359731650512,0.1546728175265111,0.1465810126000143,0.2743274811311541,0.3023173230675602,0.251027725771652,0.2745578134998198,0.279589160900258,0.2022495684565926,0.1808493835419024
2023-02-22,0.2942445584701572,0.2981399267418919,0.5997061922591443,0.4880776624605006,0.2337582103540074,0.1985854766756251,0.3931833423531332,0.2165703006855758,0.2358802412119575,0.2187382983928094,0.2603520732952935,0.223733049243027,0.1950359782718543,0.2122120527338104,0.16818903570245,0.1941306074501416,0.2190977116307811,0.3340514558021725,0.2800412252840695,0.2662314366898122,2.079974736089205,0.1841323239147067,0.1797942794100992,0.1480357203135208,0.1408486351463589,0.2733857227179559,0.3010814121478976,0.234192253873092,0.2723544021651422,0.3004176867963615,0.188087093268106,0.1698720735705102
2023-02-23,0.2800207975972089,0.2845396832060792,0.5138853081989242,0.4780176804308471,0.225937295048952,0.1899661334962689,0.3796104187305065,0.2206518758911742,0.2182945151188295,0.2082931468922407,0.2591132065858003,0.2125733288549871,0.1761351272319703,0.1950166495123028,0.1633486614888291,0.1835727898441526,0.1983459984358234,0.3117938175847635,0.2618599870403726,0.2969872653970415,2.149513455483838,0.17457646750660605,0.1733652571894882,0.14264038644052,0.1424812523066639,0.2582678161556864,0.2918137548108035,0.2154341308260028,0.25464317246068,0.2651413217632909,0.1778846166698744,0.1528314753554001
2023-02-24,0.2818421511669732,0.291054419174157,0.5068120145405098,0.5055988454529151,0.2269245873451939,0.1892626230889433,0.3854235697120083,0.2205672955236123,0.2208882088410374,0.2061137612679346,0.2590301806452486,0.2114324198278659,0.1740058804569266,0.2019933587659558,0.1668791330671846,0.1857497879756196,0.2095232529766386,0.3308089443581521,0.2640508580601718,0.2970341419146289,2.109561986184464,0.17792678841372123,0.1739029635943566,0.1418805043278145,0.1439820669964928,0.2615249293000412,0.3017151742374979,0.2152422392423869,0.2533459437691566,0.2675116494544814,0.1770858938449416,0.1611225049006548
2023-02-27,0.2845084964390648,0.2954196265279546,0.5091210234897419,0.5392065876538792,0.2294612608980255,0.1973745891618978,0.3932197616340262,0.2181459637658053,0.2196224500176868,0.2207695567664714,0.2635044683214432,0.2139232037802123,0.174838525822721,0.2064767066793988,0.1703359211325216,0.1991743724015494,0.2017082447167517,0.323841038477515,0.2538313179318176,0.3101674152435466,2.304567646625411,0.18680987425747092,0.1774410680706757,0.1401982925630604,0.1381357369832105,0.2671068342198408,0.3045755240180087,0.2143075865039602,0.255329801080238,0.2787682136133088,0.2619458910734614,0.1664086327842566
2023-02-28,0.2847652429964693,0.2900468696526278,0.4995139355156898,0.5693131025775604,0.2133611615017157,0.1988175858544068,0.3839403915150378,0.216057092422733,0.2138043677313451,0.1983525761550765,0.2474305136051758,0.205970234386601,,0.2090460681500493,0.1822947706594455,0.217008795906336,0.2103963431997491,0.311355798137181,0.2569741345348416,0.3012875980415965,2.3410565875372864,0.17183268382909916,0.1788869001886644,0.1336539275822892,0.1653876986974504,0.2562848387462658,0.2964537431772757,0.2032525632903788,0.2478963967765179,0.287032258710662,0.2420373546670179,0.1608839744649252
2023-03-01,0.290584145060077,0.2919649228824379,0.5070881745225767,0.5557377699187431,0.220753023008534,0.1961500845127957,0.3998011565249428,0.2201425182648825,0.2134871081909599,0.2481085524990697,0.2571456194124505,0.222626851232015,0.17911959964944,0.2070787510221435,0.1771680167757162,0.2001185085605555,0.2070531092253662,0.3145004617602008,0.2660318584833985,0.3191661422920629,2.586051222010088,0.18269574633121613,0.1711961464458773,0.1467927032101721,0.17319038433591,0.275124567260618,0.3009812209719126,0.2183854858058732,0.2392614439351784,0.2742914799891124,0.25654814947813,0.1932071457999801
2023-03-02,0.2764133483217785,0.2780931604543422,0.4908737700457386,0.347584162501982,0.2101737729741168,0.1818328847780908,0.3822131733097351,0.2090152134271199,0.2181948595929464,0.2319655151363822,0.2585337502336309,0.2092103688024621,0.1657150205622834,0.192974473474672,0.1629142501016712,0.1971159751354916,0.1995814817352768,0.3107694705967815,0.2539119815434531,0.3003930969885041,2.680218229412862,0.1691582397546874,0.1661721059999979,0.1314992058066045,0.1635719507901806,0.2560362183151393,0.2893372447432702,0.2029824062662255,0.2335309932323808,0.2804463139835515,0.2435746377760741,0.1575801466358016
2023-03-03,0.2563616965255322,0.2498832104834122,0.4609682453027504,0.3213128541279609,0.1920364861961248,0.1654877390311533,0.3559659847944364,0.1978569871694609,0.1906524024442306,0.2060282114875324,0.2276746476746659,0.1811667279989227,0.1566487342812345,0.1678461045907899,0.1478895706115064,0.1853823648500669,0.1863088796923466,0.2907710104081456,0.2355097007432196,0.2832451430409555,2.3947362160034102,0.15127273904153732,0.1546317861421383,0.1310863345614082,0.1478908567770456,0.2605209759339266,0.2730711690118254,0.1785257185157477,0.2206114398244686,0.2433182477135033,0.2271900397773022,0.1522052726689471
2023-03-06,0.2680532924667619,0.2831394046713441,0.4922876627741877,0.3435103582698831,0.2020025815678233,0.1766213788237988,0.3880703076762687,0.2138619620928401,0.2035436162232224,0.2257912503447772,0.2430955924365279,0.1889888101133193,0.1627942602270127,0.1754134754112142,0.1636069325351188,0.1790613864857493,0.2017130394718061,0.3094629182519753,0.2472156783207984,0.3139278774401958,3.0601736222675227,0.1501194213603751,0.1644784644271686,0.1286136993459964,0.1560549658965838,0.2779562138266607,0.2837478031834034,0.181535678904002,0.2441837814702259,0.3046439563761498,0.2529060708845618,0.1578367551699495
2023-03-07,0.2708265871830431,0.2698303518376076,0.4888852460436098,0.3110946414307665,0.1719465332904188,0.2312605324682523,0.353145832885888,0.1723450044151862,0.2272508404888206,0.2793398532938982,0.2610521098728377,0.2121263647306789,0.1921854581572265,0.222776120470948,0.1784207822825438,0.1769095696591748,0.2038175855500289,0.3179822149671892,0.2513635809025618,0.2590644278513323,1.4473269190550484,0.16858896272141943,0.1813572329659576,0.1301099357568124,0.1775142670699406,0.3556233858059835,0.2871340372795673,0.2213559194975685,0.2504404960250053,0.2849929601453988,0.2697201694119217,0.1526005758945831
2023-03-08,0.2550364684300407,0.2693488693049465,0.4903635967712125,0.3066090650805629,0.1752417940441085,0.2311345046322161,0.3491044484153563,0.1698525869236373,0.2232660464217795,0.2676917957591832,0.2620283900414551,0.2227579874572962,0.202508562924173,0.2186018732744994,0.17610149386663,0.1855276889684611,0.202534658296639,0.3180167281437274,0.2486904877231465,0.2596069555380249,1.4673659237242584,0.1697216152272438,0.1785342965975716,0.1312366594845769,0.1728141754816735,0.3573830062169009,0.2819060521128872,0.2458291080921643,0.2446605809514149,0.3053883364918174,0.2559620777194628,0.1475823885227619
2023-03-09,0.2830413654352721,0.2938400727809599,0.5028742790169249,0.3303760163229299,0.1881958237437488,0.2539612240324503,0.3851283819586074,0.1925538981901947,0.2909510642794321,0.3054855357346894,0.2883389878386532,0.2379743416669991,0.2467445434213643,0.2374731847098675,0.1982930647536228,0.1878418072929858,0.2230704224861433,0.3334268738966264,0.2823087410868258,0.2863530240882415,1.4288381678797824,0.18811783056067105,0.2021521466365925,0.1462773692964831,0.1921500721845818,0.372331708642939,0.3144138824183947,0.255521489077753,0.2684041033008943,0.2881447937269981,0.2906264416501143,0.1683819136040172
2023-03-10,0.2907815558123582,0.3013056117503005,0.5197524541017976,0.3555677779131785,0.2179198282817221,0.2637021864946856,0.3941475275338215,0.1947214508209804,0.2935462033950982,0.3524847461474369,0.3237651666155374,0.2611681354175758,0.2631551192797282,0.26027567833134,0.2089153094930142,0.1983525102056535,0.213157695586619,0.3544044400919378,0.3040485946814042,0.3020117170111209,1.62046880633117,0.19533039902867907,0.21448657753462,0.1535542416597232,0.2011730985963972,0.4059571655404888,0.3284618016068015,0.2822195644192145,0.278145617717045,0.317150566996492,0.2964655707859299,0.1833405256105131
2023-03-13,0.3064271796876693,0.3174306860641017,0.5371759633659839,0.3635046565167939,0.2216105060894156,0.2814662988281439,0.416454002144934,0.197496863090109,0.342387445354806,0.4189963921269876,0.3656172677222553,0.270236659231546,0.2953092688129595,0.2627622441709256,0.1993975836284929,0.2239320884196285,0.2312620258181138,0.3642556114295515,0.3355825605399596,0.3180220480706974,1.663571606584823,0.19976045603179501,0.2039337521379283,0.1668992426905747,0.2036703540209261,0.4160994451998404,0.3444521955660001,0.2898160434904452,0.2995673393683814,0.3345611878506325,0.3384659292437174,0.197886893397764
2023-03-14,0.2505550884980811,0.2853502276082036,0.4981831378210696,0.3306452133087961,0.1934491128466291,0.2671943501377859,0.3702172782054345,0.180947136063731,0.2787058640188669,0.3604981420751061,0.3213264614791686,0.2354310875556209,0.2798133744028157,0.2599297651770598,0.1928704285240552,0.2405739132605724,0.2271083687429335,0.3597567457119045,0.2933437157582935,0.3050518832836131,1.6525109596222125,0.17465307590576878,0.2027285851597216,0.1496320444130661,0.1958773275657371,0.3874463020381178,0.3200099881370641,0.2742756701470465,0.2946439915387684,0.3067859151175089,0.3192639041535822,0.1611691782479264
2023-03-15,0.2820640113252147,0.2970484366807174,0.5194797644464563,0.3480129316657709,0.2055663859214332,0.2750857661803478,0.397689118716371,0.1952842301986408,0.3549960021415977,0.4185008347298409,0.3605691091968906,0.274192469312677,0.3296925242540507,0.2587917726436937,0.2026818062051932,0.2297426176962546,0.231939567564846,0.3919644601826327,0.339214522161923,0.3286033040319618,1.6822780773235588,0.18680662394243006,0.218023591042594,0.1641107939714155,0.2050490909589692,0.4091851623994287,0.3371399368006719,0.2786404772025243,0.3448599388028245,0.3281139353447727,0.3612760975910669,0.1811781131904978
2023-03-16,0.2713739166487394,0.2799724745619567,0.4963208933000732,0.3273308853629159,0.18398560943536,0.2625708229658569,0.3644512415106298,0.1743087551708723,0.2966534964183966,0.3644365586979819,0.3196260648174526,0.246491645671683,0.2902529481785647,0.2481484478055266,0.1884729188716298,0.2414708114596067,0.2160472306999065,0.3477762135014475,0.3066957711054913,0.3130949062601497,1.7427659146217136,0.19125108159777035,0.1852287991847086,0.1793317060304752,0.1798573904148593,0.3951862970232337,0.3143567451753257,0.2646142325403416,0.3149772681205033,0.3206513733789924,0.3332533550899938,0.1574511129031602
2023-03-17,0.2884649846819979,0.2931344025844419,0.5206878818242053,0.3367210263075189,0.1994985021894236,0.2740660551229471,0.3796891305652978,0.1825408025961488,0.3819729210640778,0.4315210959856698,0.3766958670455729,0.267223970389331,0.3503734469073759,0.2582570748022346,0.2178259556026887,0.2556639662398265,0.2339140298501873,0.377995789705992,0.3169302341447719,0.3030918418660946,1.7134168492944757,0.20464568629390475,0.1987074752627941,0.1901519949819846,0.2073150889335039,0.4516785729716895,0.3303647189607998,0.2687953027539473,0.3242634982571429,0.329946208028478,0.3465356030740429,0.1940601722739281
2023-03-20,0.2781067343198515,0.2941832346841544,0.5075625438252482,0.3288944371462781,0.185277571285174,0.2763758684808949,0.3817744846621556,0.1733450780406929,0.3153966304579002,0.3834761428972708,0.3300613391186103,0.2509875270243757,0.3234620497630073,0.2461316254062237,0.1891807722667936,0.2414444653181696,0.2184315602150823,0.3544829741184697,0.315028743829605,0.3064590258801267,1.8397472422851824,0.19967298946245438,0.1878610012611448,0.1629914087864056,0.1915946808135158,0.454312098903504,0.3243530927908808,0.2635807155128384,0.3099629315457178,0.3162226465061966,0.321279457646855,0.1886509060000652
2023-03-21,0.2553712878465892,0.2744150856132102,0.4769645225873452,0.3236723681856402,0.1795383478984511,0.2649938160941683,0.3529946123479022,0.1631451473425145,0.2817922901255731,0.3490008179023041,0.2905882298851964,0.2297842468880488,0.2834845078265984,0.2430694043439839,0.1857128584725838,0.2312482123646991,0.2187855488831626,0.3348525996828981,0.2808422504068927,0.2778829619319858,1.8707268875442915,0.19363127574135192,0.1900026091512048,0.1690895814838779,0.1757440132678693,0.423567049155896,0.3024131852285349,0.2522705324333656,0.2829021471959614,0.29144739128655,0.3045107416383155,0.1682076175667695
2023-03-22,0.2754112953679956,0.2909926745120609,0.4954953160444123,0.3267370744478458,0.1880476713225202,0.2730987325553642,0.3694430413597481,0.1699115439275185,0.3011444992164728,0.3710439335961027,0.3106272292339901,0.2434795364883739,0.3044500721878995,0.2642616643519668,0.2104966775145228,0.2430894432183205,0.2259370093305597,0.3618304050930299,0.2982550766278629,0.2960828634853007,1.800359382871073,0.193161019576097,0.18599164413209,0.1721098066800677,0.1822855461452553,0.2856087848933761,0.3159087906155233,0.2608090962433948,0.2950822822086132,0.320112170657592,0.3075247064152069,0.1935954268801514
2023-03-23,0.2637663312572424,0.2829157379324933,0.4850100573508856,0.3359168405273784,0.1929468828502554,0.2899025405114675,0.3713021520907216,0.1709038919243832,0.3231243171607625,0.3957454727209759,0.3518945934572599,0.2481591495285798,0.3263595315920037,0.2724207959803006,0.2088942678623465,0.2365487555418746,0.2184126385187695,0.3566005403592887,0.307711638981627,0.2981182599920342,1.8176397454551536,0.19441090301512218,0.1947781285475539,0.1778262690185307,0.1842082515036594,0.3016938838112886,0.3171081964801737,0.2595745945501968,0.3001923506055415,0.3038749290256851,0.3114146695771519,0.1845002494297879
2023-03-24,0.2655042306840418,0.2850744046356107,0.4774690122942926,0.321490354423452,0.1858755048278423,0.2847074657482412,0.3710422655066254,0.1605361299033156,0.3177020786302233,0.3879775541248977,0.3535493820663929,0.252228091608811,0.3192833357598356,0.2669347899581379,0.200652423156603,0.2332374405675989,0.210679001026273,0.3461847814709869,0.313880746377992,0.3056575876218508,1.790094877928329,0.19668438670603858,0.1843082976987051,0.160505327188752,0.1805484419151751,0.2897203997432317,0.3273264796883555,0.2607652056489782,0.3040245756056093,0.318812983669509,0.305895540658076,0.1846342898010908
2023-03-27,0.2728066287103571,0.3051491141674718,0.4698575016555886,0.3072072209545037,0.1764159897200585,0.2887095015607901,0.3722008904637841,0.1393920749294698,0.2911933132857031,0.3543772741419757,0.3239627080468756,0.2322406514665993,0.2817342913005539,0.2512515416909937,0.1976284294216217,0.2191323691760306,0.2075308783814702,0.3277434288670934,0.3007136283206846,0.3015775275325316,1.9075829411891376,0.1919617176925071,0.1781446463947252,0.1653474718491775,0.170607780409722,0.2899309485021495,0.3046585226862369,0.252853985172328,0.2877615249245259,0.2969322505275907,0.298687105082719,0.1775359583036978
2023-03-28,0.2600613455449849,0.2657655448277606,0.4529587577130244,0.3048034311807973,0.1747273535024322,0.2845340464448528,0.3559968863867051,0.1396443447385089,0.2785488663365624,0.3514568783551839,0.3348332757639893,0.2366221836605727,0.2862018280971589,0.2719454555699314,0.1948597821177858,0.2173243268899021,0.2031758518286925,0.3195229870771046,0.2863954777410138,0.2998401361680026,1.9978772724141527,0.18601994147433742,0.1765118746723494,0.1585253749815469,0.1759369520480551,0.2814284494749444,0.3022362455598417,0.2512860145209347,0.2739102325347462,0.3094997060933666,0.2859612192927898,0.1725389901143093
2023-03-29,0.2436982586356042,0.2526445322726917,0.4260659950012229,0.2955972588560512,0.1532335851367001,0.2761872896445147,0.3373422202044629,0.120586898494501,0.2589121518069373,0.3291514778930617,0.3213690593729549,0.2199331579234444,0.2576260040549716,0.2723330852003119,0.195437547047195,0.2153098673504426,0.1952522389597339,0.3036786095173777,0.2668390433545282,0.2772641324933539,2.0638797028862568,0.1904396027502844,0.1773567941157862,0.1416322096071338,0.1613846380052718,0.267671144988693,0.2865414851699118,0.2346098056414928,0.2625183801745887,0.264332291253505,0.2565497345425442,0.1584425585996733
2023-03-30,0.2327939813689276,0.243074692622091,0.4122846754189129,0.2805206336062796,0.144972112437998,0.2837917625343586,0.3343769639899597,0.1139542432430955,0.2638276481269844,0.3330820022492617,0.319342454335257,0.2167494853885439,0.2779304652970528,0.2680696218493433,0.1958275462351694,0.2103546712021961,0.1909545135605708,0.3115461014927459,0.2581736376098391,0.2772588620333971,2.121369160127905,0.17893316431473752,0.1699799763735409,0.1405078652260537,0.1559123854077766,0.2583211446384943,0.2819384691204688,0.2247306822169683,0.2444022950160791,0.2626124586645032,0.2623885832538448,0.1576582522702492
2023-03-31,0.2131150170679575,0.228939714776829,0.4015031620211669,0.2735705253722815,0.1230795078469638,0.2720408376832802,0.3185199428658174,0.1140759084165757,0.2445165004126916,0.2996135239904562,0.3003448384846241,0.1955421415375249,0.2612624703731153,0.2631658799293325,0.1819402993544847,0.2060746114805486,0.19065384995951,0.2934495994763124,0.2373293110984704,0.270143671528641,1.907642434780381,0.1732530741785401,0.1558753688981656,0.134352923285274,0.1441980476658285,0.2399397254419147,0.2715207620530966,0.2100761849241691,0.235202544329338,0.2751692795540507,0.245633860966889,0.148741166932145
2023-04-03,0.218307002907772,0.236538405190552,0.4025103497257679,0.2728359115541529,0.136095377605876,0.2799731457529779,0.3257925009179188,0.092055156744884,0.2432842467730728,0.3059276936879831,0.3051980385217964,0.1853941318421826,0.2624986690868041,0.2497689587688813,0.1792133588298467,0.2016392554149133,0.1827962442657451,0.2904831341973611,0.2362998006641157,0.2923668373527456,2.4494477608583654,0.17575071394105649,0.1639657280645735,0.1303877080986019,0.1407076198273433,0.2457857971173571,0.2760009864710274,0.2124174824159688,0.2316543711232346,0.2523905223636032,0.2449127228931561,0.1409208576220698
2023-04-04,0.2242799581099258,0.2421239702710896,0.4157696030192133,0.2721127530226519,0.1792118538461305,0.2899673168558534,0.3316731350640521,0.0817666982506304,0.2646703487532653,0.3292060502044271,0.3235630326245067,0.2004724995082754,0.277251698634427,0.247380211391082,0.1828514263642609,0.2002571128613282,0.1806150508060123,0.2965564249626593,0.2898141918732657,0.3023597248981146,2.3662671535794613,0.1906083214793602,0.1690283198511601,0.1390607921756774,0.1425109446398242,0.2455444120137485,0.2719579673074625,0.2180460987899471,0.2293372649878073,0.2778515076369423,0.2597940306782011,0.1470154474635082
2023-04-05,0.2194876148250548,0.2824754644816635,0.4509333150625985,0.2775649488413386,0.2535347887174331,0.2945910066792417,0.3342653714936959,0.153061750652957,0.31356461768436,0.3106447811467548,0.3636699471390334,0.2351476672248643,0.2624045112094074,0.245934836994692,0.1764753677621467,0.2406846539175603,0.2036612742545702,0.2962514130946053,0.3244149623136343,0.2963785032787341,1.5226582198985317,0.15094425262406372,0.1638156580861914,0.1242690122814006,0.1880068618878048,0.256674062911738,0.3348601751679577,0.2241245003261352,0.2489126693974978,0.2706454465839656,0.241863275798734,0.1361620936166459
2023-04-06,0.2668606775503249,0.2805715314173526,0.4404200798105987,0.2954077438673828,0.2470782538565913,0.2166144287997286,0.4236187748331456,0.2279689589394635,0.2993956169158732,0.3057282015722654,0.3221937885544241,0.234117527569605,0.2533616588155967,0.2298175908657722,0.1726861702730452,0.2412554528363737,0.2028547546050055,0.3481399640709078,0.3149114987525753,0.2695413730978109,1.511408683460984,0.1936984587599416,0.1470049700422381,0.1563660568990856,0.1785436757714222,0.2704518248828106,0.3331276739043121,0.2652985075813571,0.2482291816733294,0.3137759954742947,0.2845043644937047,0.1466219284230767
2023-04-10,0.2900843121680513,0.2868074132014428,0.4469432692331707,0.3049375008049401,0.2570681458458126,0.2203311325808165,0.4398272894057672,0.2280123790060133,0.2821447016206255,0.3023212992661673,0.3306887500291323,0.2435756646746903,0.2487336081868287,0.2259344002533269,0.1713032183442891,0.2287031122679683,0.2079396846951124,0.3557053712755824,0.3028016159250924,0.2900906659135812,1.6364160790018991,0.19849353744202994,0.1538246910829743,0.1646851162380192,0.1818317460126371,0.2778294490197727,0.3428263476243907,0.2823691881140837,0.2493703208430087,0.3212105165310284,0.2906922412581996,0.1497856387966389
2023-04-11,0.285000974085837,0.2925814967024554,0.4454142221933764,0.3067769791403704,0.2772796557357802,0.2206227626144876,0.4349715356583098,0.2347139331845182,0.2801131269718986,0.3035627144379463,0.3235025430785506,0.2313882305795694,0.2417963796378394,0.2276690067783393,0.1657680464382188,0.2465268197758836,0.2095692795962281,0.3545453860839638,0.3098278624851142,0.2833249512859653,1.7369189954261026,0.1960559803680671,0.1525368288259335,0.161313018859317,0.1856121082606113,0.2562092256926048,0.3375534363337731,0.2758571823820422,0.245350216624064,0.2973648451381998,0.2968171057385476,0.1547194858247397
2023-04-12,0.2787123012575541,0.2882907641265659,0.4393034689715046,0.2975150608680363,0.2745479246904435,0.2178055488410186,0.4181728798137532,0.2303865043889418,0.2757171529170071,0.297936151680285,0.3259202020013755,0.2338228525317549,0.2893455172422097,0.2274813469453573,0.1697331125833534,0.2294972414600552,0.2070222117112307,0.353718826839986,0.3110583693569652,0.2890926390509304,1.7368351213988675,0.19714150677501444,0.1528266250277596,0.1605878446244462,0.1860232854495359,0.26023072913585,0.339379545500916,0.2800376107088454,0.2461032349855149,0.2941754574430756,0.2710831727157567,0.145270924329174
2023-04-13,0.2616719866029977,0.2719292216400181,0.4283426068943709,0.2800732345830337,0.274097203115169,0.218391476546578,0.4219000651410968,0.2208243440680121,0.2680929104064236,0.2941593024811554,0.3245721512677111,0.2211921529056569,0.2365089219759006,0.2162657161870397,0.1692749234491667,0.2273896095414822,0.2040960152023545,0.3221694123461149,0.3048150192669034,0.2715487552227224,1.5681418403063236,0.19353194740608595,0.1394751453481499,0.1554878336587285,0.1788126025010477,0.2516790092349875,0.3369222513571246,0.2752960192571146,0.2387120548810154,0.2936553662876987,0.262691688891672,0.1367245724374493
2023-04-14,0.2531858666809038,0.2712177051273901,0.4120810335646753,0.2708233577895367,0.2671497353270708,0.2125056077288492,0.4033320851932453,0.2125132661859585,0.2080567135226397,0.2714564735761644,0.2852671182391757,0.2139597016357952,0.2439471683707319,0.1978070493134348,0.1639443859302642,0.2276909425975804,0.2019283343554732,0.3476438916257671,0.2916822078079489,0.2704845583420173,1.5801936205835785,0.1886231123458595,0.1384628270614814,0.1525672843635115,0.1719375915933679,0.2447289046923375,0.3314987387818332,0.2685334730604698,0.2286048976077171,0.2837973461249203,0.2506503404169395,0.129587861814018
2023-04-17,0.2568140532131289,0.2691119916594987,0.4063230053431514,0.2715207188324231,0.2690914931623788,0.2085919975926715,0.4101661657933431,0.2181347882728083,0.1958955570962489,0.2579649350508184,0.2820915608928905,0.2170467977791002,0.2317200128297562,0.1824806333983023,0.1692309375904565,0.214870599858909,0.2013584863321545,0.3331780436824475,0.2784448297926071,0.2716978282539007,1.6809047590931594,0.18661817410837864,0.1332635482550788,0.1538338557620822,0.1682931548569334,0.2395115630375396,0.336256157294527,0.2636495626331845,0.2257650593141685,0.2936330507685634,0.248476060391305,0.1284098331672986
2023-04-18,0.2510850919024444,0.2640728321998855,0.4093727001123857,0.2622219292938021,0.2649610269149138,0.2046326952265161,0.4258556650064564,0.2189556347450553,0.1969925031819595,0.2204852850945327,0.2818531780539604,0.2077743364303929,0.2321194069228731,0.1955916285545899,0.1553349140569287,0.2144076048705916,0.2100202219367955,0.3227882392400586,0.2772307577353219,0.2674964700277975,1.6861701397034576,0.18881935017448068,0.1331061323729731,0.1536154036722876,0.1694379685620365,0.2378782827447233,0.3441270356880126,0.2548015332764964,0.2235604663933663,0.2835511932288979,0.2410356194408834,0.1256886829831285
2023-04-19,0.2370967636930778,0.2715127959115362,0.4012249402611733,0.2578132550178559,0.2835767895082975,0.2163555032117504,0.4170583356708106,0.2196252401913903,0.1902326644669207,0.2142883709251508,0.2796619028205674,0.205953561175392,0.1913000368498114,0.2085367778505749,0.1293084846336413,0.2100634089424759,0.2017116106224439,0.3235280253708154,0.2834179625658141,0.2649277907390406,1.6431750101803384,0.1860192391962657,0.1317929605015635,0.1533288851177932,0.1696217201210987,0.2309173193666538,0.3283677235264272,0.266323228368299,0.223210462609032,,0.2418593254985804,0.1193732626456886
2023-04-20,0.2591721170758849,0.2815260899724887,0.4010565992016717,0.2631900014445528,0.2871524576741039,0.1344543011569686,0.4202270572442839,0.2585438636166484,0.1871363619350063,0.2097363464876563,0.2329852461254041,0.2107164082657005,0.1958549663445289,0.1944462717781032,0.1376847866696518,0.2106979804663935,0.2025266292194315,0.3341900309788164,0.2848036248343929,0.2613057659304575,1.6436548917711435,0.18742093832280401,0.1735634621254645,0.1297763375117605,0.1709368193792908,0.2305116963840037,0.3264295804186342,0.2650890206223386,0.2264079747523084,0.2993842096508155,0.2678210637185967,0.1283091586812903
2023-04-21,0.2555160471861623,0.2701035365021553,0.3899677052890453,0.2528884924527406,0.2681773649814418,0.1208340876432408,0.4239214945166978,0.2453419235372954,0.1848482104566186,0.2156339121109505,0.234022066930236,0.2066372051865684,0.1911509534836607,0.1963351761560359,0.1334318450879775,0.2006120556392455,0.2038939560075942,0.3234313501013504,0.3089545932800473,0.261230089261236,1.986241174581211,0.18146609150172902,0.139181136231571,0.1311566658341373,0.1724775355692495,0.2313923382127133,0.3265062471300319,0.2652964095245603,0.2176641788247185,0.3365494179129765,0.2624617228508663,0.1210003863167054
2023-04-24,0.2639520956028753,0.2979107168096366,0.3920354317614067,0.2662889792998114,0.27135343349311,0.1211982174883097,0.4230474945448653,0.2536100453779367,0.1785839858650179,0.2023051982033533,0.2430568378085849,0.2101361765098809,0.1873013258051802,0.1876562601868183,0.1344558197630982,0.203808300079978,0.2008067618125192,0.3236260406486236,0.3104923803497976,0.273130484150157,1.799040644060909,0.18674860281004746,0.1253499477861186,0.1228720631870103,0.160100979383806,0.2305952274344484,0.3345722064251037,0.2761494698819846,0.2172378385328663,0.3009345141445021,0.2754705503995768,0.1243297880629301
2023-04-25,0.2866482616705972,0.3200713646278251,0.4330610277490999,0.2978002504538259,0.2908969212931507,0.1306409282390858,0.4991986219030546,0.1920831348792315,0.2227650647932229,0.2364805716760986,0.2763939343816712,0.2349522716387269,0.2207284577984547,0.2045171074306876,0.1451015790034757,0.2194174129354706,0.2137735281516073,0.3499138340219574,0.3528466986578417,0.3003696099569303,2.130625430680205,0.20214184021660658,0.1348702300192146,0.1386527606440613,0.1462699368498275,0.2557364292839357,0.3670621239226551,0.3007696516527037,0.2353350817431257,0.2583266392612445,0.2809198440678961,0.1574293733870009
2023-04-26,0.2830065868516526,0.2390645340618239,0.4185589498700958,0.2846587608050386,0.2961611661890719,0.1302015957942997,0.4917886213011805,0.1982158482872775,0.2375728624642228,0.2431006972569679,0.2668289789848061,0.1963557414656535,0.2251858916156483,0.2125264859151408,0.1583806536825847,0.2437098858732965,0.2248030678578915,0.3111670029946989,0.3673878597557701,0.3188069274102418,2.0957945450328537,0.2102421459970989,0.1408743068630728,0.1337008739021732,0.1493148837014105,0.2666309016287304,0.3675989973122082,0.3290402299471848,0.2575976941805961,0.2493947726423375,0.2746540697215299,0.1506434030560481
2023-04-27,0.2700082300902484,0.2160136075262271,0.3989367235419517,0.2737662576439753,0.2812769577776019,0.1149354167080196,0.5157525324236805,0.1737282589709504,0.204035190816906,0.2148178323856501,0.2392306458227522,0.1673165495740622,0.1997530049939196,0.1902816851191439,0.1492274789275,0.1924554699103264,0.2230938098204121,0.2806992682113683,0.2581199308243219,0.2370638955556065,1.921663103539213,0.19514114784421993,0.1277798591252624,0.1218894874307126,0.1286335926611907,0.2392252865942218,0.3528166948659577,0.2972629295573648,0.2398780032991416,0.2356049818983867,0.2531513033462182,0.117688984071887
2023-04-28,0.2612649138043739,0.2048971594855208,0.3636997695184824,0.2579475325251991,0.2789187433575226,0.1034529692303868,0.3234188106617934,0.1664434086994751,0.1860066638213991,0.2043609494055055,0.2159887427670486,0.152647186505095,0.1903810459873623,0.1835826503440162,0.1442045794731636,0.1805137464699585,0.1577865223118992,0.2584899391421359,0.249686661936613,0.231600116301019,1.999643605991723,0.19781804422280946,0.1192723258855564,0.1169674416234258,0.1200974533683318,0.2223789994860047,0.3530322231352958,0.2910618610881089,0.1968519097636849,0.2176378605279903,0.2367877794147638,0.1212810061114966
2023-05-01,0.2873220325601572,0.2086151510289177,0.3983189773275625,0.2631475592059452,0.2877121275569678,0.0986632729974302,0.325132067163351,0.1743829860859507,0.1918194700838893,0.210595125681641,0.236074894988478,0.1545800256435302,0.2002726133155914,0.1852425734083405,0.1447969918930218,0.1795841632354127,0.1543796685722753,0.2836466225367425,0.2598374842416909,0.2441562561003399,2.1395239365981498,0.20786993377098162,0.1230363276753817,0.1182081273508075,0.1221706449509042,0.2337713480901669,0.3766688612484218,0.3119197724026278,0.1994584633385935,0.251128662989685,0.2459924907978839,0.1268084675225956
2023-05-02,0.3006773074469678,0.2194714141419886,0.4111352882974173,0.2776010650549589,0.3158923640137402,0.108485910574551,0.3232326170032544,0.2052251058154581,0.2303880874601918,0.257253714873355,0.3075392584109638,0.1878847976175069,0.2308216652837119,0.1982502432518485,0.147402485554192,0.1868886145047859,0.1663334094874435,0.2947260012842712,0.2835607251137599,0.2661836646594824,2.4158940338517088,0.22526580196035736,0.1266471471898411,0.1327494577826052,0.1286275283864031,0.2523690452035726,0.3973139445624756,0.3276428627826169,0.2331906382277327,0.2507753182139239,0.2616845553007395,0.1399603212072836
2023-05-03,0.2839674578469717,0.2362513166410771,0.4716196173496398,0.2879655221629411,0.2791355451721783,0.1396753316307506,0.3354143793354925,0.1931231438788481,0.271202253200335,0.2709956913482428,0.2926359789284618,0.193688423546118,0.2212865574437923,0.2204009060993185,0.1344222496600259,0.2014775182850693,0.1965973452697625,0.3191225169311762,0.2882034817404192,0.2445725902722832,1.4808046589886736,0.2307727175974989,0.1565599996588423,0.1364076185395397,0.1435526117794381,0.2626681994972059,0.3347109862519973,0.3411897077211031,0.2406604997749744,0.2539617107404651,0.2346624709508439,0.1607410540814028
2023-05-04,0.297241493018307,0.2455527163363841,0.4931488941593622,0.3868200042606994,0.2894843194655309,0.1430095955043828,0.3431422875020926,0.2228896666884144,0.2930372170894505,0.2779708141616539,0.3246956598146434,0.2183661578715647,0.2346982270467161,0.2239284670836075,0.1452161611317794,0.2147017246068405,0.1827936172398657,0.3420675254252134,0.3166629575016181,0.252554765170501,1.4587677509023356,0.21767489666354464,0.1612812414861431,0.1528437544705933,0.1376795232305927,0.275542117122152,0.3678811008460684,0.287762915469116,0.2538999439663015,0.2643330452439891,0.2504216931807886,0.1561497655059295
2023-05-05,0.216152980081079,0.2168239519752055,0.4617798256484418,0.3560425265032595,0.2427424892131032,0.1268611020411422,0.3147780984289455,0.1938361739995484,0.2622768434677562,0.2357433975391084,0.2705703958119385,0.2039898318403274,0.2180436037057024,0.2093684469037043,0.1286071295212406,0.1818593631174197,0.1678685155219638,0.3073825270599249,0.2758731212644216,0.2415006630988882,1.5327266754104345,0.21412776876497017,0.148877925535491,0.1195136469118002,0.1222317743982588,0.2587460291172329,0.3429384140237465,0.2609974190475336,0.2251401117992879,0.2442041372582353,0.2192263886591955,0.1322126656459912
2023-05-08,0.2128101074661841,0.2108068241965695,0.4819973462958098,0.3560177367793124,0.2526183728944893,0.1307641687834255,0.3210717968642361,0.1934151185418462,0.2608275796999558,0.2280723281225862,0.2714248135348035,0.2008439059753689,0.2084741018779667,0.2123565961812669,0.1281000735395002,0.1846039697396826,0.1732971783855119,0.3236517439041054,0.3110972876776633,0.2382592260017483,1.5516376601459887,0.20096160188894238,0.1461168156920427,0.1170724888337083,0.1237451208269048,0.2592067574756917,0.3363429724766969,0.2697162788998286,0.2273159528472406,0.2431547006107023,0.2184370407287851,0.1358423165094416
2023-05-09,0.2250219272633778,0.2228584824572058,0.4817171115397436,0.3692070212215221,0.2604583695980889,0.1974352879254957,0.3250315644172473,0.1980667639667589,0.2630187477677065,0.2305472085315495,0.2695554552952025,0.1917723477590349,0.202344893578903,0.2172512427879838,0.1300467890089261,0.2054397098205141,0.1702623954236261,0.3195067731143003,0.3090593859090357,0.2420568140306715,1.503672568006052,0.20559515869460196,0.1442373337559636,0.1441040592238307,0.1291602330413414,0.2599876230127479,0.3529981852834712,0.2650279470796362,0.2326358461334996,0.2453752344896158,0.2275132710037191,0.1444864709121296
2023-05-10,0.2021709152422593,0.2087784479726055,0.4766223425488676,0.3682749963939188,0.2580436054798247,0.1900444977702902,0.3062235647728064,0.1868058254463638,0.2542960589339216,0.2206613968756584,0.2874232565916477,0.1973672817636598,0.1985895339963689,0.2112726606767462,0.1244097623093658,0.1788746214549858,0.1660328818115087,0.3138960224827556,0.3067934093009147,0.2453235061935495,1.519499970273363,0.20331291692880857,0.1445539321758001,0.1385626776347627,0.1288512465015044,0.2536922733770729,0.3518778644995646,0.2637497440627155,0.2283795755386032,0.2407026276850476,0.2228813372015868,0.1374102664393389
2023-05-11,0.2057121898547992,0.2067348908756087,0.4800200010182196,0.367372912352108,0.2540051090526583,0.1843673074089029,0.3161076076826757,0.1768866970770376,0.2539261293928947,0.2245484460416466,0.2817126856233118,0.2032169837899327,0.191479340839958,0.2040206761612133,0.1225115733260866,0.17495328686863,0.1648881808263643,0.3101216511875941,0.2956971718248986,0.2842043573876784,1.529624807974938,0.2060826202565093,0.1425564403628773,0.1134290545460312,0.124950025469258,0.2659683986387283,0.286953996945103,0.2632812493452651,0.2252524349737674,0.232412399619622,0.2203150660863447,0.1332890988342094
2023-05-12,0.2060199607658343,0.2044001642653724,0.4717044325588151,0.3636555672470881,0.2653044834141927,0.1567387799478273,0.2982535249150241,0.1765254360717123,0.2401568841188545,0.2132467268128329,0.2698938986348505,0.2026686637197075,0.1981064057206757,0.2002155633509294,0.11979607985291,0.196654322488688,0.1612619550485875,0.3086112833722239,0.2853282186568107,0.2846574038267559,1.5271444135858132,0.2133355133653502,0.1386601722336697,0.1062248576242231,0.1247091777509943,0.2533804442462024,0.2687110085101837,0.2653498905858536,0.2177844384291932,0.2309304856461261,0.2062106773282833,0.1258439887774666
2023-05-15,0.2205723702219454,0.2089880146625727,0.4771677046391359,0.3709090748076604,0.2769947757781174,0.1591077127626963,0.3092570192206785,0.191239907763476,0.2343296010371882,0.2087288536515835,0.2615313434542612,0.18524279853488,0.1816459234994926,0.2040102348590816,0.1193972113355272,0.2011385673214565,0.1581358093930414,0.2918807546746029,0.2856441036099957,0.2816676443138032,1.5976044283786293,0.23026839736997298,0.1437970568921113,0.1086170194883684,0.124653565900616,0.2491687806734673,0.2421667696013444,0.2642186982539753,0.2096822926668091,0.2291843441777848,0.2027099247167395,0.1241947419046416
2023-05-16,0.2247349149525161,0.207188640602084,0.4794447595533633,0.3776714530377611,0.2786540429780894,0.1660936642189518,0.298436192390476,0.2052939121459157,0.2388741779081473,0.2096209383148612,0.2724803411664587,0.2087173680627953,0.2007823232198065,0.213892257863666,0.125476684455608,0.2012540793336522,0.1672843558932319,0.3044391580100284,0.2884014370701029,0.2720420963426773,1.8196758535042872,0.2341258201658262,0.1431036315709724,0.13467528170786,0.1246574763907435,0.2631258139430869,0.2680501439953188,0.2097404523590499,0.2239714612669426,0.24767859217927,0.2162376541062076,0.1385174803145618
2023-05-17,0.1952905085972162,0.1982851505803375,0.4665703036112841,0.3613833826487095,0.2887666218637055,0.1690685053568684,0.2942355528013126,0.1951357855252343,0.2140539793120688,0.1885384628679679,0.2643146143239561,0.18379599081107,0.1872408708190536,0.206712596070316,0.1204617005022617,0.1926790808066726,0.2088456688894102,0.2885050307850681,0.2808684075734654,0.2481789234981604,1.637739947476212,0.2198334189662176,0.1418434429260946,0.1317746206469722,0.1152572528352722,0.248030987158858,0.2292077057052306,0.1939717676901446,0.2000237783313181,0.2578188226099133,0.1975055555057836,0.1161370945728411
2023-05-18,0.1974331012231216,0.1797941015656121,0.4764945298518777,0.3669575645348341,0.2011035667412631,0.1679242695664573,0.2838991869108286,0.19243592881903,0.2088139647518347,0.1827477068251494,0.2391946845255251,0.1768336514455992,0.1730779173817676,0.2024346746343586,0.1129643085135669,0.1846646351799137,0.1966887563717717,0.2812908642412994,0.2861546129238895,0.2635604244630729,1.7111400996323085,0.16141989438487295,0.1358629474191841,0.1249714265991907,0.1096023856044764,0.2285173883098576,0.2307467905476273,0.1894672877223926,0.2416289423990957,0.2478293459404229,0.1925088034386805,0.1104294348502741
2023-05-19,0.1971181866506677,0.1874870311196026,0.4631986800783289,0.370994868448786,0.1629360177166587,0.1799215378931955,0.2936698045656256,0.1937562021979724,0.2218994407975542,0.1965298675178758,0.2496916978711853,0.181096690165903,0.1751786909751626,0.2006884862390061,0.1138740132711271,0.185306128610455,0.1856601752436092,0.2809462566142072,0.2924472846513126,0.2635582333985963,1.7052070506349526,0.15453163817543283,0.1332247998693475,0.1229187296160719,0.1124855577810421,0.2483355073547185,0.2611506635720052,0.1955957922326203,0.2444563863995417,0.2532803298390265,0.1944263521842367,0.1275182682138982
2023-05-22,0.2049122697222752,0.2023700909596716,0.4840219318023451,0.38655908868181,0.1823237254542697,0.1695380456586432,0.2974396776459734,0.1930601783217775,0.2219227267471747,0.1949873286498794,0.2510467761327781,0.1933254976464099,0.1865686388767144,0.2090891710701291,0.1530050889233132,0.1973980154848947,0.1904653894278309,0.287154611584845,0.2722015508180509,0.2668706923549079,1.9500447440372728,0.16025836115261105,0.1623982750490388,0.1275254345832986,0.1259267462859321,0.2774975506930848,0.2545090211207665,0.1979925138251166,0.2575004757737487,0.2604806399701437,0.1913007700243788,0.1389770846132697
2023-05-23,0.2169204386280495,0.2256979179379993,0.4944676082760745,0.4031230644752656,0.1924689711851653,0.1781162849348352,0.3157380612357549,0.2058153771152565,0.2292297028896156,0.1981851972270145,0.2705712302012042,0.2211230440798365,0.1895711025755644,0.2120634623723656,0.1629602297567334,0.2095272777384848,0.1959480672769797,0.3115787436501691,0.2865724110985659,0.2870179427799446,1.93178686552126,0.16478180469334236,0.1677103428347485,0.1407124782875708,0.1250013453192323,0.2696530602711254,0.2719187305417651,0.2053225540122394,0.2580154174041957,0.2578214063736585,0.188762315250169,0.1479938071582609
2023-05-24,0.2314949365321655,0.2283241167816271,0.5261223891243222,0.4247893598051617,0.1983741325237982,0.1984073518786959,0.3302860135593822,0.2153959274907093,0.2554075944758107,0.2168371579899526,0.2912805637219626,0.2330912101594311,0.2085340598869692,0.2283832755953786,0.1685433228411255,0.2055005336174339,0.2093291499709741,0.3209895398165571,0.3039301753294737,0.2980475565843918,2.123713573531822,0.18033002797638156,0.1855616932682761,0.1457847800822073,0.1322020522213112,0.2814149689042762,0.2842928266282827,0.2218050450047041,0.275877917815583,0.2716462698234542,0.2005854683370777,0.1689982789235327
2023-05-25,0.2369596966367073,0.244802952584296,0.4987313931451443,0.4766940503912636,0.195336240677528,0.1972478900217038,0.3327840908714098,0.2172779365952264,0.2337933759347314,0.2070312328824242,0.2829015052100004,0.220024093474811,0.1971056360384508,0.2207534330493599,0.1721138660622952,0.2129719870102484,0.21604825759846,0.3147201566810081,0.2932391334619034,0.2912001652147272,2.15146086680637,0.1849926025824207,0.1852136309585768,0.1519522756688106,0.1278425246368721,0.2740180152534008,0.2828630093869665,0.220282273503085,0.2781464933333403,0.2722164881216989,0.2155911064928424,0.1488713617607075
2023-05-26,0.2250105186780954,0.2330346411145652,0.4585851119587308,0.4910546493959831,0.1928938287833568,0.198152159858851,0.3213487913134493,0.2119387120705737,0.2177850396159327,0.1909706493332461,0.2610845163174882,0.2033730621692312,0.2022465798578643,0.2163649121943807,0.165590855933133,0.2113029022146555,0.2049373671325816,0.3033822381945239,0.2725533643871621,0.2774019766657438,2.1833392736775887,0.1743130795335396,0.1757041181354632,0.1410615089597505,0.1185297428295217,0.2636002599074845,0.2679523926019267,0.1989861908787305,0.2593019830123725,0.2704144814853489,0.2007028248792512,0.141300415288841
2023-05-30,0.2385000082150944,0.2412028638703768,0.5477773500871979,0.6048193796949174,0.2126896206605359,0.2119726384919696,0.3381217134131297,0.2173474380162668,0.2262391598246076,0.1911141196124425,0.2775496117044921,0.2287855767852956,0.1866639121858768,0.2281493701177701,0.1728544572939974,0.2329288123954444,0.2221577905237464,0.3031624341082931,0.2895951959288518,0.3048815389569455,2.3764948884665813,0.1781540770802194,0.185871193336219,0.1419641822632501,0.1166651281313704,0.2751336397903517,0.280153351773968,0.2103275012813344,0.2767016912736748,0.2699850858392947,0.2918956107420093,0.1438708046696583
2023-05-31,0.2584551146662489,0.2468585150544399,0.5170451817166583,0.6835303575685057,0.2150799315409789,0.1969945523360989,0.3314412210395828,0.2207875567049817,0.2268131927129342,0.2457387628798898,0.2729166930076435,0.2325392949127534,0.1912825649013067,0.2039823286426956,0.1725866149318088,0.2236438163574897,0.215394973562494,0.297915448448237,0.3021721477554381,0.3043270772809141,2.2417126802301865,0.17938072327124704,0.1836443005755595,0.1503682037369565,0.1103831484482642,0.2832637257586549,0.2769059769388145,0.2793089205678216,0.284958451033431,0.268897268649557,0.2845512571354048,0.1277159240710744
2023-06-01,0.2378375782417886,0.2231923516084875,0.476965775950622,0.3416355087747861,0.1966092071446507,0.1733733501387521,0.3073684482439215,0.2072798138514028,0.1932616257879872,0.2315057482104861,0.2480151458230827,0.1857649342771572,0.1708395312605694,0.1910684097393779,0.157587655203834,0.2015168998857601,0.2141752516855077,0.2810309028651806,0.2682423787446204,0.2742007374111072,2.364977104959634,0.1682226375919309,0.1594412393339517,0.125409485116245,0.0937786142824035,0.2697961473168097,0.2467409661058913,0.2584646231272918,0.2664440915932086,0.2691468989955198,0.2688071549048011,0.1277845103553873
2023-06-02,0.2347227128860365,0.2033923617634965,0.4536758371465011,0.3155087454871467,0.1846003651708373,0.1638967200165469,0.2902420623465412,0.2440199293730487,0.182164882052766,0.2102911331220453,0.2366617049609185,0.167487130073877,0.1501458938272647,0.1634390538052993,0.1443041655958744,0.1844551061686347,0.2048257493006083,0.2636298853270633,0.2855128570422206,0.262942945786944,2.622310169906128,0.14893559224762962,0.1405954260450181,0.1158328630889011,0.12105596454924,0.2531417864146053,0.228532363239452,0.2284521018675955,0.2511107219995561,0.2451941064142335,0.2305961654107646,0.1198590418037235
2023-06-05,0.2416931900590719,0.2109046973430819,0.4993950941870848,0.3305777701399731,0.1864836693921036,0.1744196741844339,0.2983062764345987,0.243745300956409,0.1945925183750644,0.220923046767686,0.2356286154245114,0.1893284356573671,0.1417971352411066,0.1914275741132185,0.1624764043427961,0.1923243085273356,0.2117966638431398,0.2760672672654902,0.2898665169129058,0.3049389548902359,3.0681443294636623,0.15021442046289943,0.1539360257857343,0.1208856843471216,0.133637593331708,0.2665987788537073,0.2544769389157011,0.2559639233174213,0.2536096175852101,0.2543628201882129,0.2337940681800987,0.1224390962545352
2023-06-06,0.1902129615935955,0.1939357405044199,0.3981843271056419,0.2730366432043742,0.147925629677301,0.202234895905214,0.2739184615120794,0.1658079133379245,0.1815964275983829,0.2407542405348189,0.2372679396743496,0.171879709501075,0.1728840179020132,0.1993585355079353,0.1469873480208259,0.1809264487197319,0.1989388820769748,0.2813301213198789,0.2313958602991514,0.2308667072944814,1.5741756944185326,0.1377908315021283,0.138071580216294,0.0987561154740061,0.1313005107893955,0.343610069603656,0.2409347059314954,0.2064314289332887,0.2249636136449825,0.2238662781823123,0.2279741386632195,0.1117957142133938
2023-06-07,0.1944230424553459,0.2089594109406367,0.3995421803764477,0.2705905760844677,0.1450525019135191,0.2160910039322862,0.3004916976079059,0.1670585969478283,0.1820685785206051,0.2390531050981812,0.2397652148777121,0.1841381956307335,,0.2021297193815338,0.1471973276352412,0.1824425195850266,0.1944516584608731,0.2771791815968648,0.2429414002994844,0.2412267384416701,1.47897916367871,0.1388144516010325,0.1398041320829143,0.094896732318396,0.1403950674286234,0.3543886538117196,0.2289930733959583,0.2048244163845158,0.218211927296248,0.2251926521580028,0.2090124803817564,0.1093490959772043
2023-06-08,0.192975706991285,0.2004988433706099,0.396133577377663,0.2689049155741231,0.138492127678109,0.210022304788366,0.2788675115250802,0.1609405080976496,0.1741845331569502,0.2368935159032953,0.2283761937151119,0.1772401990211718,0.1976090442253867,0.1866182677560509,0.149421282238353,0.1744836101066675,0.1873034239178868,0.2702979092686609,0.246573127576411,0.2382379422435047,1.4647489168687944,0.1461210811409862,0.1332680071617777,0.0914888178204158,0.1269548706526669,0.3450494851808854,0.2259951759256947,0.2008662280014163,0.2148257253240982,0.2249996982052138,0.2255381673768719,0.101671179795944
2023-06-09,0.1896310858482092,0.2048588503817172,0.3921560826115616,0.2785264974863853,0.1413059440630181,0.2072784899248323,0.2862887140493645,0.1599764939002837,0.175986364106789,0.2373072692256586,0.2254446351274786,0.173871336786213,0.188428086803211,0.1869419272972916,0.1453626376958854,0.1701974632251885,0.1849836612834296,0.2759912165943115,0.2282173100081098,0.2374912986133267,1.4621772107368678,0.12540435298896602,0.1366862878603137,0.0890810140275544,0.1275840073071114,0.3457218052134529,0.2359678501816051,0.2062544268814986,0.2163710960883216,0.2252507500819694,0.219975965563733,0.1003639860144443
2023-06-12,0.1796715818366254,0.2086148460716284,0.4126084061159444,0.2860204523027097,0.1408754164173313,0.2168534023108971,0.2942171463028487,0.1564193785065584,0.1804085221165779,0.2360404474072649,0.2196901569920031,0.1780162422024395,0.2017334455729363,0.1924348105392241,0.1492273201007713,0.1794896804702792,0.2016016121070468,0.290909256923156,0.2385893821932518,0.2444053533449488,1.5793643109961788,0.13368069346666978,0.1408677706525206,0.091936224459657,0.1220916808721044,0.3647059446834754,0.2264666724103743,0.2117602761100402,0.2354390799182444,0.2305810477051995,0.2216624383341664,0.104604978645517
2023-06-13,0.1818525125935096,0.2057476523693069,0.426897745276099,0.28237953371986,0.1313429939040699,0.2043318931559903,0.2905127745253661,0.150344540728469,0.1788715998718406,0.2391688028586193,0.2204950756016986,0.1795736603155294,,0.1830997192944886,0.1480342801039088,0.174863352251799,0.1959773441569934,0.2830522826796668,0.2301923083797478,0.2201397447263445,1.6402916994425132,0.13333206266383735,0.1290371039189778,0.0869708427069223,0.1224101198338502,0.3722335087742889,0.2258881278669895,0.1949535692698822,0.2132792820292774,0.2142800266351783,0.2182858652685646,0.10249489195548
2023-06-14,0.1755360984706785,0.2115566744908944,0.4660944994057949,0.2774477582902505,0.1315105754368471,0.2205558362052095,0.2896315220796859,0.1478091723226611,0.1779541204736437,0.2371319586903914,0.2265515078330509,0.1720548677572621,0.197854961482127,0.2299608804664338,0.1507471080115689,0.1977403606990163,0.1964463243696281,0.2823901552537514,0.243725190043508,0.2152214091143785,1.6295760014632863,0.14174949953398477,0.1324512993228951,0.0793533650913088,0.1198913732090576,0.3651458127070666,0.2461167264599605,0.1960827604772002,0.2270756069440979,0.2035317722178072,0.2126411807416952,0.1007965509440979
2023-06-15,0.1810083851692713,0.2171597496204673,0.4499732588709346,0.2821398481743907,0.1252784477766582,0.2094491926663028,0.285227619354559,0.1416236405943224,0.1740204700095791,0.2416598363479336,0.2295991962841893,0.1752440984324206,0.2085657600092341,0.2195169480350335,0.1409860004993658,0.1969911045344042,0.1820606512486784,0.2779373457283384,0.2305400184728259,0.2371309893047243,1.7291857899387566,0.12425520479724543,0.120087022322321,0.1334318223306736,0.1196830851946234,0.3797027055497419,0.2308490759513859,0.1954805797455323,0.2155189094741362,0.2084741054255544,0.2211400802252809,0.0966988887540253
2023-06-16,0.1757447959013128,0.2297364137885796,0.4350393277544953,0.2639952903597544,0.119894104620138,0.2168709663862369,0.2796644633379295,0.1338735581781262,0.1603229760516657,0.2275785042156024,0.2293905446268527,0.1617511647546382,,0.2179874408723087,0.136253371717033,0.1943573678522971,0.1833322697888152,0.2709909073455804,0.2201666791012373,0.2277633249048687,1.7827313842207788,0.13093635123262964,0.1186711912265251,0.1058075903929364,0.1127219440104192,0.3671175026126407,0.2426486339371294,0.1927870506279015,0.2223165910755426,,0.2162186760162065,0.1094354439471679
2023-06-20,0.1866691786874053,0.2262101872966011,0.4374293710829424,0.2709406534328398,0.1230109393544332,0.217426798119972,0.2871351057153188,0.1358423988313403,0.1706669338362984,0.254486384122756,0.2296030592300372,0.1763051281526971,0.1870821773654811,0.2151387439127776,0.1431584194085893,0.1891235150825641,0.1893241027533406,0.2909322273364453,0.2280043955229496,0.2209829931599301,1.709883697594868,0.13226014281889567,0.1264961989806,0.1250434883834808,0.1202882280026495,0.3943301868559714,0.2390937523633603,0.1955259655874814,0.2179933259509116,0.2069114275970812,0.2197858393254844,0.1118565717446218
2023-06-21,0.1804924068101972,0.2264485785230999,0.4215160313343782,0.2689834610508954,0.117089290798295,0.2180876242005442,0.2860164332106127,0.1239863663174753,0.1699156685813485,0.2439658324375631,0.2291355295664961,0.1685117346736388,0.195784073951277,0.2090733886948892,0.1378370384162002,0.1852667624271073,0.190142134157612,0.2689343979914339,0.2176626088730048,0.2277988885964218,1.7694843130404485,0.12760090562596585,0.1231560905810996,0.1212645008720011,0.1147982040798316,0.3888008828250691,0.2348293936600499,0.1890411303521625,0.2103131989969296,0.2009634315703557,0.2123055561008602,0.1118798495204203
2023-06-22,0.1767552407099027,0.2078931882774772,0.4019127540708972,0.2603432513796043,0.1085913058773279,0.2172457442960474,0.302210701056176,0.1192056863481604,0.1781411345103363,0.2475485463548202,0.2382282632980003,0.1619538295859799,0.1921519205156855,0.19303222271524,0.1346905415290431,0.1792734653563824,0.1775702229290897,0.2802581873865917,0.2138974080039085,0.2315141875037247,1.8027284991050223,0.12421556465154274,0.1127158507185647,0.1070119092970632,0.1158027820407572,0.3809567410657147,0.2282200192876018,0.1825662027423046,0.2071630635909014,0.195604071106654,0.2154672172574246,0.1018070097843864
2023-06-23,0.1762205872712814,0.2171756894662627,0.3942678565828456,0.2583477228018362,0.1165279863234129,0.2276380801750626,0.2949668621666247,0.1189537257714829,0.1763616411434581,0.2504525776850197,0.2379268410580763,0.1568999720032182,0.191289446154021,0.1926787845823374,0.1341513275563157,0.1754781621953055,0.1805046379832225,0.2740119058061885,0.2133970353974307,0.231843606957469,1.843852729840325,0.12328047551676061,0.1193749976860236,0.1146444741916696,0.1212674504302973,0.3925530800174252,0.2262947593030509,0.1843768313946941,0.2031022097761549,0.2001346762739881,0.2158594316122458,0.1029605547156165
2023-06-26,0.1873176529109577,0.227402672668696,0.4101526862509905,0.2623632272255579,0.1149900780160438,0.2332988380685481,0.3002442512240182,0.1091349609053772,0.184827631402369,0.2612683637227244,0.2472742157223229,0.1689081660405564,0.2198225617785706,0.2026487062107289,0.1607823169700178,0.1858173634714755,0.1924411878194785,0.2710476705200919,0.2167320000433592,0.2401047459236132,1.9299995668067584,0.12534440899472873,0.1192976181967059,0.118307217707658,0.1220479665815482,0.4102890801076371,0.2270848129095923,0.1841969085977102,0.2080301126511999,0.2150708610917585,0.2111918322641673,0.1126613813502341
2023-06-27,0.1740637576931769,0.2191036877897609,0.4028439858368235,0.2524990316446963,0.1152681459000853,0.2312366289320812,0.2930231292215625,0.1034503638601753,0.1793441198366841,0.2574614422893939,0.2424259614750792,0.160936432220291,0.1980616779689863,0.2026971985105775,0.1541672205229733,0.1862174526374761,0.1916120117801437,0.2626206277468603,0.2055018280467653,,1.96775236094762,0.12121332360926443,0.1157632100316725,0.1149565455822603,0.1153856881759898,0.38739351442039,0.2259439056185201,0.1814900330194453,0.2083604387307176,0.1979376186982015,0.2075833346997664,0.1017651888615368
2023-06-28,0.1663817535278652,0.2151221980624188,0.4126087422763188,0.2502539956452193,0.1173599591297355,0.2356709833289354,0.2979968853780492,0.1033423811471982,0.1893711159200175,0.2671568206008004,0.2424226570537589,0.1612284903904548,0.2095389894971562,0.2359119467486232,0.1684083069901513,0.1938735470509751,0.1903688956655232,0.2563691818888259,0.2063318038137178,0.2336825613569056,2.038018328537601,0.12250658569444606,0.1193374160628715,0.116534194519976,0.1194993928679605,0.4003574131268881,0.2265022150415119,0.1859842346032112,0.1979505871197126,0.1960278205881235,0.201801891818646,0.1046955698050672
2023-06-29,0.1695560074166456,0.2147381529710671,0.39581725247851,0.2485673200013415,0.104548214943761,0.237184338583916,0.2857420066195369,0.0920140409413036,0.1712876168016838,0.2533261690463286,0.2389605895886261,0.1567129561977739,0.2054648239939832,0.2306263407080204,0.1540941766337056,0.1860107058840914,0.1941595750430917,0.2444504052826788,0.1995080132702687,0.2187175188673165,2.041473352771268,0.12040748293459276,0.1196065603024984,0.1218246158200816,0.1123482174004285,0.3888775028502086,0.2198375179519114,0.1795938086433953,0.1918759043151742,0.1977224666681191,0.1976520359266409,0.096799524510353
2023-06-30,0.1547049212451012,0.1973028010654344,0.3681066141670691,0.2315090641737889,0.0867142403138143,0.2279016452341384,0.2584561879233211,0.0787653608213606,0.1617028396266671,0.2410871923007755,0.227536611889279,0.1451595300094394,0.195062148705412,0.2174658818781116,0.1450425236825086,0.1681522223190161,0.1731289033304869,0.2348049771098563,0.1910748845338914,0.2232143192264679,2.061013606641464,0.11213084936331887,0.1021973660671271,0.121233230503024,0.108449202752578,0.2082107520754846,0.2099517945672264,0.1616862813424172,0.1811034595847597,0.1775408890704563,0.1857779958666519,0.0902287251978967
2023-07-03,0.1689419502310974,0.2111898829982428,0.3797570579944686,0.2377744437526033,0.09177275221843,0.2441640148026958,0.2748734717845355,0.0825063826487766,0.162185543002775,0.246439358922845,0.2416433606268652,0.1522113243110245,0.2096757263109499,0.2292192285841264,0.1516789231157475,0.1765445018384568,0.1853325291705518,0.2320814062408125,0.1876322930627564,0.244281129915969,2.224646592113161,0.12127240822781692,0.1029577305735952,0.1004733062911962,0.1176986294605833,0.2180874871828878,0.219814601305851,0.1699755383314363,0.1766934938433543,0.1874819474485907,0.1843791895490426,0.0973940891107309
2023-07-05,0.173131892647641,0.2197909299722232,0.3997145039133544,0.2567632624433371,0.1437202483171936,0.2717886575379878,0.2804576123853508,0.0661490401376973,0.2157484458035346,0.2782631984897166,0.2275530076825061,0.1847973400336338,0.1914201282213473,0.2589054638366997,0.1329245940785718,0.1951569447125006,0.201398683524209,0.2439196367635721,0.2014517092494351,0.2412732075853945,2.4281624387129845,0.1548894100420352,0.1309067440920399,0.1439696051053167,0.1117732002838339,0.2262427181811856,0.3049399752521344,0.1711944605833192,0.1878894399581237,0.238863896314874,0.2364697734265749,0.1092483073506366
2023-07-06,0.2150596949210686,0.2732591648312874,0.4089086674734427,0.2784121028141944,0.2402162220060296,0.1937050158817069,0.3638725281012685,0.1453652617410063,0.2053841583080436,0.2470640174730385,0.2561097292600993,0.1881154868893575,0.2102150208083647,0.2305478431141228,0.1542726124301464,0.2182643627000804,0.2029326734973249,0.2914721321609257,0.2566123557190866,0.2574732198351133,1.496084008622823,0.17004071606565446,0.1392618455939843,0.1496720348130176,0.1572263649797436,0.239673240363804,0.3077316285395902,0.2370222503894616,0.2222632502595802,0.2509729584931616,0.2502011636081408,0.1194164244285706
2023-07-07,0.2172406053591936,0.2773115643216092,0.4011502886152575,0.2775997648264437,0.2400545582057924,0.1906901900529421,0.3593715834798373,0.2157061571599326,0.2064411333042733,0.2452387187050231,0.2499182979661979,0.193372877442135,0.2051305364213199,0.2414670432320424,0.1513999540709351,0.2108828480305267,0.2063080403369555,0.3007450221519231,0.2460211889156199,0.254400385472267,1.601926703258015,0.17263184428988773,0.1466897001285985,0.1447383365401937,0.1653023047733929,0.2369624557279642,0.3054025430078506,0.2280944043187992,0.2211810344286895,0.2479463522374814,0.2484908986110403,0.120214038301249
2023-07-10,0.222812773134467,0.2909277051656359,0.4078526059622664,0.2890273297896525,0.229001915231904,0.1859376238629083,0.3869659999910733,0.2310562938088242,0.2153368292417247,0.2518366582392919,0.2575950149586939,0.1901457680608027,0.2111971084971822,0.2435925839050369,0.1532355826944257,0.2132156533979108,0.2115385567575615,0.2962483531360626,0.2565171871589106,0.2277966831448201,1.651413955762048,0.17512827782872326,0.1458651538059042,0.1397250126679855,0.162679143699087,0.2421229642352629,0.3149827771660157,0.2346549099467264,0.2248184631637015,0.250788073305067,0.258446367327596,0.1153059945816766
2023-07-11,0.2224965603521776,0.2872375295764954,0.4020357075019841,0.2719385201525007,0.2280117215771173,0.188711732703961,0.3764533931971864,0.2317796576073727,0.222100322388271,0.2532590649812543,0.2536533754169071,0.1912854471481423,0.2093691229334105,0.2424614286427816,0.1579672762100858,0.2112811200825218,0.2132183782258209,0.2984660416590736,0.2582829599578774,0.2302590548894204,1.606670357777211,0.17653707745890274,0.1469612651379309,0.1429411134301939,0.1637346301359712,0.2390404243961197,0.3163585897876638,0.231276521986871,0.2151020163294317,0.2521420916594111,0.2529486313685705,0.1108101784935195
2023-07-12,0.2161955353625635,0.2858722611640894,0.4107189130423843,0.2669615992993665,0.2507036260622568,0.1851951087659865,0.3756669756924713,0.2282886636922149,0.2014560354089992,0.2452515235920414,0.2445404163111675,0.1890072203157003,0.2101008082573115,0.2560337724158688,0.1527975504176902,0.2267718699305865,0.2113621416428993,0.2963949925148048,0.2534757008572383,0.2218412888339095,1.6144699602735313,0.1712639348952568,0.1424485944392538,0.1511394373697843,0.1555771571082351,0.2133575334304906,0.3166714380115132,0.2272452956405597,0.2093017008968213,0.2479223631720813,0.228483341873272,0.1062134251891419
2023-07-13,0.2178174732641384,0.2839713709343109,0.4201203593310344,0.2671689556227534,0.2244590408623104,0.1838614242488773,0.3745413530144507,0.2272832112310343,0.2076493459828116,0.2424394131463261,0.2436515802473934,0.1825905197021285,0.2079073919989278,0.250056770034786,0.1502876970034588,0.2211971714360134,0.2084690997496086,0.3047517061902487,0.2475667460232435,0.2221016833044551,1.6776518773108575,0.1677503922684274,0.1414747495010533,0.1489416488098679,0.1546360706440631,0.2100071398976507,0.3102672891745189,0.2330391409314919,0.2094070150911562,0.2369007689235789,0.2253273175994005,0.1009398861793785
2023-07-14,0.2178461456584091,0.2872814383975715,0.4340144034450162,0.2610556162145149,0.2463660540400232,0.1842332174370102,0.3833661834177362,0.240971099096273,0.1725507460495758,0.2404871417558217,0.2348432238267849,0.1831102090412622,0.2092935928885984,0.1938751431852374,0.1540753225162289,0.2210254077175847,0.2151325486260493,0.3049255005239695,0.2470020283626956,0.2666060161941957,1.683383962111974,0.1655110224738456,0.1448009541757234,0.1469216112816541,0.1519287935780462,0.2167093570621135,0.3225212339745482,0.2332145857796116,0.2216929353735716,0.2376968721947389,0.2433801534634496,0.0968422503767201
2023-07-17,0.2146161376291465,0.2991797302708988,0.4537990961390322,0.2652426397812582,0.2626173088699736,0.1986934061991777,0.3978099026162842,0.3389583469742693,0.171042643446889,0.2474002533340406,0.250253625057561,0.1924932249803888,0.2084596228560789,0.1977927623726597,0.1673806678389637,0.228137210286463,0.219811465262196,0.3189578976828625,0.2552808450539205,0.2301397295934965,1.7391447686067292,0.17602437188226638,0.1583021978943002,0.1565373052078288,0.1623976331841335,0.226031201230917,0.3492311160051053,0.2442603732022133,0.227340163592307,0.2505479164672123,0.2531957939495731,0.1009179998069762
2023-07-18,0.2198902315254075,0.3268422523300102,0.4523565649027707,0.2654405699212682,0.2695408462386466,0.203609205760608,0.4149237608112595,0.3215920219621889,0.1742411204329801,0.2519243083276482,0.2473192516133854,0.201394588722103,0.2129738396446736,0.192981532961755,0.1665036394775756,0.2265662190078218,0.2216010464210222,0.3203314343490785,0.2597647219581278,0.2809806365984519,1.8203140830080649,0.1820066101393333,0.1551148974553902,0.1564677869441333,0.1683909326152961,0.2247480477055771,0.3403749659008016,0.2474209775595401,0.2258906438371927,0.2556502221936604,0.2601572214191822,0.1022796475027502
2023-07-19,0.2360355486120283,0.3175807240671313,0.4453955753417412,0.2762866499391073,0.2508725474589334,0.2211301246585892,0.4222136608341995,0.2904588086322091,0.1755246122030934,0.2018313684469829,0.2715098807560213,0.2009203677931212,0.2357360808396254,0.197014516086133,0.1639555985564937,0.2309267041466302,0.2213223639319465,0.3237688564181201,0.2838027398947405,0.2816874506372085,1.8780785501264925,0.17842052986179416,0.1564827560386825,0.135780396857202,0.1684704354492545,0.2290823865073264,0.3457708215207051,0.2429221543588575,0.2244782755245795,0.2633942800741928,0.2611700856304964,0.1077155327240353
2023-07-20,0.2360332853370123,0.3281862539408207,0.4402605442523506,0.268306060918466,0.2576489009106373,0.1267318844933966,0.4362344835652058,0.2687207217090309,0.1804220520713156,0.2066326888995932,0.2667463760214374,0.2018723887195009,0.1845419375672384,0.1924837441072137,0.1579497924573981,0.2206627374109627,0.2237465506002241,0.3069745385242645,0.2830834473710381,0.2335733965838832,1.9458449071251416,0.17986611588178708,0.1880765918904993,0.1365966637239297,0.1720785844626531,0.2278460943508749,0.342315123063899,0.2414389292486365,0.2214798261010551,0.2601453046689848,0.2683247070606301,0.1088768899573178
2023-07-21,0.2347776287255731,0.3303728457016467,0.436928634619897,0.2586434663098698,0.2525952554041876,0.1146522584276251,0.4202878324747888,0.2622067918325748,0.1653507614710047,0.2031989938036068,0.2110220932971519,0.1981348131217802,0.1722412487304775,0.1704800348048854,0.1623804861417657,0.2220042953192339,0.2163231951458021,0.3071153732659554,0.2743471793450907,0.2331236043099381,1.978458152849352,0.16848339631054018,0.1700815541590534,0.1313706889947076,0.1680440188375704,0.2240319121535198,0.3495524895271303,0.2361472883757578,0.20579630985164,0.2463623312146921,0.2553271275199347,0.103968003101316
2023-07-24,0.2374288900675744,0.3470761327363237,0.4406503265887722,0.2629390571199007,0.2675434461546316,0.1152735233397722,0.4393859926534176,0.2927693040986485,0.1705942536319829,0.2049991740618267,0.2107812456911181,0.2046228080635053,0.1786419460647595,0.1680958020123572,0.177698413870713,0.2305495775661681,0.2247279446457054,0.2975684607427361,0.2887362989115,0.25593800241969,2.1018485165588467,0.18253691240096948,0.1804500932323643,0.1407672398154089,0.1777759063376418,0.2336686151167512,0.3555077438497188,0.2452200101029865,0.2108695233718037,0.2535744311665095,0.2624415428823512,0.1136628257867518
2023-07-25,0.2425915006195913,0.3490426591300464,0.447335641063433,0.2666130000629351,0.2661030061595357,0.1082540269357402,0.4489793594755347,0.2232407956363085,0.1723137585071368,0.215075354376293,0.2108830308479562,0.2221249473004914,0.1993521267423341,0.1707679510947681,0.1632698221140736,0.2330269053885182,0.2189082115542907,0.3227558805176411,0.2848976040053178,0.2648886363094188,1.947699209708933,0.18591189802312935,0.1724284984842262,0.1517522987747511,0.1784525680594196,0.2384570680102734,0.3660613049331858,0.2483037998445862,0.2077233329963674,0.192189026151328,0.2197330311371688,0.1065249925254106
2023-07-26,0.232317995498159,0.2420833607918965,0.4354495344502801,0.2628814945871867,0.2631114381446708,0.1041197235870868,0.4444976176970997,0.1977786568386168,0.1682546241057835,0.2000284039754382,0.202884804700677,0.1501137999436746,0.1758122989045095,0.1748657884323677,0.1727906646964494,0.2337313186826567,0.2148267511936493,0.2539994240615407,0.291828070843842,0.2922667294802611,2.033247938200628,0.18469091017992192,0.1711717518874375,0.11344891693405,0.1800973983344041,0.2298870101744316,0.3606354300535064,0.2451868061632658,0.2089756943157864,0.1749845008055212,0.2046572931909215,0.1024422616626301
2023-07-27,0.244032029806328,0.2465989555901875,0.4341181518442886,0.2583799088850558,0.2589185907357144,0.1054297855943768,0.4428083355116347,0.2035126163454808,0.1737679839890853,0.2064193709590095,0.2163758146492823,0.1573226297553444,0.1826506322433857,0.1731170261313461,0.1451890982526606,0.2361169793913818,0.2197652503168689,0.2383214523627591,0.298479607419463,0.2213003939782394,2.0318733543585,0.1847699076420877,0.187869464125638,0.1168612429043014,0.1328798108267695,0.234088890893971,0.3626842643364932,0.2493768643111844,0.2129126176643142,0.1766582410066942,0.1990143510182266,0.1101234141217065
2023-07-28,0.2316282644934746,0.2212590922087714,0.4140022885848234,0.2468010758713231,0.2633647977520594,0.0896291777955284,0.4314724970387913,0.1905143265706112,0.1531147406256342,0.1919114077274345,0.1917563114043889,0.1366447271073816,0.1650157342229876,0.1710227048213048,0.1607107057071539,0.2257098536632164,0.2110574178854085,0.237353568971292,0.2930292238052222,0.2152329774978193,2.066431018964163,0.18253842823135005,0.1224204543774774,0.1074559337994689,0.1217837777006062,0.2153138113235694,0.3673568337871164,0.2359656643059066,0.1833573105562007,0.1649733022527044,0.1885338087433002,0.0998907756492379
2023-07-31,0.249540876183482,0.2353943606096618,0.4277799104512582,0.2607691807349964,0.2924242849272963,0.0956137950413346,0.4634271715051261,0.2022381902529128,0.1628183668220406,0.1918927990747947,0.1901622904635711,0.1417953349478578,0.1727531210730152,0.1797651660983162,0.1807683316350196,0.2598345793312144,0.2282531784858278,0.2396945812257438,0.3140235247837897,0.2199142602709426,2.26982292070194,0.19406084984250233,0.1299011023815321,0.1195840520258377,0.1383585772658574,0.2358004523455244,0.3947512973700396,0.2511555641095905,0.1957676330800071,0.177256543283317,0.1947486088031629,0.1005949577520796
2023-08-01,0.2588150149211302,0.2329395317516988,0.4245165196008329,0.2551224753920758,0.2898635253789326,0.0869811548725488,0.484524867652454,0.211931051702244,0.1655475788200777,0.1870529366366252,0.1966474882147406,0.1408811251489365,0.1914998481573097,0.1795241137879706,0.16664359384358,0.2089771245923131,0.2275682036018528,0.2460282527262728,0.243549965220434,0.2361205239829265,2.355181565025944,0.1995782905926059,0.1218740309845827,0.1143816121264213,0.1379380574563078,0.2333712795867766,0.413629451226248,0.2586575493854323,0.1907631988356164,0.1803960194873377,0.1967082674851823,0.1005421504495144
2023-08-02,0.2319953835535191,0.2524268666236693,0.5832882237383953,0.2745144885427518,0.2296996394053727,0.0993461723223224,0.530308342725902,0.2197046429864783,0.1924971764017313,0.1916025432464034,0.2302157984845523,0.1629262036216759,0.1853512860900878,0.188525300238546,0.1766870786015474,0.2009971175559597,0.2410851348205639,0.2557336301707635,0.2400787988398834,0.2393871075487262,2.3037076875214764,0.21222419405568704,0.1494460157999573,0.1201544412259079,0.1251073266167152,0.2509187192018492,0.3476146689032412,0.2085177799070445,0.2055882926737462,0.2102403490962591,0.1862880300793505,0.1156463678361899
2023-08-03,0.2529101137584275,0.2541507012844832,0.5777427892550756,0.3543625707995774,0.2401275463716175,0.1118214903927971,0.3919688478170504,0.2180402240369537,0.1976565175386402,0.1883560991759807,0.2232975815487935,0.1724102291742235,0.1833669076394359,0.1854505587412916,0.1330666977255275,0.1953732757690241,0.1881437353788569,0.2635030618730782,0.2455807228188092,0.2104055321566182,1.432957299575777,0.17304129690109157,0.1499482857894987,0.1231085009607993,0.1252623250580756,0.2311656336937522,0.3362504900094377,0.2126993259314792,0.1849643212997894,0.2200521359704676,0.1869273355289518,0.1212395917317656
2023-08-04,0.2238149122932008,0.2491217860741418,0.5789190490572843,0.362004181804096,0.24276904635764,0.1137619911965327,0.3050069327684489,0.2170827542920143,0.1978107018342851,0.188814807122979,0.2262436203523014,0.1704555507392208,0.1764254753647317,0.1857093875660689,0.161323848428322,0.1926778513840482,0.1661450865952064,0.2638674038029657,0.2395256110669331,0.2264295752266825,1.3737793190150775,0.17233219219669652,0.1458738102581259,0.139060764097695,0.1311749518254408,0.2304288434137154,0.33920083086774,0.2170479810351248,0.1905892451733493,0.2203720509287559,0.190214890190554,0.1164235795825532
2023-08-07,0.2160530794385733,0.2424297071899809,0.5896962426625572,0.3563642027671684,0.2413973942743376,0.1041213285722779,0.2955189543250899,0.2081758613966455,0.1959726813188372,0.1871049110781442,0.2235032579079499,0.1680482275341135,0.181505472014448,0.1798464198697896,0.1525805596645738,0.1856950684792875,0.1576395249487823,0.2579137755874842,0.2422544366672403,0.2267730951781719,1.40552612701554,0.17931807591473198,0.144303394423445,0.1376175314334957,0.1215176035740591,0.2316847706564608,0.3449381601538897,0.2121303981339398,0.1844460181815021,0.219556322559965,0.1831039400495052,0.1118314096770579
2023-08-08,0.2196225146185647,0.2498067351458541,0.6014877295828126,0.3693367046324498,0.2489283507135022,0.1088551874846445,0.3045802872494028,0.2116919782550261,0.2002473789022396,0.1963485360815344,0.2276357964328522,0.1727759423565649,0.1810413724845879,0.1821929005895572,0.1463522952114364,0.1946230914617793,0.164752018437721,0.2635486637068809,0.2496438534699138,0.2205955768097216,1.6388229556174034,0.18263671585708874,0.1489202899253514,0.1434054024771016,0.1267719345389942,0.2373208734723414,0.3461956123483623,0.2147798437391113,0.1838394392588813,0.2207704566345817,0.1886246545548668,0.1146533853270352
2023-08-09,0.2161349851520964,0.2544661575147017,0.6351715166069531,0.3792278153885047,0.2552663822258757,0.1770660021086167,0.3095168981053688,0.2109457891444455,0.2043289475068501,0.2034792472516521,0.2249738188913939,0.1780910916627899,0.1898551510662685,0.1902827665941658,0.1480762054426793,0.1932690776620714,0.1647173598936577,0.2630610533454645,0.2517169026602784,0.232423807891383,1.65063415781818,0.18439958099648174,0.1518357262990601,0.1452218551495582,0.1261468750853434,0.2373907817256207,0.3660169477651256,0.2234720776722746,0.1874519744624838,0.2216042766006997,0.198371451154605,0.1238393816493744
2023-08-10,0.2096773534836129,0.2435739611730796,0.6232618454691018,0.3695032808862225,0.2612150686734752,0.1553744936659053,0.2998872326992304,0.2034234121381734,0.1952327895249214,0.2002073369606376,0.2206527947379618,0.1821741248108433,0.1864947514316688,0.1834385990864932,0.1485563729982859,0.1898537600092635,0.1542230849834592,0.2545942310383177,0.2465445886845249,0.2554980448021278,1.6763454024695974,0.1971934626274744,0.1472160652415808,0.1414725815730019,0.1193843471598454,0.2327385644138722,0.2685415441539694,0.2205340093125515,0.1822493150862727,0.2149842566680287,0.1800828011202634,0.1180465979296235
2023-08-11,0.2055185999436419,0.245810357236214,0.6092486232669138,0.3711005741676547,0.235563728414091,0.1481300212554287,0.2889663388325621,0.2054544729986988,0.1935483299691552,0.1896230627284401,0.2195146170829586,0.1798656650929279,0.1744807687714404,0.1748822521141072,0.1362323517944899,0.1881828024488498,0.1521139435411634,0.2534552034394302,0.2319130812461908,0.2271431286940318,1.7332981867705926,0.2064396119340959,0.1458048067685433,0.1359115372703792,0.117503323528742,0.2284314249624475,0.2589519763176529,0.2148086797900445,0.1722632997395721,0.2116906325009845,0.1740985763137479,0.1161442786889503
2023-08-14,0.2025024981974615,0.2415504660750061,0.6314952440403389,0.3754416551169308,0.2263251062040582,0.1668493728492787,0.2823319513120124,0.1904300744602181,0.1906944042935125,0.1909354908923078,0.2258210187732174,0.1694105165249027,0.174362363632731,0.176431263436388,0.1568754669689665,0.1804906296671416,0.1484678267562195,0.2501186060418376,0.2369890472443145,0.2641453749983842,1.7413092600275524,0.21087807478388848,0.1441718079946921,0.1394759047003429,0.1142851537381676,0.2270854584208982,0.2574044383695563,0.2201043144805073,0.1718537798348428,0.2033969486915519,0.1739688891139321,0.1100424461750545
2023-08-15,0.2236729343894579,0.2519076963990703,0.6572297823133327,0.3873988675016783,0.2547356260335022,0.1702746775323927,0.3004124513354493,0.2153546542984829,0.2210951798418604,0.2081455353485286,0.248006540610824,0.1865781635532046,0.1798293579911972,0.1812992593520316,0.1473548869862939,0.1853815784506308,0.1598244391552728,0.2655938118994123,0.2398826706805547,0.2606687459719606,1.668531947059225,0.21624305311658876,0.1491165744149672,0.1403882775799434,0.1211561921296443,0.2380854175263412,0.2696900278234612,0.1767768589146653,0.1835443445188751,0.2056643778880399,0.1970116100859246,0.1216574055034029
2023-08-16,0.2207386810540047,0.2609977486927719,0.6729510355521694,0.3888050550326753,0.2493125029811259,0.1690219971401432,0.3040243324400073,0.2179480350072982,0.2169152274056894,0.2116017270006883,0.2426589605725743,0.1877722274151138,0.20635452153221,0.1882441137389984,0.1522845700548626,0.1904106453575905,0.1540027154423249,0.2616574579700901,0.258183667287615,0.2509062672844475,1.6724448000638548,0.21811581756075482,0.1480096590079945,0.1432018908821769,0.1285086853479392,0.2437331664770158,0.2588942333804551,0.1707428798209398,0.187264364744676,0.1968788168034284,0.1900073175611059,0.1272915204762185
2023-08-17,0.2213566032636417,0.2635978292470275,0.6704258790573685,0.408131233461603,0.1764316612308374,0.173396686762782,0.3057371607843332,0.2193184325582806,0.214940239746025,0.2123150562198542,0.2320401071317371,0.199620261744752,0.1818680577884675,0.2003356072846142,0.1597697984656948,0.1915094277319658,0.1912702480138461,0.269664874786225,0.2443662657066691,0.2535757449493961,1.7578952857657355,0.17278706220758874,0.165516057736017,0.1398168749677813,0.1312662978328926,0.2403162313571527,0.2596952263242595,0.1771705093371788,0.2333828601981853,0.223280757111192,0.1840627279075193,0.1291808673727177
2023-08-18,0.2181016683741259,0.2637945333704665,0.6616486677760619,0.4055100635784309,0.1765422589566828,0.1705549173351336,0.3062776664032024,0.2107798276207068,0.2092912209271803,0.2068398189612899,0.2249384722900921,0.1862098278974242,0.1808508432616002,0.1787716877180539,,0.1786008447124418,0.1977047664702414,0.2646746625733806,0.2500732601354415,0.2462690526308829,1.7329695189722096,0.15116472167212563,0.1418812975644424,0.1410210440165993,0.1208231986945855,0.2323531211099451,0.2515206716058202,0.1694648004371171,0.2250459704583957,0.2264856563327007,0.1778232846802146,0.1278927759471395
2023-08-21,0.2172716351561956,0.2557232637286232,0.7087457728412612,0.4139115940859552,0.1783765359450758,0.1605852033693856,0.2918965654429756,0.2073040836318683,0.2127544342289332,0.2037703030171915,0.2271981156551428,0.1830829012011314,0.1782645148020006,0.1709767323064897,0.1296394186644708,0.1773962409684603,0.1912622001381418,0.2558369750739682,0.2398976420400548,0.2498923681565208,1.788189826545172,0.151649042348295,0.1452201185609019,0.139158607211474,0.1209601875525021,0.2349376891862381,0.2374405638702748,0.1609534688258729,0.2236067506030253,0.2228474749432757,0.1671554227906747,0.1251768867133268
2023-08-22,0.2137146142318563,0.2584163469834687,0.7149245079755607,0.4226683288712684,0.1787464951321737,0.1673749878979644,0.2988897500484939,0.2059223617791741,0.2279809021239677,0.2040502331253132,0.2297993261740768,0.1867021750986665,0.1768117520287125,0.1806897046975531,0.1097008536755266,0.1915481954958926,0.1956800434092825,0.2572160758909497,0.2443090130413,0.2435726391668828,2.139122187091819,0.1529880292692753,0.1459261187963087,0.1363447377327107,0.1179733825593961,0.2459525374668435,0.2380009873826882,0.159847416192842,0.2202498646367865,0.2238421299157384,0.1662196347025129,0.1290683297456793
2023-08-23,0.2107382802439335,0.255486461843105,0.672054365316132,0.432621851414438,0.1695216181204527,0.1644661566609202,0.2871249879848112,0.2020837644218276,0.2100249737046696,0.1921979705260398,0.2224884346227468,0.179562169946824,0.1652316051184542,0.1726546805567956,0.1087244840263177,0.1815654886152737,0.1884032351578753,0.2575659064751325,0.2366169942593864,0.2472750809307791,1.859610895574932,0.15182769247730596,0.1458371668456168,0.1263635101667021,0.112136834213122,0.2452717713641888,0.2279270636154892,0.1467647831376201,0.2127941487254123,0.2228314186629021,0.1552654535695299,0.1169491565803532
2023-08-24,0.218788744533078,0.2580382535099087,0.4408287243777068,0.442643770350134,0.1673545397502016,0.1546626081460326,0.3023542724308148,0.1940154235277499,0.2137727148296445,0.1966095854389148,0.2305985537169023,0.1850885465984021,0.1723885470979017,0.1735401677740867,0.1039405727539639,0.1929322728945084,0.1875706014629129,0.2750769616016108,0.2364091968939244,0.2586175006556417,2.2523790877011183,0.1502843373224743,0.148895918506355,0.1261156682136011,0.1161346819994746,0.2434251305799397,0.2568375519247551,0.1546321041733565,0.2219968830791803,0.2131093619434784,0.164066025181008,0.1238445399258387
2023-08-25,0.203298546041691,0.2301814632583829,0.4319085253230179,0.4426622666159614,0.1518107113471868,0.1406390462121842,0.2703954848574907,0.1788081871432032,0.1985602050615139,0.1698995035238903,0.2120009662705913,0.1700690836676445,0.1516500983046498,0.1566771641095918,0.1430140634826592,0.1765231583656666,0.1750587773030089,0.2652733488655796,0.220205075698482,0.2314477049043072,1.9197925875456967,0.14047877825324845,0.1397273857939027,0.1196624922220251,0.1041198133622092,0.2154615143269016,0.2312972916673726,0.1403174725463693,0.1965838772862336,0.2363954485731756,0.1315070361343914,0.117118363790364
2023-08-28,0.2053236755047225,0.2334380947856272,0.4394822388600602,0.4612198062314469,0.1483804175120558,0.1414824331582138,0.2741528056652252,0.1805365998855684,0.1866322154447684,0.1590231464903521,0.2001699822752169,0.1643527416389892,0.151886897416581,0.1502247239104293,0.1632297055113555,0.1745233841883225,0.1741877955216147,0.2507537818859191,0.2177975172623489,0.2569464252735258,2.273438548277945,0.13943314756736447,0.1261033894261322,0.1068262975183603,0.097451847680968,0.2075571409369651,0.226649535536046,0.138256134827137,0.2017878551857607,0.1845179469742346,0.1339552478448356,0.1104751101273225
2023-08-29,0.1931067717760018,0.2223067722941175,0.4218213281585709,0.4561286702093651,0.1399457991523081,0.1368349509301196,0.2587289100133585,0.1793694861781158,0.1764178452369294,0.1483130501044716,0.1944516938427349,0.1579850683580693,0.1420642591987013,0.1545156716198163,0.1552158157004624,0.1625118805411006,0.165901372638984,0.2422053879385746,0.2122399263239918,0.237949456767273,2.346320760040611,0.12684559501458778,0.1274150853483655,0.1015328901974142,0.0928571565644538,0.2046556780443935,0.2126681833185871,0.12570839889805,0.1918740189678737,0.1749896235450379,0.1038198300337703,0.1057210539442441
2023-08-30,0.1970039460926896,0.2137846474084068,0.4031118452303224,0.4371671008362374,0.136492336136957,0.1234883940188178,0.2533010754393456,0.1660020756164355,0.1745464142744664,0.1970494839536526,0.1909075898764346,0.1534407444677327,0.1315112879463317,0.1443149677814096,0.1473334571333672,0.153073688956754,0.1610662277021019,0.2332398009359011,0.2028155704103311,0.2250091603259657,2.4137974086582656,0.12454970164098954,0.1233886509957701,0.106491770179118,0.0868510391988223,0.192026979442331,0.2103220999432584,0.1616600479435976,0.1814901540391883,0.1737544881411929,0.1777455741395371,0.1133453592241848
2023-08-31,0.1930808888807074,0.2051911658727297,0.3885743448230773,0.2457525843636735,0.1372149509229341,0.119088313791941,0.2417527634922766,0.1617662905098935,0.175821960154527,0.1929499095868551,0.1906290401686989,0.1474998035506039,0.1189580648885375,0.1801947184517963,0.141513319536257,0.1524368031484819,0.1626406374413658,0.2423857168720258,0.20758606339988,0.2581836914859473,2.4880337194066664,0.11428057717576283,0.1175697710492006,0.098944306170905,0.1206844658989201,0.1865571938121854,0.2038518246141023,0.1519755314100356,0.1721554141652103,0.1683753556156313,0.1756695723027038,0.0988132194254943
2023-09-01,0.1802670615956175,0.1909134265827683,0.361409351353836,0.2256867014966603,0.1292748626086275,0.1077785733096482,0.2293738645175472,0.1424880653137054,0.1633259512219932,0.1824638138315198,0.1720770009316371,0.1330330555686897,,0.1592745263215433,0.1424278107011232,0.1421929689469087,0.1492172435294052,0.2284208504891689,0.185961697182443,0.2505377692051507,2.5847192611952834,0.1111604872426873,0.1087152786435358,0.09616806882331,0.1141567340120515,0.1927253978075221,0.2335722965554099,0.138342107275458,0.1552850378383414,0.1640614455295233,0.1663730589093999,0.0841424244659709
2023-09-05,0.1976569411511558,0.2227167523819417,0.4077424404463114,0.2520824771561961,0.1310689949751932,0.1410049746812363,0.2791134360547159,0.1454536644109342,0.1950985877458122,0.2361807843403277,0.2212947489891579,0.170492215299363,,0.2052788167581414,0.1738117428125647,0.1682998400460913,0.1796945625623888,0.2569213168426095,0.2293979938664067,0.2178403554009529,1.4345791640614074,0.14145348032216115,0.1682364638925929,0.1111917653869949,0.1366924392548571,0.3056334558194052,0.2677776731276789,0.1795072791691613,0.1994657554852521,0.1962692391981001,0.1939897510893964,0.1056171935748155
2023-09-06,0.2116522084179157,0.22395021962768,0.408532068778834,0.2554545595582084,0.1306270988753086,0.1415916909534644,0.279204766097566,0.1525747367966349,0.195597338600162,0.2430346153219111,0.2252726308885381,0.173171999758449,0.1159912178692649,0.2021059656551079,0.1654991809001631,0.1738711982882865,0.1811384157728597,0.2644889208944415,0.2320977731558609,0.2448254967037805,1.427303746653564,0.14871306970801548,0.1678964814302858,0.1120486797785086,0.1495285383659357,0.3133239372261459,0.2667820871943752,0.1868250190564482,0.2044023537502985,0.1982944314200298,0.2028632208749154,0.1056941824155891
2023-09-07,0.2309801898014124,0.224774401365818,0.4088640364210594,0.2561782643202406,0.1261885390065655,0.1384976772491176,0.2688526163986576,0.1512173773551088,0.1953846778309367,0.2435901414984359,0.2369906720442284,0.1732647832459947,0.2171436451682162,0.2058762263117847,0.1714314098554719,0.1697443576330958,0.1811228064793445,0.26621868116365,0.2373268081399273,0.2411751432991391,1.423681154891937,0.13521497455686338,0.1521940525573503,0.1075272961894139,0.1408477503883287,0.3156622340823639,0.2670266557615331,0.1794647471259274,0.2002308742780994,0.201235265939531,0.2047902614562782,0.105944677315652
2023-09-08,0.2154981790303432,0.2162784109544334,0.396209560227561,0.250330135737578,0.125009743763386,0.1335185077011415,0.2600069629482742,0.157643169557107,0.1876246045308595,0.2349765467120684,0.2270998945206103,0.170708710480542,0.2007140067166728,0.216586880420029,0.1706071091025517,0.1634572140104769,0.1841997234947702,0.2626041414169621,0.225580002267324,0.2409083653899313,1.454323905967891,0.13161309112435074,0.1515504910068449,0.1073117416519198,0.1373987861430344,0.3117506770024308,0.2631783564830582,0.1702161233038771,0.1951449855577003,0.1953654143935585,0.2220092565619354,0.1008578663913767
2023-09-11,0.2187644793226694,0.2118015939325959,0.4095348554835663,0.2406564119086156,0.1222582335978877,0.1334785180481667,0.2550490284910969,0.1453193939946504,0.1844149636830741,0.2333595438615403,0.213646540733327,0.170564756883572,0.2051566675557782,0.2182574382829525,0.1639985064294315,0.1649708155533509,0.1865892809601668,0.2591874468967805,0.2241220128511632,0.2176860073373415,1.5743554426949578,0.13065830592196,0.1487531839730573,0.0975391989340991,0.1346906475088631,0.3063499421240545,0.2464827472431956,0.1692834762488971,0.1892013139977462,0.1965521008037947,0.2200706633855049,0.0992939874109169
2023-09-12,0.2203466726182263,0.2218807863558514,0.4096334330018936,0.2432859563310773,0.1236336494966131,0.1511401897372727,0.2658403642238835,0.1431870015930315,0.1898114543201691,0.2317044420868253,0.2122916579792794,0.168509690049419,0.1942752708257677,0.2235658286110478,0.1642385346672429,0.1657363914516945,0.1850782369139151,0.2584541772065092,0.2216460891713721,0.2402482590942168,1.5611918649545582,0.13196404277072593,0.1664300399572923,0.1004901739923932,0.1382087767905865,0.3083642341372911,0.2410812218025406,0.1767676131789923,0.1963789945169069,0.1952788808677816,0.2167162356153951,0.1037935921345753
2023-09-13,0.212300794548808,0.2128513800002908,0.3992460267359929,0.2337919861732667,0.1170807619747388,0.1477279940201521,0.2636472988862687,0.1413179831065292,0.1877978177826409,0.233949674820191,0.2122143591545621,0.1553146281284714,0.2037745392557061,0.217292927814778,0.1632599865995604,0.1633928901253891,0.1865582816772741,0.2534392025735263,0.2242840811111433,0.2278524065384672,1.58194746393065,0.13058420936461035,0.1463622483167465,0.0848593101126886,0.1363063787389646,0.3174891202080903,0.2366997731918506,0.173596213657229,0.1942264409286596,0.1906682214829372,0.2125272006666645,0.0958318499140986
2023-09-14,0.2007811895177047,0.2003208877295524,0.3788927368493361,0.2223532752215955,0.1151300989139854,0.1428809332146741,0.2522385491025437,0.1315800088352621,0.173381963410222,0.2231456485588061,0.2082903526011701,0.168335877702703,0.2079879591263142,0.2160805670544076,0.1558787868163505,0.1791804312079261,0.1796239130541347,0.2419162979807845,0.2212338560533351,0.2306771227119053,1.6511585229738015,0.12376878900467976,0.1446671302382443,0.1368166341675279,0.1234171472018294,0.3032380115262745,0.2333210120815048,0.160454513868257,0.1836494980590296,0.1831876400580121,0.1925645890953201,0.089949523605048
2023-09-15,0.204350508907123,0.216422252204265,0.3813691127882814,0.234178885651266,0.1086648723706417,0.1399964617955364,0.2654669705789966,0.1319346584891112,0.1800165094458761,0.2255085400349036,0.2166719758171769,0.1636175999695925,,0.2082801382303466,0.1663609058920481,0.1822696610239646,0.1786603655108999,0.2398822984789166,0.2204465802715417,0.2320240962407511,1.609561957959021,0.12457573379556931,0.1446432180512863,0.1345348531838617,0.1315707172312147,0.3116790805885648,0.2381810106457607,0.1719253114579543,0.1856507590788412,0.1985079239960248,0.199216283592172,0.1081699963824027
2023-09-18,0.2071832973976766,0.2154645304186873,0.3964744270524639,0.2305274745949146,0.1093743437678007,0.1394856364371162,0.2608661140481101,0.1329023976466497,0.1812207031803983,0.233834431219706,0.2239555630456976,0.1587240731265117,0.2269533823916081,0.2181377134122919,0.1663284894669405,0.1887095331621068,0.1805271138637652,0.253432617248206,0.2210702427785883,0.2275153133192347,1.6908084244831536,0.13780574409884463,0.1466547175894731,0.1284773747753896,0.1356069036203538,0.323965311512035,0.2453744785058646,0.1759481224815337,0.1803034379613484,0.1990825948331743,0.2105100180383683,0.1110044151672624
2023-09-19,0.2062173560738012,0.2212339947699064,0.3934919755376362,0.2344854647298359,0.1160296427249151,0.1364953212383222,0.2702836816336267,0.1380942100470751,0.1848306421278595,0.2348191685477034,0.2237327612471001,0.1690443295336269,0.2255039554195251,0.2245719645676031,0.1665540738499328,0.1829631189753429,0.1795350793663617,0.253361612072627,0.2287001694434257,0.230527820075192,1.6711596275822913,0.13651367071823622,0.1636992368110601,0.1312872836229378,0.1358417516979804,0.3326906399338867,0.2446297199883428,0.1789441097960302,0.1791125490179062,0.1989263866816988,0.2121409877006316,0.1123475628450365
2023-09-20,0.2229149095011968,0.2348735239977626,0.4040183481207522,0.2406534170165662,0.118248672798759,0.1591653793795688,0.2816624916443467,0.1385626366500153,0.192734760726908,0.2443159277047845,0.2320161718011456,0.1671636038626761,0.2074272653957433,0.2195481756800036,0.1679354586941371,0.1851803172855733,0.188172223463231,0.2580000401074278,0.2429602887922229,0.2319714225183615,1.6378313499042605,0.1301262665203414,0.1671887695914828,0.1378285495861998,0.1414511631777293,0.340491980473768,0.2430230369576768,0.1897927846284835,0.1832359340941064,0.2007995526566061,0.2131144103260502,0.1193021616937889
2023-09-21,0.2256935054279329,0.2517686397364061,0.4189158046100045,0.2560784707433298,0.1423141358345714,0.1602914799359798,0.3100380236124704,0.1464754067583862,0.2094677071554387,0.265873287309245,0.2527303370849265,0.1840218451962276,0.2331794308961802,0.2360587456260325,0.1736139901991745,0.1908118464525595,0.1969352954543164,0.2779447187784381,0.2576066768609216,0.2537351965491026,1.8961183088686464,0.14335439866239733,0.1802748403186663,0.1529632841733948,0.1598519660371803,0.3607630238564479,0.2582780176884497,0.1949394953793069,0.2022559933364064,0.2380798285764567,0.244094507784611,0.1259032101664057
2023-09-22,0.2281503736518616,0.2477887788263533,0.4203884314130846,0.2541468226794282,0.1256855588179171,0.1583324037061985,0.3029743537936159,0.1413616080381425,0.2102380134211721,0.2711005929694378,0.2492032908306979,0.1800151970204086,0.2222048671778063,0.2292104739935603,0.1808732346883314,0.1990164890797074,0.1972595586175008,0.2785189640409491,0.2543696146099317,0.2573525804046212,1.896116224214136,0.14344369000240761,0.1829704319619365,0.1438636675810099,0.1477236197465887,0.3458735952556446,0.2594121527142141,0.1973495080571615,0.1908043439592333,0.2283598438808799,0.2448239168935563,0.1324799541972396
2023-09-25,0.2387380351781607,0.2525068141647769,0.4225617785335101,0.2599789082761384,0.13418185530712,0.165187491123712,0.3113376918660736,0.144517258170678,0.2169011159883914,0.2809821849583447,0.2555909518909124,0.1954592980408542,0.2309433569988792,0.2318523924373811,0.187787550474323,0.2043307549322856,0.2031610750152699,0.2801709911317998,0.2582306456168143,0.2619590115126852,1.879749155891036,0.15202728933604998,0.1982820530711419,0.1539320878299575,0.1568538534860691,0.3762133359706136,0.2668522268955475,0.1986516479795302,0.2008951385210642,0.2164552875950468,0.2467551211921808,0.1317358384084971
2023-09-26,0.2552722250462867,0.2701074448632851,0.4406363201960251,0.2805195131654686,0.1544155288023659,0.1919782353092307,0.3475753971843331,0.1498581892528977,0.2342264673802963,0.2960946924425899,0.2746113124552671,0.209109803318725,0.2477110408859754,0.2467191629459312,0.1931730013533339,0.2143483944903114,0.2109093984150215,0.3031868281341928,0.2773230650992835,0.2927470943765451,1.8741469157577213,0.1598425821652772,0.2087653460738454,0.1600581763013717,0.1674533199775646,0.3889727953924723,0.278240282136552,0.2167728562618523,0.2125077972848531,0.2541397887132605,0.2686600595651328,0.1512845821642503
2023-09-27,0.2528902985557317,0.262291700927651,0.4275277824285809,0.277133139496853,0.145459826021401,0.1832949368922868,0.3397633208535529,0.1553141790604998,0.2366746368131161,0.3078451741764557,0.2725084581390933,0.2034541926556888,0.2426843583504081,0.2490597648684144,0.2048379668954221,0.219396294053752,0.2180945232464835,0.3025339737799907,0.2723762860427848,0.2918501166216113,1.895899733710168,0.15710568278092626,0.2128593320980205,0.1687837431222585,0.1795716551657392,0.3900869293003532,0.2778676419907358,0.2113750293111977,0.2059760169189566,0.2502704041028112,0.2562183197757988,0.146325477318931
2023-09-28,0.2460586545418796,0.2520228518743162,0.4081807348217452,0.2698254610630319,0.1377631675744282,0.1811906654162166,0.3236459666825705,0.1359522901123743,0.2182455181219442,0.2964649640349979,0.2621527316641371,0.187431435726606,0.2414754813892023,0.2424743708741576,0.1935613302273119,0.2127204788763151,0.2132805538385287,0.311304223378105,0.2648491751853621,0.2802691089731836,1.8985603549239465,0.15334126731975833,0.2040874946675385,0.1552772693154751,0.1662858745056585,0.4000257141382632,0.2729566860236789,0.2025428294218235,0.1980290339522775,0.2242130159956303,0.24389709430052,0.129873397802437
2023-09-29,0.2466881271873436,0.2427755956722518,0.3804734197364694,0.2588968892106382,0.1308997372514509,0.1787865017208158,0.3086093878104796,0.1250915773311088,0.2272276873462269,0.2994275982608376,0.265360810338982,0.190667469935668,0.2550139529450024,0.2457786955257721,0.20475123143121,0.2139297407909602,0.1997312979360536,0.2892890163916514,0.2688334165287124,0.2811144357214615,1.9576422356838328,0.15891562143733068,0.1989711302363866,0.1562686529951226,0.1667731947839717,0.2381466992877829,0.2612505776603318,0.1930095351385913,0.2064660431545431,0.2118021185528331,0.2316770416181715,0.1368198960115446
2023-10-02,0.2350083343445837,0.2426774837897631,0.3966961815596839,0.2797341562744392,0.1319394426171148,0.1819266916787077,0.3161469057517601,0.1287756162786266,0.2438978116361252,0.325138488478836,0.2749336845092195,0.1886934291393148,0.2915396842446786,0.259405157769922,0.2110842527827653,0.2192485068126302,0.2114040940026818,0.306759984998999,0.2756873700595796,0.3031475375113358,2.3198431300418414,0.16172455529186838,0.2268233993790357,0.1750284561199211,0.1854165162487794,0.2453557521496209,0.2718221880232321,0.2053203165524494,0.2138600295175593,0.2473259618475935,0.2555862207914756,0.1419734000421047
2023-10-03,0.2625121362043093,0.2909078907636717,0.4278295578994051,0.3053753933183705,0.195190806916245,0.2001418820420617,0.3641132951281524,0.1275775195406517,0.2702776059706755,0.3652005329048918,0.3204093313158896,0.2291320774773437,0.3038554342746247,0.2755654964256318,0.2290301797526887,0.2320519564848513,0.2393459178409739,0.3274215557770016,0.3022817655865853,0.3096553768428551,2.250100571848677,0.17392844225000098,0.2411065683909363,0.1835848337906006,0.1991518073914076,0.2578343235286948,0.3036635146445015,0.2456732775411733,0.2335532576379379,0.2632791516141662,0.2816746391563707,0.1587944372382266
2023-10-04,0.2475663598166649,0.2799816884483321,0.3983345824561191,0.278003625624292,0.193531483745094,0.2241495771032992,0.4101170278774703,0.1846882615613587,0.261512809762209,0.2976330290478877,0.2761167272381367,0.2069776759039227,0.2541247301800535,0.2652586868382768,0.1940227961231081,0.2235070509649892,0.2216031654031456,0.3153375426796096,0.3077990060373125,0.2790577164564634,1.4166717700058764,0.16581746652848406,0.2310486979557873,0.1750502459409716,0.2041837570947167,0.2361139879488165,0.2903784005309551,0.2228881932223433,0.239154148196779,0.2742708427917839,0.2562415263640671,0.1437657010275084
2023-10-05,0.2647517192476163,0.2931329489966554,0.4088064298561138,0.2905520571267334,0.252536476493968,0.2264403469495643,0.4093904952715906,0.1779575165373852,0.2538310438609167,0.2951775142218106,0.3003898549967906,0.2239697733692284,0.2437769311318125,0.2301457216586168,0.2022327044783535,0.2282264126985189,0.2318178889709871,0.3589987110851192,0.315915743451526,0.2716566596102578,1.42507737443497,0.2082756595732171,0.1870293485540704,0.2367502540670924,0.2095511728716365,0.2427748181789693,0.341824198087646,0.2651781143636008,0.2366370957687026,0.2872161479809249,0.2930196173501873,0.1436560390533831
2023-10-06,0.2577280221566173,0.2859509439304196,0.3951355627890834,0.2691094369512162,0.2502005163483033,0.2196607430032972,0.3829401001685121,0.2671946184096422,0.2459336811323485,0.2899430218277232,0.2836387512929544,0.2177188126164662,0.2385039871696478,0.2287480733029489,0.1816726909292801,0.2270953546516558,0.2356928795161959,0.3587034023438196,0.3010116242520728,0.2633061542920928,1.4649288828043394,0.23033258414956193,0.1937790764641033,0.2263906686847111,0.2072350187033576,0.2279286918426219,0.3283505343334515,0.2527741901590963,0.2441226059720774,0.2793950374132493,0.2784291279190728,0.1385170294466417
2023-10-09,0.2483676855969157,0.2846100550443602,0.4020006274322313,0.2756447768154258,0.2388698576478685,0.2237085278599521,0.3897664117011007,0.267054213650952,0.2554617922383093,0.2832530961441641,0.2870442245770506,0.2231564428351354,0.239397982147249,0.2284285028491739,0.1876030161313324,0.2310773230262747,0.2358431752574722,0.3666477126900476,0.3119448491312883,0.2735738140031309,1.5428809186110914,0.23330333124920155,0.1867374901425068,0.2326311505764968,0.2114924417565386,0.2310435327189305,0.3417965148633079,0.2582023447987317,0.2468708552405141,0.2869503154038723,0.2881613109225878,0.1369308892740386
2023-10-10,0.2456296667195967,0.2788304104878806,0.3936019216292009,0.2716555402948817,0.2368075194784889,0.2232615198967764,0.3847346364868421,0.2552210463933564,0.2522471334875416,0.2762634183750943,0.2845274462797695,0.2217876025239484,0.2477154566854003,0.2385907954343145,0.1873669054741014,0.229899455523431,0.2326013996492743,0.3519841244786668,0.3029819572177832,0.2688671697230029,1.6405321938011643,0.20969061618574159,0.1795890819100197,0.1916443144835218,0.2079394837840814,0.2277582499018312,0.3325461094334971,0.2511504611102869,0.2377763675701455,0.2817184522737366,0.2621509957619802,0.1311678887684351
2023-10-11,0.2406376428653205,0.2730515233544123,0.3871998369231793,0.2657688680564103,0.2613781394344047,0.2097212590773108,0.3870070926431151,0.2698464235345696,0.2474030857466536,0.2694957378001378,0.2791864477327629,0.213356309461287,0.2435468150094759,0.2283569883151249,0.1983403746988623,0.226117204067566,0.2318490827748416,0.3517301848115524,0.3008521991673091,0.2705281699551254,1.660614241576381,0.21083972754888786,0.1845724738463715,0.2117677488103337,0.2102014979226265,0.2299754375195126,0.3235176317854247,0.2458592117605798,0.2437101399894476,0.2661136004003694,0.2802583318679116,0.1308792319957994
2023-10-12,0.2446066169591136,0.2702555048818879,0.3902421996512167,0.2622306545217299,0.2393790799689024,0.2218770470089517,0.3869880621112336,0.2652586831273851,0.241332054912443,0.2750266312709464,0.2826705385669926,0.2141760094111651,0.2393090309662416,0.2153655274840375,0.1969836226689082,0.229286476227896,0.232508446765126,0.3573087688009402,0.3030333902490827,0.2856300847136828,1.6087533214699894,0.21164036489059193,0.1830278915089395,0.2168857490995263,0.2174822062542591,0.2193124049900847,0.3270183698395432,0.2519503130036339,0.2312124859536269,0.2809441304908963,0.2768244555551846,0.1285290602575366
2023-10-13,0.2571240406146797,0.2848674656121512,0.4079618706297674,0.3003033634365948,0.256050489296556,0.2317153143508926,0.409250118872603,0.2777353053362628,0.2186828983998764,0.2851182732418028,0.2941828327889984,0.22091613013623,0.2410336629929768,0.1878154529897311,0.2076532031200262,0.2384784701430265,0.241967068836038,0.3748691329913315,0.3173445077853696,0.2955185397843965,1.606091117932824,0.2225204254245268,0.1941221116742475,0.2250164287290325,0.2215225408266264,0.2335037142811239,0.3393234107700429,0.2686490696280479,0.2435743090856057,0.2892525579469825,0.2884080975403588,0.1340620046449212
2023-10-16,0.2569020043903464,0.274823665322352,0.3951902509799456,0.2692853288755166,0.2522512841938848,0.2229171497998973,0.3845331523076858,0.2679049620728679,0.1938560009981934,0.2556287260048621,0.2692297676727902,0.2184006980705239,0.2332813327078206,0.181730819560228,0.1831052147733435,0.2342972445413961,0.23389855453633,0.3666642020997321,0.3058212715319696,0.2755822010407638,1.7445552028432811,0.2200406350114505,0.1798480672070078,0.2113530959856856,0.2121859518133848,0.2388581351659382,0.3382414989045006,0.2620832031137226,0.2301064067362851,0.2860227176851312,0.2742502721131341,0.1307005375401161
2023-10-17,0.2693439653384191,0.269008528978687,0.4116646306255364,0.2730475198738227,0.2595564413020448,0.2264380615945431,0.4067634793246317,0.2613510272376264,0.1910377219261295,0.2352144654879594,0.270770818808063,0.2224622895569814,0.24107391653391,0.1790433370245813,0.1823657144562804,0.2402157781507035,0.2291316840859676,0.3596378369715355,0.3057478980497916,0.2736995445816179,1.804183507175321,0.2242674450629518,0.1840371056089421,0.1914197255881151,0.2140278549880509,0.219551160406578,0.3433187028123073,0.2641566771169181,0.2259612730919329,0.29208737361257,0.282212190314591,0.1281442514916597
2023-10-18,0.2797386819711618,0.2986172679053737,0.4283198386973882,0.3049105418066102,0.2712950402634178,0.2457664312754605,0.4224333703683983,0.2896699626462794,0.2248392001874438,0.2614959817593505,0.3017349985123316,0.2437298094092685,0.2098789918316946,0.1827133070595456,0.1797222840880001,0.269272034213014,0.235987810636058,0.3756483049602883,0.3361839380485526,0.3049888663833818,1.7022168492439165,0.23298949222928078,0.1387871827402527,0.1997100284863615,0.2234484638933282,0.2287545067520003,0.3540940380930439,0.2885846783687352,0.2428788435603278,0.3187013559731704,0.2966965382822304,0.1443997231054496
2023-10-19,0.2868726502799013,0.3128556735993528,0.4222755325885328,0.286729778069374,0.2939431197722265,0.2451331102174054,0.4313370451966193,0.2719664266053991,0.2260417585577621,0.2578372815821149,0.3061671773653199,0.2537105450364657,0.2183885145612422,0.1960478663211345,0.2024836499062949,0.2658683879048538,0.2471339473124571,0.3744196810763983,0.3632473703849182,0.3110730421183107,1.6636182736487204,0.23728073850523485,0.168835823409971,0.2026787843089947,0.223973310558571,0.2352207196683121,0.3558612186426905,0.2997792794170109,0.2441203465770629,0.3191882634172315,0.3000447193323045,0.1518839491377656
2023-10-20,0.282816263118245,0.3229041044027017,0.4284476359205937,0.3177045417729573,0.2980241202178301,0.2510671497390259,0.4565521757779625,0.281485927868885,0.2246267417118403,0.2590801540732751,0.2832673239963018,0.2505921354722329,0.2306635664321327,0.1897794240699162,0.1877848736002917,0.2562910364855047,0.2462231483956085,0.3849486782924878,0.3813418860900715,0.3041832167358283,2.0109487160659225,0.2338343124063764,0.1680782108074585,0.2079676358578767,0.222597293022955,0.2335751965480501,0.3667842549128778,0.2993346649503891,0.254280467837481,0.3138315782749455,0.2948578468736518,0.1536087795838439
2023-10-23,0.2954127683113325,0.3167221785117894,0.4310966919538697,0.3090023205661078,0.2999430128365786,0.2473616969700115,0.4580033689253081,0.2933918843199353,0.2435195668612482,0.2618915751802521,0.2621914160966647,0.2543755488221422,0.2258309873178003,0.2036731004756641,0.194135528857311,0.2654116289099651,0.2577970159289717,0.3830530184481424,0.3891086750739176,0.3223195306134742,2.062929131521045,0.24538564905078414,0.1740463708679447,0.2206794940574183,0.237298772235151,0.2476328566158026,0.3806536306561363,0.3094896798033804,0.2566039318922659,0.3250460803479553,0.3137699865837695,0.1671207775026217
2023-10-24,0.2911344930133614,0.3278267575833199,0.4154265079088529,0.2948872252648319,0.2882442110730981,0.2361074153847965,0.4548081846398882,0.2100507028204361,0.2271670619236038,0.2423993660925112,0.2452115281536327,0.2439760928860282,0.2168409289436402,0.1963993501208107,0.190979900985942,0.2385023381728604,0.2484207225461754,0.3770556527941212,0.370722223689268,0.3133633393783752,1.9994081767987568,0.24075815714073612,0.1586294227530386,0.177906513851485,0.2199025970136739,0.2373410709463679,0.3811304521205327,0.3081815593253363,0.2486834834706856,0.2707239449202872,0.2729055207197808,0.1673867665288468
2023-10-25,0.3135960700664473,0.2625723971760884,0.4576820154347603,0.3227278284747084,0.3109484253701224,0.2580727336781936,0.536892095250463,0.2169368491599208,0.2451898246488656,0.2591404503399123,0.2512181978039343,0.1998148319353709,0.2153798849487149,0.2070218029621583,0.1928880478523047,0.2439830472944907,0.2499888905092315,0.339400844436044,0.3871178727933973,0.3277637255757387,1.9868704111736315,0.25398314329077315,0.1700009683295848,0.1827964321616433,0.2327740545158946,0.2430587381081029,0.3949176405956802,0.3205208513870314,0.2548819760027518,0.2402356468277097,0.2875071792890598,0.1592498014647055
2023-10-26,0.3243471560337437,0.2745022813082362,0.4744810136648286,0.3396593501559503,0.3201549536794424,0.1459688332686357,0.5575552311408927,0.2187755078788098,0.2415933694033429,0.2657921227758537,0.2553028532830231,0.2067662039250195,0.2170232947198109,0.2119355566154849,0.2002952095908294,0.2170682438638984,0.2568006453473756,0.3337121770950047,0.3956181597052178,0.2779652716697069,1.9851015143083577,0.2581567683123405,0.172604921189369,0.1790606950907838,0.2335222816107264,0.2645072781367403,0.4066982542875168,0.3308352980707636,0.2501957694898011,0.234639079890703,0.2776621861472997,0.1617687131709444
2023-10-27,0.3181630666423398,0.2669236519106438,0.4529148287259797,0.3204345666898773,0.3252992674458163,0.1451073594989004,0.353161318538741,0.2271904785366439,0.2526216454548541,0.2784887685535499,0.2633912488478115,0.2013037166073169,0.2268586089939352,0.2105315931296806,0.2046478744788568,0.2294752971120914,0.2715868073139516,0.3286372403724008,0.3996797371801504,0.2835797553706398,1.934400642267204,0.2661857193177389,0.1797054954086452,0.187410889031788,0.2546709941536135,0.2719846151503082,0.4232498023001834,0.3319804203179805,0.2467244236162867,0.235633165710264,0.2797578883337194,0.1596364896993568
2023-10-30,0.3261248756770307,0.2576730172036453,0.4482290235482553,0.3180191005274614,0.3281262412767035,0.1294803434370499,0.3400988822185798,0.2247491987016373,0.2470394960592376,0.2662539228458975,0.2485407497420711,0.1943519526771915,0.2183598420595243,0.2075044994568239,0.200877669428999,0.219288522564576,0.2781629850603921,0.3312729854473254,0.3871962101552297,0.2773768729992215,2.250366561064379,0.26516691700056133,0.172218290915213,0.1785947208508541,0.1891135684702452,0.264733557809052,0.43275724114064,0.3345000661668996,0.226350606983563,0.2359902864384941,0.2745072449434398,0.1598236011965067
2023-10-31,0.32185886281952,0.2468999436308434,0.4419481568571986,0.3062062383051142,0.3199410545254428,0.116259514988636,0.320162564695713,0.2099680069345555,0.2242179997010369,0.2481025029337322,0.2332649715908193,0.175423031988503,0.2138942579539748,0.1940897966535242,0.186058915432375,0.2116301195448598,0.2097808314001141,0.314865215009834,0.2994737487040505,0.2733400678017034,2.3176924870540194,0.2598068400141556,0.1599334369081403,0.1804740231579915,0.1734925875830567,0.2545486729821777,0.4540246167017476,0.3309396510531567,0.2100502418213451,0.2171039985640277,0.2579246735433669,0.1368393919675394
2023-11-01,0.2908306413950228,0.2230189461604624,0.513580515007836,0.3589257201980078,0.3264870678864066,0.1050562201524888,0.3093054372314357,0.1909782725680755,0.2141337828049622,0.2079122606191862,0.2246104633016002,0.1697606233465888,0.1706926048460917,0.1892195346956705,0.148236848098173,0.1995122693321147,0.1818397323522659,0.2983569408725757,0.2721025523594137,0.2423726671258059,2.368510073032726,0.2526332139971701,0.1551310823935979,0.1357201341439011,0.1602469023703467,0.2493796909134158,0.4636397177051172,0.2401735115734178,0.1887473646169799,0.2115288571492303,0.2053301758742913,0.1315837770825407
2023-11-02,0.2379962054663452,0.2116383839211201,0.502721353656603,0.3359075868905817,0.2433693160914357,0.0906517643214539,0.277846393031408,0.1811229883598296,0.2096609385028126,0.195931475576557,0.2218488778805327,0.1574661055844718,0.1609687948861304,0.1738924419018666,0.1379769079879865,0.179228916448157,0.1705461425765191,0.2806964174046817,0.2493132468104818,0.2129937813358026,1.5759170707226198,0.18353745004241534,0.1509433679323092,0.1223229903153561,0.1364689927857819,0.2176961640514543,0.3218185557282107,0.2234941722830501,0.179885197694731,0.1980065223238399,0.1861217669455854,0.1167438718544332
2023-11-03,0.2018786607377319,0.1938258314848014,0.4952506474959899,0.328652828000728,0.235364668847866,0.1014493563177169,0.2623462753951259,0.1796718548807126,0.189978473675098,0.1877989241602942,0.2013082215683986,0.1529216609894773,0.1530228489335812,0.1714032869138331,0.1320969721172133,0.1728846530212165,0.1661298341665051,0.2711003498988619,0.2393813855123337,0.2154210126283851,1.3604851739597346,0.17930657564996125,0.1423721884084442,0.1203996058952366,0.1304145124292248,0.2149293458560307,0.3216395691400167,0.2193643742383959,0.1787669607232801,0.1964935944824607,0.1836480243528503,0.1149203291604374
2023-11-06,0.1927500545455141,0.2008523076191118,0.5035235173382125,0.3303272578676401,0.2453993008594092,0.1018920540634978,0.2661556552590764,0.1792843392293988,0.1894163682535074,0.189879609888297,0.2035490343145005,0.1539326385635237,0.1613984098009577,0.1758696184865878,0.1318494241669145,0.1779222740400323,0.1702517587996506,0.2702683099836479,0.2381153969073411,0.2123290610682026,1.4194219487426778,0.18318751970635433,0.1452765468966058,0.1190415404677465,0.1332830348000764,0.2172902303611949,0.3348113839853801,0.2249187973328354,0.1767412291815062,0.19552452380182,0.1792348566636607,0.1096961974729517
2023-11-07,0.1957014950749661,0.1978282955144017,0.497478529874284,0.3359265002585211,0.2524539987775038,0.1024415270939849,0.2606226475449931,0.177481224446004,0.1861468250108014,0.1857319910514373,0.1979419257749488,0.1511642078245106,0.1600511998380785,0.1744560278023099,0.1343860118254006,0.1872241452966889,0.1673000547709259,0.2752447916362391,0.2459881887836903,0.2060247997714297,1.4082345816608557,0.18839560249752058,0.1428264376981304,0.1134515708566929,0.1318152581111605,0.2071704765933845,0.3336347013308647,0.2222075040849169,0.1806161228461046,0.1984957858215586,0.1887076300208042,0.1090083427283135
2023-11-08,0.1781926860495574,0.1960416388004318,0.502435508836725,0.3366029057962063,0.2520989324095582,0.1069034919971526,0.269756469981678,0.1776209467124426,0.1896877543239437,0.1814909072912423,0.1977272009423331,0.1569745926731375,0.1584024143206671,0.1689683535502907,0.1326911270927282,0.1768005517786739,0.1703147195962256,0.2714214064464667,0.2459406463486072,0.223192818391539,1.6900359851619746,0.18810967284122862,0.141489411309747,0.1173618217042985,0.1345532461994088,0.2057243070335181,0.3312730511679652,0.2208989016287397,0.1746293322190637,0.1870830685998319,0.187931985175544,0.1044615000286493
2023-11-09,0.1959591396369575,0.2201677734815815,0.5084660822106931,0.3381026438017167,0.2542582024257686,0.160819793360965,0.2660322819291674,0.1788313841358072,0.189928355244023,0.1860304042481044,0.2131282903703706,0.167216236941448,0.1603600932463961,0.1703974660189196,0.1322237915106253,0.192325208717257,0.1816884466049974,0.2718021184398462,0.2463513216686191,0.2541985459307909,1.6809552661034983,0.18836721641503648,0.1445091439846496,0.123606960936005,0.1366422894891479,0.2250717167357533,0.2319579708088109,0.2282035126865958,0.1686191792955332,0.2036454832979951,0.1868431526594412,0.1144747008211165
2023-11-10,0.1862070473053182,0.1920427662751711,0.5011397213973552,0.3370935922642804,0.2450640389385043,0.1423695976186666,0.2542710795817398,0.170971213800008,0.1864167975338563,0.1740789943956219,0.1954413726076312,0.1561816290063304,0.157145455658281,0.1645843789652677,0.1313150655731099,0.1875198470096024,0.1716810842089766,0.2716306281152794,0.2270790687124676,0.2292665196066763,1.443361571339098,0.1836503849655436,0.1396124397110487,0.1177856410645902,0.1298390856101631,0.2191591104106546,0.2134986023988878,0.2175956525910497,0.1710120105476828,0.1851033283612847,0.1721442389305625,0.0996876421765255
2023-11-13,0.1883606170268197,0.2012259113702716,0.5095615820882592,0.3329463602980406,0.2521802446560143,0.1449224042610059,0.2616305069465148,0.1781186992161888,0.1914095696730333,0.1779434644877072,0.2056780737628224,0.1620105030870696,0.1564813828265272,0.1659165234599744,0.1368395494224087,0.1941771677504208,0.1657506913349297,0.2755449104999341,0.2382192087674544,0.2391541163506771,1.831636667191156,0.17680946268369638,0.1564056706714051,0.1141069236925988,0.1295438823591432,0.2229650593355363,0.2143022677230292,0.2138987862291719,0.1669881147580762,0.1967216110897799,0.1738501415240264,0.104167273010055
2023-11-14,0.1842483005212059,0.1946050425666146,0.5035380481415996,0.3342439970450931,0.2472008435150102,0.1450819659089794,0.2587726622810521,0.1777677112185613,0.1778204374312044,0.1731145983507335,0.2039442333653299,0.1610139034755222,0.1585217156571274,0.1629714403463414,0.1305506440118921,0.1845293808381747,0.1622360073893393,0.2597199767955224,0.2233588854277911,0.2160859692433374,1.6504415786108777,0.17920694489483213,0.1458578868452489,0.1047698951375411,0.1220388874499587,0.2238170653484068,0.2115548370493496,0.1522966110805899,0.1555418307048897,0.1854401991050468,0.1617640639022705,0.1031564441144927
2023-11-15,0.1719007657488565,0.200091081345418,0.5087996770931568,0.3313671377536473,0.2695174668728042,0.1368032204152937,0.2646846899092415,0.1731570923386299,0.1783339570747238,0.1727727215471005,0.1927841167564065,0.152703961779429,0.1581804470583993,0.1636358502637958,0.1315370496127247,0.1771657603907024,0.1602638779766164,0.2585897764046854,0.2314849147416342,0.256042143271288,1.7732980980780666,0.1904140976700344,0.1416523674077224,0.1043388634191835,0.1253744319973818,0.21801170416517,0.2144088048346252,0.1452746235447654,0.153149553334599,0.212559770784095,0.1614350039747964,0.0910844538496565
2023-11-16,0.1784597650932037,0.2031235319566308,0.5032735910315194,0.3426214412453295,0.1788191274374705,0.1319745709042283,0.2647328050138287,0.1715476476516581,0.1775428199207795,0.1614337477772933,0.1891206397314446,0.1514813470804713,0.1571469194135854,0.162984471351547,0.1289949017587866,0.1750927992361776,0.1964850841123427,0.2515515126903694,0.2276276130004875,0.2257228547838463,1.8028080558514248,0.15343619662748775,0.126108539991514,0.1025514820666208,0.1206092452386935,0.2161445923074775,0.2120120169366569,0.1400338442564636,0.222905828345534,0.1988248096847682,0.1643786155533954,0.090472339982962
2023-11-17,0.174319602330187,0.2052860567082745,0.4969455453356279,0.342178420500191,0.1620740465984156,0.1340835590422478,0.2610128335255506,0.1651558838512988,0.1622984712220287,0.1573157249627275,0.1790871969166204,0.1492129675761885,0.1420006847142164,0.1578735022484218,0.1275002731593625,0.1754025818636214,0.1940114281806448,0.2384253350120541,0.232307469900675,0.228136344718137,1.8101179704789712,0.13768713985417122,0.136643162774443,0.1028135364485157,0.1155942958516708,0.2156650664589965,0.2110588607784176,0.1331408692067281,0.2032995929398945,0.190447727633635,0.1540665827170131,0.0980727076538271
2023-11-20,0.1660961828455074,0.212544302441695,0.5051780298105484,0.347790557952815,0.1575688697568088,0.1342999857368731,0.2547586908990944,0.1587109673178501,0.1645395358128188,0.1524353654175584,0.1811959984377622,0.1484761182687753,0.1385266446072315,0.1523699652133475,0.1717794804789477,0.163854449789652,0.1907224794609293,0.2479807444420921,0.2221840284856488,0.2306457578428901,1.9269264192617928,0.12444470299561095,0.1263663783016787,0.0936210445623886,0.1108145583154554,0.2053477701429752,0.2054511756020891,0.130287484061211,0.2093412295718501,0.1887812514858598,0.1447834200513515,0.0965446803354093
2023-11-21,0.1679185714176981,0.2084533236197302,0.5006615978032253,0.3457851284096194,0.1509905494530258,0.124544598697725,0.2591634898053748,0.1604809618956096,0.1614054023565985,0.1492227536025021,0.1816527943868054,0.1467294373635743,0.1286475461706215,0.147246675596499,0.1636441147061889,0.1690034737194545,0.1876157101630321,0.2376630219160501,0.2166521650943608,0.2246722037298212,1.928475327718896,0.12220966672350013,0.1250395021640921,0.0865755733727836,0.1094777769488314,0.205061173843451,0.1978480512760105,0.1250532862703653,0.2047344244542809,0.1890800684899657,0.1333923098131781,0.0949768957148709
2023-11-22,0.1558856337765365,0.1891463825492591,0.351504277483857,0.3380122332391692,0.1397875511604034,0.1233107478214943,0.2476601855714447,0.1544621190353325,0.1547146266322563,0.1353592707801921,0.1700696181861129,0.1402145292605257,0.1266968872485723,0.1377270017154666,0.1542290043386565,0.1664986295806724,0.1795029839051359,0.226387969289907,0.2078724688970396,0.2277194197432636,1.9881187998566936,0.11883982002891853,0.1266479406157337,0.0741122634227676,0.1030631770020741,0.1885175371780094,0.1899886488511095,0.1206721990264432,0.2057909858755195,0.1789005778816978,0.1190447363592778,0.0967435075933271
2023-11-24,0.1632389187681612,0.1846979418621925,0.3493443051846695,0.3374489114085378,0.1366145029813239,0.1227903434631258,0.2468736462970011,0.1498930785697468,0.1563729087933421,0.1351399511074359,0.1677887437327987,0.1374669310889626,0.1196668988367454,0.1396883654157537,0.1535218400421905,0.1634558491042851,0.185645275587335,0.216906751046858,0.2113045488168319,0.2395940268253265,2.113229598832042,0.11120955980322875,0.1166080290908998,0.0764598068504693,0.0999021268821265,0.1839320233897074,0.1919671896952865,0.1187995694559618,0.2050678096283018,0.168048853744183,0.1267645952365803,0.094011621828451
2023-11-27,0.1644349505842347,0.1801483323664192,0.3467273538946936,0.3558190246736039,0.1499915778783021,0.1333243084929962,0.259555371802408,0.156337443954368,0.1651300711495458,0.141544828684725,0.175235935373197,0.1440590558460571,0.1248618871060293,0.1539346565575985,0.15220826090318,0.1760212617725292,0.1877226182886171,0.2202272190332869,0.2204803337678931,0.2577595828996244,2.260868889887796,0.12324178108037939,0.136284873276495,0.0714738790718739,0.1160141203620694,0.1877066377126839,0.2000113377626531,0.1223158830824265,0.2153196937806606,0.1709348857844768,0.1308382909387094,0.101377346377739
2023-11-28,0.1639747112423711,0.1872612523979434,0.3353202244298576,0.3736663992624911,0.1454317972237779,0.1305978963878876,0.2434709401856946,0.1552099689155848,0.1619868216945924,0.1388854018126455,0.1858047900599665,0.1491931407951415,0.1197722794622423,0.1482391169117053,0.1585666595904294,0.1797799650986414,0.1936127116847999,0.225050053734515,0.2154707320940149,0.2409099877199443,2.3566410545933563,0.11602879129770016,0.1251108751003097,0.0844415125572551,0.1129925826403386,0.1966054543387577,0.1959016762033409,0.1244762149810196,0.2103049377851444,0.1884687028674438,0.1402662864938992,0.1003454435572943
2023-11-29,0.1690660240904317,0.1918425220830627,0.3313899846359187,0.3914587967882279,0.1534731821649933,0.1310818432177895,0.2489964725815375,0.1544338192772178,0.1624936306030512,0.1963590236432956,0.1862792745705983,0.1471822763365923,0.1244820250870914,0.1595197653187722,0.1600857502658233,0.1695115229677231,0.1900083100273678,0.2273682889568286,0.2185429740433645,0.2462373245695882,2.417769480337072,0.12636340245669386,0.1347204801547805,0.0779862026820603,0.1147750870042486,0.1838680810111121,0.2007904583235546,0.1693007805347735,0.2307908434054222,0.1916445115592091,0.2128254061686547,0.1164372135114465
2023-11-30,0.1646102149104253,0.1832095151687787,0.339148095716902,0.2330703958897248,0.1507680374558359,0.1335353440419587,0.2471879375426983,0.1539433478913351,0.1565014589966568,0.1886117046039619,0.1868109814707813,0.1393158502428853,0.1224130802030573,0.1483519677072791,0.1560151302310623,0.1670699723493852,0.1837239125783055,0.2412093527167791,0.22045245967822,0.2658832843429434,2.466799682387494,0.10639348606965533,0.1200519513808942,0.1257655057913274,0.1422717716522564,0.1789325488413591,0.1983742529517243,0.1628773756999935,0.2049707606457313,0.1741779241534467,0.2039430695038164,0.0964298095581372
2023-12-01,0.1672032171559571,0.1947238056696419,0.3285638452729727,0.2509565656628973,0.1434035345515238,0.1326332648383988,0.2305601590674273,0.1639865035263868,0.1526450613923528,0.190502294216705,0.1830022432848938,0.1397082330394008,0.1133086298215574,0.1508098002619785,0.1548527207540389,0.1659251231340809,0.1838994251078943,0.2421766847710355,0.2215321619121895,0.2537708886837852,2.590996869316903,0.1257484643879089,0.1275434807240318,0.1185650750333345,0.1400346308052165,0.2056312811709639,0.17818806623454,0.1587631539463533,0.2103993865369132,0.1768981471598557,0.1988993428212212,0.1040860447251878
2023-12-04,0.1769223910617723,0.2190493393936805,0.374369231349329,0.2471771798495984,0.1565890889363982,0.1540408331501526,0.2683943368967115,0.1797029424915957,0.1691841522339203,0.2073284567186393,0.2112773605582037,0.158601228035862,0.1243286373441416,0.1677317123595797,0.1747289281030037,0.1762755845425468,0.2103393736233267,0.2578968887338355,0.2396483293535885,0.2915631457787161,2.959210170004529,0.13281820346921738,0.136983502519845,0.130713232360307,0.1650009254359777,0.242754632928365,0.1973376120352279,0.1675824058068795,0.2264746655800489,0.1934742711915153,0.2114654926743919,0.1024871414439975
2023-12-05,0.1740602811273899,0.2054914330182664,0.3536386795673067,0.2219327599192566,0.1392023702096297,0.1545725274283493,0.2603610245627274,0.1480657257862723,0.1618270845053301,0.2250135947349105,0.1888699547062785,0.1552317578422013,0.1381163392567352,0.1888984410578149,0.1517050916624272,0.15997207898455,0.2061502054615214,0.2394098080518217,0.220215545186471,0.215470513760982,1.4600934690843617,0.13893240887139122,0.1431399703234267,0.1449842295396728,0.146176279028052,0.3051939387180653,0.2164786121063641,0.1672639343831678,0.2132145084357094,0.196183011617593,0.2209598893707632,0.1016048764983089
2023-12-06,0.1804823963431085,0.2047202992709534,0.3587140356085952,0.2199655118819133,0.1389227892689148,0.1524165019541199,0.2599478538291446,0.1411993999219005,0.1721943659060918,0.2307094963100127,0.1883808170263225,0.1530655728025641,0.1423086734426094,0.1868437445856375,0.155818766573973,0.1582224943553846,0.2037283570372528,0.2461524078897397,0.2236491071995187,0.2200919738519979,1.5527886973724927,0.141281263406008,0.1424901332510303,0.146146859450279,0.139457634593223,0.3109348157264939,0.218850136688418,0.1685682183522754,0.222460497510962,0.1928424768959187,0.2219101693440261,0.1025497782561853
2023-12-07,0.1682983029288977,0.2017612795792477,0.3466518192082305,0.2184323413299925,0.1326466750313359,0.1458454617605539,0.2535291686766219,0.1357321997618688,0.1689084330628956,0.2222267494701442,0.1875735106740989,0.1554626398731246,0.1706056231468439,0.1830842770493676,0.151152419336171,0.1522115175502159,0.2057341424590423,0.2437703860798354,0.2241637313094734,0.2193380610730812,1.5596912307196618,0.16353963355463252,0.1365433489714568,0.1444466894140679,0.1354707787480811,0.3020702661093769,0.221720685321351,0.1673878214087052,0.2304108901115907,0.1937608722601027,0.2219270228888518,0.101773084100185
2023-12-08,0.1664342453929611,0.1899934953996243,0.3342450992839826,0.2101075571990915,0.1316312769492715,0.1443814087032405,0.2463327210574491,0.1318895477300937,0.1589701559618888,0.2178682263710501,0.17675789267494,0.1481377516682145,0.1624084744441538,0.1826515503683388,0.1479140214580927,0.1505034427773177,0.1990186599330358,0.2378261039474759,0.2124210047612477,0.2336891947431311,1.581068799829478,0.15592761911406725,0.1292204769274255,0.1362064104764003,0.1294803242121143,0.3072164446780713,0.2241214114179862,0.1624266262330605,0.213641931128957,0.1858683810332235,0.2137702606930858,0.0956099425799618
2023-12-11,0.1704366361166379,0.1988003856748448,0.3473296544032871,0.2167775361509694,0.1326351656582535,0.1392961189113936,0.2545888810985338,0.1343543999979201,0.1621803931978364,0.2260138245106717,0.1753597712723304,0.1505711412159302,0.1692696307794444,0.1949249668712541,0.1515639062722774,0.1566094101581985,0.2064477508555507,0.2402032481631345,0.2181706592330839,0.2034313233981558,1.635793653977453,0.1593950458754725,0.1291434431432341,0.1218272942293701,0.1260879264365698,0.3059230716196471,0.2376476232849615,0.1662177698068922,0.2140164529110242,0.1887012365187572,0.2022248445154444,0.0978491130774051
2023-12-12,0.1641363905295031,0.187531333955179,0.3389467509870982,0.2059711978511202,0.1188951614127174,0.1430535710677273,0.2433220027854677,0.1332647931442556,0.1567892687874062,0.2137718138622989,0.1787814029019127,0.1417113013009634,0.1555927438427291,0.1828324551759843,0.1487251645321592,0.1520446907847454,0.1975160747356225,0.2366583626976861,0.21282741675115,0.2083327638150207,1.6230560085863106,0.15679248911603444,0.1259721931376357,0.1209119050089052,0.1261058953408416,0.307121199895616,0.2269377585515029,0.1577230773738628,0.2220980972656361,0.1930349681931192,0.2123426379801369,0.0959144030671811
2023-12-13,0.1552318003800692,0.1943447500942978,0.3361381583551539,0.2058666284439347,0.1204029165775284,0.1433173716575781,0.2368909946905033,0.1403109010696467,0.1561389534329402,0.2180238617828167,0.1803548638767734,0.1421629743780042,0.1618077372535579,0.1896468904036056,0.1558830229802083,0.1398503095641479,0.1990949472822591,0.2302184971727072,0.2073949323475605,0.2180806846490214,1.7363343470649095,0.14225932118820356,0.1159723532220998,0.1276632959171595,0.1242099617333582,0.3104751730796586,0.221293577413007,0.1665700830419897,0.20784871556046,0.1916987543826238,0.2055707026556844,0.0943618734897871
2023-12-14,0.1610498524805421,0.2073662371105745,0.3379600992459828,0.2061172479332516,0.126745625477162,0.1439402634157033,0.2473008640260602,0.1424920419115899,0.1623317689842132,0.2366022035605645,0.1769706584847196,0.1506468667233711,,0.2244216366094071,0.1552750645320877,0.189314400323616,0.2099970734765587,0.2380961372298183,0.2189857484572949,0.2222500568669883,1.587320525643323,0.16011955525266774,0.1287442365868843,0.125870473654722,0.1315650238722987,0.3110036746300243,0.2259176180158722,0.1744779232574385,0.209170408996136,0.1956719527554142,0.209906592016893,0.0886137653750385
2023-12-15,0.1543877485791545,,0.3406097394404375,0.2077340221121809,0.12210663042363,0.1547167719025575,0.2345234788068279,0.1386691466967045,0.1477189917353183,0.2319073038446396,0.1822942250736528,0.136628554611061,0.1656858133545663,0.1988488961242997,0.1552684267766534,0.2077233461144108,0.2005119402329255,0.2420050883525124,0.2016675656892322,0.2220888210323002,1.6083808587283652,0.14733917516541417,0.1261563691957531,0.138964280258695,0.1309125681381049,0.3086121017693303,0.2231338505629741,0.162664303661462,0.206102940885546,0.1946520672703572,0.2036200193220316,0.1024072071111261
2023-12-18,0.1699466334448656,0.1979351290092116,0.3485393806070275,0.2196590269179908,0.1202162287264083,0.1493794178031142,0.2452734771685585,0.1326123338130198,0.1611569094222132,0.2296989906262904,0.1772458011841339,0.1528468372781747,0.1733984873900402,0.1988536736063531,0.1581955297310756,0.1851702889274824,0.2054175773859569,0.2539112706995011,0.2184503971542092,0.222659617720152,1.6368405674361424,0.14915351038052807,0.1293631903218536,0.1334603528361538,0.1332238662167315,0.3108314717213473,0.2264342207754589,0.1719482617225821,0.2130658231043308,0.1907732536060426,0.2022776189516195,0.1009328390749013
2023-12-19,0.1661686456355143,0.199723204778402,0.3445107697943196,0.2124231857571047,0.1220304278332282,0.1466486985875706,0.2466012160285466,0.1360141538003368,0.165123622766525,0.2367452450425337,0.1791576084625269,0.1489010314829431,0.1827590248137151,0.1963002772027062,0.1498224730967318,0.1812542320612341,0.2062862049649814,0.2540860022522909,0.2226245451385038,0.2167444404346897,1.6697691188529344,0.1570340512795891,0.1305267906527212,0.1341695268030747,0.1357380103968183,0.3084893850594359,0.2300595649462841,0.1665507221946449,0.2089962634924807,0.191974119476637,0.1974404295229472,0.1026236781371892
2023-12-20,0.1772603136168624,0.2193885689812142,0.3615404910730614,0.2232133476145083,0.127744906654452,0.1583916588961685,0.256436247695067,0.1417737169507691,0.1764002342249874,0.2391047627860192,0.1886137228264082,0.1613592544274234,0.1844955310557285,0.2219801672111726,0.1696586737095659,0.1929872305619512,0.2177012342267625,0.2688020729131988,0.2335984080067687,0.2307499034284678,1.8411596358167983,0.16166392271463348,0.1355324159916787,0.1499958056695241,0.1450858886486764,0.3378627176671204,0.2456834297523325,0.1789910806711755,0.2193921871067114,0.206703905612557,0.2071620184185209,0.1066599115676785
2023-12-21,0.1730360451552643,0.20033138622282,0.3454141220793135,0.2204971095275436,0.1276819652581081,0.1525782003789511,0.2502077653890242,0.1337644173846308,0.1751314366320208,0.2415314187148355,0.1961713708876624,0.1547550102328871,0.1925797581225224,0.2157172037233869,0.1598190776965179,0.1887744624639536,0.2073737678154313,0.2622804194954154,0.2330123569510706,0.2257468373913358,1.731213210937022,0.15240046097868604,0.1354539592526826,0.1402744894511514,0.1360428504733651,0.3532207884930687,0.2398696466176749,0.1737347523518636,0.2159146486451939,0.1989386374734208,0.2041910660730804,0.110602409287209
2023-12-22,0.1774365806027298,0.195504627627035,0.3337970573344387,0.2112343924008856,0.1187535005689563,0.1476706292113263,0.2482442055268737,0.1289434322618264,0.1681514433400466,0.2375689867310683,0.1830263812020102,0.1566642205700165,0.1877173419282814,0.2130184024394431,0.1532008679427721,0.1747527631022032,0.2016379340043387,0.2539425355875024,0.2241924524918812,0.2316620831318833,1.7594272261090782,0.14549278147097744,0.1306835601770222,0.1397012121001265,0.1294354985222865,0.2151907151721369,0.2320796467760006,0.1704388586178341,0.2130236251651292,0.1916116124180014,0.1999074016262736,0.1044751714444758
2023-12-26,0.180942768593214,0.1987752957301108,0.3376927014721782,0.2182144486626955,0.1195990408100317,0.1509047124450057,0.2517291776941536,0.131433215694967,0.1738118493647446,0.2467873164157867,0.1911885733458944,0.1541022161082446,0.1992732633660196,0.2212384008097155,0.1570191205089806,0.1834688638897877,0.2040480237656242,0.2555217529089335,0.232039260958488,0.2409168292091211,1.9962957507948869,0.1496686305064305,0.1327170614739379,0.1409447307288033,0.1374452926431343,0.2245192971359209,0.2425782180067958,0.1729446124424768,0.2178215945002443,0.2044215335725527,0.2017959150496196,0.1110683762231932
2023-12-27,0.1838802798525258,0.1911537168761669,0.3283912774212129,0.2129008085437931,0.1119057460993735,0.1487357247437808,0.247227251764537,0.1231656500014888,0.1711302465254967,0.2427180060052719,0.1804540508863816,0.1470214575518413,0.1904614815235668,0.2189749010388048,0.1456011263463543,0.1697968334781849,0.2030593160421803,0.2479138758105372,0.2273060797718746,0.2197476669329099,2.083126762476776,0.15120515265619974,0.1262520641065692,0.135073415687154,0.1265111922199045,0.2089421210991844,0.2342457441537768,0.1721046230047788,0.2121330820762797,0.1991865160241504,0.1896863308528293,0.1042591442740551
2023-12-28,0.1741219676868385,0.184176737493024,0.3140938487154032,0.2062440494269127,0.0967131847380011,0.1396903896766629,0.2367416267233926,0.1138755285762281,0.1654351968007084,0.2410021020697343,0.1759954206206043,0.1393191318826707,0.1874502622586469,0.211846491594005,0.1460392651038497,0.1687608210554848,0.1983912882389243,0.2449958887108787,0.2083812095225632,0.2191426896868405,1.9716907606801184,0.14654969334212464,0.1210199460584248,0.1309816232588954,0.1227012534285484,0.1959223911646442,0.2263380615006625,0.1645154802180235,0.2105265401215887,0.1929854400159924,0.1862865569502736,0.1030862505437315
2023-12-29,0.1687229490319733,0.1824214679936233,0.3147220383694719,0.2006067816520178,0.1009086677627562,0.133027551976089,0.2325266360487135,0.1081467306693652,0.1668700493915881,0.2373060432382351,0.1694481475267829,0.1444197366134209,0.1862925970087061,0.2101419764971308,0.1406399362657208,0.1593244338361863,0.1916213110293708,0.2395978899047705,0.2066009670059211,0.221194714695277,2.054921942080635,0.14644300284714853,0.1176136076628519,0.127413610981042,0.1139469498478633,0.1898139685734297,0.2219990150210095,0.1568252920906823,0.2049208833668845,0.1883189905156761,0.1836585702751271,0.0953882551166321
2024-01-02,0.1935132388058809,0.1943944883968684,0.3354248745632832,0.2240117132057593,0.1105569252307154,0.1390294341643976,0.2463059812694514,0.1161152096701919,0.185550105796319,0.2554156149108983,0.1753199285941214,0.1550699838152071,0.205061821427655,0.2184384940062885,0.1569193137524699,0.1789936300356883,0.2155887441527691,0.2481293700375793,0.2187287757713435,0.2321325798942325,2.3039935125934505,0.14872776849244784,0.1291754212725927,0.1342748918186422,0.1248861137085134,0.2031889747703874,0.2366878767512206,0.168111785304861,0.217081326641719,0.209077482148483,0.1982861828495476,0.1084834485268542
2024-01-03,0.2244839938314495,0.1970199343162808,0.3601680134498928,0.2236562996646058,0.2356137020602749,0.1990696781890933,0.2469340585558547,0.1037948412625813,0.1962868893563392,0.2435407696781998,0.1828691673430144,0.1866721429328027,0.201475541559286,0.2155229609927143,0.1595191282743474,0.2064212598235383,0.2332466103636656,0.2573080435237083,0.2711430609127774,0.2430227523839258,2.396525416537924,0.15363416614493083,0.1528219260554136,0.1319015937966871,0.1286835256482721,0.2096866253006692,0.2431842266106235,0.1884194490991552,0.2431260324340629,0.2094088358338489,0.245188558815598,0.111513160544568
2024-01-04,0.2360898322916702,0.2591054981102023,0.3486992960424001,0.2383355912155591,0.2293294719334306,0.1971434530227691,0.3456427239428938,0.1483602627294675,0.2084511093990204,0.241442151975125,0.2527574168693304,0.1859333035054003,0.1902007069193109,0.2078912026522986,0.1801309372837341,0.2184231409624359,0.2314302985470587,0.2988957470375223,0.2674213873598339,0.2642640400315957,1.5257698210117945,0.15095269035550182,0.1520566095291806,0.1542196027889832,0.1753968959163253,0.2385464149710537,0.3234337828596442,0.1900522677309436,0.2382091230064791,0.2561898244452915,0.2405073609625591,0.1183752025611614
2024-01-05,0.226973279868655,0.2525140886638543,0.3416539507063537,0.2339747908136953,0.2309546200359221,0.1941792736259917,0.336804061410364,0.1535328714885938,0.2028002346029277,0.2379520026965088,0.2445485113429791,0.1795112832960049,0.1870327336967231,0.2079253979271092,0.1761600655370888,0.2074903515482019,0.2208680794745585,0.2912286872269478,0.2588319067600105,0.2543702357813561,1.551422731988163,0.16279614080578145,0.1494279364141715,0.1492202872799808,0.1683700343905387,0.2258353492826515,0.3137705721467887,0.1817792409060517,0.2288752708618188,0.2523999789093072,0.2365127755806418,0.1142017205941357
2024-01-08,0.221806301057319,0.2531524479172078,0.3498632456545667,0.2383167618183929,0.2333697729007821,0.1975694032106626,0.3401791592521488,0.1517383808726939,0.2018871556610091,0.2360568046404618,0.2499719892224347,0.1756305098037515,0.1959005619770107,0.2019760270081055,0.1714238448869924,0.2062798567696495,0.2258144132291603,0.34846855695069,0.2574205248650976,0.2530986979248862,1.6209598543099764,0.14959905165313317,0.1438911414761449,0.1511086107114695,0.1669560647047388,0.2113133314801703,0.3156278141095125,0.1810739751573797,0.2330697087877959,0.2562453594407949,0.2364367537042459,0.10932761210191
2024-01-09,0.2223077333869652,0.2455620327484975,0.3561883759513706,0.2332367421943476,0.2373143659497871,0.1969722988147108,0.3392967392048751,0.2146104935408478,0.1970102579359075,0.237658906043733,0.2510231515536544,0.174328586983184,0.1913523158906413,0.2007552768320845,0.1724240864411496,0.1922030433225317,0.2247840298515211,0.3350285372345009,0.2498522220450523,0.2488679226430508,1.6649357385325847,0.14174658369819812,0.1383930625170184,0.1465676544308278,0.1641833008877469,0.2011283123189514,0.3125683519596883,0.1835957876243741,0.2358784963241805,0.2537891329082654,0.2287196183445595,0.1079901263035833
2024-01-10,0.2252636159185932,0.2428685533337491,0.3551406048051634,0.2374843200083936,0.2409200082362239,0.1962915520757062,0.3338809134275627,0.2135351144734744,0.201082362682541,0.2395248598688444,0.246831082032634,0.1753766305083053,0.178641119726262,0.1977535024629797,0.1689931493688564,0.1858181242384713,0.2145953207289729,0.3119376084166896,0.2559233638924475,0.2525244076235348,1.6073511163057517,0.14780697288788514,0.1387587999067047,0.1487427318299015,0.1615950751594929,0.2021949998527193,0.3146590058978104,0.1796779083088932,0.2300761115180545,0.2550179875543283,0.2484041501534771,0.1077902232063334
2024-01-11,0.2186650668994482,0.2525444501346135,0.3460901747670401,0.2311338615760489,0.2383574646005593,0.1936544935393142,0.3358054588592383,0.2467928280539029,0.1964260700730496,0.2273318836099076,0.2417493194808253,0.1753502541749849,0.1774322071153343,0.1995387005007204,0.1663418478822154,0.1847651331839245,0.2183228632993812,0.3184073401537237,0.2510276054748949,0.2498097409774805,1.687842753098663,0.14194733485424105,0.1382002204453627,0.1451253060013926,0.1573516296940762,0.2058419873200115,0.3144109702781539,0.1777015425484562,0.2272569632399923,0.2481017333993173,0.2477748927971941,0.1007383367001524
2024-01-12,0.2185213023964778,0.2491220021863967,0.3401099435590896,0.2314867399725736,0.2427669398829113,0.2023893737233392,0.3331710961517494,0.2197809239813735,0.1630947622317853,0.2185229770787193,0.2466854147377068,0.1753404709868275,0.1834268556274726,0.1745045518808104,0.1666091339263475,0.1819011835469901,0.2152195967708384,0.3155459430563684,0.2473336789102793,0.2493404670475089,1.673607448634972,0.14305474348323888,0.132344405290457,0.1469461359758005,0.1572771375524226,0.2013079667037472,0.3234723437194271,0.1712938898417528,0.2242540723119988,0.2566569028461736,0.242488369152185,0.0991548582213949
2024-01-16,0.2314832940239161,0.2640380781438324,0.3568151152595798,0.2370514601927928,0.2557435855727106,0.220983980589238,0.35277752826017,0.2347822305998726,0.1673221671313044,0.2106837545458423,0.2557891602695437,0.1862031135016431,0.1942847383885273,0.18203205749611,0.1668245195584654,0.1924855046642691,0.2217378367254986,0.3699653438413561,0.2645244791937868,0.2743260542606295,1.7299648320179375,0.15066079317529574,0.1425700557167127,0.1561561953329174,0.1753714911161437,0.2235635516728954,0.3387737347451188,0.1816973880737601,0.2323878533787948,0.2678959776673741,0.2533880228365805,0.1109351334513166
2024-01-17,0.2347246629637016,0.2689769341701817,0.3641096181588956,0.2474117348603749,0.2638695411530722,0.2196770370113292,0.3691258871055508,0.2369460161423672,0.1852741302636556,0.218627707833149,0.2646608630904667,0.2046314722550712,0.2221013043568244,0.1910346744803784,0.1688394933351278,0.1944290284937684,0.2307674333394272,0.3663220252245338,0.2726601802504831,0.281773313531008,1.6658693801947828,0.15232330334721483,0.1445871431785374,0.1585689989055385,0.1807007528711316,0.2235060498493694,0.3478060519063893,0.1886641529151917,0.2332257638934318,0.2748001894628927,0.2531822870034209,0.1152833142908365
2024-01-18,0.2277080640588358,0.2622737184459248,0.359908279279007,0.2447464232225254,0.2672110789481675,0.2172249648924389,0.3589255968590064,0.2286220648921134,0.174295285465943,0.2122837662536834,0.2653004307128083,0.1908021443269359,0.2014214756370381,0.1952348414731062,0.1664656439545057,0.1869137971696479,0.2275414814528895,0.3697196086809908,0.2750935190224423,0.2644391985934194,1.7253771279439984,0.1369307273686026,0.1732872951382625,0.1568065095888815,0.1705592359779363,0.2215493691486705,0.341345299611261,0.1836910290864424,0.2404921723798577,0.272027121463525,0.2504220442092043,0.1040089586333474
2024-01-19,0.2262728073278936,0.2537677729500007,0.3632999678583167,0.2430335264570427,0.2460411263123457,0.212825955994316,0.3567110635897467,0.2305015475869865,0.164189222612483,0.2041632657512894,0.2548834970292358,0.1881537059496325,0.1715593818271502,0.1804554974176244,0.163400873653322,0.1846384481458069,0.2208092180077629,0.3601991016118739,0.2897577836533772,0.2622935877140745,1.8439808413845389,0.14783872105597312,0.1676661518793036,0.1553348840822833,0.1739065882222637,0.2194780873037811,0.329960517404451,0.1788826694584747,0.226342387458501,0.2809457304888882,0.2499337746000761,0.1072810048615638
2024-01-22,0.228224143565465,0.2726814166972121,0.3664370036726959,0.2441482962490421,0.2583635508306691,0.2267086152781693,0.3761158328855339,0.2526252730716982,0.166283325023841,0.2136635196605922,0.266053165788821,0.1914057915339169,,0.1886491725519301,0.1717471808160901,0.1972679302694264,0.2337542922252441,0.3683257544870906,0.3076295836116112,0.2901349061436261,1.8973229529665545,0.14172596324592251,0.1831711944743574,0.1560915959420068,0.1816041954361986,0.2121910663360232,0.3569951809352693,0.182790145736087,0.2270402448401821,0.2660220646880933,0.2502343848093091,0.1085891770522709
2024-01-23,0.225182756652477,0.2753834337683853,0.3496186104591213,0.2395401309973688,0.2675861757165567,0.2253560218765097,0.3830628680936737,0.1884637314118792,0.1583498188975826,0.2050891971482348,0.2629913071005227,0.1823772064394747,0.1529320465332424,0.1813582285652484,0.1356617941764559,0.1907567113862768,0.2331188297581611,0.3677019446780107,0.303860767225581,0.2852553091701096,1.956221248113922,0.13533873595812376,0.1209038151107926,0.1627757071652914,0.1776530077006738,0.2077107695599658,0.3625971522906268,0.1831064795971529,0.2197988796923364,0.2620490120765732,0.250425931069257,0.1063978525811135
2024-01-24,0.232317995498159,0.2869719810318612,0.3681997930908045,0.2423480208473943,0.2727775526902778,0.252596048577368,0.3908696199639038,0.180035994562023,0.1619190419065857,0.2037214278349642,0.2683251195202676,0.1861409631517331,0.1496678351057832,0.1797527657561376,0.1332854290055871,0.2055821553712108,0.2325356905212055,0.3720373502780358,0.3197058256072733,0.2927767684855117,1.8575780249437663,0.14714210945804063,0.1259937598626025,0.171495421683243,0.1809081037412988,0.2148226220802626,0.3598463523904375,0.182542816965108,0.2195290306048,0.2999690050036847,0.2822454887063197,0.1069547271018441
2024-01-25,0.2377492294249417,0.2976196876020169,0.3831663101626675,0.242551361461407,0.2768089481894673,0.173660965267957,0.4026845723355497,0.1800341118229883,0.1611550619117204,0.2075538351273216,0.2937326153536852,0.201278307014946,0.1425380969611605,0.2161351648994026,0.1371503623812724,0.2040132375385158,0.2443885082726026,0.3824511088929173,0.3426339381590261,0.2917176922746257,2.0785959599742294,0.14417580916884415,0.1277731168133913,0.177768551702137,0.1878562688048859,0.2141739480876322,0.3626351118467235,0.1865695701538882,0.2242599868723233,0.2065644931990752,0.2297278946431298,0.1048372245085001
2024-01-26,0.2426823541311361,0.28686955880903,0.3692400950586939,0.2406347768286463,0.2780625311804989,0.1536697482048602,0.4054622654288854,0.171337795202858,0.1563320721804753,0.2008845096306355,0.2081576934908759,0.1379886916335269,0.1418175599911346,0.2017111892639162,0.1331597733271113,0.1975895284899728,0.245121624202192,0.355139272810791,0.3342646752497861,0.2884380984264802,2.1239918717526134,0.13781841483636595,0.1257464314638936,0.1735700014690762,0.1856761224731057,0.2148254528963503,0.3505849317789076,0.182596974324213,0.2232754862366817,0.2049782944686714,0.2086472788810935,0.1026466449756434
2024-01-29,0.268821104354158,0.3083757683442454,0.389858622009449,0.2509916413839014,0.3044388673381703,0.1452136774264646,0.4333099852745997,0.1790932446779282,0.1762890599114364,0.2080687939426749,0.2121442069425529,0.1478953448553467,0.1522615555300017,0.2052246763310454,0.1340553240944785,0.2118018592352725,0.2699257628482914,0.370513476396403,0.3581900414654466,0.3133564964688544,2.249017018336273,0.14764650177016606,0.129141936860741,0.1787527312829992,0.2074546338438745,0.2287955264001618,0.384811148259946,0.1892865402965817,0.2286506128231616,0.1934031576447649,0.2127703076801339,0.1036713630177536
2024-01-30,0.2813827068437887,0.3302690984256229,0.3978046877730138,0.2516869341470972,0.3098268579954066,0.1430285906888954,0.476014576443799,0.1779207339585791,0.167375766507602,0.2165022096561215,0.2064142385987571,0.1439471291161541,0.1615305106602134,0.202867880693333,0.1314774561925797,0.2015784399227107,0.2810846912816637,0.3826063546959748,0.3757230512326984,0.3262650539985778,2.302503749309888,0.15552005827452978,0.1259003192636467,0.1924333180852294,0.2135748661619251,0.2351730045574106,0.4021567727243196,0.1944198755328122,0.2307613675448392,0.2020721126457873,0.2169425991193616,0.1185913850574992
2024-01-31,0.2866178649375246,0.209304558818202,0.3790556394796879,0.2581991442779441,0.2450735708327693,0.1351870060107376,0.3535160055312906,0.1866275372606911,0.1701363027383863,0.2217786564477404,0.2186215376858743,0.1525298822397369,0.1490797004847688,0.2053462629465086,0.1228459322089959,0.1915216836630005,0.2125295935549655,0.3241751375012098,0.2994286453593916,0.3409258062689283,2.256796478077386,0.15934340808353353,0.1430941335221918,0.149111909405338,0.1548761820524359,0.2457667952681971,0.3105271534803732,0.2154921737010871,0.234132088471879,0.2040002301111312,0.1763028555692332,0.109259557748989
2024-02-01,0.2373397584954966,0.191662689500212,0.4305958425264288,0.3263824938913694,0.2454379644503617,0.1263192583403882,0.3527981930074317,0.1812677403306847,0.1740981628177797,0.1886217262921083,0.2111587281692857,0.1512932533765136,0.1494056131875484,0.1772178555645958,0.1160295168172546,0.1653907905494734,0.2192508645938858,0.291641811911943,0.2853938929150968,0.1990327997363022,1.4374363816782094,0.19090588545055037,0.1226074797087824,0.1566940028857566,0.1509874521578041,0.2248559304899995,0.3121648768652028,0.2127552823442393,0.1966389822474464,0.1865634850126493,0.176772450368885,0.0991334472188672
2024-02-02,0.2016480879631937,0.1898820756654565,0.4480027452558016,0.3211277193476915,0.243611950622906,0.1269359394984641,0.2507148011438724,0.1791685571555543,0.1726828791638275,0.1836169044799756,0.200711442103631,0.1486677767165127,0.1567727041315764,0.1730453654453536,0.1156527959213719,0.1606057696603749,0.2118516568348333,0.2841932432408881,0.3031788955435702,0.1932899783308505,1.471229223587617,0.19628331222666243,0.1199876150192682,0.156777037620437,0.1583970283549821,0.223167228883796,0.3129321276139325,0.216244615982123,0.1696866598268685,0.1919290742704548,0.1734125699577969,0.1052019295963149
2024-02-05,0.1932274421011124,0.1930189340917534,0.5137922260958334,0.3338542303448478,0.2638316490551458,0.1295374482136726,0.2482598467819783,0.1867100257228754,0.1772079159499385,0.1895246731336843,0.2030316492074243,0.1443750960625599,0.1523895953035429,0.1906780355806908,0.1161488682943329,0.1663793002143683,0.2383261208879947,0.2998674093818522,0.2539730866282982,0.2041962375622707,1.372107658385793,0.20010998510702177,0.1226553404256025,0.156147502483737,0.131068688310792,0.2263669825602086,0.3217839528403448,0.2230830908098524,0.1639313670747785,0.2031902604893014,0.1798580248462283,0.0992792963252362
2024-02-06,0.1850130802394956,0.1803676266558307,0.5218783885053425,0.3384332635137296,0.268166658954526,0.1280477825048251,0.2435609797813865,0.1777598552021581,0.1756915053979919,0.1841283347292978,0.1962925831154672,0.1442038215294256,0.1489296073765413,0.1779290939102935,0.1087254765908993,0.1613886976760184,0.2326299925724582,0.2872326667644971,0.2485444942449841,0.2008144005448392,1.462037960017815,0.1978373425931097,0.1207724581081209,0.1560345038774617,0.1200669075766392,0.2196313595898273,0.3221210172573989,0.2212813674234467,0.1576639326241802,0.1961525678222138,0.1653689659522631,0.0966020543640347
2024-02-07,0.1814342596002339,0.1836921440833994,0.5171480017683587,0.3360569403972737,0.2596852083184315,0.1208766927260155,0.2374228680909129,0.1821525147915023,0.1736681469669731,0.1818382217919959,0.1989478324176873,0.1378468411513599,0.1441581044229907,0.173498441963782,0.1059187798565592,0.1610049270782811,0.1725231698652983,0.2910256011408035,0.2459001987234638,0.1989942240017174,1.51908981011206,0.19639546318090273,0.1174671273872314,0.1557176799613225,0.1169791529503883,0.217452698000452,0.3309689452896113,0.2168334018238156,0.1489173861189447,0.1921919969547338,0.1641414422798515,0.1010065175939267
2024-02-08,0.1800104901643659,0.1803149152557187,0.5185069891041681,0.3442584158641523,0.2670479303857447,0.1661153216106816,0.240057209754839,0.1853726471852597,0.1706366754937267,0.1818124676374146,0.2027399803349648,0.1492974806564815,0.1421346159747182,0.1717245894872063,0.1047729646275556,0.1569979374428713,0.1669475392300939,0.2939474678377645,0.2423036016238484,0.196930681426726,1.3931469428914274,0.19865417283651116,0.1145293887632288,0.1570935988398643,0.1226163823660396,0.2139107637163002,0.2512218549874402,0.2158710243265692,0.1537611567150065,0.1943906190880099,0.1613623781888553,0.0975517874375941
2024-02-09,0.1804851564583785,0.181439544730428,0.5226063996909528,0.357726701820558,0.2636247038239843,0.1665626628989218,0.2378886600039612,0.1837738939511255,0.1694700315912266,0.1773585056357469,0.2003137010366925,0.1504197135592511,0.143100143935807,0.1698709537394468,0.0970847120174625,0.1504682052711123,0.1630479742721322,0.2893185526393995,0.2397468152795814,0.1773971974716308,1.4494294575185591,0.20059082186478167,0.1244675574113274,0.1477128756868402,0.1212745876067742,0.2121473954887898,0.2284847238232367,0.2170334411855521,0.1537847338388531,0.1934289291240739,0.160457490261819,0.0937928222458942
2024-02-12,0.1988049866526665,0.1976871241018497,0.5970292811102662,0.3794062876395458,0.2902052697031925,0.1763342777549094,0.2543056278243341,0.1960558612221675,0.1832952775553166,0.200810746014255,0.2083891071796644,0.1550696354318766,0.1848948458536267,0.1775023273310323,0.1178155571289863,0.1593011763847576,0.1755783779773881,0.29831707745129,0.2468441117649081,0.1986243309052539,1.6259845882544486,0.21304594090627083,0.1303764206763771,0.1575569520529079,0.1289169855825107,0.2294168030283284,0.2368903272570315,0.2422720591238514,0.1535974607807425,0.2037699188635967,0.1609818317358121,0.0974573215798425
2024-02-13,0.2034302003952803,0.2071673667381236,0.6309339417991371,0.3990710881477463,0.2869217431870848,0.1748320580484392,0.262070916462883,0.198302164649862,0.18562514365696,0.2056007476292475,0.2150730590263314,0.1640759217988516,0.1519861218984749,0.1824280396566408,0.1153356250422548,0.1665379632646944,0.1788698723115309,0.3096262010964402,0.2588326239122784,0.2189431102797831,1.83389031399405,0.22135792122496076,0.1346630021148807,0.13437313572377,0.1307638521812162,0.2376729987901935,0.2416434024187088,0.2446770457951645,0.1649116866572814,0.2045968918350407,0.1732759891990991,0.1048003023511251
2024-02-14,0.1937934031349272,0.1954071642201114,0.6221552262537952,0.3976755719422717,0.3001789048640402,0.1657035506509156,0.2520309327421583,0.191966960594279,0.1809586353112197,0.1947496067430084,0.2099407239926169,0.1483137404622851,0.1398208441319282,0.1737838166987724,0.1069597874197976,0.1637169102354786,0.1755459043303797,0.3003051931459555,0.2432645361012902,0.1887724865135223,1.8947301495903976,0.22122993582943917,0.1285156660733361,0.1191026632707269,0.1240425510492457,0.2264091429918877,0.2323457154692807,0.2377183667248529,0.1494534128884481,0.1906402328067512,0.1617145708610943,0.1053755807422911
2024-02-15,0.2034133910278619,0.2029889209743113,0.6285278318010411,0.4015697427493322,0.1770569485104556,0.1759549541274191,0.2540446426243126,0.1835160085578419,0.1789013917001455,0.1930703408001868,0.20716376771874,0.1491003332973156,0.1439453678608827,0.1733037521516837,0.1132406725163239,0.1570389365903329,0.2061001705212841,0.2988818977758961,0.244828605331649,0.2022863739498465,1.966682346298016,0.22329613478014382,0.1278590589915404,0.1092076931262119,0.1172752793593805,0.2239223973622238,0.2288431386136288,0.2427496629026202,0.2011621003365126,0.1972684712368689,0.1643878916957183,0.0988934135095943
2024-02-16,0.2127262265192629,0.2021789037457728,0.6238271887324709,0.4056239759177166,0.1812255675619429,0.174261018873798,0.2578388469993956,0.1866551532382398,0.1728343995165132,0.1899728681466426,0.2062380402769648,0.1479895556669652,0.1403841350323189,0.1638214238666367,0.1529252566111393,0.1499066483331206,0.2122964351009673,0.2960697932329373,0.2425302098519397,0.1981095876298332,1.9357409085934243,0.22565819782928834,0.1170827055478051,0.1091517328390161,0.1151382531147191,0.2292426592741805,0.2333875161056166,0.2371534579741659,0.1972097697112713,0.1882143542062958,0.1564235604807375,0.1038682390875451
2024-02-20,0.215002155946128,0.2143679549423461,0.6660269410640536,0.4405138351552986,0.177607650996198,0.1892265578363917,0.2772942915471628,0.1930947313371642,0.1805801070434914,0.1944561142579826,0.2146961172434072,0.1611422501120121,0.1473332340771932,0.1748131220617051,0.1518229307631073,0.164871397906436,0.2209117983209673,0.3155647288911173,0.2610761777516101,0.2053660529051887,2.026440454984619,0.1623903749250842,0.1340071577869822,0.1212106203429643,0.1211434974259193,0.2479153161569722,0.2327411820112583,0.1874118603124857,0.207790550071843,0.1938708654732415,0.159257626577827,0.1128458459037909
2024-02-21,0.2126879897045693,0.2152355425739883,0.6252620313141588,0.4473042897006077,0.1835755396091108,0.1887324389219812,0.2813281976589249,0.1917884740516927,0.1827385450252745,0.1954281964782699,0.2159505453066444,0.154340079177497,0.1432758979593882,0.1645291480339436,0.1550885463337271,0.1651663502094555,0.2148602204303166,0.3070283489172564,0.256959284909578,0.2054203191990292,2.105682383992175,0.1543266143250788,0.128934809815602,0.1194625289549269,0.1239910269526834,0.2331459781313891,0.2260248466004907,0.1794819970399491,0.2072369203213272,0.2029206594418215,0.1565976993461751,0.1095517447858742
2024-02-22,0.1917828709869197,0.1964107440302806,0.4298617817204003,0.435562324748739,0.1632966521136399,0.1809719777177519,0.260213884531607,0.1908429841944364,0.1755982760219179,0.1830240207437766,0.209056966051636,0.1550084953344527,0.1452647424475971,0.1602321339879928,0.1471800160673153,0.1627890855138935,0.2102351166399351,0.2909828854298723,0.2455978801843674,0.208585229055656,2.2098671888256143,0.1392958498915008,0.1239457251068982,0.1131172317137184,0.1122292248478462,0.2237181111630384,0.2213048712929023,0.1656408245554187,0.1980202565391397,0.1827786471933445,0.142742423265823,0.1057915301687493
2024-02-23,0.1891117946595211,0.1901747102230633,0.4517971444865836,0.4467879193361153,0.1521923362796969,0.1758132137654268,0.246687729149789,0.1882543945954158,0.1652304235383692,0.1780638881055964,0.2005833164685978,0.1485674199612909,0.1386889294897839,0.1584611396945162,0.1360054169922881,0.1532480656102767,0.2009200284462943,0.2819757453211408,0.231080626410917,0.2089055026505659,2.307526762522906,0.14387702202584876,0.1202072673411079,0.1061438076799008,0.108592663753831,0.2173428759855063,0.2207443251374999,0.1478920486167519,0.1895515102316466,0.1893929110924556,0.1255290389871682,0.1015156735149426
2024-02-26,0.2009153663703042,0.2001785838641579,0.4507795722535838,0.5099873523004043,0.1647264806397769,0.1839562422181227,0.2579255936379709,0.2033977504265993,0.1680993071250664,0.1830203901109398,0.2056940396813645,0.1492366059949961,0.1415836431767181,0.1691547045896948,0.147104392386291,0.1557051151605465,0.207470938619099,0.3029994207902132,0.2445284377481281,0.2053769622057437,2.378208970152673,,0.1229915359714357,0.1094030443594237,0.118141706994652,0.2288620218032178,0.2253189963061226,0.1575518411839045,0.1962524930291278,0.203985112227372,0.1327749456281179,0.1042068581669623
2024-02-27,0.201415819337524,0.1933334214850797,0.4158991194652899,0.5330930276314553,0.1629400457348046,0.1898568897456088,0.2491659762075211,0.1943850724538408,0.1671588842712993,0.1765050377475769,0.2077067435540166,0.1514901361814903,0.1376046934738708,0.2158110750706696,0.1493269255068111,0.1541836552831327,0.2186356181334831,0.2882464670861175,0.2355066238965026,0.2178341720056038,2.467485495219292,,0.1224420909371026,0.1156732410070453,0.1145648502711555,0.2218441822629399,0.2284243330199742,0.1509800367271054,0.2038372743646956,0.1911961451554641,0.1224787387327815,0.1023481147564041
2024-02-28,0.2010010185537816,0.1926111298041729,0.4019879855245888,0.5635415697660294,0.1671486432494242,0.1880827273019982,0.2516040458408292,0.1980270344182189,0.1687630523628861,0.2211926150973412,0.2078367572842807,0.1574795674984798,0.1346880466851651,0.2146515125413633,0.1460056499036772,0.1538523862309364,0.2134767161285369,0.2917929394120963,0.2405687317682003,0.2150394955511078,2.5215854139259943,,0.1236384843773759,0.1142788858436484,0.1146298560446802,0.2249205599964869,0.2237752700699012,0.1566913222349905,0.2039802517983506,0.1937851481417417,0.2105789647076473,0.0878353851917392
2024-02-29,0.1956375007805581,0.1850963934990352,0.3886518963876225,0.2850187483485019,0.152037738675638,0.178614486803661,0.2324822333626889,0.1923913116964335,0.1531905577916021,0.2125486555559896,0.1963850829601083,0.1427167567388881,0.1263645564200542,0.1870663903993575,0.134481172478317,0.1451008485591872,0.2062768012882208,0.2731968961053549,0.2204809894006177,0.2443367773043981,2.67365531872129,,0.1101738511185409,0.101430331494424,0.1338545461144836,,0.2147595135777432,0.1214645880196107,0.1896253495777769,0.1857963681555008,0.1976370416363572,0.102466446586447
2024-03-01,0.1987376674636403,0.1850271135327694,0.3795761557481575,0.2632319884621449,0.1607970501505332,0.1915438052122997,0.2276445014568168,0.1854896600682344,0.1561940644414605,0.2162563954284322,0.195529955904987,0.1492276256308428,0.1329986204007158,0.2016974846342325,0.1404425992023881,0.1517109435033675,0.2141057985141456,0.2866876700358083,0.2273886104487631,0.2522355874243805,2.6912953644633704,,0.1144685525052355,0.1065081956108396,0.1432926820205869,0.2478194285537207,0.2045054302175258,0.1329482019563895,0.1931962000747855,0.2003608230738643,0.1902651445539545,0.0910489842013352
2024-03-04,0.2355273344559826,0.2056451956840687,0.4691788958655619,0.2727140855109734,0.1816533360589623,0.2378092401076894,0.2431102958753091,0.2110313585398392,0.1773932598128185,0.2424341923371832,0.2156848900897198,0.1662623568737092,0.146554299546141,0.2071636573805413,0.1596039944271601,0.1751592192232097,0.2319314259400936,0.3107988627163108,0.2462216900291195,0.2889034955267793,2.9777884758074267,,0.1314750590333103,0.1127210589596484,0.176279697279568,0.2785032280960169,0.2553523479665435,0.1440833065265113,0.2249646790582482,0.2057982815669183,0.2117586395768017,0.1020068086834596
2024-03-05,0.2243384505242665,0.2186242320554396,0.4688446224154267,0.2827344104324718,0.1529624246032212,0.2175151822915925,0.2597172520739203,0.1687789274802851,0.1937591711250649,0.251012151473122,0.2363094519474177,0.1695947622432134,0.1687366674171602,0.2339101422237984,0.1670076755959563,0.1734294588672706,0.2271022289194835,0.3063823808784699,0.2536965705898637,0.2370604412759693,1.5836450243515692,0.14192194938198868,0.1444521546779406,0.1116714000088676,0.1524493380296378,0.3711031482520169,0.2499901637673215,0.1632349495052358,0.2144815121573944,0.1991291193054433,0.2162990670408556,0.1103404013440521
2024-03-06,0.2233507483788437,0.2212783824758949,0.4840156695889693,0.276555475688917,0.1557239317774218,0.2287849595699842,0.262561238230414,0.1766459620101924,0.1942556050669813,0.2539382146226457,0.236286459732927,0.1707145584373174,0.1640790768517286,0.2337742590912675,0.166473259105725,0.1730734130786941,0.2257567728109835,0.3049874415854127,0.2458932597652479,0.2276059027673705,1.610857022203969,0.14286009922382387,0.1451059185284025,0.1109820793879109,0.1529249557065932,0.3648735451238353,0.2542794609037286,0.1916153190976681,0.216800657466801,0.2046945264571958,0.218378717110065,0.1101457659573793
2024-03-07,0.2214722305251519,0.2152098137357996,0.5388385441771072,0.2719539328601562,0.1555589667590315,0.2245511196392306,0.2626449017372547,0.179348000112603,0.1935297397367358,0.2526952788702931,0.2422114796813763,0.1732674746610984,0.1971501434185866,0.227367730107708,0.1729564880478559,0.1715486974683548,0.224290177518874,0.2930151195064621,0.2468639360391018,0.2365034264720738,1.5920322353070842,0.145537100087244,0.1479784548135953,0.1086531870092914,0.1585401049706714,0.3611897831227478,0.2499593443003503,0.1891748042968003,0.2161716074924759,0.2137523413534361,0.2201565434040055,0.1014078087738822
2024-03-08,0.2220844830497664,0.2173305168691011,0.5723114468014517,0.2683746088170182,0.1543562341977028,0.2196427819811763,0.2592383905375345,0.1742486568324052,0.1915667326010727,0.2537317615370076,0.2380534207963595,0.1707989808094172,0.1961988689070239,0.2400970679953709,0.1738916921916991,0.1733768161259964,0.2198339835097978,0.2970838012463623,0.2448601051444023,0.2273567520870371,1.4042824244168508,0.13716369138886594,0.1446324924708913,0.1075412031530215,0.1520077617678464,0.3618103768340595,0.2481654272533362,0.1857717320144063,0.2107628346613584,0.2118056044205408,0.2162196882176966,0.1066206837239653
2024-03-11,0.2176980215056135,0.2223234573878298,0.5634167950997835,0.2730182901339225,0.1492472929183893,0.2196528599183201,0.26573203335208,0.171711293025716,0.1926106121764423,0.2535578830659912,0.2405017861231857,0.1694258245689701,0.1948145192206304,0.2412803622811948,0.1741997898937686,0.1798170230573317,0.2244303159520292,0.3139194278329259,0.2517548388987648,0.230477730557426,1.4436776739519346,0.1390508478984709,0.1496995713827082,0.1007746399328839,0.1560741552067542,0.3733790297788618,0.2530016529107484,0.1930526962256369,0.2138989885748162,0.21141818695405,0.2160775675188589,0.1037583564935906
2024-03-12,0.2039835113231674,0.2078640711714422,0.6251240436575288,0.2586188296816005,0.141648957645603,0.2298843034027363,0.2500983074105107,0.1626913388492406,0.1897339987661137,0.2421909183636444,0.2376156612113422,0.1607891999022537,0.1971268357270219,0.239635028656531,0.1607468134627876,0.181986122614939,0.2211787534061029,0.3311496871204701,0.2334574799511629,0.2416657147363118,1.3904450260664585,0.13170809241952047,0.143742236570622,0.0935534270134505,0.1492982313153386,0.3673638906459505,0.2461131333586691,0.1810692325266279,0.2048743471852497,0.2063500270486337,0.2117009306434203,0.1004542606278807
2024-03-13,0.2121753754235882,0.2087309313664589,0.6157589290140029,0.2641073237295338,0.138887203079059,0.2199889992899791,0.2522778247152549,0.1622804268664391,0.1868239835002733,0.2471717968178692,0.2332661563157721,0.1641291737986439,0.2038114998282692,0.238634825593385,0.1712986146490107,0.1871576266968132,0.2206606882446697,0.3316287068342989,0.233172435378788,0.2474327296939177,1.761457143152955,0.13334356745591777,0.1440345219424879,0.0807514815147234,0.160840345504923,0.3853988218835739,0.2339479861158805,0.1806243056457567,0.1954016822501993,,0.2002851051770703,0.1022670609074065
2024-03-14,0.2062681169443824,0.2172543404923517,0.5781261314093336,0.2599649734807347,0.1393748656736,0.2171305804862823,0.2474991962649111,0.1606948596021345,0.1891979965763807,0.2508619478127243,0.2325792104249271,0.1642939192725576,0.2001113306489428,0.2322231566848229,0.1674451788745546,0.2147361778898584,0.2179649127468849,0.3183959906212411,0.2345179415936829,0.2292854548559547,1.6913005359926374,0.14255416921485906,0.1423870299819956,0.1384499329178302,0.15922093456218,0.374908879235683,0.2469584008960711,0.1850188147873394,0.1965640072956964,0.2091035312900653,0.2051902144788112,0.1030701001660942
2024-03-15,0.1943219575405938,0.2161145302382388,0.5993645566302289,0.2588843655866328,0.1402810114948663,0.2139660491152837,0.2548789207078591,0.1628429214538837,0.1938889769469199,0.2477798880408596,0.2328729856020466,0.1595014317728897,0.2046567645484639,0.2297448155895605,0.1572023558359203,0.2291422888601519,0.2133173130703405,0.3137926400524206,0.2460929686570022,0.2328783061983324,1.5003563348526772,0.15113552281356876,0.1384496337517361,0.1318649076967903,0.1538148371644445,0.3772701312026597,0.2487277085027728,0.1865595281837485,0.1951492872597959,0.2104651978200594,0.2123446111607615,0.1113148027193042
2024-03-18,0.2161503225151102,0.2129388548139582,0.5879073767058092,0.2593926535446557,0.1361167341132051,0.2219737971163505,0.2519982616594595,0.1550413205732584,0.1894418774064906,0.2481537485083773,0.2342559190659628,0.163519099521626,0.2090145888872734,0.2298663252973136,0.1638315314759597,0.2324812099855849,0.2172079876628644,0.3205720881442924,0.2499592132974306,0.2317350617834711,1.606847332639819,0.13890634834645935,0.1388163629595377,0.1314032502190517,0.1553003528930436,0.3763809643920814,0.2437764820352678,0.1824300362940378,0.1922021797638669,0.2030953499925997,0.2017923014936314,
2024-03-19,0.2046475985145346,0.202461660373656,0.5061921425601376,0.2475570315787973,0.1308710299972628,0.203029332076071,0.2395519627231344,0.1405017489652472,0.1863866528382041,0.2455549748377507,0.2311293656473198,0.1578121897086291,0.2148982971309631,0.2283058164921801,0.1640899883832079,0.2227941230217993,0.2102950097751574,0.311317763929962,0.2364228301273996,0.2230253126920179,1.637869571974194,0.1373554884312753,0.1355172761507603,0.126389139832682,0.1514499654255475,0.37747003946177,0.2366426247339681,0.1767643828436816,0.1859039042997902,0.1939986158468488,0.1986890992895343,0.1090744780849454
2024-03-20,0.1940853841825116,0.1952228806849236,0.4711603032205903,0.2387305143909941,0.1242579085410412,0.1963213261353416,0.2324792871500439,0.1326887267175651,0.1798059776027641,0.2362479190241847,0.2300558498702214,0.1504002406289718,0.2302256187786057,0.2327400571454378,0.1597910220176945,0.2134002803291403,0.2133569736678716,0.2954482562679768,0.2322834211483825,0.2151637187789828,1.780336889767339,0.1329846151726662,0.1306495893148828,0.1161761849675742,0.1413597219227364,0.3673681761724906,0.2287850250006105,0.1702628780199324,0.1776430895689732,0.1914231106425358,0.1905891860206928,0.1068106192168881
2024-03-21,0.2216602223138053,0.1905720651947288,0.4740052971783523,0.2370609331463837,0.1231619603682282,0.1984715516959525,0.2370366307464863,0.1326356263239235,0.1813864976006927,0.2420137418581076,0.2359761625279593,0.150147096788437,0.1964398952478117,0.2316867786137516,0.1620310797135988,0.2147178491484289,0.2113993342191718,0.2864494012586897,0.2372453784396134,0.2193991999500528,1.8159889417083377,0.1316917771591438,0.1351331538619213,0.1240820173217708,0.1467007759161179,0.4226181239442074,0.235691980196348,0.1740518078745544,0.1718803877260203,0.1887569458435371,0.188336570951053,0.1067385970983002
2024-03-22,0.2122276368917913,0.18611421060687,0.4928337716781845,0.2333615459442594,0.1178609411697581,0.1992814200957439,0.2324709107364262,0.1345781909383131,0.1828408700528653,0.2348666621214087,0.2369277568817548,0.1646380888503805,0.213775974664006,0.2364107194708938,0.1593302764137467,0.2146891690775234,0.2125756755428983,0.3013422141112098,0.2248695091733377,0.2364713209952413,1.7701245701394386,0.13140091672504306,0.1366250077823086,0.1217983882216608,0.1428305222419011,0.2096438743625417,0.2337092738959243,0.1739479338740052,0.172860800767737,0.1898188147761247,0.1820116766232334,0.0973633661949411
2024-03-25,0.2152809251671254,0.1967755785006183,0.498295911347571,0.2444604640891302,0.1198791371995184,0.2066734308106109,0.239609509281154,0.1387144173733176,0.1912875570984314,0.2504468593747606,0.2584562331586635,0.1682023676157724,0.2109457674429424,0.2560295345449898,0.1708586475664254,0.2388160129859525,0.2275361436602795,0.2984410171627641,0.2392990431380378,0.2478879091417007,1.7746708828375006,0.14368656675667216,0.1473324728165,0.1322829282584058,0.152423575214882,0.2151581484309541,0.2433582063732338,0.1854828695549308,0.1728997073609246,0.196125837483111,0.1855750421891939,0.1060819436002635
2024-03-26,0.2128704608222863,0.1925180104569321,0.4791430958003941,0.2421392873200575,0.1149739055575628,0.2083217882865639,0.2452803188411095,0.1302124891742897,0.1884777302870607,0.251518666927927,0.2630542238372719,0.1809368420370749,0.2102334741157471,0.2497016344777698,0.1711926588571221,0.2283953669292082,0.2124720004152183,0.3038899576450999,0.2338976456937239,0.2480106046648949,2.0332267072976995,0.14195952030700804,0.1480931156206302,0.12271627839625,0.1490964507948225,0.2077210054192641,0.241226997506615,0.1942091817412688,0.174866890725651,0.1950193158983991,0.1865335488680845,0.1084028616161477
2024-03-27,0.1973211538081165,0.1786188952990663,0.4651805401987338,0.2370278699077424,0.1058503547927634,0.1912920196100035,0.2294633081698681,0.1161268200301289,0.1830647098742031,0.2420386095618695,0.2654949713410532,0.1526986587579971,0.2116430466529001,0.2481426552199262,0.1636885928276137,0.1715783844093624,0.1957573228418789,0.282401050715266,0.2200893101570836,0.227958125281485,2.181113328459002,0.1348315843791072,0.1432679082602616,0.1170314793214176,0.1342014251620464,0.1913681071187899,0.2468227466566352,0.1761435592535649,0.1619643784670114,0.1765518125917903,0.1670995777511338,0.0992256152796196
2024-03-28,0.1913596946219566,0.1796060783535155,0.4315251167459406,0.2281402541314789,0.0986373593693232,0.1872415526103145,0.2199348925031039,0.110123084394815,0.1794662464442216,0.2349713993381242,0.2634218606170267,0.1419231999671917,0.207039240564063,0.2546324099794716,0.1604322408065468,0.1512553655497738,0.1914098654937839,0.2694172245492769,0.2016537906695156,0.2304816915403344,1.952968317124737,0.13056691187903005,0.1330849534580254,0.1101283939349163,0.1291999892507053,0.1849473144670544,0.2314915813697959,0.1728607885065994,0.1590746371112331,0.1692101658652282,0.1606544407210915,0.0987109819853477
2024-04-01,0.2088784008520718,0.1859860901294183,0.4483138159255161,0.2488257970567562,0.1006510437955493,0.2007081728782435,0.2364454353452912,0.1146225146052758,0.2039558757639621,0.2586951467145128,0.2862133669203666,0.1611765281587454,0.2261651326912942,0.2798158266007307,0.1790637994299667,0.1584221826136432,0.2126803241477176,0.2927114457779755,0.2149049731504729,0.2509559085118205,,0.1396748896914716,0.1551841747418773,0.1175928567947183,0.1417529667669037,0.2014093695136009,0.250470073725572,0.2114716206658543,0.1694369258008949,0.1942063156546943,0.1734650808891298,0.1062682901324491
2024-04-02,0.2138336863551007,0.1953000846822772,0.4364323104991737,0.2607995051046033,0.1159594887503278,0.2040057739321864,0.2429248352019971,0.1251383570591703,0.214239395295573,0.2690331290886716,0.3012659451731279,0.1733948965258462,0.2355142135553821,0.3095116704721443,0.1855552622383279,0.1681564814622502,0.2229455812928822,0.2969199447981202,0.2270076097736292,0.2688104251358337,0.2375009225939197,0.16505746558880038,0.162751514617032,0.1322629039761128,0.1528644550141978,0.2126584310014353,0.2550729347330919,0.2091975470551509,0.1812324474632209,0.2097884051063548,0.188553627129393,0.1148574963834369
2024-04-03,0.2488379993854357,0.1965705139544536,0.439894353369374,0.2702613474144912,0.2594720405292918,0.2203165175998596,0.3458990295946756,0.1548930855044532,0.2179714202676076,0.2766069203625294,0.3171755469928017,0.1738540451302649,0.2175702267327664,0.2801471288788582,0.1756122065687841,0.1734654664548177,0.2626766347113464,0.3380325359708913,0.2750308988725918,0.2757229884525018,0.2341950822430225,0.18546120956337905,0.1492966050660407,0.1311268985659153,0.1570946027469577,0.2104711960378799,0.3126643452000363,0.235935139928835,0.1995894924925106,0.2742796612953794,0.2212777479458376,0.119074636095916
2024-04-04,0.2568078802552506,0.2613834738304417,0.4556587114467505,0.2837310967808936,0.2753056170035636,0.2942737043825094,0.3527405580612183,0.1550615025176303,0.2324226253209564,0.2498856824688982,0.3055846329695568,0.202663022213507,0.221755883374851,0.2435545798997018,0.1905992198551182,0.2015474692475635,0.2740171909301963,0.3685194328033133,0.2908292132886916,0.2501623222700692,0.2896310065394606,0.1905613064559148,0.1521753153406855,0.1524832302304105,0.1895705440773611,0.2332529077507898,0.3179582168757506,0.2394710096741348,0.2074026990942257,0.2693219366013274,0.2352752221464343,0.1405118674442494
2024-04-05,0.2473920445265437,0.2597166703162695,0.4301796891859777,0.2735848520797891,0.263056542853976,0.2937852450562874,0.3536664223221863,0.1668333942253568,0.2329344083412969,0.2456036799003024,0.307902030700839,0.2063846520502786,0.2173862344245562,0.241535852103615,0.1880374839624282,0.1998181868300541,0.277635990413956,0.3642893275258986,0.2861930488912698,0.2489451978218172,0.2992103614674187,0.19026913266522216,0.1394248955515344,0.1504003412221131,0.1926939438309401,0.2257043995294902,0.3099534712731506,0.230920698204225,0.2065766402744124,0.257211503337009,0.2228948681712053,0.1242103284289556
2024-04-08,0.2480580537769804,0.26330077390589,0.4294167356637838,0.279025933716346,0.2710000109682846,0.2977604714014863,0.3615425377622023,0.1760854813713607,0.2344845805149099,0.2508396936044179,0.310179693541404,0.2037262160804094,0.2293687269276434,0.2472802629196822,0.1876465116701462,0.2148684666385582,0.2816694564154776,0.3759245567758005,0.2926724711446181,0.2566915721509689,0.3040443824929254,0.19330836926433626,0.1393429626773843,0.1498928824182987,0.186824908400568,0.2309730768035383,0.3150378645590781,0.2387513986499026,0.206033782809867,0.2671322514431871,0.2225010191094227,0.1243784485240293
2024-04-09,0.2437292175451343,0.2590668649477632,0.4150124030949527,0.2749859028347775,0.2672066089004038,0.2988354095324756,0.3619922931936709,0.2310939376326716,0.2381555979388039,0.2514122321155572,0.3120395794618502,0.2096505402284842,0.2309878635160233,0.2357652722591965,0.1832363735025599,0.2139613001612034,0.2787166743014521,0.3593659138531062,0.286291186598087,0.2581866759686337,0.2882983299548664,0.19433173354535577,0.1371569272654151,0.148932758463027,0.1867588574338813,0.2218326989371557,0.3075944768637309,0.2370667564591545,0.1998580660542644,0.264739986961554,0.2207473191425925,0.126744964841275
2024-04-10,0.2484843375925221,0.2661792727546465,0.42168420424353,0.2744669499606578,0.2723536025440883,0.2965118917633555,0.3671270254584376,0.2384019521424478,0.2434508222171157,0.2606145142799469,0.3141386914352125,0.2083631893246659,0.2424304357551286,0.2530308223592827,0.1835461996415357,0.2174410877812671,0.2833379287748355,0.3651494559958882,0.2934195833220822,0.2541322833502727,0.2862086220347663,0.20521378657913328,0.1461753378653629,0.1531462836452281,0.1882794627363394,0.2270304422680895,0.3174466342928542,0.241420250856903,0.2007362035699516,0.276838578487208,0.2268260520863966,0.1250733622919004
2024-04-11,0.244929911290536,0.2664194030762178,0.4276057694093932,0.2680044972724182,0.2647059705644419,0.29909275145392,0.3633530626262198,0.2423478028967576,0.2379364375108766,0.2615187531254825,0.3052066159602673,0.2102746813283936,0.2376308591599423,0.2643933397835741,0.1775620420191847,0.2153584630558609,0.2864508857342167,0.3630074087416031,0.2882255901766649,0.2532378260600205,0.2834660912065652,0.20126101731088977,0.1452221513095727,0.1448496520483774,0.18467998532403,0.2233254959526858,0.318813258037966,0.2406032802969138,0.2010062326221208,0.2692936969904672,0.2344663533865085,0.1274991383008839
2024-04-12,0.2642729831098996,0.2818535222069294,0.4377198346155852,0.2925447459632174,0.2955928600522385,0.3135024108243701,0.3850705267483673,0.2500103120055606,0.2172791559000512,0.265076770333026,0.3202040940975821,0.2262141756722775,0.2437768323612356,0.2763601503633909,0.1915012788539934,0.2313468057913216,0.3040459922035741,0.3852678452145227,0.3065603176925739,0.2620713059590356,0.3051874283412723,0.21447614434371093,0.1502590500264288,0.1721645217999813,0.2006892038451294,0.2401739092560898,0.3273234358873131,0.2505321339273637,0.2212267848569369,0.2856923039735933,0.2511505997665688,0.1413512407378896
2024-04-15,0.2756876774044776,0.3013112043839481,0.4471940399756816,0.3155659585817011,0.3079484061080467,0.320676402545584,0.3947241287284455,0.2555667205119176,0.2078761814523724,0.2443091186816355,0.3237011485355303,0.2357526852724137,0.2633035756287313,0.2896909050999404,0.197502072171202,0.2395115630375396,0.3072020085245527,0.3885013398692652,0.3288189344017751,0.2931814613434411,0.3238956021475899,0.22573422342348098,0.1606444086044827,0.1771907345391314,0.2084195164182248,0.2505939718527631,0.3428460010840473,0.2593557600456758,0.2246762833733878,0.3008452069942463,0.2574006591907797,0.1583131995091632
2024-04-16,0.2837491582348246,0.2812895768055003,0.4372468413044489,0.3020995391971447,0.3003175804296182,0.3223291261632269,0.3922632594378651,0.2589700845429122,0.2025842269240924,0.2380357115388102,0.326629381038722,0.2396314350515576,0.2720579382507682,0.2149105351829123,0.1764764766969155,0.2378316293233929,0.3087198693448765,0.386649945738196,0.3278683662486212,0.2787229610341487,0.3197305889007116,0.2208444796608071,0.1544788146563776,0.1744044452364283,0.2089246274686699,0.2488047205447164,0.3527821583784814,0.2653898940021967,0.2310847970733243,0.2918273719919549,0.254307111483145,0.1445389541178136
2024-04-17,0.2882297089061551,0.3067621849121438,0.4536079675012607,0.2798920166903422,0.2991660200684012,0.3221368083404021,0.4059476314484615,0.2593565924589969,0.1966731077662825,0.2327792672643418,0.330826876829599,0.2248585832581385,,0.2076466961388613,0.1750316826421116,0.2321893206157666,0.3022761194256713,0.3760174658340013,0.3403544435080584,0.2803396391253252,0.3209331495630332,0.22968644638418897,0.1484456565203939,0.1773158489224582,0.2049331187306814,0.2393850303874969,0.3514955834425795,0.2613314798040605,0.2257494324315361,0.2891995313241614,0.2549694447887018,
2024-04-18,0.2889752334731399,0.3047892438241341,0.4473365383714126,0.2921667715980849,0.2935255222255725,0.3187246398967495,0.407869987435925,0.2587760903861856,0.1914196064456276,0.2204237366268573,0.3209376407106549,0.2261482445367973,0.1775610902078273,0.2041644585396194,0.1701400124863241,0.2279329984691292,0.2958909355234991,0.3797988535470146,0.3429676708599484,0.2761064680346023,0.3187163452993403,0.22237160724887903,0.1828663570292801,0.1558152874722762,0.2035552705403177,0.2358016071377878,0.3605118633548784,0.262842566247463,0.2168029056092144,0.290765108091095,0.2478013146840654,0.1367959851806936
2024-04-19,0.2891286733335946,0.3075204878019585,0.516587776437025,0.2931544775030079,0.3097354722205242,0.3129166924123096,0.4220100600381858,0.262322419211643,0.1988400721805892,0.2191349762556244,0.2316157465480312,0.2272401259066528,0.1831566113958755,0.1963269197330125,0.1598985172569892,0.2320052625712001,0.2942833775031455,0.3787508295637888,0.363569189437978,0.2929431482123157,0.3389117487172146,0.22345924727202332,0.130817958733881,0.1585738331262841,0.2008178776570647,0.2316142772569585,0.3527001373450084,0.2562898412233808,0.2277195325237735,0.2815605558785426,0.2542574556818059,0.1450804340083984
2024-04-22,0.2854764567091026,0.3084713944005456,0.4683770879720085,0.2865713349078568,0.3017620030887862,0.3196270673432144,0.4226700664812122,0.2093581911907374,0.1948331661724451,0.2254460760029442,0.2265402681304519,0.2257544489596048,0.1819405270200239,0.1935048462452883,0.1583159875824732,0.2290798416024293,0.3013870753019196,0.3755036512687195,0.3626204964035326,0.286657564707653,0.3492515438052276,0.22627553613748966,0.134445098240634,0.1579562614087164,0.198938243799344,0.2286177728990077,0.3667806421498664,0.2613280018462584,0.221192474554947,0.2957116391742805,0.2501176970326793,0.134078909224618
2024-04-23,0.2812471591806452,0.3088338609684666,0.447644834231166,0.2835939757491087,0.2909260003406533,0.325429735140751,0.4230163941850399,0.1907030267476306,0.1855448020657972,0.2115407206458585,0.216231131590202,0.2278335555297836,0.1847931184668065,0.1968474109494452,0.1577541599414678,0.2210270362532669,0.3002037623919255,0.3656919525140635,0.3493279705630506,0.2723609439690828,0.319640141898214,0.2261469618493083,0.122337088094515,0.151663115602421,0.1916006501271845,0.2169165958831609,0.3592466932651174,0.2587844710139361,0.2163564750292942,0.2112487289588046,0.251431508468709,0.1303331346226545
2024-04-24,0.285892014647048,0.3203040507551065,0.4746495304076671,0.2794683583145488,0.2956358967161575,0.3515732948524809,0.4437225454629827,0.1881283433433541,0.1649972576938828,0.2081011371206516,0.2139368765443877,0.1741870058215192,0.1848296741442954,0.1938767680623938,0.162274356909835,0.225740851160912,0.3041270862896831,0.3083160680358437,0.3541150625093064,0.2909525932791201,0.3258790184903958,0.2252611439498071,0.1222640671924228,0.1555695869559568,0.191518918206159,0.2162389274437954,0.3623002017016266,0.2646566551398068,0.2166809781941488,0.1999694842910262,0.2550295127802577,0.1235578741128677
2024-04-25,0.2932069392313883,0.3753683709164657,0.4657896641173847,0.283589405825672,0.3143771625943368,0.1897515918251304,0.4775458446081406,0.1896933842515086,0.1887245888674686,0.2061402112543626,0.2090827930726613,0.1722251154605834,0.174768191079412,0.1835177479370221,0.1676837992084542,0.177160551572943,0.3126115691363756,0.2901138831257599,0.2732504583482233,0.2451924225344876,0.3265614724010453,0.22548187877827156,0.121415195137237,0.1595289079864466,0.1977949431132765,0.2204758608997592,0.3612017697122423,0.2610973592815614,0.2151279017386891,0.2001244714307897,0.2249281324049943,
2024-04-26,0.2855700048553354,0.2112222409525524,0.4761856023686002,0.2610027146207314,0.3107174747015471,0.15812933871818,0.4574692148921206,0.1836627123886575,0.1818474374356722,0.2042174399583264,0.2011769074944032,0.1612349014739467,,0.1824969266991771,0.1537611661689365,0.1764208933115965,0.3123077865222054,0.2812822935848476,0.2490703881469599,0.2466720412849719,,0.22317739817949422,0.1145325681329217,0.15204624015098,0.2082330776757952,0.2161832187412818,0.365294763399485,0.2581057702315353,0.1846665189497467,0.1803319414847662,0.2051938688619107,0.1231193104075545
2024-04-29,0.3153793233291582,0.2204690726884685,0.490987469989961,0.2843980948047897,0.3330322260747404,0.1765720468970853,0.5169962262528157,0.1896106588225071,0.1895829452228315,0.2149980490262225,0.2179835228888463,0.1703571297910525,0.1762420628033709,0.1891150408121459,0.157016893579262,0.1732802032292181,0.3264949176177893,0.2927128476142114,0.2627211719381885,0.2332359967095479,0.3854193152396424,0.23017460618201996,0.1205699873527624,0.1618872106660775,0.2238425132238759,0.2256845995034349,0.3943450872296838,0.2740705306191996,0.1818186194958976,0.1965633201584816,0.2128176762316986,0.1233761141324201
2024-04-30,0.3331251518345628,0.2522115308215978,0.4841626924639862,0.2964541442375674,0.3565081754462987,0.1738467314915082,0.6427026419479555,0.192252616823153,0.1967248875392377,0.2207262095858616,0.2174159532610226,0.1849223171296376,0.1811228769320233,0.19245200110552,0.1664520776733283,0.1747268766581032,0.3406556987402938,0.3153218935658328,0.2792195234767177,0.2586433243383451,,0.24642811095613446,0.129050870649593,0.1313241539224948,0.167089317257003,0.2414373547589891,0.4248799487217174,0.2880801750116962,0.1915144301625175,0.2047885277211762,0.2307879130484695,0.1352893046334436
2024-05-01,0.3377497685426301,0.2324538387303008,0.4854769803417409,0.2897173636288931,0.3623771734069311,0.1542633248305492,0.2948186289590589,0.1874745415739757,0.1913643665793584,0.2180970387280757,0.2045433636185684,0.1725005957073668,0.1972320567297037,0.195820085460917,0.1704568269940176,0.180168957936924,0.3430426378988041,0.2955622874936158,0.2695376312576893,0.2623698964590187,0.2369771948556861,0.2566530246408727,0.1285245387420221,0.127373776974135,0.1598456449957489,0.2445404650788298,0.4177454167040428,0.2899560208152215,0.1823986143354208,,0.2213859335372376,0.1407135304347065
2024-05-02,0.3305387173280008,0.2170826666937782,0.4675971518461454,0.2821850871161295,0.3618316683532704,0.1466018062319719,0.2691060874273978,0.1823192375278908,0.1833627678704033,0.2085603103899768,0.2066298944211061,0.1637433584481082,0.191788502778917,0.1890348979373626,0.1576252558193373,0.1690987158734858,0.3743485508489673,0.2912070699883785,0.2550577127883892,0.2357847714025075,0.2299596161813398,0.26109121617327924,0.116304265084568,0.1230403932652234,0.1562601088635175,0.2375305048599974,0.440085038580126,0.2967483537494371,0.1783690575911989,0.1935323648119277,0.2211717895415383,0.1186470045612063
2024-05-03,0.1916091653768142,0.1893963943930726,0.4416213735183839,0.2744009515548646,0.362668823660827,0.1298400030091105,0.2438578517499913,0.1730538257686192,0.1723326264083396,0.1864778800590629,0.1839979772955707,0.1516077505741422,,0.1760292799865579,0.1446012150910471,0.1565205396836423,0.2315874143540444,0.2723729366760383,0.2406851664789737,0.2466848764218954,0.2166246570656406,0.26364494892504636,0.1087938985914389,0.1167412144034372,0.1477744793189878,0.2241436831803334,0.455504221979901,0.2961375974031704,0.1737603978579491,0.1781839895507606,0.1975125691054952,0.1167828779193849
2024-05-06,0.1957379386503049,0.1928946080877887,0.4545563011808322,0.2759961886666726,0.4165866367686828,0.12139627822051,0.2474288161341926,0.1763304654148282,0.1715566771530939,0.1931604850450755,0.1956660265557984,0.1562421231055833,0.1433574540313727,0.1825440943024162,0.1511650593413667,0.1707220178192227,0.1955498642049744,0.3274144326488533,0.2445416976359214,0.2578724942406621,0.2210586944686594,0.29997880955474693,0.1119423489282833,0.1150299094887672,0.1545389577830477,0.2348746228903077,0.5289954196244642,0.3396398500445682,0.1797170628275327,0.2254156191840081,0.2039297333619139,0.1139763814911627
2024-05-07,0.1983829797426773,0.1971073381016455,0.556738127526834,0.3278210653199307,0.2506158521447484,0.1393722331490242,0.2342033374519651,0.1763482359883341,0.1865971492725746,0.1692783459632626,0.2046899385486528,0.1535903859688179,0.1374407129477048,0.1816866180291978,0.109670417989245,0.1534858934479837,0.1652119462513648,0.3079246289458887,0.221255771913032,0.1824386547744861,0.1749940516778873,0.19473408638528267,0.1138210963252918,0.1004175518590858,0.1490423694421726,0.2142032973720441,0.2223541631311245,0.2159252471010029,0.1484342134432746,0.1813017608963505,0.1602600033875215,0.1032346747243347
2024-05-08,0.1901396639069426,0.1948567272514875,0.5560550590837579,0.3299398596529122,0.2570082325294121,0.1298270481777751,0.2367358141214078,0.1771715537579297,0.1835208433919815,0.1680372366435672,0.1901648966971191,0.1467117796557781,0.1321677684047597,0.1785244460430606,0.1139327230193386,0.1493152295756868,0.1617154530514302,0.3083124244849605,0.2205621499801813,0.1885257534835872,0.1719688063737371,0.19666083026762465,0.1169529623872184,0.1014615749527239,0.1250239867945309,0.2165591207222752,0.2112409885071351,0.2178533557034161,0.1458724580127172,0.1774152204153077,0.1603850148417803,0.101245209063018
2024-05-09,0.1861111974780379,0.1861927053246899,0.5551576033788482,0.320712114984761,0.2537127086827234,0.1751767472719191,0.23041407211225,0.1641549371584434,0.1802646076902669,0.1676920926254011,0.1908620145350075,0.1380542673931793,0.1283670949998157,0.1751437407595285,0.104675726287367,0.1432407457612791,0.1617723947776002,0.2887587689027509,0.2230653163792235,0.1712160308796463,0.1609835929578356,0.2104123378937103,0.1119135605689119,0.0977978228371579,0.1164972272048531,0.2050748715730216,0.2030778707470588,0.2088270916258484,0.1326280864596238,0.1710710452123877,0.1474823423887827,0.1037420400641784
2024-05-10,0.1864421215449563,0.1795910387431527,0.5384125003253752,0.3220671296265056,0.2537350467166691,0.1665717818793835,0.2238319125737881,0.1676762868383918,0.1708684398889101,0.157999951280698,0.1879890585325654,0.1329666113347508,0.126017647316871,0.1680731058124556,0.0997642578736874,0.1379934588492323,0.1580133111093903,0.2832848404211392,0.2234698751228765,0.1757143270048295,0.1598214450045375,0.20234586711632047,0.1126133063865071,0.0942250815884416,0.1152415405350176,0.2056097548093193,0.1956812350437268,0.2048740969687573,0.1258715281681284,0.1670518598899234,0.1401751860331092,0.0963660642936014
2024-05-13,0.2014689708910455,0.1872234085166598,0.5394645679815597,0.341703416493064,0.2691506449443211,0.1650960531200487,0.23289167342326,0.166965746804155,0.1736690103579924,0.1709140101832565,0.1959235113396276,0.1408657907328968,0.1334947573999879,0.1770248421296871,0.0997342521473312,0.1451583379898975,0.1630030524677136,0.2903773689171568,0.2231917773536801,0.1838140839965367,0.1744340267203786,0.21235200209743174,0.1128878055255691,0.0995320555158916,0.1211492460232606,0.2129017981218856,0.1973581703200708,0.2036865553483354,0.1358403066776452,0.1734498087340707,0.1458693480507382,0.0996932348737112
2024-05-14,0.1952690353977288,0.1845266197328379,0.5286581778390891,0.3427399266545,0.2390440582778069,0.1684532012916257,0.2318060068878831,0.1754369448871781,0.180416452566686,0.1702092974130629,0.1975705637479198,0.1392421579239806,0.1343883441914424,0.1756869858616251,0.0985207445686787,0.1435114254960621,0.1596284532409471,0.3020958580777962,0.2254339723577164,0.1823908200080972,0.1658221897263127,0.20517313289184275,0.1157833069723984,0.1000278450236023,0.1215513043088555,0.2154341083571228,0.1931255341553401,0.1626577672421447,0.1340679459865654,0.1775865698425101,0.1437668266756309,0.1028822157562025
2024-05-15,0.1808753398955067,0.1803981695027075,0.5305848335698682,0.3386445614422365,0.2471844333642641,0.1568309844403891,0.2398409420198345,0.1691609389717939,0.1758038602869314,0.1582314420815332,0.1891244553486089,0.1402794557768954,0.1291004515343813,0.1694921774191945,0.1068142622608433,0.1455497785366786,0.1617477328897156,0.3000503131073735,0.2189676503233575,0.1853920321149563,0.1659039303967053,0.20192137278802483,0.1143623170453979,0.0978460941699491,0.1175766664474714,0.2103349908932117,0.191036497609534,0.15062681495564,0.1331887382681308,0.1707010347796231,0.1316424350185486,0.0854490707116469
2024-05-16,0.1790546757277141,0.176568230507106,0.537094406902261,0.3411152033582134,0.1874094550648525,0.1586831543252854,0.2360412494481195,0.1612059549611219,0.1830336546301647,0.1607579883688772,0.1930112384851491,0.1469544308462057,0.1275684225879417,0.1689715218651179,0.0970844598242819,0.1410091666943649,0.1906812018843861,0.2987307911377269,0.2214586234509812,0.2330430987362063,0.1779459945440027,0.1346939457258206,0.1026821242494795,0.09498861321893,0.1162262253067796,0.2063889290606192,0.1872455867187327,0.1527213447804803,0.1783508292610521,0.1855450404411176,0.1103258024714485,0.0854057959238014
2024-05-17,0.1749958870011405,0.1787515903548192,0.5510059519507711,0.332874385543948,0.1664478874494434,0.1563897615253632,0.2259639424676862,0.1608182610797838,0.1790849288893467,0.1540470313117145,0.1851898523046082,0.1417902307620021,0.1240269452711548,0.1664682863076608,0.0946936189738269,0.1392993479362286,0.1827082448160437,0.2882261648297806,0.2101124569417692,0.2248241439027914,0.1744974683379241,0.12635932558971094,0.097602119163871,0.096046145878421,0.1094626140758134,0.1964350162303451,0.1824862809949117,0.1393891693301028,0.1630010312191689,0.1711334837398305,0.1118357293310741,0.0910552012085972
2024-05-20,0.1822943873603698,0.1787241198581779,0.5355849599325534,0.3454763939056085,0.1810807299218964,0.1608063165277245,0.2327896851502104,0.1594839804262803,0.1722242808147161,0.1562311333956291,0.186856540401495,0.1451717146543238,0.1293974845141572,0.1648205666076887,0.1324505294304289,0.1400515836446785,0.1813177036856057,0.291472169427719,0.2203514904710064,0.1997729161472277,0.1722251599401937,0.13292214935881888,0.1072705296773376,0.0971064930960147,0.1170872661601671,0.1988051311294201,0.181604302954972,0.1390932465627835,0.1710884490002018,0.1787200371252257,0.1076567244898374,0.0935782805246799
2024-05-21,0.178081890154596,0.1731763472747037,0.5231963661883332,0.3524666466661608,0.1686488150694192,0.1655433997300741,0.2308907263420478,0.1649114359876629,0.1653218716511676,0.1563142540548589,0.1868371783550158,0.144911760597982,0.1326191234325923,0.1589804950400117,0.1334753705501082,0.1361434116130101,0.1809206270752165,0.2904218607019436,0.2217892677655286,0.2117050792331669,0.1657419523018355,0.1288708558096096,0.1078827350914083,0.0954476569370431,0.1154437233457167,0.1949411026872496,0.1780083368472486,0.1380138247253492,0.1670618840318656,0.1796855600265871,0.1148414126934269,0.0905628447723962
2024-05-22,0.187414174057646,0.1757201557407586,0.5237435159201369,0.3586200210958099,0.175594306353679,0.1686427665117839,0.2309942420747024,0.1626562262141359,0.1707169186560552,0.158791377682453,0.1905971909682182,0.1458462676462834,0.1316535377162787,0.1623956800581308,0.1381798654806892,0.1427484487934263,0.1971402170642267,0.2970297622187183,0.2275121394267434,0.2111602353507493,0.1672543775986143,0.13052846173779412,0.1048498135859789,0.0969895696587949,0.1157501289009114,0.1993501332870186,0.1810509923108852,0.1404817257978736,0.1787158136876095,0.1798091518965793,0.1270355983466791,0.091894694705792
2024-05-23,0.191597208830377,0.1724931342862895,0.3962899451809087,0.3594903632260444,0.1762621117297965,0.1671767095229921,0.233496146415359,0.1668279700258446,0.1711000119676137,0.1592436606060707,0.197906944760975,0.1490268117668454,0.1434006463603778,0.1641193441271924,0.1412330073552033,0.1458115778900414,0.1995626877503137,0.3211343953062366,0.2325134440563412,0.2100171686917819,0.2006010140568628,0.12743009271962719,0.1105536847015547,0.0980863144553545,0.1204411362201716,0.1975378005323454,0.1828902244039751,0.1427042466555385,0.1756162055316727,0.190800816185759,0.1214877394356091,0.0980566190648618
2024-05-24,0.1848937674236686,0.1618220256159882,0.3791068734778633,0.3681450561713744,0.1657351847341891,0.1584678129469048,0.2214833766307516,0.1545419476654067,0.1598026130658718,0.1508447310215848,0.1883073464358411,0.1395064016718148,0.1308502177433984,0.1618272223729238,0.1402512840520661,0.1394460845443416,0.1895469364669427,0.3094440259870256,0.2191708665781067,0.2094139104411445,0.1927802018346192,0.1253024388445104,0.1052419491723004,0.0939544866282868,0.1114859761884278,0.197010649648021,0.1738710627997704,0.1230924410311378,0.1689145853650901,0.1850935169586294,,0.0919018377824108
2024-05-28,0.2122353426991616,0.173624977219115,0.4686484946911496,0.3985360531287609,0.1763662918142323,0.1754375382541813,0.2338596708924802,0.1742064712205712,0.1693121336989481,0.1639469539121078,0.2009037576910051,0.1603263822410246,0.1434400957850111,0.1767158380967762,0.1616436717011569,0.1592773004601061,0.1997277462660188,0.317286566218467,0.2391967868877519,0.2242521717717822,0.216814259196501,0.133127127541667,0.1244432386733979,0.1009540304251805,0.1249290091856064,0.2023093663096609,0.1908352350097696,0.1466709211004282,0.1827350155517427,0.1969468641314722,0.120537440146361,0.0979220097277971
2024-05-29,0.2234402164494323,0.1822723295267314,0.4709708805742489,0.4184390107384463,0.1869776072236528,0.1875979355094684,0.2431779592430156,0.1779147441170682,0.1825284359242875,0.169636683105099,0.2104896660781253,0.1636936343859379,0.1526806892422103,0.2076837711752662,0.1606276383887235,0.157525952841132,0.2060468657539044,0.3257502026471518,0.2440633964273333,0.2346515885528363,0.2240261643859837,0.13886086086382732,0.1295213949645713,0.1100104599324013,0.133607387872963,0.2188443816756317,0.1927893854541838,0.1538426740889646,0.1941234303950477,0.1948446450709565,0.1159948673811951,0.0806513313304628
2024-05-30,0.2323602975573006,0.2112876890187591,0.479452633845658,0.315152580756957,0.1902776730864618,0.2030856183167625,0.2473282723167076,0.1757614341954763,0.1799368885621169,0.2080201719730982,0.2117804544426233,0.1608316571963669,0.1517923393893581,0.2042088175203716,0.162946256556575,0.1823501985514989,0.2135885676003204,0.3189393247851998,0.2443023683062095,0.252612448788365,0.2292529007239186,0.14193729665502752,0.1317599064871025,0.1086550878832871,0.1376503413506863,0.2159815421497493,0.1929347994809684,0.1904176080076476,0.1955634695222771,0.2128023770344385,0.1249244848241984,0.1133341631032694
2024-05-31,0.2257544375766616,0.2019288006381562,0.4884585631699157,0.2775344140128084,0.1864496891998777,0.1857371248326434,0.2465170944446926,0.1846588087285766,0.1866912024223374,0.1945928652183161,0.2052944516260169,0.1568470025229645,,0.2055791789444119,0.1517869383559632,,0.2011006281326241,0.3012395395658965,0.2373647327828932,0.2308061952213947,0.2190549814757951,0.12853108284001818,0.1198158994821686,0.1034435992448987,0.1300391249272962,0.2079754210960297,0.1942070399468637,0.1811967146861167,0.1858103354548092,0.2129370644491353,0.1743743056737352,0.0985559653940871
2024-06-03,0.2389841500318919,0.2043436877171697,0.4758773103014575,0.2732837848795286,0.1982939556220151,0.2046858827925106,0.2526766995610861,0.1706312736111045,0.1824738802583756,0.2066863439830928,0.2190113082913934,0.1659013543068779,0.1521132427401492,0.2002623374942074,0.1540514496261761,0.1676869001784235,0.2138942787390627,0.3247877522373195,0.2493918720815543,0.2519246339653023,0.2369527352284154,0.13917582525981625,0.1334954271621913,0.1040042993032547,0.1667494073186957,0.2479350522364181,0.1945106793715053,0.1969058407925451,0.2004092666142783,0.2140516433542526,0.1986298595804914,0.1090636187823703
2024-06-04,0.2371163106426261,0.1997613580832555,0.4618245909521508,0.2668782896882289,0.202187236426425,0.201071381356718,0.2485221002982678,0.1704351518113462,0.18650714908352,0.2077867435311154,0.2131008159639193,0.1610880681907815,0.161262546708442,0.1887880374790617,0.1560228743818306,0.1502388133015157,0.2085641858027658,0.3018552405099306,0.2417152464820488,0.2504574159983745,0.2289031290933058,0.1360552178862108,0.1236588907202209,0.0985502246675136,0.1672669420729985,0.2353834785976395,0.2039062710816242,0.1949412453741293,0.2026277985149331,0.2009851724604796,0.2040856901461291,0.1112961551360794
2024-06-05,0.2050417023370765,0.1877543623764842,0.4511952420290273,0.2428018094590416,0.1497806529907913,0.1856418819749237,0.2427856826083626,0.1644609870004029,0.1995979864727352,0.2261792287557431,0.2129647792021594,0.1552873712986677,0.1911837927051974,0.1929365150257662,0.1570786446291964,0.1463418803357459,0.2066217819330966,0.3021020037365868,0.2304977103550604,0.2381017621989987,0.2204618203180148,0.1365412315557921,0.1223340522397575,0.095464876562024,0.1714041645363183,0.2350202169005442,0.2021482356840529,0.1908582769137493,0.1998661937581539,0.1919868021913127,0.1912751832626333,0.1040286177599804
2024-06-06,0.2008510407792232,0.1899873163852598,0.4697768908109779,0.248162688928979,0.137870830741882,0.1812574790096396,0.2394634312911198,0.1436196396389284,0.1971349291159659,0.2234884803533036,0.2280415275445061,0.1589670274844409,0.1877504565323393,0.2205222542280329,0.1719436610298128,0.150563709586106,0.2044588533972572,0.294882055578048,0.2304829641922131,0.1902202174360296,0.2220201650589252,0.14528223751792219,0.1152598973567246,0.0945550171716513,0.1693232786640103,0.3428387900535092,0.1921868166150947,0.1906050353030358,0.1962986222631376,0.2018479645268885,0.1923311704681073,0.098700867598715
2024-06-07,0.19949675617315,0.1849604187929626,0.4476421307981681,0.2339379553991053,0.1327656099838915,0.1848568412241398,0.2316209083430705,0.1386614063417538,0.1905908286981683,0.2250313504606819,0.2210321520968746,0.1489851113662026,0.1853461073109289,0.2245598214420409,0.1711645521054962,0.1434138793627977,0.2017167057959481,0.2884121068428105,0.2260336841268069,0.1877196779080255,0.2241091152383428,0.13751201786677902,0.1191528458640283,0.090874739219968,0.1644259660486061,0.3376608956692639,0.1887420041666335,0.1901306879758335,0.1924787258878878,0.205234418280873,0.1859652988912282,0.095987502023264
2024-06-10,0.1924511109992643,0.1838717106811509,,0.2356275764457263,0.1337615208516835,0.1840527102654255,0.2389835012282,0.1446055899770832,0.1947089132772797,0.231124003446364,0.2289028719091398,0.1570776771524574,0.2156502208202979,0.233216208943515,0.1804618332420226,0.1424658541449026,0.1997190294214671,0.286140337829987,0.2265258977027778,0.1997593139925003,0.2276343097960328,0.13989114918268336,0.1258590238611862,0.0888669448418925,0.1649462161522762,0.3510139220975032,0.1950870308344511,0.1885245636251135,0.1965944658576904,0.2055160153109876,0.1910420156948993,0.0962276264670449
2024-06-11,0.2042468480161348,0.1883613045760416,,0.2379054651366605,0.1384501841809899,0.1855636149080891,0.2340169870690633,0.147858323116652,0.2045538630494664,0.2424328846204309,0.2396823893922299,0.1561060146390677,0.2173490057310076,0.232756298868533,0.1783403960896326,0.1431003088044323,0.2010537571691453,0.291036537342559,0.2260320000026557,0.1911299146352886,0.2298959152049737,0.13834528721136452,0.1221896166445669,0.0879064512310768,0.1654810452305403,0.3560671553784761,0.1977928840356564,0.1952536363089506,0.1985176834627245,0.2006960351427987,0.1924567120547158,0.0989895451777819
2024-06-12,0.2245314563661983,0.192124293697963,,0.2286795345852671,0.1432816305424055,0.1763267795912366,0.2356808424504101,0.1422050837715683,0.2041886098219801,0.2384029412490772,0.228114364091002,0.1552482452439596,0.2079172719507224,0.2331717175985367,0.1745565290180912,0.1405849412979957,0.193345393117014,0.281988444625993,0.2236605378412548,0.1871919389542039,0.2207927367892921,0.1338863030483547,0.1150030975533641,0.087189061174611,0.1594945702792113,0.3541532009360964,0.1963146807454584,0.1801341000498928,0.1869350902562443,0.187461243129154,0.1730889178640147,0.0912425192669346
2024-06-13,0.2163452130443971,0.183091234930684,,0.2370785547171712,0.1327788505025984,0.1810997892747014,0.2374796086783069,0.1416329413903613,0.2041881006699998,0.2446148863597393,0.2286051227933246,0.1566000362552536,0.2126565745128351,0.2353329963353019,0.1804162461476487,0.1432412691825541,0.1947768130352135,0.2872405233735976,0.2236406544510717,0.188050167785216,0.2200469429697961,0.13434415775087524,0.1160843884107277,0.0872499493354629,0.1599364311869666,0.3593231031658347,0.1986827906779555,0.1852976279308041,0.1881190081387895,0.2005914554684666,0.1897265278898377,0.0905930047686068
2024-06-14,0.2117261283522543,0.1806236570217288,,0.2329849404197555,0.1319123402353451,0.186751986973908,0.2428774655198447,0.1458483178230038,0.2102780749736551,0.2506954820335492,0.2308501633641036,0.1556947706693957,0.2154801316379581,0.2308679839399444,0.1792363640424152,0.143515372769633,0.1990782446509453,0.3019011462954263,0.2367201693320299,0.1927846517649799,0.2228418828856378,0.13938635937299917,0.1197830196005821,0.1307139424665201,0.1598228256400349,0.3689266694029995,0.2085304003036146,0.1882894773368595,0.1922375176951976,0.1950658792488438,0.186194470168573,0.0963274832212762
2024-06-17,0.2241947264821292,0.185160156217654,,0.2352168077705574,0.1357153124634267,0.1906465940202608,0.2473671644874265,0.1434924712204178,0.210665296495996,0.25828960760651,0.2334025553113874,0.1616684466940915,0.2254668307821844,0.2631975995852062,0.1855519892494247,0.1667580146844697,0.2017175978170513,0.3109111892752602,0.2317480297643526,0.2136262036639441,0.2231658568574537,0.14665487637966984,0.1270348670729402,0.1350911410970334,0.167301266398211,0.3783640881588022,0.2062969632158977,0.1953423558478523,0.193368367985923,0.1984731549740297,0.1891456736440211,0.1014118008342937
2024-06-18,0.2286763187919822,0.188669664271693,,0.2319590897604653,0.1363623816435884,0.2036011154329718,0.2488396257075677,0.1479681650794033,0.2044708312475472,0.2539218375952655,0.2272820357976082,0.1535944597639592,0.2260330729910317,0.2689026150544034,0.1860304353709163,0.1642414653268851,0.2030483812321057,0.3061910186280718,0.2297837158787343,0.222227259780664,0.2240049047178496,0.14091422665400358,0.1137061619325486,0.1300845167630436,0.1722667839386004,0.3864859938543725,0.2046724085965946,0.1905798697108094,0.1907671835377533,0.1999635051054296,0.1876469985071674,0.0989247810854836
2024-06-20,0.2211161547184756,0.1903012359362123,,0.2408162548805781,0.1460296991898644,0.1952650242237532,0.250807702852233,0.1433762014818102,0.2112787862931534,0.2563092615903272,0.253512331373347,0.1606237965598639,0.231569370716145,0.2706541606190338,0.1781353287504188,0.175499331794236,0.2067134627053728,0.3102207539678614,0.2330616039185958,0.2433856870288915,0.2337505689205753,0.14951972603289945,0.117757951536035,0.1289993603030036,0.1740108294957605,0.4074314986088451,0.2017871258327719,0.1960867869036548,0.1953853974695795,0.206628523872045,0.182232566169339,0.1034626863961333
2024-06-21,0.1977067018610956,0.1746950257117384,,0.226247842444991,0.1354194785906879,0.1835435301513042,0.2335252621494507,0.124417170808632,0.2118587806256677,0.2602168357237321,0.2539505638171744,0.1530076848851629,0.2325857136716577,0.2704242293294081,0.1718628427831939,0.166277291997988,0.1944549362103917,0.290312897911889,0.224013127877164,0.2326115062881528,0.2213852395744258,0.1585935026009912,0.1074478548222313,0.1282811554999805,0.1625384344909963,0.395278739419494,0.1947239555760315,0.1905662712023585,0.1871026097479812,0.1987426472077675,0.1702625007537812,0.1143894507461096
2024-06-24,0.2138629322854252,0.1779752127963713,,0.2300591626545289,0.1298040383509603,0.1901569871090798,0.2503094700122827,0.1198685392326063,0.209135737379179,0.2721327527280093,0.2608044076419601,0.1540279756659702,0.2340013160265181,0.2612645015769712,0.1673652150506827,0.1735611957726049,0.1955695075905117,0.2950535491963649,0.2233220506467529,0.2517686179046407,0.212679135762065,0.1353460182679151,0.118825819400909,0.1250175635312373,0.1625918452434542,0.4089082601687513,0.1932740178430552,0.1875785848750431,0.1801326698781242,0.1960181880109067,0.1639326097180244,0.1157745017154462
2024-06-25,0.21509212491409,0.1674943731536085,,0.2208594063883665,0.1248076555400676,0.1893070170937935,0.2525913237709169,0.1212102655891874,0.2053244846027638,0.272914696044237,0.2612443557002153,0.1676579920154748,0.2395938075830378,0.274280139708725,0.1761255649274124,0.1734278169827341,0.200515475412436,0.3012820391620918,0.225253117117946,0.2120729096211485,0.2164020618739323,0.14278168323825485,0.1148746590045134,0.1218214725741319,0.168178551049581,0.4165174068030743,0.196542414491271,0.1971096078534654,0.1880433216079914,0.2038002698239668,0.1767762125106144,0.109221520408977
2024-06-26,0.2027406641112288,0.1695781288912169,,0.2215923548138345,0.1243253868501131,0.1841319110169982,0.2566234433077808,0.1167718282689376,0.2140262421620804,0.2810405115487304,0.2686284071802122,0.157468698118973,0.241597413620627,0.2805824111918155,0.182109724849223,0.1751569007256696,0.190416552112206,0.2972389953512748,0.2207718934750383,0.2317845767737946,0.234541815920679,0.14080283750115563,0.1116709288999318,0.120875341943197,0.1668793093863667,0.4426147053203638,0.2010216393074075,0.1922940070286814,0.1899943491569738,0.1934649557829235,0.1741018772314143,0.114910099447497
2024-06-27,0.2028746897046662,0.1707815632264327,,0.2334306184477153,0.1194776818288452,0.1845117834133599,0.262279750207514,0.1146250638925893,0.2096649031153704,0.275137730474756,0.2651612071730406,0.1633766099400007,0.2423914071771209,0.2917722174937657,0.1871939393238824,0.1926718131841479,0.2050662271097752,0.3022432550436378,0.223045061910571,0.2148081508523471,0.2265020155869052,0.13958827483226863,0.1117055782125499,0.123513723324391,0.169786775052567,0.4891511712786014,0.1971963193712069,0.1940670263475339,0.182822328573649,0.1909860752428383,0.175096356901001,0.1110904169919327
2024-06-28,0.2274030996510299,,,0.2365598479619755,0.1103109055329243,0.2064953771847905,0.2850156066345258,0.1121077405730259,0.2097644638778454,0.2683022952075422,0.2694063710491596,0.1811280976069071,0.2614613071508677,0.2753583253920051,0.1795969853767758,,0.1980343202715909,0.290513937602536,0.2168318076193568,0.230861336441122,0.2188898006866982,0.13044416033992787,0.1133144928563651,0.1112021547423195,0.1650371362962766,0.2924646662836401,0.2063401249246381,0.1915712985497784,0.1805507654353526,0.1936893456716089,0.1713545923711512,0.11049507141452
2024-07-01,0.2098882920460161,0.1675457182810728,,0.2361256393293871,0.1153060418006964,0.1888042756736824,0.2737858883605869,0.0977179574585645,0.2095681146797142,0.2806528426560298,0.2798135390477944,0.1667258354670744,0.2634862399636998,0.3145948513393374,0.1877378940925193,0.1684046351641423,0.2023684110262055,0.2968882154343172,0.2218414456257266,0.2484648346314093,0.2255622095313668,0.14092538219541728,0.119132675702482,0.1234853075451432,0.1829459880065912,0.2460654911299041,0.1992647189657059,0.1998141634405342,0.1830335187934426,0.2024385742166002,0.1916413501043684,0.0988057617360214
2024-07-02,0.207266226521238,0.1600727190171473,0.4746858491126995,0.2247539782904864,0.1123108476594052,0.1863692942181652,0.2681908141012754,0.0974713394133112,0.2084371719524879,0.278414591643486,0.2796997297825692,0.1625491027340977,0.2757980241169551,0.3256393337087399,0.1917944573704382,0.1601447306723211,0.2008237673514104,0.2752880150638565,0.2161590666809303,0.2330588931873177,0.2149547977398211,0.13660783273688284,0.1119780305137232,0.1178267968129909,0.1811190024793498,0.2184628348192337,0.19466494384222,0.201610066941095,0.1820042451070231,0.198363147765139,0.2078103146355086,0.0950226708478432
2024-07-03,0.2010862742682622,0.1522475495843492,0.4781976781617409,0.2119751030902025,0.1063155618051747,0.2591640816211057,0.2643031366161399,0.1495525395922427,0.1908846087040177,0.2311103390079731,0.2823220030047498,0.1846353778643352,0.2289598565574428,0.273104216572024,0.1750302086164084,0.2040469421318088,0.2052859645164965,0.2814320692955524,0.2573526608601277,0.2302396145441125,0.2783009571161784,0.1334210291091317,0.1352588286202083,0.1481614415699601,0.1845015736846357,0.2117319551167417,0.2068988674131315,0.2026544855301282,0.1798080616613698,0.2368635649361142,0.1692781664495331,0.1058351727326115
2024-07-05,0.2448875024285776,0.2388060088655271,0.4864002835611616,0.2456342514653614,0.2358170604615029,0.2614009736600732,0.3511736890847277,0.1443106483123126,0.2039885106512557,0.2339188371656703,0.2522387687721362,0.185439379478367,0.2226710304521451,0.271717549673635,0.1791666284127594,0.2019065519918132,0.2497645257112189,0.3237339742927761,0.2639289805690453,0.227777440584396,0.2750089889246141,0.2055854957292994,0.1375298192908446,0.1270250275425878,0.2113626695650078,0.2234413173218321,0.2977865852044334,0.2525246373272913,0.1985764600091679,0.2391738874371619,0.211477530005873,0.1032564758270026
2024-07-08,0.2460703329483067,0.243981662402213,0.4872585400867457,0.2526093105600634,0.258964505550195,0.2750157515074919,0.3640573629891528,0.1560030288170092,0.2072811301215749,0.2443906205428211,0.2745635470816993,0.1962081285093415,0.2383921811041363,0.2821486349902173,0.1842440024175804,0.2047896569012672,0.2569805375677236,0.3435492267134842,0.2601852790146304,0.2293005328462615,0.2854152664819843,0.20829283313666955,0.1417392720674348,0.1561581648695986,0.2182236747402449,0.2403338216420651,0.3181078042973498,0.256240755711117,0.2044620532202786,0.2493307196114548,0.2120964540520269,0.1109508432735711
2024-07-09,0.2435710548588615,0.2446122454149346,0.4913855045965081,0.2652775585181029,0.2610901849088107,0.2774232009878951,0.3633619452536804,0.1485230087335709,0.2066900631143742,0.2485834417999637,0.269898111962056,0.1968112194724684,0.241603232946361,0.2757926297248674,0.1932830690483103,0.2110490998142364,0.2509725854908604,0.3412522715152887,0.2673365182779605,0.2296160625957363,0.2844307035961219,0.21035060412235385,0.1439569452302892,0.1554123133191814,0.2261048946104846,0.2444615606915295,0.3186483902232047,0.2614104380834245,0.2043199325337182,0.2599319592383861,0.2074748828791638,0.1118063652759568
2024-07-10,0.2492990199360106,0.2403358676926733,0.4819849473908358,0.2711793729917658,0.259120564826573,0.2811641121756123,0.3671575521500358,0.2157071183072582,0.2096821371477128,0.2437521391801288,0.2789945579566359,0.2014783197265149,0.2377633004166001,0.2787898884805199,0.1894219477997179,0.2110442402020295,0.2580163120369663,0.3420254855656348,0.2699289201972546,0.2414479763482247,0.2989525165713374,0.21797842727305006,0.1390989671131925,0.1604753288618003,0.2177945806348281,0.2439043160332699,0.321329059916826,0.263901897257057,0.2109115709905872,0.2533591906576914,0.2118042350326694,0.1118987874016817
2024-07-11,0.2565025533125193,0.2564186368214297,0.5168579041859492,0.2695217981658045,0.2640920778464176,0.2774206632674027,0.3739128590972267,0.2133744649108724,0.2147289583070116,0.2542065046005239,0.2755529102814756,0.1939047122866524,0.2410122153991756,0.2855653776256747,0.1823110873438864,0.2006312754636731,0.2570570308690983,0.3399258960157692,0.267619040747683,0.2449285189127628,0.2992012461208142,0.2174173824399759,0.1462920378314817,0.160295689541818,0.2095139563758257,0.2295052791421854,0.3220891975665454,0.2527100120438902,0.2132374732328414,0.261777036183721,0.2124057098376062,0.1136447845871135
2024-07-12,0.2504937239484355,0.2562155021167748,0.5154841416453556,0.2592733578573427,0.2621058984438541,0.2818689662386615,0.3713231282910849,0.2075074929211845,0.1781887262595262,0.2401625094589614,0.2726931402656758,0.1938432892211182,0.2334814382559258,0.2620546209983194,0.1815671028428266,0.1972842092828045,0.2575190442806281,0.3385859285181395,0.265098614185607,0.2625816772254819,0.2890898454955299,0.2191522095353883,0.1376822486624531,0.1672264168130285,0.2128795688798027,0.223866927757674,0.3250853508983309,0.2475019562990919,0.201867047724172,0.258686433563088,0.2098925746218423,0.1047056190060387
2024-07-15,0.2733486535639267,0.2631545195541105,0.5028222247648269,0.2667417087847344,0.2746750373749786,0.2904484542317283,0.3901115059817511,0.2176419716214432,0.1826967452646856,0.2217778187884878,0.2871988323160669,0.2029504991814664,0.248841551943168,0.2677052819777042,0.1791124538844591,0.205192769209922,0.2598433316622302,0.3528299953975395,0.2852612618942489,0.2717438902812439,0.2975923119143316,0.23051677920539634,0.1448417638135401,0.1659600494031034,0.2230098939298402,0.2487339696098496,0.3382283891435577,0.2594771380395155,0.2055889883034711,0.2627057761112437,0.2233871360693559,0.1111906127260767
2024-07-16,0.2581727556864445,0.258682580759673,0.491937357547579,0.2571622004576779,0.2731368979628168,0.2853462152540554,0.395742319420599,0.2268358870541315,0.1819528099385911,0.2180677950791277,0.2762064231492054,0.2096697847262539,0.2366755887140761,0.2103680131177319,0.1889002573168023,0.2182296648705955,0.261591416204519,0.3515337806415283,0.3002527824848508,0.2319448433170574,0.3023957739036956,0.23010906744974205,0.1452963386131169,0.1499565331314389,0.228174137998433,0.240707865875481,0.3364043583091449,0.2532318053279178,0.202836415419751,0.2620315911975209,0.2112891909225418,0.1123048380197313
2024-07-17,0.2705429581685991,0.2725281479637161,0.5283349878266022,0.2755760016825214,0.2923550375287064,0.3184814752236104,0.4322322952970037,0.2251922493769248,0.1916601431798299,0.2209096558930949,0.2839387462100374,0.2239010092391983,0.2528805754512349,0.2055349884805138,0.1688042716342725,0.2290786728959032,0.2728815507573088,0.3749057679332647,0.3022631403438311,0.2433494282223376,0.312324776439731,0.2317706952581674,0.1523213773141722,0.1610065302711188,0.2354733099739667,0.2502525206435071,0.3531833083364256,0.2668421474204081,0.2195099037561148,0.2744823954098029,0.2281676443946415,0.1269762342132727
2024-07-18,0.2760888091271416,0.2785139325380166,0.5182968698572022,0.2749131756340536,0.2956815676450689,0.3008806138406724,0.4456387275131162,0.2271190468058735,0.1962846470248996,0.2205913609188773,0.2803898795785019,0.2319681311152483,0.2602295472021225,0.2295919477555025,0.1628444593086348,0.2430782187785849,0.2761110200485843,0.3751295784175842,0.316065778003024,0.2376648725859241,0.3193309421286712,0.23750529913814197,0.1623332397677439,0.1652404510395704,0.2349252642580456,0.252655408951675,0.3546957157404899,0.2710274166708671,0.221490098552677,0.2785242025108415,0.2381283012146913,0.1285395921024643
2024-07-19,0.2757778653095008,0.2952568686034066,0.5311686489165443,0.2863260061639416,0.2932509018398799,0.308594357158201,0.4387604066282098,0.2273753918651902,0.1941191728826096,0.2179427662728446,0.2278944244542948,0.2347465746917122,0.2361654644976005,0.2242036062525895,0.161398771071986,0.2415639581714123,0.275341545632545,0.3784618362991728,0.3158343728997106,0.271418330486956,0.3254049459585963,0.23668723846088108,0.1869351746126715,0.1684975445255057,0.2381730395897326,0.2498792207329098,0.3534726860696481,0.2649299519682615,0.2200392923463116,0.2584740049745888,0.2397528214206517,0.124976970910976
2024-07-22,0.2755691742788946,0.2867286560626721,0.49058529051042,0.2824241863152534,0.3053049870311894,0.31265826599414,0.4416912618708092,0.1979511683578094,0.1869587216912971,0.2160127739296583,0.2162405605047157,0.2213251757132414,0.1829045861547512,0.2045272075585405,0.1531815023288419,0.237172780416594,0.2987041317388478,0.3807460788004012,0.3367173565961365,0.2629313434614054,0.3268899438386162,0.25178388426921716,0.1919066147756103,0.1678003358634559,0.2420439426990001,0.23101413118763,0.3633254701801371,0.2776085703007468,0.2266904011603543,0.2895254889874531,0.2437232714183095,0.1281943202483046
2024-07-23,0.2820892857206115,0.2907176135129332,0.4853373019971217,0.2858019319357287,0.3221467118771992,0.3316493506381592,0.4502442568904924,0.1690336531569765,0.1854920124650744,0.2194722045170216,0.2154534249441503,0.2396866044175963,,0.2032417530377623,0.1584458466428632,0.2414415245483584,0.2961639555219322,0.3738715195472934,0.3440221649604925,0.2638561483301547,0.3156157396443635,0.24805158039818456,0.1911809145611493,0.1396670008204828,0.2480444950560636,0.2421789797531702,0.384299365166642,0.2770251674450406,0.2246843777464543,0.1913988799948758,0.2441034391838469,
2024-07-24,0.2980971673740147,0.3264567040485674,,0.3063449191062423,0.3673971515659646,0.3876977241545768,0.4790955098821413,0.1714425586535916,0.2004552393708169,0.2423802970570184,0.2318593988797956,0.1916501850497613,,0.2196352325095255,0.1727064276706291,0.2568432489890564,0.3185208908900723,0.4018285837457291,0.3638780317570724,0.2905708468222419,0.3538300564802338,0.2546605161357436,0.1861778551526703,0.1443873329992379,0.2683278369605774,0.2739597367561097,0.3975413717842873,0.3045548691447232,0.239652896313308,0.1984174851370258,0.263856870192333,0.1521156088704874
2024-07-25,0.314542426947037,0.3538736259613888,0.5546397349058529,0.3026087769366282,0.3624498406591226,0.2061034500898401,0.4892633410082437,0.1727569637568726,0.2085589707634972,0.2430755648615456,0.2374414275815755,0.1931159015940742,0.1999859523565753,0.2171982079327239,0.1857341677461789,0.2763828918318905,0.318450913709749,0.4001022805608343,0.3800626439393303,0.2562946543676047,0.3821926986734788,0.26411441668946156,0.2077905913636611,0.1479375898323424,0.2836246741116798,,0.4011564233590283,0.3182237687725678,0.2366689930102151,0.2025523876638649,0.2305321913268968,0.1493278847539812
2024-07-26,0.3051068034807251,0.3312398053559201,0.5440089719738053,0.2875409373062405,0.3499746122733999,0.1828524279262212,0.4915947364607139,0.1655690685961314,0.2011257121403089,0.2322968411704006,0.22612450855803,0.1806439401243724,0.2016244324830222,0.211521086546164,0.164033894855891,0.2802173195826404,0.3191510391580897,0.3870789756261533,0.390647213869237,0.2549074919935164,0.3008238803517679,0.26196482135300303,0.1919473176379192,0.1317190780908362,0.2949303206343917,0.2469957195843061,0.4006115066926525,0.3106543974893037,0.2347854442246238,0.1911882932684256,0.2148109733454583,0.1365943217866808
2024-07-29,0.3167188873228595,0.361556051361692,0.5644391229609215,0.2989613637502991,0.3641694839721947,0.1787758627993344,0.5051999018690695,0.1648572999404554,0.2030551608923938,0.2364036228881456,0.2265018910249495,0.1896189023677379,0.2117377204684822,0.2223683118663183,0.1793266817050287,0.2954365691603629,0.3522207842552813,0.4071738363652725,0.4008889270138124,0.2540379071099714,0.2779852039395758,0.2784726126745435,0.2040687923884154,0.1377536412690541,0.2118425408299817,0.2487762373501256,0.4328471380835995,0.3303084499347015,0.245900706356234,0.1927302397136865,0.2180424345936004,0.1341625045441133
2024-07-30,0.3239996692780368,0.3727152349163073,0.6499254584116726,0.306968782616258,0.3669536434454311,0.1738503358727338,0.5300032540011991,0.1717313553488366,0.202518617654214,0.2419328648611036,0.2388149748057477,0.1833252444733486,0.1950028885619079,0.2300370952320063,0.1750420528589219,0.2491675902204698,0.3437305707989042,0.4217416569000695,0.4187065050764616,0.2748080754746937,0.2673586964081088,0.2856965971032259,0.1597616002792121,0.1383353705894488,0.1994705370407153,0.2495128956623739,0.4374784047033385,0.3286225877291767,0.2381386056946985,0.1996878693994962,0.216038139695512,0.123640334449587
2024-07-31,0.3423872727330795,0.2424616508263644,0.5481191897658795,0.284755580612758,0.3859154133044976,0.1665683493837857,0.5091052655675935,0.1607073619997457,0.1936288661892704,0.2389345168691422,0.2202262941849128,0.1727390439714854,0.1859705420103061,0.2204911504924093,0.1767136804747021,0.2182426140166408,0.3431790810361909,0.3242629922415467,0.4366459116239959,0.3000360482499185,0.2391721000209094,0.2916602439304847,0.1449769268809893,0.1312261526570547,0.1828986729597813,0.2409062635733766,0.467832908026105,0.3295001572490111,0.2481507786601052,0.1837501668305316,0.2142788376564398,0.1431316753159092
2024-08-01,0.3500117580139674,0.2531549144264242,0.6717177315607648,0.3220236657874306,0.4412810782292595,0.1730724909536364,0.563059707852839,0.17128183520826,0.2117644381654712,0.2622520505535963,0.2428504704479065,0.1806153355517762,0.2233219644337674,0.235066084770623,0.19581563104586,0.2227138498428521,0.359623183211566,0.343703671041042,0.4474835774105469,,0.2464030613944717,0.3108172397237545,0.1472894952132587,0.1413606395482205,0.1994244926321419,0.2614750693233473,0.4708824850374281,0.3737763695475159,0.2736006015929533,0.1951516719060177,0.2340288253428937,0.1357247171729406
2024-08-02,0.2958939447290041,0.2784830506192534,0.7413861453813549,0.3537099802029987,0.4641783078261986,0.1805821590005154,0.3773991207894605,0.2092523524759004,0.2617461924906503,0.3101374860187859,0.3250846724467615,0.2087255238057649,,0.2436893874462324,0.1959536984374652,0.2353934548959098,0.3816992067585852,0.3997200748856117,0.4669029003003789,0.3167502105806138,0.2616902187122921,0.3610355860982903,0.1565581494033016,0.1511206676035744,0.2118421437238116,0.2874256814034685,0.5260950765533254,0.4174108136587737,0.2638243687145271,0.2079340403113101,0.2720810417010071,0.1631613238133304
2024-08-05,0.4201931089602349,0.3988633369786432,0.92769159754319,0.5025821491566902,0.6467685258368387,,0.5074192618605132,0.2736709008984195,0.353396672584492,0.4112989516698173,0.4146697918933602,0.3049655047780284,,0.3145112241217317,0.2524124241180519,0.3140156689210591,0.5019966284866566,0.5094562161960675,0.6077791810185967,0.3631533149875236,0.3391418356836412,0.4467680770379991,0.2354192308522176,0.2040287738162487,0.2745714819658267,0.3755318090165548,0.6579753742584356,0.5267911101034896,0.3363797253905597,,0.3598430558078624,0.2887656773719282
2024-08-06,0.3019419546337143,0.2852083281887416,0.7052585628743212,0.4463858746301993,0.3447082302745465,0.1890950291632958,0.3543891674988171,0.2157466621053798,0.2630993149995435,0.2723668873300957,0.2874691403944017,0.2203690314226571,0.2285561452001603,0.2483445437325222,0.1693351841972072,0.2333016264556006,0.2909194000348695,0.4055554146003631,0.3115151950352052,0.2553586483468045,0.2365636225965562,0.2543392306038105,0.1647811376389424,0.1745588270314335,0.1874900788640304,0.2859766726488134,0.3891222740075949,0.2987176591815071,0.21322935240923,0.2503973190978669,0.2225235977877877,0.178629555763278
2024-08-07,0.304098569914126,0.2816568014287766,0.7335836917829661,0.4504925931109829,0.3518094022828954,0.2246176478697407,0.3414482590478903,0.2193029096178551,0.2689625301046513,0.2812555410175199,0.3008067917685261,0.2369874713099952,0.2328909593997982,0.2554817136879604,0.1744151760827733,0.2566048843017816,0.2608815814285227,0.4106650147334795,0.306449382531521,0.2621718282773915,0.2235535508287298,0.26977814600298844,0.1762341887345051,0.1738780083963003,0.2027706956849992,0.2931222353159272,0.3024975522034381,0.3346632802170446,0.21417413236378,0.2505553934820235,0.2231566983957016,0.180782566259077
2024-08-08,0.2693096380363968,0.2527301195006931,0.6770303612836611,0.4325361856328135,0.3335031491771703,0.1794431589124404,0.3203737920082338,0.1916205255001508,0.2346613504645187,0.2494330700528757,0.2787194872273531,0.2101308053393534,0.2155554196996171,0.2365206684608312,0.1585295640684719,0.2115203054624819,0.2301003215226519,0.3769010233063234,0.2837554496395163,0.2279953175826934,0.2117458366516034,0.2554978075633008,0.1643842729170112,0.1571383323271452,0.1850318913260183,0.2667753043985053,0.2716965237782766,0.2959118374660206,0.1932976909119337,0.2360142264737937,0.2026845390821652,0.1599472337675879
2024-08-09,0.2600747758894371,0.2405091542624865,0.6567827191852331,0.4185282670724351,0.3159976139271558,0.2116793429214935,0.3076558527605916,0.1838198922110013,0.2255475117737469,0.2288877477282888,0.2511532612507605,0.2034438210059572,0.1996318743400188,0.2296660467401413,0.1431970736918353,0.2019165955790327,0.2129354183883695,0.3462298428980147,0.2637030996995172,0.2264560226045452,0.2002268868218946,0.24717264130234862,0.1465863516417849,0.1427045879757429,0.1712662046433333,0.2430467724835653,0.2511626768634794,0.2795281153112215,0.1785102864159128,0.2253540863149699,0.1857697709059885,0.1412063425702389
2024-08-12,0.254309088728569,0.2417235891723131,0.6997060641053952,0.4299883688491535,0.3280992576758628,0.2077453568192256,0.308210615480999,0.1849397078489036,0.2432990615551788,0.2312266491342193,0.2519738186117261,0.2023437141036961,0.1876690645346619,0.2247655954212722,0.1473391038563309,0.2086436356884072,0.2098937192929221,0.3593713430440929,0.2697528002359966,0.2297145243789188,0.2086302467098711,0.2505194899318955,0.162016189439466,0.1429414450003219,0.1714371582997727,0.2507640814465738,0.2536133994455257,0.2671910699344026,0.1765451320271778,0.2245205065567064,0.1892713638894304,0.1462003755882048
2024-08-13,0.2476821001238165,0.2150267557876156,0.6404830297646157,0.4160399843971374,0.3233682369461526,0.2035917850530889,0.2861593386353541,0.1712441858740614,0.2067592420957149,0.2162257521036752,0.2429065745595745,0.1903027264051489,0.1855715535272109,0.220044298909146,0.1349989538300832,0.1997121787181534,0.1925373983397488,0.345924582684489,0.2479498219063683,0.2144280176647586,0.1982334484147182,0.2635628546160619,0.153222878077211,0.1363334985752402,0.1666212128886925,0.2404374682505248,0.237034472107328,0.2096515979332699,0.1648524586808852,0.2147491574747376,0.1746283583028885,0.1290159424146397
2024-08-14,0.237682421323937,0.2020023269482204,0.6202443070020586,0.4045361736235071,0.3229227984627836,0.1902684541777792,0.2763251128503157,0.1688252150912974,0.203056246471318,0.2043811656099643,0.2405311509869232,0.1761078691546653,0.1791034792267852,0.2101960406354071,0.1364226045624984,0.1989573602357758,0.1898077086461295,0.3315154423378106,0.2428853823383957,0.2152843409658547,0.1934119301410945,0.2554618491532167,0.1352446362759739,0.1275880858826919,0.1627521441535186,0.2455732193686359,0.2295692550580054,0.1969146326428543,0.1529432004644648,0.2047146254640197,0.16533524574225,0.1316993047755307
2024-08-15,0.2218593229166351,0.2005684024055319,0.5992956235183851,0.4022368649320623,0.179661003627005,0.169385670021112,0.2627559583023373,0.1743439625759697,0.1951047500798368,0.1909610575356129,0.2135785767640721,0.1696589875456147,0.1660829939680658,0.2022894004617464,0.1238193274574682,0.1845577857035889,0.1882183489945333,0.3212678315453348,0.2246450420835065,0.2052112786324705,0.176751282185482,0.14150433537267537,0.124547021352346,0.1234362395219814,0.1465761101773264,0.2340106800168146,0.216510837107217,0.1797811071757814,0.1350918984755068,,0.1541984433823686,0.112262190151734
2024-08-16,0.2208229372561459,0.2009866521924941,0.6081127696120424,0.4086609005179248,0.1563917963055445,0.1601492906307034,0.2596072096774153,0.1575016650144081,0.1806969530830279,0.1807648226037571,0.2081655665827519,0.1671947991934778,0.1522846009866712,0.1932366165832116,0.1204155826066553,0.1806442346926528,0.2161047758810003,0.3183562688177292,0.2224984836356008,0.2350110817704385,0.1728396164589525,0.15101471846733613,0.1199924017056505,0.1073877422631685,0.1445597123089863,0.2238881354280297,0.2111384025003465,0.17042083987527,0.1257261694487412,0.1927423889370135,0.1409450361192556,0.1166141871951565
2024-08-19,0.2170807358322788,0.1954828079709804,0.6333155758021872,0.4000718673521991,0.1465627051689789,0.1652506855355854,0.2473198654859511,0.1584250333547142,0.1752707644449896,0.1759322516600549,0.2007523501342945,0.1497607719814935,0.1465352617817446,0.1927101381530271,0.1084061014084268,0.1839411173913132,0.2100623461401649,0.2995954998640844,0.1995479112259272,0.2254621040563671,0.1655497989603326,0.142337801114315,0.1278916810528458,0.1073885695908833,0.1449035075505254,0.2089097669831547,0.2104119277083134,0.1591182724573165,0.1770560455719106,0.1734332423280114,0.14847925657482,0.1082440056994249
2024-08-20,0.2158839712847735,0.2038259964938952,0.6724102439332474,0.4145351294957949,0.1535807855877301,0.1685101472149029,0.252853708842702,0.1583202231175257,0.1847220183668502,0.1859798692184674,0.2113171217119827,0.1603148896506763,0.1488598844923082,0.1978209790994869,0.1172637211842784,0.1861197882816464,0.2088213532840646,0.3299852849684678,0.2245203558004153,0.2432259301150401,0.1779525423835315,0.14639156684278606,0.1283901074897532,0.114311399910474,0.1493398373479043,0.2180227611514736,0.2117665701365605,0.1682903056137278,0.1860604630147426,0.1912181957608086,0.1414755204577575,0.1179990804351919
2024-08-21,0.2163343383760913,0.2025552359162896,0.6497796548223728,0.4187586939275871,0.1601211840169044,0.1665170073336914,0.2580801634083236,0.1558588273182596,0.1866073141530371,0.186797495141113,0.2197190856574683,0.1696662177948263,0.1472899174015351,0.1998411153111645,0.116656662136644,0.1803881578808018,0.2044007754860529,0.3324377656647896,0.2225241379814669,0.2340788352094007,0.1870979275463726,0.1510380640439128,0.1290988665482132,0.1070795360528439,0.1450553648612071,0.21288817554661,0.2108644813872404,0.166207101180049,0.1842684231745701,0.1951242154717159,0.1405882263966194,0.1187154548653827
2024-08-22,0.2311948246810054,0.2280486037915597,0.7318895018422522,0.4428978063686118,0.1738681867545658,0.181971322799138,0.2818835758549967,0.1592770002252445,0.1948379477517327,0.1993319785998996,0.2307219468443085,0.1738201445671124,0.1603579618388022,0.2149732249868407,0.1192041986502641,0.1866393412079676,0.2126278322486258,0.3395866396727047,0.2302381528899169,0.2576861773547331,0.1846750905998735,0.1578836528931178,0.134306848733337,0.1122866551496555,0.1538674551004818,0.2154769885436472,0.2235807529724893,0.1802743827739102,0.1846385956594484,0.2009627346461697,0.1528001068938138,0.1253969735531195
2024-08-23,0.2170419435867693,0.2044508677747668,0.6808314174474495,0.4181648225505631,0.1446189992060252,0.1678498117510719,0.2569779449818947,0.1488517950714443,0.1810327342676822,0.1787744395567903,0.2074533382448547,0.1595393456005329,0.1505259949498309,0.1976566113799772,0.1028463380992898,0.165217700783896,0.1990484532518525,0.3194837224746628,0.2144169002715777,0.2412061382020184,0.1653018831991262,0.13852990578839133,0.1197517355623356,0.0952435913926728,0.1387829679763429,0.1931689526686667,0.205510756137775,0.1622710937227913,0.1704949768155857,0.1908593010560183,0.1321699693766252,0.1133726013674184
2024-08-26,0.2345507670388927,0.2236627780469685,0.7589242120764917,0.4523096906454778,0.1500842776643332,0.182227894742508,0.2717388147312842,0.1559397915926197,0.1846331715535373,0.1857328749683492,0.2174152158174314,0.1690065223528613,0.1588137480232879,0.1987531035746721,0.1080051810882385,0.1769353722572472,0.2069000435495636,0.3364037146838028,0.2335665489667047,0.2392020983232123,0.2014366667925239,0.14490810305130947,0.1309140273786461,0.105560214357984,0.146202744299421,0.2061502854799125,0.2169857778639896,0.1694832539189805,0.1803047809348458,0.1947747932350667,0.1238793827508937,0.1130037051706496
2024-08-27,0.2354882714554142,0.2159856451739565,0.7234893147303946,0.458435146821375,0.1458542699663522,0.1802171438909893,0.2855847504887824,0.1529749723168152,0.1811220368395872,0.1868347276409596,0.2159512993552208,0.1702813276237896,0.159176425232609,0.1944237226877791,0.1514752537741075,0.1724352982675226,0.2049464208883855,0.3318515333249026,0.2248964560507141,0.2595669252936702,0.1983508846889888,0.14789290601993663,0.1314058253143787,0.0988687627766953,0.1426200441503281,0.2031030944978978,0.2136286430881231,0.1725606233513421,0.1817602242212912,0.1948991529096819,0.1207551610903942,0.1149763592706057
2024-08-28,0.2414882796038664,0.2326289221638001,0.741609009818369,0.4880965107864429,0.16309253773576,0.1851505928041713,0.2836379103808912,0.1614407029488196,0.1874236732682854,0.1885330719685269,0.226964300049604,0.1798247042707417,0.1669862863114001,0.2057956206656327,0.1492351252249083,0.179545895451186,0.2126306617340327,0.3411403764968976,0.2388058073157329,0.2660058189110968,0.2009269595117365,0.14679434410579975,0.1319462644787363,0.1082224269499681,0.1441312555392381,0.2120297802704954,0.2221002691826843,0.1679627890904687,0.185852981340301,0.19698502572587,0.136977607991852,0.127413813169439
2024-08-29,0.247571115752496,0.2174502893499316,0.5206892632288534,0.2721150110958896,0.1671657902937659,0.1692547644585905,0.2674217600327619,0.153551914725089,0.1812528812840619,0.1907623406404687,0.2241857422031763,0.1728231550262732,0.1515741381446586,0.1957516908213808,0.1402375316117718,0.1777536306232153,0.2105517416492425,0.332859645418423,0.2287867585064724,0.2596367780978152,0.2024648447791183,0.144397394615029,0.1290457716520863,0.1059096312983218,0.1405482284763584,0.2024856239093159,0.2221186941122902,0.1960946656139983,0.1837686995186473,0.1951965783267444,0.1378022999913504,0.123305685748279
2024-08-30,0.2268587089528905,0.1908234573717481,0.4593238264786058,0.2426228885332482,0.1425717639507836,0.1537506324609572,0.2427926799332977,0.1508997844840377,0.1724381380464895,0.1983799576656626,0.2135913967223466,0.1512535927122629,0.1333731466990203,0.1762427075970569,0.1353922457254883,0.1577335295284539,0.1932546205233357,0.3182507908108419,0.2118015938651406,0.2503878595715311,0.1855082623260465,0.13512268336398398,0.1165540759833167,0.0935784782411658,0.1221546463120049,0.1871747558016528,0.2102709100562105,0.1827853855215299,0.1640556520532375,0.1722530074927228,0.1757273684311649,0.099939741159102
2024-09-03,0.2767753394474258,0.2440770530664126,0.588332127988629,0.2978505695758954,0.1847570722844457,0.1913796258132228,0.3093856022996846,0.1718330014463594,0.2130320569264093,0.2654473697082007,0.2558399911475375,0.1953082203255517,0.1680704231655789,0.2190683201930683,0.1618846552770153,0.1982578806098655,0.2255744189269847,0.40187950360064,0.2800266265856935,0.289207702767859,0.2377965425834146,0.16538858324013364,0.1451323594531063,0.1227701154400725,0.1903763382302064,0.2535212094919439,0.2490650800459621,0.225316912034359,0.2081974440026839,0.2122459885130864,0.236178731707587,0.1368082220399113
2024-09-04,0.2818279491501456,0.2358048901633948,0.5399194066720069,0.295805003775994,0.1553579868177254,0.1970053727134887,0.3043227973365274,0.1618507009194299,0.2195916609824136,0.278543127495588,0.2605243255150712,0.1854529298266028,0.2018063995938273,0.2024515880278976,,0.1809009345221197,0.2225352861718987,0.3712949151900309,0.2614691258113695,0.3012232675472461,0.2445603691543673,0.16199766507062627,0.1503996789930925,0.1263740527895364,0.1876451367344659,0.3764365486497054,0.2466960145304078,0.2199703112889571,0.2220402847195818,0.2004243658610855,0.2315966433946104,0.1320503950274663
2024-09-05,0.2667405583861437,0.2348273872932727,0.5292630612901599,0.2708604869205102,0.1551643547135322,0.1963072293312282,0.2850761442481265,0.1605496343080874,0.2204418946251945,0.284489242088042,0.2776440325519728,0.1809112208649936,0.2255714971488993,0.2415384107454373,0.1766096013442431,0.1781128341218211,0.2408666946044172,0.3771719656531582,0.2825642672271307,0.254803123399814,0.2410286918765332,0.16351141981203268,0.1656344328332409,0.1162590605402101,0.1880616813100744,0.3798499591374254,0.2465669548911052,0.2236616454267156,0.2196377383505975,0.2039694504580934,0.2170801411502966,0.1335210293600785
2024-09-06,0.2802803341833965,0.2539308457292836,0.5636330661461549,0.2915640002233742,0.1710068508523281,0.2096701994830333,0.318524761806346,0.1637357261382669,0.2423749287207545,0.2998761013321334,0.2929912404801649,0.1883559751154861,0.2036566282018832,0.250589870611941,0.1780706597616269,0.1851782554065359,0.2442646487250076,0.3829738272128948,0.2834977347321013,0.2686908379219235,0.2438383294933832,0.1687587282352595,0.1683837934866138,0.1197352717836428,0.195264691139441,0.3884311915789775,0.2550421658836627,0.2309340651475913,0.2247296045019161,0.2189969331198359,0.2396690049999337,0.1402891886980113
2024-09-09,0.2704113765992909,0.2408782697124379,0.5470727921199974,0.2741472858150135,0.1834217180723624,0.2066353081726543,0.2946042052651563,0.1536092831362152,0.2380112380771551,0.2921069475148784,0.2940743032656793,0.1829864021553064,0.2097647871696345,0.2544219761592723,0.1835662449039453,0.1745787468355763,0.2489866510941919,0.3721357411770286,0.2845073316531289,0.2563851213486682,0.2479437933943152,0.16752072600899207,0.1597216132901123,0.1304976663243044,0.1946035263346293,0.3943116849206447,0.249445334746496,0.2220873852631483,0.2288339751978387,0.2121051150535101,0.230880070313926,0.1367282433759445
2024-09-10,0.2598730736979995,0.2347674392126771,0.5298789572377813,0.2682851046418115,0.1633119893551445,0.2016316789378743,0.2925910814978351,0.1564280174169925,0.2518788003351547,0.3028128739510263,0.2990299619866393,0.1810761019376182,0.2411916854746579,0.2594497765635558,0.1863894276967832,0.1750194727640535,0.2355075641483403,0.3887533624449288,0.2757169281148765,0.2545487113381705,0.2495734675990987,0.16892842497955218,0.1544282064438288,0.1303972223542142,0.1898546616008055,0.401247603178285,0.2449655654378529,0.2260308560312051,0.2300402379349636,0.2048452962683265,0.2373256398487109,0.1347808266371384
2024-09-11,0.2375843508407496,0.2301211769077211,0.5320765815661079,0.2643763669964942,0.1520700998805592,0.1989117528760711,0.2752353895992371,0.1428886478789317,0.2360695763569668,0.28548145418778,0.3008624949633093,0.1753440348730257,0.23311510038303,0.2543376673360463,0.1774272919046799,0.1674166221661772,0.2377819577549517,0.3735648566384943,0.2671009923720011,0.2641500711655078,0.2396427191049746,0.15864103857894593,0.1567366184754168,0.1188615922924305,0.1842150989858621,0.4044327790156063,0.2397233111283669,0.216386842392127,0.2242263887077378,0.1972096942343653,0.2298557874121541,0.1205791229895401
2024-09-12,0.2331249166216553,0.2222347872512612,0.5304700882621172,0.2661530037990078,0.1529035602861572,0.2092019798582201,0.276063658766786,0.1542988141894689,0.2327873951156545,0.2822277384513937,0.2828676530259112,0.1718045782949057,0.2355527996339902,0.2533183691367824,0.1789500775679164,0.1675678986059897,0.236869806661232,0.3650981584890491,0.2554611637778017,0.2637187044605406,0.237190408820183,0.16313415946960175,0.1569970993860613,0.1196536113825305,0.1883531520746863,0.4105279529104226,0.2385634541205863,0.2160850069578967,0.22261936637313,0.211694818337536,0.21717784085445,0.1118105123861783
2024-09-13,0.2339291545618307,0.2151999666110738,0.4989299809983354,0.2535175387936943,0.1402004976513698,0.212753941032394,0.2670895779027935,0.1414693089654626,0.2288790673445795,0.2782426380243091,0.2787821351007268,0.1706127285729063,0.2106154840955068,0.2430022516814604,0.1730863295809838,0.1565332657062304,0.2330754871607433,0.3941316093637622,0.2471836988887955,0.2537314603006273,0.2200083256308665,0.1625493992107401,0.1479310063194032,0.1444948601252484,0.17493740977865,0.4047757596076609,0.2431701273903455,0.2117200342873044,0.2175844462359894,0.1923438048182922,0.2088765523401066,0.1133042073425768
2024-09-16,0.2471543518735147,0.218514119256302,0.4996449939024295,0.2631450955150899,0.1563095133594866,0.2125827747360483,0.2746060760439168,0.1485932074167038,0.2338094103340087,0.284138785218073,0.2842165812878039,0.1696139484964569,0.250988715480773,0.2706909538404732,0.1947492201311416,0.1922766558301689,0.2389693724154945,0.3924467553834072,0.2620324686284255,0.2646288937265026,0.2315274518481095,0.17389553310069145,0.1669160924953625,0.1509429817221745,0.1856597308414654,0.4294239770445041,0.2574401822153291,0.2389526435657692,0.2260257490509219,0.2071973328970696,0.2185912787964274,0.1180977300792175
2024-09-17,0.2468299986572618,0.2163586826369911,0.4941171493144797,0.2588231051318486,0.1575671898417877,0.2078714033407734,0.2778565275991107,0.1466831793471299,0.2405168095909163,0.2892431251792972,0.2791276158507465,0.1709912728812909,0.2670027096246246,0.2819636472169824,0.1904210064394945,0.1842677821934495,0.2298323338148566,0.3898710512369817,0.2646340829997718,0.2740592109515796,0.2271358223595849,0.18618697240622195,0.1617921037296385,0.1607982267416835,0.1782163642602856,0.4304860704775336,0.2450394624193029,0.2209075393082914,0.2148522884880109,0.1960813267269231,0.2098020982264733,
2024-09-18,0.2443231325036164,0.2159290985258822,0.4897922358001227,0.2635102568995908,0.1462130850975243,0.2027277322857187,0.2727939491234481,0.1402683239509177,0.2384666456499874,0.2847549557115766,0.2924789860457806,0.1626943550549396,0.2639899611269378,0.2716858389301277,0.1946409451744517,0.1807152243272887,0.2214100445264615,0.3944492600657799,0.2636005708253237,0.2533382028785004,0.2167478900648895,0.1712196218666344,0.1675889516029271,0.1489217455886874,0.1813151687327683,0.4329468879103599,0.2425084472033234,0.2172033636990025,0.2120214656824166,0.1981823554797999,0.1991053969340283,0.1273267438978664
2024-09-19,0.2234294479377116,0.194569473950066,0.470828211442666,0.237566559400992,0.1431093261547786,0.1908847748763611,0.2472998836214451,0.1287250640981692,0.2262189731461484,0.2721726002418621,0.2825879750926823,0.1655437683503085,0.2538663205924906,0.2718800839956329,0.180536475557999,0.1843506604618359,0.2193264053684808,0.3629143047392046,0.2565555506786958,0.2556949291529867,0.2132888951304243,0.17142975537178654,0.1703426291368135,0.1520932410124715,0.1701702888620262,0.4274077256397947,0.2271522464560342,0.2039787479111938,0.2037100473781794,0.1872760367325551,0.1932932025996376,0.1070535589831307
2024-09-20,0.2212110694579523,0.1898899143836664,0.4573438545468414,0.2263036074259669,0.1375256170407041,0.1949621782517074,0.2287663227255408,0.1250433415900388,0.2181943208382277,0.2628965211704787,0.2738864520017673,0.1564138670410773,0.2545465772955977,0.279561300533807,0.1753989919064877,0.1768517588468331,0.2125794442618159,0.3615670675618768,0.2301730112808186,0.242400990329396,0.2054222686609555,0.1627549339348866,,0.1368667758358035,0.1703906425864492,0.4096943108972008,0.2236005365738724,0.1949565330023072,0.2028228859916144,0.1657867713146646,0.1820974665774674,0.1120094084036297
2024-09-23,0.2097758375147727,0.1867239919966504,0.4430660608240795,0.2433765043373934,0.1244093092100576,0.1976316376377102,0.2346438629195957,0.1232191849046054,0.2229265561087015,0.2708468356163684,0.2793171280797726,0.1683065229664818,0.2724409935492893,0.2734485423225491,0.1752588158399111,0.1753187642641703,0.2131837623845483,0.3685575550912758,0.2271057134116684,0.2291915007899412,0.1995896956529516,0.16851729909625796,0.1574692129363195,0.1427040919555032,0.1660132763425117,0.3943303467629901,0.2259089140114557,0.1955729526859352,0.1916689549180193,0.1820513698818413,0.1977038986930063,0.1200080450399011
2024-09-24,0.1850427014716059,0.1909432262456982,0.4442958082042318,0.2477865991168139,0.1228189373356205,0.2029082939735685,0.2317525463940435,0.1335628769107432,0.222320899646905,0.2691473895694332,0.2936055146713013,0.1890584253832791,0.2738976196644369,0.2756246258091213,0.1914627117801258,0.1712848549921364,0.2442318543806632,0.3635429954941855,0.2401773528763243,0.2479759009324494,0.2054315329857481,0.1634912353580549,0.1718494040071639,0.1505034183603157,0.1704904454394975,0.373874121960397,0.2233872858409727,0.1973832766128519,0.1952959785859986,0.1780846824853527,0.1976697222082115,0.1137957138729009
2024-09-25,0.2099456561059609,0.1955039365235917,0.448220069566874,0.2455461353437092,0.1187524148008988,0.2057358961370104,0.2393222998184966,0.1388044711678402,0.2319514048837491,0.2813444220868278,0.2938337352730059,0.1816242899682427,0.2746999828751683,0.2943267301103336,0.1946634375805432,0.1895456253307048,0.238378682519651,0.3922312912657918,0.2369686803311348,0.2473116230268139,0.2014802531707026,0.1734070715899174,,0.1514057060209283,0.1686398873376676,0.3721592086942796,0.2358380402509673,0.1958803857360612,0.2036664411123433,0.190935881516481,0.1946391800428203,0.118587585877762
2024-09-26,0.2089827761779118,0.1878324484573919,0.4420763092631873,0.2420962915625158,0.1232928871748005,0.2025308423265081,0.2516490413574671,0.1195239298566385,0.2313353109998618,0.3000324058342549,0.2937399247179548,0.1770223309218094,0.2821981003965874,0.2998523191890014,0.1959437609499188,0.1832298951605835,0.2125188818364662,0.3782761716249866,0.249636305486512,0.2446320232893852,0.198085313592856,0.17973692309981817,0.1789331870611318,0.1533382904622966,0.1722227010219327,0.3898856786298653,0.2347961185835101,0.1952598489869977,0.2148727547011691,0.1996858113590252,0.1974190152625948,0.1153463635849959
2024-09-27,0.2148084124488853,0.1855485427362469,0.4565869922208235,0.2387498794818969,0.1180846060467123,0.1973902762071633,0.2512167172122069,0.1110122860679051,0.2281976389875844,0.2846723037128232,0.3013499264937631,0.1757920241631853,0.2814763844986112,0.3064023651025753,0.1962960053141647,,0.2234031368364486,0.3871359216956352,0.2429825119376212,0.2529345684808952,0.1987516581654279,0.1744175457319833,0.1779113260995817,0.148005893930662,0.1683313004329066,0.3876500786690411,0.2396490739310122,0.198018595101878,0.21598520834559,0.1945395076246404,0.2034826957103947,0.1258270302744639
2024-09-30,0.2123576556176173,0.1998528509297627,0.4488145619708443,0.2566011389806772,0.1344674472575599,0.2006827635154021,0.2670693844392902,0.1181718861389173,0.236605170984732,0.2982179889678958,0.3118501424817939,0.1762834892097153,0.3127508775684269,0.3257787323312703,0.2169101294289367,0.1894268923443492,0.223858834616613,0.4035281085143747,0.2363930882803062,0.2572483786838372,0.2083628558172884,0.18723241165130497,0.1864092518602972,0.1571327904810313,0.1717375508989656,0.4478840579803546,0.2360554815187599,0.1935275623345365,0.2182994275286121,0.2008881887108259,0.2070278011779134,0.118895970069517
2024-10-01,0.2389534484582714,0.2272951912396914,0.4773668396556057,0.270093068169722,0.123224594973132,0.2008219057384739,0.2787735867152141,0.1164366321443555,0.2573880758710222,0.316628535677817,0.3282529819674256,0.1791335882882833,0.298131195811773,0.3440892609984164,0.2264179394157967,0.1872265761466968,0.2340063218452562,0.4080809511876629,0.2556923368208553,0.3352833511518764,0.2293762563486796,0.1969191828884696,0.183447917006738,0.1631306655046459,0.1775225794550815,0.5015054500592134,0.2453857207287278,0.2170923450292005,0.2361321082711759,0.2060816642910597,0.2150884637017548,0.1352512126566796
2024-10-02,0.2260731592099842,0.2783590683832465,0.474583041161425,0.2724608833752138,0.1705506467359243,0.2026518705567183,0.3688932531730474,0.1109921800172959,0.2528239202442356,0.3206561856050653,0.3346861982900517,0.2214709079591505,0.3065130658333689,0.3407838676621884,0.2136273890902069,0.2724130304481739,0.231113621190066,0.455322598070124,0.2999221659815876,0.2877294409329274,0.2333281417419052,0.21654852957581447,0.1919678761250082,0.1668001075964328,0.1747099901271321,0.2533486678375353,0.3439690848133974,0.2658061920326562,0.2398502103270931,0.2596470594325662,0.2490671440807192,0.1418820225232542
2024-10-03,0.2718356616947875,0.2808080033031039,0.5083114710350811,0.2863559290729539,0.2560958939557431,0.287455443431061,0.3784463923290534,0.1704180024874761,0.2615574967216398,0.3167268184145966,0.3187352807866513,0.2240195171715719,0.2785379704926549,0.3387139176140765,0.2111889300753348,0.2683243061061772,0.3483682807838937,0.4611851115647993,0.2916361402014524,0.2862091758152836,0.3353881376275419,0.2167741320222483,0.1731193473032005,0.1823101232105474,0.2117015158144587,0.2569339398531439,0.3414383472443317,0.2701902195410591,0.2720510786429386,0.2695660049126695,0.2451842314968923,0.1588036607809233
2024-10-04,0.2610222035735754,0.2763770986779235,0.4830873094961253,0.2699434409562783,0.2417675348054265,0.2818515626520899,0.3667553530220548,0.1600805747973516,0.2751372486292828,0.3078561765284905,0.3158968251227227,0.2087335732749038,,0.3423193438011362,0.203327295651944,0.259898124571205,0.3478846706753423,0.4446620363584078,0.2816098217617165,0.2584349960729032,0.3375845629233175,0.21088542191312726,0.1659454445452708,0.1809076370678697,0.1991705174222605,0.2474962684638778,0.3408880933969104,0.2578205686982922,0.2665834555882034,0.2575464364135297,0.2303509301153138,0.1466142992161788
2024-10-07,0.2856696511524654,0.297169384446629,0.5105214257138477,0.2903517459939607,0.2630265372908236,0.2970456611003043,0.3952500608673354,0.1757904360287648,0.2939141794133702,0.3289222127097425,0.341196473624104,0.2296369536012453,0.3218823237250721,0.3620678130969523,0.217745595228285,0.2779447063776341,0.361443661594579,0.4689877581051829,0.3003829518128548,0.2968101595802799,0.3533064069625,0.23141564604930226,0.18043993888384,0.1938769733422178,0.2196296189427499,0.272725337997926,0.3707663332477285,0.2770398198421558,0.2734933117170779,0.2745563574939533,0.2507588949766158,0.1641602764362369
2024-10-08,0.2714898769706815,0.2865510508555869,0.4899517375078229,0.2818789839322751,0.257883678627663,0.2939016463997439,0.3746108101580309,0.1713754422727972,0.2908107301205227,0.3244802261175824,0.3284076472567372,0.2219628499889481,0.2935627539553985,0.3551426184635354,0.2108576458237522,0.2754605868416694,0.3416815525716982,0.4725514490530224,0.3060769919869183,0.3109251211492282,0.3546525756838456,0.21386656525302397,0.17154767942038,0.1857538113231062,0.2179336825541048,0.2655167198806625,0.3654682455785726,0.2697617990389285,0.2669759906270202,0.270828103958425,0.2655854661298944,0.1592718990215466
2024-10-09,0.259462600974289,0.2868631104829172,0.473569485852484,0.2711284927060002,0.2596043183129887,0.2973521683666262,0.371542473614498,0.1668936739020719,0.2799447073798529,0.3155023972302725,0.3339656320202173,0.2232573626576666,0.2988048584379791,0.3411941786119161,0.2117173203002581,0.2761046850815628,0.3479874288486743,0.4629362364229799,0.2979106610561844,0.2887503376607478,0.3571811455157858,0.20823452647447588,0.1676252038680018,0.1837839649391932,0.2097564867976897,0.2583159358993647,0.3614118470790363,0.2715784895658935,0.2598230870425798,0.2631680972857348,0.2677379048799724,0.1512214704662033
2024-10-10,0.2604419252777638,0.2869656730501058,0.4833921906638084,0.2704781974809194,0.2594794580962688,0.2910517395209284,0.3708065741024018,0.2352459916434346,0.2735492080578251,0.3156383000893822,0.3316054005345715,0.2257068943814343,0.2945581542119068,0.3400620626237226,0.2266506866384513,0.2776316521278028,0.3546757901308663,0.4734334934414574,0.2969428170285689,0.2877265865543519,0.3583109055392177,0.20780530189233057,0.1662388038342371,0.1815837311938845,0.2096103726399327,0.2559178784465271,0.3573670216141706,0.2643296067491326,0.2584911804803424,0.2678687330532309,0.2767352170787243,0.149803675828052
2024-10-11,0.2520408543722197,0.2849142701330207,0.4639108259013685,0.2652092054239482,0.2524237802013012,0.2984015840086275,0.3612248613651346,0.2264625362914398,0.2433020038765355,0.2980588756118795,0.3207989773096666,0.2223289190487905,0.2822713268887702,0.327621660321824,0.2242927365080531,0.2786261702572988,0.3652795803369376,0.4648119452826024,0.2914338032917975,0.293064885686208,0.3494908708221791,0.1996492330320097,0.1610908075527486,0.176534076699887,0.2016050557377866,0.2491080174360254,0.3713608236180317,0.2563946033939178,0.2514091318807351,0.2583877625151839,0.2523340752147816,0.1456013848260929
2024-10-14,0.2553414689234818,0.293736061066951,0.4652043358793031,0.2674440760976486,0.261564083022194,0.3029187505558042,0.3698997277607413,0.262370328105342,0.2346550584820433,0.2845112287625786,0.3262080400430024,0.2284965137535954,0.2865200720300999,0.3293051393953294,0.2062480222752831,0.2790888420287286,0.3754826292181146,0.4660954851351263,0.2896045783011468,0.2604393927681058,0.365556217018242,0.2072253131998363,0.1682404542325383,0.1883452863426829,0.2096303198479478,0.2530174583171877,0.3798024569442106,0.249199063852485,0.2496187834029563,0.262187209654621,0.2484630926995556,0.1515424272991845
2024-10-15,0.2592627321478816,0.2909213595361268,0.5168981035863254,0.2763073719725994,0.2769454783620546,0.3070606347053723,0.3798024283713321,0.2437356995410919,0.239687105384953,0.2737462970053487,0.3315445630658485,0.2348530297383193,0.2983412100578659,0.2706623784818434,0.1719783348387619,0.291431528729366,0.3733432101505251,0.4681578703656635,0.2866275421504436,0.3273000680930348,0.376216194265265,0.20170731033267927,0.1873738414679712,0.2012688457034915,0.2064944302563844,0.2625927010580928,0.3855443980826594,0.2555680369781543,0.2457943239166289,0.2664070511659284,0.2594324122037818,0.1452715473299739
2024-10-16,0.2543759868854711,0.2943229152831909,0.4961261065997706,0.2677785348177041,0.2750347542789202,0.3020943367356412,0.3852649471058934,0.2468525181573131,0.2249940690712576,0.2657820036730784,0.3366393029139926,0.2278162160125106,0.3229920691588797,0.2451621792274019,0.154841304319999,0.2919493424418773,0.3700839085768643,0.4489772683281715,0.2983878647195067,0.2725333709596592,0.3911935354643172,0.21413997813932653,0.1650638626208322,0.1913727061240693,0.2022851456636231,0.2509911185797656,0.3901164646026304,0.2511491944070543,0.2477380560774336,0.2626119113484559,0.2580167962136193,0.1493802299436421
2024-10-17,0.2528773977455423,0.2928148654134412,0.5012298093327442,0.2663643546650968,0.2636099886149183,0.299944688299918,0.3748486114508841,0.2396689057810738,0.2245406422547917,0.2524242442661389,0.3426885336988943,0.2307740743147022,0.1998179748084183,0.2572682626027224,0.1514575948010861,0.2902067464209281,0.3690367928201121,0.4545390795210029,0.3004916909928619,0.2872534486959021,0.4200253993771861,0.21154633631467237,0.1652933445225136,0.1921941467940515,0.2024876265092437,0.2573350522093502,0.3950360680494795,0.2581319855140379,0.2440238064938107,0.2622048364123221,0.2575313057586518,0.1457454396148925
2024-10-18,0.2435429370193896,0.2801137325516565,0.4706849460046065,0.2695206820886425,0.2629830531082109,0.3016093705044375,0.3722009207580717,0.2386263752231111,0.2177566899616426,0.2404781811382841,0.2522940875225971,0.2181754460398208,0.1905190325507523,0.2426779916334292,0.1470212164946412,0.2895207981923462,0.3759357319993294,0.4509504749829373,0.2904160318241973,0.2905503152243275,0.3990587071457477,0.19832886756818005,0.1484243171518126,0.1870920389113092,0.2060100029908116,0.2461534012860645,0.3980342291486366,0.2550096568766454,0.2463436483355603,0.2539036132312361,0.2578426456799275,0.1357676942425762
2024-10-21,0.2507375492186269,0.2971620297345861,0.4986822876025714,0.2704874765282359,0.2642948232432415,0.3262467575307219,0.3934953924285946,0.2608966759029994,0.2298567507688536,0.2559255627365568,0.2701887135019247,0.2315864462620279,0.2066199210753276,0.2603055683593324,0.1601062583545597,0.31013499979347,0.3961735023014875,0.445223505111726,0.3379434567696736,0.3054523730296574,,0.2158440476584486,0.1544516854022148,0.2016308368921018,0.2166470003760485,0.2629365395986808,0.4030357205948572,0.2699029490431614,0.2530695539610847,0.2765626924526256,0.2526424459207722,0.1479835448069451
2024-10-22,0.2575186759534262,0.3058780513923967,0.4968055465205765,0.2765891017854368,0.270321901705718,0.3404980704181655,0.4085184052650625,0.2046215698086122,0.2412066427156738,0.261462449501793,0.2692651325835986,0.2407301848808025,0.2001058180171574,0.2665683898642634,0.1591188005305957,0.3182787437301535,0.4155691817320234,0.4545697354373227,0.33370092315597,0.3175027749063097,0.2609819187954424,0.21858598339909088,0.1589581205428709,0.2150922349649656,0.220340596799905,0.2658225406313169,0.4081390789632867,0.2745955164919714,0.2705911383706622,0.2217810553378593,0.2795401962251462,0.1403937913165632
2024-10-23,0.2808858110579892,0.3230443473495636,0.5062486204338221,0.2891503745382495,0.2861593153534804,,0.4347354234599841,0.1884794111359453,0.2510401616726651,0.2408466304072739,0.2813055287201235,0.2502070258462236,,0.2850547254396621,0.165352646575235,0.3343540104524308,0.4089681331406639,0.4387282106455593,0.3561530175358439,0.3255032203407328,0.2686581035478585,0.22213248107774486,0.1625138627789205,0.1744040468791518,0.2855772595018703,0.2704503188585071,0.4125559912312992,0.2829158341368502,0.2733940639991995,0.214126505197018,0.3039544811406762,0.1522218553303804
2024-10-24,0.281335460477272,0.327471979763682,0.4868865635102266,0.2904586549272448,0.2965799692937938,0.1825321287030807,0.4323846501115605,0.1885100266599048,0.2454273392790864,0.278357716823135,0.2713215087286219,0.2478744231664034,0.2084282690735251,0.2747645460582204,0.1672677509670846,0.3321493602522005,0.4156112983624884,0.4012751540202395,0.3761391146097939,0.2702623917442735,0.2614938625834841,0.222249875203304,0.1589322468210657,0.1613409840742616,0.2530717044817557,0.2873796935281875,0.4311460494920014,0.287750227484846,0.2830253209850052,0.2110561070756124,0.2586548010372296,0.1640372681388248
2024-10-25,0.2816102416792547,0.3242447333391984,0.4742016112124431,0.2877809885626393,0.2991525461664179,0.1734502374615779,0.4413008616738836,0.1897306164663714,0.2555203824017337,0.2823084721791854,0.2769146787396535,0.2464931335702945,0.2177345961946583,0.2669999822609995,0.1796892285415686,0.334566540315786,0.4289446847822966,0.4131320022333874,0.4079212265835165,0.2786092400332181,0.2546274307830328,0.21512081716508505,0.1625824750653962,0.1543528037477307,0.2677208410455298,0.2821494320483563,0.4308608721605473,0.3079377644179438,0.2886778558057101,0.1954445848569005,0.2900873070172025,0.1600981597853191
2024-10-28,0.3113658880391782,0.332987983885213,0.4825765436108645,0.2902272007888822,0.3116849967143986,0.1681510618710986,0.4709813342363165,0.1927811473111262,0.2689754613231404,0.3029377892033308,0.2892528782806697,0.2656209658621926,0.2366180995689187,0.29382643977297,0.1775350849496779,0.3544095032013468,0.4715852726236643,0.4266303332132569,0.389521782371126,0.2989384961779213,0.2628739330291181,0.22265607003291335,0.1650798381147303,0.1653750858398653,0.2576897319359734,0.2930420923145349,0.472353554766602,0.3255129336602127,0.2950810931820836,0.2164636539711576,0.2621912108015703,0.1680897377504583
2024-10-29,0.2935873899255435,0.3725755785244691,0.4841139868505912,0.300529002835847,0.3268263019955338,0.1684515222412663,0.4792892074507185,0.192534903713571,0.269202780755518,0.3038833503101227,0.2879325928641777,0.3148184449634074,0.2445400731200838,0.3325665327243118,0.1872220659633907,0.3584264083874732,0.4637184598126045,0.4124147205007084,0.4077574152551704,,0.2947298814210751,0.23062522036571279,0.1712610787189854,0.1515699301096168,0.2024150032781567,0.2900401792504155,0.4731121413720351,0.3369588719459602,0.30358166922349,0.2076628771846944,0.2579164456945664,0.1782416502027093
2024-10-30,0.3253583748604682,0.4020098202453974,0.489994740438633,0.3099634381697285,0.3492015026639594,0.2058954970829754,0.4943296425085413,0.1974467050618728,0.2799278529189273,0.3188264677759551,0.2963265401321866,0.2138551639003761,0.2518185965449083,0.3402498891296805,0.1990046441382933,0.3920795616643719,0.5148075152290018,0.3914324544799845,0.3301341001193525,0.2831753241678056,0.2643144500605516,0.23844163427561868,0.1740606319226853,0.1698420476967771,0.2082635155529011,0.3225474668953635,0.5001904547679233,0.3588037150100467,0.3139194243433935,0.2164274741508054,0.2682213279658385,0.1791125749927219
2024-10-31,0.3550016267616968,0.2888931115586537,0.533215152777603,0.3346091952045123,0.3830833799279485,0.1911998058322694,0.546197774021128,0.224126753103872,0.3013119646896207,0.3471918932708492,0.3200407681660648,0.2382214123029217,0.2752113898373277,0.36499936841701,0.2055881391178272,0.2813308343562207,0.360434056013855,0.4172409895831278,0.3469284426285351,0.313383686139363,0.2855578428152761,0.2512162303426372,0.1870605067188901,0.1832645127332939,0.2169890917661473,0.3358791026961025,0.535831992895412,0.3769387584034124,0.3222996571597847,0.2231236538566794,0.2814633706074795,0.2036999111072837
2024-11-01,0.2612895716936378,0.2514244020460823,0.493116008578998,0.3154571611993131,0.3951269465174069,0.1919541186010579,0.3032361977481839,0.222235247925247,0.2978433483581961,0.3371803371651785,0.3179517598418063,0.234139474123982,0.2677458809218785,0.3597013853829111,0.1990272504392993,0.2585046031622044,0.3152205523831551,0.4218385315572596,0.3223689585177621,0.2925373232396541,0.2741353632350036,0.23932148615902235,0.1787206260602374,0.1768965837174764,0.195631114032147,0.3269501980866664,0.5394977138938739,0.3757726233989561,0.2633746367372732,0.2133398954039464,0.2713512083463771,0.1962310221317002
2024-11-04,0.2661466647413847,0.2627846200290822,0.5214056409331305,0.3365197798703457,0.4592243047022035,0.2026816554388921,0.3037254915090699,0.2450084657866368,0.3440957083969366,0.3893046047494652,0.3474130231138094,0.2448477767915423,0.3132910022819017,0.4103080832608987,0.2329353532556013,0.2836454628122737,0.3544214465146454,0.4645958992195706,0.3730596111914285,0.3477262290873315,0.2845440749669894,0.2608632797247679,0.1991783185132456,0.1881896174175944,0.2131119021002274,0.3663292049859042,0.6014359423650243,0.4337735503556533,0.2629311085970758,0.2607666131000676,0.3019496363618666,0.2086696111847879
2024-11-05,0.2243916602663782,0.2174339231203167,0.5406577109044517,0.3704001455087642,0.2889247962723866,0.1777919233834615,0.2641434899429721,0.2011218465016404,0.2635772988476213,0.2774221471609681,0.2726618359553752,0.1829000418929659,0.2360245700898242,0.2847993453500151,0.1549056930924259,0.2275189433320987,0.4043562059370756,0.4096169565124941,0.292929914707044,0.2325627721416074,0.2726646448741597,0.276862621635344,0.1702300970472878,0.1509652273544585,0.1635702000623937,0.3550865015665179,0.3737241535017992,0.274270231366136,0.1836585233434339,0.2076314695795462,0.2007780822827496,0.1586362263169134
2024-11-06,0.2043286300847187,0.1901171475583073,0.5132526825711946,0.3428706201774983,0.2543689471785217,0.1543098460530163,0.2588551520269488,0.1811546825298245,0.2375039951302403,0.2570054911866453,0.2403087281947405,0.1567426886443985,0.1960757527044198,0.2115565292293555,0.1230315269352995,0.1978697063865112,0.3703232711135489,0.3687138512496216,0.2573444990303066,0.2371046180577298,0.2179619264471706,0.25280208586948577,0.1617416347179625,0.1432012126908418,0.1554350117407433,0.3348951347372788,0.329862563149035,0.2536806912318692,0.1582150613701658,0.1969724958234392,0.1758107798808796,0.1349391759103038
2024-11-07,0.1979799913437912,0.1801018874627661,0.4965391944720888,0.3335813116766221,0.4774388259126992,0.1472895238720868,0.2460287779071428,0.1765013096110546,0.214717670255737,0.2073239958874663,0.2361877299000352,0.1497407226008086,0.1922682547457956,0.1925605702740431,0.1286627263603402,0.1996755616776582,0.3775370080739954,0.3458263304263049,0.2423323375459835,0.2350304596428833,0.2146512025708535,0.2558349946758254,0.1436537824581291,0.1334258989691342,0.1526559388761372,0.3302253285324706,0.3289129811512161,0.2397294159847609,0.1485928239192422,0.1889448799103741,0.1764663659010198,0.1271727435587565
2024-11-08,0.1962449939946691,0.1793465647679492,0.491831257768372,0.3407273009797095,0.2568311187032704,0.1506798856846394,0.2325409334629408,0.1792455169750038,0.2066188303339687,0.207308677884174,0.2294974326685463,0.143559969598616,0.1833450177970599,0.19354193496574,0.1211972861328182,0.1850908792185432,0.3671298922213962,0.359117660608924,0.2388750590757153,0.1865304317850118,0.2039389484900329,0.2516540775111434,0.1358039179842492,0.1296938609815945,0.1481137665797045,0.3095732875946073,0.3223736513199057,0.2256567337077863,0.1381517470633816,0.1706285389624721,0.1841248572657928,0.120309892342987
2024-11-11,0.2000336552542621,0.190598422759971,0.5151519689645211,0.3822966459453317,0.2736616296430137,0.156831308046918,0.2489974980830933,0.1837333238518495,0.2102045223885645,0.2269348819171437,0.2448422603905782,0.1522037787771412,0.2000707434112934,0.2023323558627182,0.1256601917292847,0.1972565021377365,0.384036992570266,0.3657975070220825,0.2312758753351765,0.2145239426455708,0.2176296351328265,0.26375981138465343,0.1537310493537278,0.1289099757328315,0.1565921229720084,0.3276246713647874,0.3464214930753388,0.221201646572435,0.1439793654814828,0.1781484904368067,0.1872392134337649,0.1203732782454951
2024-11-12,0.1996534603726109,0.1904118533335236,0.536890479872196,0.3853888964755518,0.2666102110854532,0.1934792836316237,0.245583488930789,0.1866022467294375,0.2161182416817857,0.2290683720590837,0.2434803343941429,0.1603022914624138,0.1981605784272015,0.2016761069602419,0.1293494183594441,0.1951057041592052,0.4549664206321843,0.3674734114240227,0.2478837872369673,0.2363032454657803,0.2154453410278862,0.27515459432579215,0.1532934741663284,0.128130856460713,0.1528228638500839,0.3369237314398524,0.3534683243487647,0.193017087283971,0.1450380442672833,0.1775939179558948,0.1825228945584173,0.1226951507525914
2024-11-13,0.1958258171915206,0.1907132851277473,0.540682284902786,0.3831360759553711,0.2764635709176965,0.189627885986197,0.246874230528449,0.1850306652660368,0.2119727734361494,0.2179220472120773,0.2387150839776675,0.1584612429656113,0.1944794430458844,0.2033989181909955,0.1268129384511929,0.1901460780247736,0.4203683850638516,0.3703899819374268,0.2355099993744893,0.2180478208474242,0.211919082875722,0.2671121960857781,0.1523388478471858,0.1368378691920781,0.1515855844923427,0.3315302394643555,0.3377424774955526,0.1791806193262324,0.1489520306503802,0.1717761643095136,0.1709213139356002,0.1225309511189054
2024-11-14,0.1893426301182713,0.1859439305053432,0.5380695004268109,0.3760857247378706,0.1645921188428592,0.1972459839014546,0.2477109830172789,0.186449977231122,0.2092113269029756,0.2139133066672498,0.2333007416728577,0.1562283799818712,0.191907191149646,0.2089217657397877,0.1212702900453095,0.2015171019388902,0.4669928305558843,0.3756125371455567,0.2372611369781545,0.208673586746459,0.211131048299155,0.27018187790659726,0.1554706377457426,0.1425316783295401,0.1531830402770695,0.3285048712838043,0.2159610653859106,0.1813482530188003,0.1362296832418322,0.1696953934523121,0.1735482786469646,0.1095208367202061
2024-11-15,0.2065382719784444,0.2044473480389779,0.5707216106447089,0.3896954452978394,0.161359333223534,0.2108524522493453,0.2718324824055753,0.1837366108825416,0.2124590327589713,0.2214320671837484,0.2393329257715362,0.15777338004843,0.1973153251326617,0.2106523549297016,0.1274770990717939,0.2117931933047666,0.4842775220035133,0.3690989566620242,0.2420273645679056,0.2236970080880656,0.2387826019486425,0.277888360175539,0.1499170987264894,0.1473844898597548,0.1596929287927952,0.3424057186138283,0.2224578978165327,0.184489104346822,0.1357960214667133,0.1920613924700805,0.1710888474109439,0.1242905443706984
2024-11-18,0.201611856592121,0.1982328407319263,0.5635315766752759,0.3898864543317081,0.1591123440252392,0.2098893139716128,0.2781946974401744,0.1816783991094986,0.2091245790658335,0.2263882306184539,0.2399093683424105,0.1580473908011853,0.2068357994814487,0.200160573969392,0.1232150390380793,0.2032754315547278,0.5415820000615797,0.3554645948533136,0.2311002641261131,0.2386543298135231,0.2347115993241982,0.3069622345486215,0.137289894521382,0.1393182009916938,0.1526330585553751,0.3432512002869734,0.2114469007684534,0.1702374879223142,0.1736700876954254,0.1860245911782261,0.1603279951554148,0.121734870551069
2024-11-19,0.2141780119051631,0.1925064996239256,0.5405641633390084,0.4036841080330389,0.1560684819603951,0.2002254043406951,0.2705032085337985,0.1826129659069147,0.2053919881924316,0.2161249298346085,0.2426166275226518,0.1580491268571249,0.1831745053592937,0.2166988518509932,0.119917319879991,0.2034887065542256,0.538003837630503,0.3249757724874185,0.2376282109178251,0.2376007928408086,0.2389114935922875,0.1862114351775417,0.1526897247824283,0.1381001358476048,0.1522525455314501,0.3500610396977446,0.2039224044319483,0.1829149522661534,0.181690659138657,0.1963398013925915,0.1786509972169919,0.131432114922726
2024-11-20,0.200412302871435,0.2047633165130078,0.5743690704472062,0.4211121442189657,0.1638598684397372,0.2070161623136004,0.2840436690959164,0.1861937240556797,0.2115211799516572,0.2192603339651294,0.245939067490245,0.1666348938938991,0.1974562909481983,0.2325200044936212,0.1281093990641232,0.2130775394499841,0.5623919092007449,0.3576606354320532,0.2383561676256439,0.2382651162620354,0.2477019617089242,0.17886817358088627,0.1518430497974431,0.1369326860405799,0.1491934063037902,0.3562145215688967,0.2057825415560096,0.1865176297168847,0.1737856021327428,0.1912902570658876,0.1599887756332977,0.1283114595777773
2024-11-21,0.2074522705279036,0.2089073385554802,0.4311695701304124,0.4403765109840213,0.1660443720605895,0.2081025528468433,0.2961056390822369,0.1817672669747836,0.2129387159510651,0.2263364950789436,0.2398109348350666,0.166228725772311,0.1825712831050776,0.2261514456427301,0.1185483364478285,0.2157749699233848,0.5514097902158503,0.3486859379197882,0.2509309553489252,0.252602950007074,0.2417207346194715,0.17785980655566713,,0.1367884907716924,0.1496276407121004,0.3577563960581503,0.1857199961046287,0.1902626501031951,0.1769085744724085,0.1938374673491342,0.1784947905595038,0.1253453065399834
2024-11-22,0.1887384800761255,0.1955246838792881,0.4186753185447731,0.4392450015722517,0.1610016528448066,,0.2814294265349362,0.1794664015170645,0.2009230718357767,0.2104924652519755,0.2313708263651595,0.155502974542021,0.1712949338134049,0.2115338885693183,0.1144525347396451,0.1975909512208747,0.570361978958986,0.335287346577504,0.227091903952276,0.2306098837407013,0.2406104613533615,0.183451078434323,0.1388124163910318,0.121605329948544,0.1345262383884025,0.3912444743756164,0.1816128031036024,0.1701113776218527,0.1680334196298071,0.1753625487652152,,0.1185281954602046
2024-11-25,0.1880780328083519,0.1809074711442285,0.4200789658823857,0.4260037146073652,0.1603040989671457,0.2002293252787993,0.274855432911072,0.1746777369619236,0.1995541380033101,0.1996972716233211,0.2314808541020305,0.1465381706338942,,0.202183564353059,,0.1941851844334141,0.5802182817705335,0.3405975039670346,0.2396274799120672,0.2385014626031606,,0.17891709241375572,,0.1209023320885039,0.1335875892319877,0.4053762842281417,0.1783726979707108,0.1814453066302604,0.1633602106826531,0.176822175241583,0.1481122214840303,0.1203605883161005
2024-11-26,0.1775512147285371,0.1852477969323427,0.3887267158775555,0.4317993029104972,0.1492661438547279,0.1916621178399758,0.2652103824127378,0.1750043225254357,0.1963260317421956,0.1977125072501492,0.2265921327931859,0.1537560610305366,,0.2015774835995298,0.141769136562205,0.1888784102897066,0.2517279827887521,0.3485265885355925,0.2248775898036587,0.2098397856489985,0.2153935407011955,0.1793287282570956,0.1345091657707376,0.1189879881993737,0.1316898944325892,0.4139417439132848,0.1691077445433357,0.1588456360977285,0.1630976207157634,0.1698702251339884,,0.119407109644973
2024-11-27,0.1764395630132047,,0.3778585236500232,0.4243555102385041,0.1759384558254967,0.1779435255434515,0.2624463575149474,0.1635968488074608,0.1909700809475719,0.1974299843336565,0.2197357110142445,0.1555821166481603,0.1723382557709347,0.1983123616866656,0.1453502873544413,0.1787266323206586,0.2280068491385375,0.2989909063340553,0.2253329818080172,,0.2157500594738206,0.1771670127554296,0.1457991414598113,0.1093969215859215,0.1398554222488977,0.4720278476759822,0.1776647654663903,0.1876052818729815,0.1688131491327618,,,0.1139820084392158
2024-11-29,0.1718526262920329,0.1781854227555786,0.3782058875659379,0.4528483991580203,0.1633106150906037,0.1942084794457166,0.2606879003955045,0.1725046155124207,0.2047903361958697,0.1928480222208245,0.2253065197804254,,,0.199651970456885,0.1463892391075522,0.1945301626117068,0.2066619806575498,0.3383964426095049,0.2382112525395714,0.23281357964051,,0.16712986366858248,0.1392159803052131,0.1539544428261671,0.1407915516336642,0.4429616807197252,0.1767196258141595,0.1687807750310806,0.1754208534023039,0.1772711354214242,,0.1127093494449875
2024-12-02,0.1785495509556669,0.1828590671500382,0.3750447780241511,0.4621619402643708,0.1404309280037916,0.1863011906157233,0.261361816318809,0.1713202479284631,0.202228222945552,0.2336890692838169,0.2282573437051999,0.1585184932408768,0.1740610410762235,0.2203343167593487,0.1548407933883058,0.1857305226211081,0.2337969311280388,0.3436659004736165,,,0.2126430528961866,0.182648784284182,0.140755782775159,0.1549481169298031,0.159351119352638,0.4885549294373776,0.1759259812104295,0.1883175152747675,0.166685123968924,0.1719689036878245,,0.1144941965843889
2024-12-03,0.1755233404968108,0.1808562650266038,0.3583498675933685,0.4953508121962371,0.1564636458936365,0.1927133185811764,0.2525078174753313,0.1822303398445763,0.1985255238137004,0.2249099301718764,0.2289647386554756,0.1595951799802708,0.1722648963716474,0.2115792304291889,0.1543998529308429,0.1868687383168221,0.225475680971344,0.3478357095488019,0.2357237279080472,0.2557975666433151,0.2241965768174098,0.191886524502953,0.164714927112189,0.1516491938436272,0.1702596187233163,0.5324096101772491,0.1767780637261328,0.192116436155932,0.165436468223189,0.1732218524152682,0.2233265895978145,0.1180786794922248
2024-12-04,0.17510931162323,0.1836008480651917,0.3415482281844283,0.307307469512964,0.1540510235021986,0.1914443632822001,0.2578118149675495,0.1936519618775952,0.2059540360096478,0.2227383222601193,0.2250005238229529,0.1672240508686318,0.168569193422737,0.2214043658709998,0.1648709187736974,0.1852516878557715,0.2311971540284549,0.3403937626822542,0.2222491406410773,0.217870589227341,0.2422240292488563,0.18705136133248668,0.1475299890497239,0.174491700795382,0.1738925341373563,0.5224405627236827,0.1832609716531784,0.1912488462971786,0.1869829986590961,0.1908844237619156,0.2463238764498913,0.1058200014094754
2024-12-05,0.174858661326294,0.1858691244530069,0.3842212595649554,0.2638474295074146,0.1438400715142918,0.211798173899176,0.2514716554893745,0.1638818048476024,0.2105976381944973,0.2594826406175639,0.2238759210830296,0.165839785619498,0.2072350269350001,0.2571063324177037,0.1609352515136084,0.1902639667825618,0.2267218463008182,0.3545064448488849,0.2287568672692408,0.2452503746263427,0.2353648369508377,0.18686497982220673,0.1507696189878066,0.1680183543018312,0.1669723321394101,0.3861322450171833,0.185128922879812,0.1818754708071361,0.1817031627551688,0.179265617944891,0.245145783548267,0.1007322444765029
2024-12-06,0.1674030813152758,0.1953162156999675,0.3869886073596483,0.2551898736412721,0.1399481423583871,0.1954247385962575,0.2491147162611016,0.1682810974155221,0.2088108230077776,0.2511753809219042,0.2242656292941511,0.1650400026751815,0.191386050424082,0.3201767290941709,0.1545943193631802,0.1947613177981967,0.2318414427480413,0.3471638870991662,0.2217593770764472,0.267506195494112,0.2332624690157636,0.18435404613146222,0.1417325719257385,0.1798154826784941,0.1677918422502173,0.3886136869317043,0.174730251959811,0.1868478764302248,0.1938714327950598,0.1909102437098381,0.2359881225523221,0.1009553305966967
2024-12-09,0.1835997308453569,0.1941822879958523,0.4121754872057945,0.2670250539297758,0.1467936208927227,0.2117007870264814,0.2647983006172871,0.1821331795693329,0.2220136784062935,0.26250209774968,0.2323337614645209,0.172980876414419,0.206043492918544,0.3209600757900566,0.1700148871553407,0.2087305610806383,0.2407158787760775,0.3223272179918368,0.24727545308823,0.249727186602719,0.2490298693734667,0.1954546929092853,0.1757232882713351,0.1734347307783995,0.1771885466802285,0.4055013754926517,0.1944370924626305,0.190455940561063,0.1986575237388286,0.1898172674000713,0.2439378905172841,0.1054336344200182
2024-12-10,0.1780488286986496,0.1918919980046091,0.4194968394723601,0.2735505451088756,0.144163067288366,0.2212443048776339,0.2636574668266697,0.163475415952728,0.2262653574859377,0.2637894495469071,0.2422708821972566,0.1852843245565678,0.2459970349953637,0.2755666116390402,0.1748638221725541,0.2411356667609205,0.2331261445596444,0.3688213675662268,0.2490274287322597,0.2517602278413576,0.2658860659749249,0.19541148386908394,0.1628914229920324,0.1790728175709964,0.1767551724931444,0.4619823410668422,0.1897919505076442,0.1940708855811536,0.2224665940015246,0.2015003353245625,0.2584448322039162,0.1110288003382686
2024-12-11,0.1807006970168942,0.1878308621020948,0.4085996654051409,0.2740234964393869,0.1487212062702682,0.2281512075272422,0.2573581579282439,0.1731893387946553,0.222174415052741,0.2620836197714529,0.2345654860256211,0.1741470251316547,0.2412173028848047,0.3430626570970266,0.1756895259300782,0.2150383455785507,0.2660758174744138,0.352480977006756,0.2447259895436749,0.2506422601276565,0.2547267553782039,0.19431882220748545,0.1588165104079703,0.1781757132524136,0.1804713866834169,0.4132193940333641,0.1912995730212534,0.1921991172562397,0.2103417665282122,0.1973327267264189,0.2508387015226666,0.1057027259286871
2024-12-12,0.1752414769793161,0.2002281296526713,0.4098860904062616,0.2749672006752275,0.1510724158992312,0.2304677464316799,0.2582152220511041,0.160867188326048,0.2251335498884045,0.2666929753232554,0.2288771750831602,0.1750254917727511,0.2195120559811837,0.3381218056906153,0.178416790076258,0.2142331441260294,0.25824468936926,0.3566305157036315,0.2498462393237759,0.2492183666762896,0.230088683047748,0.19687028148208305,0.1482321576763542,0.1652799018150199,0.1902500163977912,0.4207819398843059,0.1882954571140243,0.1969453990022095,0.2014199264083533,0.194036666644504,0.2405330040876059,0.1090628244209411
2024-12-13,0.1714164292586016,0.1886391400782873,0.4254245751328597,0.2804583719965392,0.1350012880767783,0.2202025764977733,0.2593839308434587,0.1606451014307678,0.2223747618854539,0.2608377497950119,0.2222220278561326,0.1716705989755963,0.2200748222199323,0.3250570207466782,0.1768057186123766,0.2029111580714564,0.2530174927255052,0.3528204998665218,0.241007289569037,0.2795487722749663,0.2469654539929516,0.18659546743394906,0.1558717487852401,0.1789393539193758,0.1765912205341689,0.4178820829293231,0.1870079517762174,0.1970880426528288,0.1944750154120595,0.2016552066352642,0.2639183640187452,0.1047978388005452
2024-12-16,0.1820923394255475,0.1868458441465504,0.4638203775630546,0.2872208120906346,0.1482137839610045,0.2292728512557652,0.2650247140308789,0.1852786827472091,0.2347270484470003,0.2800279528859565,0.2343172312132457,0.1789929700806083,0.2337117462845535,0.3686993548647305,0.1774340259988777,0.2423546262264778,0.2534468777049309,0.3671725992169066,0.2569229975889437,0.3055497429361373,0.255645275734016,0.1939852239692828,0.1560482785001279,0.1943091416345496,0.1884788788851611,0.4469186693315994,0.2115870408668313,0.2035183227540591,0.2054409228746773,,0.2555667205119189,0.1121369902867366
2024-12-17,0.1811652051146206,0.1983744982321119,0.4751814189659454,0.2763116808473513,0.1578256220558561,0.2329049038549632,0.2763501043341771,0.1699674165083508,0.2344497878826795,0.2871472462966215,0.2342877425825022,0.1785531225711862,0.2619465625234689,0.4124772924188041,0.1861187305223017,0.2454786090131315,0.2542440600857884,0.364553886443355,0.2576787098396145,0.2985309025141835,0.2527064586539726,0.1942766321207194,,0.1906366190216798,0.1869915855651152,0.4619959697973921,0.2123329084250476,0.2102529511124344,0.210248719327011,0.1870461094573529,0.2851597224434853,0.1223903209731408
2024-12-18,0.2040131067514172,0.25057806726553,0.5153740852610891,0.302546767815313,,0.2476732994196661,0.3388572588190507,,0.2759313314200373,0.3327508786029433,0.2627229612453753,0.2029336246344179,,0.4038632594251633,0.2044181380464398,0.2559062402231776,0.2745982244566823,0.3710774383691065,0.2852185319735937,0.3102422139342186,0.2699186200983029,0.22025401577838621,0.17279849597293,0.1907994775114403,0.1915987208413968,,0.236714175157483,0.2356899857433522,0.2220941676636991,0.2275702279348377,0.3052565820516851,0.1756280065062893
2024-12-19,0.2193828317549523,0.2585866236216261,0.5363537545362898,0.3152260327428012,0.1662379375245932,,0.3129053023008032,0.1877135167313094,0.2698042860800115,0.320806755315839,0.2678759700148768,0.2139459721049374,0.2477870544815135,0.4072814287669207,0.207295724101556,0.2609209386961491,0.2742936083843545,0.4036953938814688,0.2914216295954106,0.3094668210517117,0.2922889619672884,0.22859116961278483,0.1799678578240807,0.20491201895336,0.211113241006908,0.5204028236399524,0.2569365107301019,0.2676550975510428,0.2436536041911048,0.2506204121204245,0.3491310856323482,0.1707570521542169
2024-12-20,0.1677520180799236,0.219043453137423,0.4704025702754731,0.2849836307309472,0.1492392830931782,0.2283947304818923,0.2860772632527013,,0.2432368406582577,,0.2334689893808278,0.1777412182016762,0.227200522570119,0.3175070699249499,,,0.2358800079713473,0.376013570880893,0.2559377002804877,0.2712679149076881,,0.18507353487806086,,,0.1930123882424408,0.2552078725557873,0.2249802544665498,0.2166707436622452,0.1966179670120043,,0.3019151283569998,0.1507498489765773
2024-12-23,0.1787578624206968,0.1953007324889106,0.4306511373934176,0.2619091454305545,0.1442264616110878,0.225259306294492,0.2618491832261229,0.143506515827539,0.2258846323419986,0.283063407957686,0.2263123530426482,0.1706290938497695,0.208628842174303,0.3042915514687659,0.185235917552399,,0.2091690887560198,0.3404010220235179,0.2396834671634923,0.2643453695749017,,0.19140969663329355,,0.1649244130581042,0.1627961489570797,0.2547746531406329,0.2201829282236595,0.1945157291012682,0.2040095266995754,0.2143154603471421,0.2790367625921514,0.1442919601868549
2024-12-24,0.1682572942674216,0.1749398707177048,0.3951232314433358,0.2385499033563735,0.1235577884829624,0.1955294737629004,0.2318143077143046,0.133710528945153,0.2234777675758372,0.2650924892098795,0.2110631060239365,0.163964029594026,0.223887732589551,0.3103149588583657,0.1779283096104158,0.2209535490447056,0.1918395317241873,0.3168714716984545,0.2046775885438367,0.2494043937321785,0.2134076271430553,0.17005223571981323,0.1359536998669382,0.1473341026431601,0.1602042366083499,0.2344502095772387,0.2020760299471368,0.1966037400368809,0.1802863708940263,0.1784665703634801,0.2500222288597207,0.1153975240659771
2024-12-26,0.1738124052038523,0.1861433022141707,0.4014763533614291,0.2570789620550838,0.1280956815969854,0.2089109781853264,0.2470695428834048,0.1291693839202466,0.2274711045463181,0.2678484961086373,0.2121097548736022,0.1590941687035884,0.21397273413302,0.3165021081848153,0.166019985719119,0.231636044157686,0.2208639742381458,0.3295122060306124,0.2272579417938303,,0.2203147635625258,0.1732398927734173,0.135328190185281,0.1603470292518807,0.1566837265130722,0.2417508724016957,0.199121850374951,0.1812528651071258,0.18752721232491,0.181107456356358,0.2580898167460007,0.1198904586587048
2024-12-27,0.1812699313399694,0.1915771857124274,0.4214626708438025,0.2525583262097996,0.1315092108347167,0.2178535802106791,0.2566591335196015,0.1291524945577507,0.2352248839281121,0.2878504283094912,0.2227151321443254,0.158567607195338,,0.3147457365963228,0.1790758284011563,0.224881398161218,0.2162363373732053,0.3315173204842394,0.2428134019971355,0.2613757623987537,0.2381016504688978,0.18353206113678075,0.1411667490813155,0.1646826167047954,0.1760446936221379,0.2423219285566256,0.2059053056189606,0.2050173247137554,0.1921916682137674,0.2008018576729473,,0.1265477174994727
2024-12-30,0.1833321073796033,0.2010038379979707,0.4442847445125969,0.2640803408685859,,0.2167005450770244,0.2633525639884476,0.1285808840979591,0.2486876227439033,0.3023479666582889,0.2347247103715955,0.1767604777163427,0.2070576796659164,0.3110036205979567,0.1896160811694031,0.2438405354697323,,0.3510955793383667,0.2375586508961999,,0.2392225377418052,0.18751545347257573,,0.1720071876075132,0.1833789313823819,0.259082404789569,0.2167393839400243,0.1994128237688111,0.1988464451762006,,,0.140237977711437
2024-12-31,0.1922175023907759,,0.4430468130181074,0.2696130468701554,0.1449914513002304,0.2248856041835409,0.2765312992130378,0.135824715572203,0.2481274508740281,0.3218611706166179,0.234543125274327,0.1788435160200229,0.2088228592443477,0.3617800735866159,0.1760893683968356,0.2376099269536552,0.2249358541298524,0.3502995401029658,0.2438554822103039,,0.2447550493292988,0.1960827399982425,,0.1768152861755627,0.1833561137998046,0.2428823514896321,0.2197453726788242,0.2178260029487364,0.2007964732771233,0.2060283994705115,0.2536600449868498,0.1331799540148851
2025-01-02,0.1981862217785439,0.2239351220537786,0.4491855131895492,0.273450048601452,,0.2151845848206763,0.2758564917591676,0.1257282440115383,0.2578779512054921,0.3208411065627993,0.2390613033509853,0.1842204560147799,,,,0.2446522215394375,,0.3633636349862117,0.2598595460421875,0.2847740987627215,0.2625987154250496,0.19326097299975714,0.1555412725167757,0.1814067360140044,0.174287402075245,0.2597974464370919,0.2201202295757738,0.2154647430605461,0.2038938059645716,,,0.1468026760903847
2025-01-03,0.1938289212623614,0.171921477686763,0.424848432007729,0.2484308399606287,,0.2188454481894546,0.2485716520540275,0.107319956203343,0.2320725406799001,0.3142496408644404,0.2276789663778938,0.1604278466793033,,0.3645434166076614,0.1722904441863811,0.2204937944237009,,0.3337998079432077,0.2201159610742734,0.2907643212558196,0.2245603254887994,0.17213348729852823,0.1482755521800677,0.1541087065976334,0.153293758665502,0.2462799790853873,0.1964648468872036,0.1881999561401099,0.1867989534122911,,0.2454527530504672,0.1225643440551939
2025-01-06,0.2023789659437535,0.2035266736236161,0.5015487467213529,0.2679444392937067,0.1674491630140577,0.2196825297955029,0.2659151441589912,0.1156273961057253,0.3165430063463773,0.3587060022171606,0.2416848429859439,0.1731764297173218,,0.4182546265054603,0.1719350482314517,0.2418326423351915,0.2219739492498562,0.3200129245394347,0.2388412659210852,0.2964178412345916,0.2413742709561143,0.18978672692946136,,,0.199522922906392,0.2680599060584758,0.2209796880202257,0.2169433125982903,0.2045067018389077,,0.2655514856015711,0.1390885513719094
2025-01-07,0.2400711613221302,0.2500854382925709,0.4622858005648298,0.2785233904194381,0.2472302706973829,0.3173846268631505,0.3493155408882731,0.1562748194544614,0.2371945141859901,0.2802201511168132,0.284797518402447,0.2092156696745136,,0.3070906975154837,0.1804394710436548,0.2932597291686384,0.2376666479211508,0.3675712659874282,0.2751003912164464,0.3006195923141093,0.3108967736485177,0.2617930141266202,0.1616957068998989,0.2027110933234497,0.2081164677342973,0.2540184987974968,0.3046394031836166,0.2193575913781723,0.1917490418483735,0.2560605078759209,0.2990465757725756,0.1391787756627416
2025-01-08,0.2294688139007716,0.245929732550537,0.4376603370288349,0.2694586411922513,0.2367379977966403,0.3142700712632305,0.3426064398619338,0.1583597011974324,0.2312472178824588,0.2751262131444086,0.2896813278065495,0.2081010873334419,0.2797659301710166,0.3052879851763336,0.2108676595063146,0.2664200238072897,0.2469721764802455,0.3985159460448423,0.2789859804738341,0.2987759742106778,0.3100370982710158,0.2592398838995248,0.1641902079024728,0.1789993131908821,0.2047951843439832,0.2393704801556302,0.3078372449255054,0.2077334106253654,0.1902025636584231,0.2459824039505366,0.3011661599063893,0.1342050870328436
2025-01-10,0.2560627360203513,0.2523453804481348,0.4303325346976375,0.2753059826729935,0.2561312642992482,0.320266282185888,0.3525249464674896,0.2388822586221857,0.2419231296928616,0.2858463661275373,0.2978483501552034,0.2102987462903696,0.328265409089995,0.3454622327978145,0.2077354571276929,0.2745512855545026,0.2554639777551681,0.3721663633749975,0.2822727287595833,0.3098446616127087,0.33982021029406,0.2707749194465323,0.1559729078705819,0.1999153521535225,0.2271188753472574,0.2561480738742073,0.3139433242987211,0.2223078863629229,0.1903210444150543,0.2681886146934375,0.3208283894764295,0.1399685900925545
2025-01-13,0.2541794468247919,0.2509887889409393,0.4498594369544062,0.2724070445394675,0.2596692915066017,0.323034145794131,0.3583935047430021,0.2490873478481012,0.2500890530595084,0.2903320906297214,0.2982938487048656,0.2219050115928934,0.2923174981936635,0.3077584541240677,0.1907821168549585,0.2772682967732559,0.2451630857739966,0.3789334350274687,0.2901862582078532,0.3307541694666509,0.3152170640700175,0.27757526206088406,0.1901613429837075,0.190045273004691,0.2238162805484332,0.2553761559905451,0.3182322892226721,0.2223508317804172,0.1959115607917877,0.267040784351584,0.3007842906869795,0.1406694172798508
2025-01-14,0.2513868845298124,0.2532673574873963,0.433446830147557,0.2773410674598975,0.2615905333964302,0.3273888940207216,0.3557512022621389,0.2289961614360314,0.2462309203840368,0.2754515287600268,0.3003164184633369,0.2177146958481841,0.2805660210925188,0.3068881023324873,0.1831413595106879,0.2684982251839635,0.2614903645303234,0.3684568057088507,0.2912407596477446,0.3168245031727553,0.3170375688121886,0.2721092943879042,0.1644296143513028,0.1847796543681658,0.2246443863346464,0.2508708516935924,0.3124464728519225,0.2167316963068906,0.1946669071582516,0.265431413845008,0.299188596205134,0.1440096587766564
2025-01-15,0.2273118020492834,0.2315173931906236,0.3980541485869276,0.251466369476594,0.2593162561522759,0.3130414228404199,0.3375440713127963,0.2121472806892443,0.1859553851574553,0.2232425290979306,0.2760757390644557,0.2043222638126843,0.2631969992597272,0.2782023225052485,0.1687313697566043,0.2738266513166338,0.2252433250154402,0.3580107388647845,0.2646738908065926,0.3091917906259919,0.2871317423180081,0.2589098983449513,0.1756741566211973,0.1786537675161967,0.2063243215411919,0.2376610159206658,0.3113542552015879,0.1890184334088831,0.1810611924477658,,0.2768401375140664,0.1203141685819629
2025-01-16,0.2655894652570342,0.2412016955593616,0.3974531172253356,0.2644589917088231,0.2513298470401314,0.3210959310803011,0.346366541578734,0.2139651957511244,0.1782420925126069,0.2113007264755361,0.2752226800409703,0.2017128125979128,0.281116147839404,0.2604754341633469,0.1553259228909726,0.262898152048003,0.2323690201488039,0.3498332034866762,0.2625287686941902,0.3160312753202012,0.3081038073404217,0.26240010369897837,0.1627543416338643,0.1791259510337021,0.2194117401566892,0.2386251624897442,0.3211679673974289,0.1887758357517318,0.1806345684381343,0.2582039640689336,0.2717861360111545,0.1113430582299139
2025-01-17,0.2524131032506456,0.2300759555473874,0.3795843036369398,0.2433989464263233,0.2429976710306997,0.3090761368361845,0.3361810860391098,0.2442920528665203,0.1870407049262062,0.2195229955843163,0.2648269400738361,0.1824053319096075,0.2477301735110354,0.2371381850949583,0.1495878155338782,0.2705506799892351,0.2328759750449268,0.3487356954169279,0.2607159801565405,0.3120901872315509,0.3173672778594559,0.24769611420924834,0.1569476398354863,0.1745500479043244,0.2154474660120656,0.2319459926312279,0.3096075111543688,0.1800295736469653,0.1683320514624015,0.242735018928082,0.2710433722001529,0.1123068758489904
2025-01-21,0.274767972753805,0.2363803503482996,0.3771655918780608,0.2496888046742855,0.2607410490294775,0.3306574314290962,0.3484284816003122,0.2272246105183138,0.1795867019044554,0.2093364229712067,0.2671486853662131,0.1956710164084637,,0.2130845784046931,,0.2791268201311614,0.2261299191087498,0.3514074132673034,0.2822003770916828,0.3364063880788651,,0.2665776787078638,,0.1813510770142456,0.2147540794695485,0.2213877647500507,0.3181246794056642,0.1748393662173474,0.1973627485911805,0.2662581366444078,0.2650467708142374,0.1154115651473138
2025-01-22,0.2808535035734285,0.2453211420748302,0.3822994084933822,0.2611299255062699,0.2692676783930058,0.3405369093114365,0.3562969283058084,,0.1782622764868182,0.2026260341839511,0.2724026674006474,0.2012453816383349,0.2136164423388755,0.2264868507458463,0.1391246029470622,0.2841192463408888,0.2378737746952124,0.354475047527196,0.26545242231215,0.3329169015481472,0.1853449127932918,0.27092387557232156,,0.1819689545096242,0.2261822410415674,0.225986916388813,0.3353664285487696,0.1825363721047687,0.1784882681548746,0.2712306961049341,0.2846976873517753,0.1125898514677338
2025-01-23,0.2828173868737713,0.2464705940824584,0.363223057254455,0.2599043333543977,0.2899876218698096,0.3397388113149748,0.3574029590739055,0.2284718114875281,0.176117906689719,0.2014618868965446,0.2718159041528263,0.205138357655451,0.2048936240694251,0.22410961860807,0.1357270647515805,0.2864272952545938,0.2388827095506653,0.3569229066520074,0.2774791069918558,,0.1838627434705012,0.27582392591700566,0.1016748770336365,0.182547331376103,0.2174715662332121,0.2259202758226861,0.3434485093368417,0.1725627072645079,0.1764963681516268,0.2746153601961197,0.2642058853779341,0.1087493751691814
2025-01-24,0.2867102537513905,0.2294884037735702,0.3758821567342868,0.2516834336667882,0.2590254739116874,0.3451578075937213,0.3587030515904885,0.1659908747620797,0.168184113325742,0.1990269034365456,0.2013626793640158,0.2029056599865231,0.1936292797616261,0.2231768130640249,0.1285261191050443,0.2910772235679542,0.246160944251206,0.3350365459714441,0.2640280971500373,0.3323037657334547,,0.2777475540019152,,0.197130884974064,0.2155142049388554,0.231794715274783,0.343610567905014,0.1781974850941532,0.1866836720110078,0.2578650045355527,0.272134007381424,0.1011901618704741
2025-01-27,0.3041147344027362,0.2669147484476823,0.6379370396339008,0.3090771575110285,0.3261071504912191,0.3916032935050702,0.3954731433538667,0.167853054960302,0.1861210303789963,0.2246839628447758,0.2194872693955321,0.2209883485195245,0.2131322976107484,0.2250044713210303,0.1359057549470472,0.2945633336674823,0.2407929782189837,0.3710712459683986,0.3241567376464334,0.3742210274961592,0.1863883699794663,0.2844344909571881,0.1416319805025289,0.1975078335066917,0.2031963676165906,0.2350203456916038,0.3558908200596658,0.196945667470564,0.1991422861986597,0.3012110965213511,0.3041876591767802,0.1249205424195768
2025-01-28,0.2992972598898268,0.2775988010634189,0.4280590509040556,0.3131362563869319,0.3054576341896976,0.3758034320488276,0.3998419814576249,,0.1769643329903732,0.2062137416570447,0.2108763506783804,0.2299906428197438,0.2064633799598784,0.2078476989586496,0.1298100902436527,,0.2515526628819936,0.3260213053729092,0.3216776171995187,0.3634640722995146,0.1760609709758465,0.2946635616264202,0.1750624486422179,0.1815319066844584,0.2342063714959881,0.2481050952308849,0.3788709504645567,0.1894237844119986,0.1818231931998625,0.310852604763746,,0.116056966865831
2025-01-29,0.304855687584377,,0.6121653403011394,0.3011185349218669,0.3299722703648908,0.4018245076667958,0.4143723873005714,,0.1865332960745551,0.219513404548378,0.2162458305317691,0.2213705105524526,,0.2214605422050747,0.134554322912833,0.3403067763157728,,0.315606303947557,0.30887866698801,0.3793123262909094,0.172396479991549,0.30621337827737977,0.1434422972368277,0.2004131067973454,0.2370314434565974,0.285182405666609,0.3905542210728086,0.1976977875605898,0.1948778229265121,0.3533085442198199,,0.1325055035598636
2025-01-30,0.3003644798298826,0.2182228698055462,0.5948100942827395,0.2882149360764863,0.3220642640734607,0.2673690178868698,0.4142825665355418,0.1581463695390711,0.179862567376134,0.2125637067869815,0.2165581870029693,0.2091489595699178,0.2096082469387525,0.2221864965107755,0.1277621234284472,,0.2472173083798166,0.296729630332175,0.2636634172860669,0.3851046964160895,0.1760803624334584,0.3110321471495682,,0.1924428956720988,0.2460957931954925,0.298831453697428,0.3927104669358056,0.199915112519979,0.2014946005105655,,,0.1187868470310488
2025-01-31,0.2280169163286028,0.2237076509099817,0.6333323130621928,0.2770809368392501,0.315641013440576,0.2282338620190101,0.414053675871567,,0.1819776528769705,0.2091720194546008,0.2186244594630163,0.1645962951479026,0.1916629355521143,0.2182715352263326,0.124186467740566,0.3187049551832741,0.2580087293735856,0.3048807232140608,0.2489471967320858,0.4066282299678458,0.1767038162810826,0.30824316312549804,0.1469021931389922,0.2072425444290683,0.2601432461225725,0.2849475260899586,0.4210945761471804,0.2062246973744102,0.1646682859691061,0.2184573736879894,,0.1179243551849544
2025-02-03,0.2618728979661936,0.2555678828487139,0.6088718251342681,0.2996154586144884,0.3493671059578025,0.2473300881084625,0.4498916146496731,0.169565261347367,0.1966313504376656,0.2296940190828943,0.2364357980631243,0.1757051498386481,0.221525443864325,0.2340768266104727,0.1312192285568615,0.3444386188172158,0.2729794151762514,0.3267192219964728,0.2691958041174629,0.3819889312660858,0.1961974262795149,0.3356311059055336,0.1437175908665031,0.236270378868741,0.2707553293822772,0.2983813017306335,0.4360655157010794,0.2226264623704537,0.1684694476586765,0.2474451550334492,,0.1386676705029713
2025-02-04,0.2259507666080765,0.2051713861468903,0.5262518184977012,0.2874951220044384,0.3319797871546688,0.2017231511279142,0.4484532787393522,0.1548501368761973,0.1903142164902734,0.2193083704176496,0.2193745918381263,0.1668490723397071,0.200751337815587,0.2204151879724099,0.1228663473151756,0.234756623451589,0.2755370105202032,0.3118163239058688,0.2582707815017176,0.4200505890594593,0.1974530897895975,0.3295990771891464,0.1520775659978,0.2404271154054006,0.2681547676903169,0.2872872036082749,0.4370154422215916,0.208090919420109,0.1559177488621479,0.2136950796387111,0.2605282949695747,0.115140249971587
2025-02-05,0.2220631630198754,0.2055271945878115,0.4906254533048036,0.2793944294041025,0.3348058416127012,0.2051039769401459,0.4789286689290289,0.1701718294501365,0.1830056919265596,0.2088475780128265,0.2278825986132567,0.1597181650586523,0.2013205702160932,0.2360232822911289,0.1221330044931851,0.208819709251975,0.1559396228109756,0.2959877956337307,0.2472473481020929,0.3047767195477077,0.228298078977598,0.3526918055670002,0.149279856384618,0.2202469403190234,0.2679390646600232,0.2937231349638101,0.2270476190156219,0.1989607703932472,0.1497621827842882,0.2093613131652471,0.2274637120936021,0.1117155423281325
2025-02-06,0.2069544424878592,0.2068296320641522,0.5977013453303974,0.3996424053334643,0.2582386739676963,0.1931725430991553,0.3450570142667066,0.1708184491997131,0.1998338127834741,0.2045413173128806,0.2254330441708113,0.1641049795495535,0.2106708060340614,0.2496954352667375,0.117534021319572,0.2135596641889669,0.158942739681506,0.2983136989478515,0.243069142649456,0.2357775404136428,0.2154269982701298,0.2599247373591395,0.1527615500639108,0.1579801984829718,0.190283320371193,0.346430812591305,0.2154729817526161,0.2334124929104246,0.147511749741148,0.2092270859824723,0.2174765903602101,0.1062262503631524
2025-02-07,0.2242754550882862,0.2000620837864473,0.6108145890707787,0.3992021394516625,0.2326152347311669,0.1909633241014591,0.2737560631899582,0.1690170241365945,0.2001071154678695,0.210623568912468,0.2273627789785747,0.1621113646732175,0.1934417957022865,0.2498176126457683,0.119878423099584,0.2111708566838945,0.1704206593182243,0.3045847543689875,0.2569088460955891,0.2577463870464391,0.213506447246019,0.27131508856038816,0.1579272851433391,0.1608784108460404,0.188132193235037,0.3764086472888748,0.21543757380359,0.2481820727866138,0.1579818456622718,0.2137015044764921,0.2246167985445707,0.1116009710438195
2025-02-10,0.2202341383079036,0.1982379328472789,0.5908989490411949,0.3979977636949759,0.2627861931560396,0.2198419665775147,0.2524758052857112,0.1687071147808088,0.2009636433406579,0.212730611186814,0.2386563106292282,0.157364042315409,0.1992987907483318,0.2539573179670172,0.1187380840782505,0.2212793921848712,0.1676152031045547,0.3080423936012803,0.2452298144050479,0.226583802875611,0.2138073586571359,0.26728625410171175,0.1448127124852625,0.169488320197308,0.1372714989948272,0.3571819438047612,0.2093336959407421,0.2444687959306294,0.1450233218606706,0.2095429847142341,0.2187657055439204,0.107925952457157
2025-02-11,0.218887446390331,0.1888028060174665,0.592006957035151,0.4041798127853942,0.2508815450205879,0.2221909221254059,0.249175458318311,0.1571321935213993,0.1994935873857519,0.2124301646247099,0.2346198922902209,0.1647652205368887,0.2038592172709843,0.2453603205324827,0.1074499331906715,0.2043039919821804,0.1648909463428174,0.3108425729451362,0.2439692468772436,0.2478560033525666,0.2168898387865232,0.27434878814658586,0.1473623440408934,0.1308671242860259,0.1376315115526032,0.3568834795562908,0.204607027705167,0.2578795179332788,0.1347556571320001,0.1985050174854658,0.1915495262859304,0.1114816135928287
2025-02-12,0.2267761426104749,0.1939793376497686,0.5948868314578407,0.4113141853862465,0.2485716152039055,0.2223961842956528,0.2583841675196746,0.1604899589431733,0.1997576162476129,0.2084337131255265,0.233758143963539,0.1643684622928478,0.2097012329511387,0.2727491213502804,0.1100334312877248,0.2125360915464697,0.1651316319000574,0.3010799051876321,0.2516125800420786,0.2887160529447183,0.2215564940662511,0.27911125029346967,0.1496642183837051,0.1300079443957279,0.1400542547727472,0.365951411356749,0.2053928556815527,0.2573191580604537,0.1483222388068133,0.2198564893197672,0.2164904929711336,0.1099705408814587
2025-02-13,0.2192457082533807,0.1911456059446472,0.5957174105287584,0.416991164856111,0.1716987953140071,0.212749436835208,0.2514746420918275,0.1568730395699907,0.1953268748621386,0.201339518976922,0.2326421993257432,0.1603056299808558,0.2003120079835705,0.2594401428615114,0.1008423148952303,0.2361771349160424,0.1585711235656623,0.3090312671559114,0.2507555029386171,0.2716499043037024,,0.2732587913571842,0.1506533953086898,0.1178120584252593,0.1412945174333817,0.3468793509005595,0.1993863535110817,0.2508304128766538,0.1479208252498465,0.2359358363794275,0.2092749006529017,0.1014868383679711
2025-02-14,0.2118635431527713,0.1903765200961754,0.577345351473902,0.4241272117455522,0.1710161537546214,0.2009201701138173,0.24726220759238,0.1471911447854017,0.1873052086919435,0.1956447414948297,0.2289363725765723,0.1534753802534074,0.1892045912295865,0.2313098267028958,0.1007361403426968,0.2258152942568609,0.1948815712555128,0.3027623235240947,0.2384097931225486,0.2285885860851637,0.239514003286259,0.2793637130140153,0.1606795592069699,0.1174771346620964,0.126761055767096,0.3603759505417547,0.1970784716923216,0.2501548603768572,0.1881743294735844,0.2053778350739531,0.2097150328351346,0.1000176204153947
2025-02-18,0.2146716994778823,0.19633400233283,0.5843470776241166,0.4414200692108463,0.1801647215954583,0.2097037860076127,0.2662054573655922,0.1611881994130817,0.1886267241503552,0.2011559785322142,0.2424932427772506,0.1590636750058656,,0.2811931294098419,0.1612575531901557,0.2394817732014011,0.1942373316075635,0.3090425473181172,0.2506765067536745,0.2236796585503872,0.2488134784147523,0.28856239795078226,0.1625807327450195,0.1258353857914892,0.1296228871538628,0.3951582269581193,0.2006074740456029,0.2654761887011549,0.1998154829629262,0.212504167840924,0.209175716291877,0.1087155733531895
2025-02-19,0.2076153472930211,0.202394541341297,0.5751258650028895,0.4491380144003736,0.1645730845959602,0.2093615589085262,0.2637973824156863,0.1521385354513795,0.18976709468931,0.2017912273694458,0.2312589463825914,0.1647001934024882,0.1916055400406916,0.273240181254589,0.1443934640488503,0.2413583856081508,0.1930878440239511,0.3017959678894255,0.252613983999863,0.2350587559271152,0.2488030527250493,0.2953751557464353,0.1576982816563536,0.1114663611537363,0.1343847246145237,0.3877095677576153,0.2040151422693061,0.2673026163454837,0.1903078502736284,0.2017619894919335,0.2059513592640487,0.0981366022038334
2025-02-20,0.2072088389840286,0.2098840481871606,0.5693888278010659,0.4527847070990938,0.1701788236519688,0.2119665648432147,0.2571330422211244,0.1597434522329305,0.2113485536995615,0.2307588829059895,0.2488235321954273,0.1619797298770737,0.2032189746529352,0.262723507592452,0.1467375877570611,0.2336264222731388,0.185872787793509,0.3103755650412306,0.2497764093836721,0.2346923635279963,0.2556037751316153,0.20462910178753063,0.1563124029940796,0.1199849143737509,0.1463453032621574,0.3942168666551487,0.2163255019391489,0.2638922399010502,0.1838804511785605,0.2240429160732309,0.1941336219895329,0.1051433294644939
2025-02-21,0.2209546636817218,0.2180317007978973,0.5575755206840776,0.4731459035791549,0.1812394198979547,0.2310660883789189,0.2762751616653358,0.1829295003318801,0.220088337844915,0.249247029250837,0.2547165572959076,0.1675947293566411,,0.3329142378683408,0.1588389547827301,0.229201080340843,0.2038326885017195,0.3573082491783191,0.2688895776166379,0.2437863488744735,,0.20361199138874672,0.1531559526565182,0.1395892985430361,0.1496507432527627,0.415775982219134,0.232580876405859,0.2823932603725891,0.2041986937629029,,,0.130388136070122
2025-02-24,0.238300494405812,0.2384029958805708,0.7053788173132142,0.5043258060786905,0.1916894087430777,0.2226887483256947,0.3073131960233114,0.1730063661106068,0.2261686544936062,0.2495679145697646,0.2749614168513889,0.1739618153339538,0.2014253040433929,0.3052974590652647,0.1628121584637906,0.2420799918201431,0.2069034382611222,0.3314117526682359,0.2661580129100374,0.2557047025071475,0.2970665869682686,0.21524968211474768,0.1697938586403225,0.1392886791716064,0.15128713695084,0.4528515169358184,0.2371073707704689,0.2663736527600415,,0.2360917349931395,,0.1474324440317039
2025-02-25,0.2480210269841664,0.2491144309871297,0.7444238125064973,0.5274578330321551,0.1988552591731315,0.2520739762149306,0.3212574380692852,,0.2448974874261699,0.2706467708317938,0.285678444589232,0.180068642871059,0.2352640203559541,0.3290664907711349,0.1771526464028591,0.2467506701080548,0.2202296934880434,0.3430515490333228,0.2818906318066693,0.2642540787724813,0.3211146428010087,0.2320626003134882,0.1692646139700253,0.1596451921530162,0.1542110399993272,0.4509735279340441,0.2387109368668603,0.21343788605404,0.2041747821310328,0.2229533227073853,,0.1530634005715467
2025-02-26,0.2525973693804609,0.2379203856735743,0.7001989094506693,0.5386673744604035,0.206181699154249,0.2511398115021819,0.3073037388392643,0.1798170115905838,0.2384305902301024,0.2692562364487635,0.3011583680331405,0.1814645773218688,0.201197043898008,0.3026010831559334,0.1766198907218346,0.2528569480535236,0.2435313216039203,0.3544530872155528,0.2895475510518602,0.2627385563956024,0.2572695709520274,0.2248821592784939,0.1670684363116969,,0.156189103441789,0.4530730530063879,0.2511912100712166,0.2302842765689618,0.2113697904657763,0.2290926990338553,0.1810277475030266,0.1418553031462445
2025-02-27,0.2767907741705144,0.2703409016217373,0.6294286886843691,0.3240563315007377,0.1997302115340696,0.2544704215043863,0.3309782064139137,0.1885015613815648,0.2559937223012094,0.2976040987351834,0.2898571827856031,0.2011568675151211,0.2024786273096253,0.3156160391386522,0.1778364414998854,0.2456010280908558,0.232551304821079,0.3557283525878783,0.3025091924434177,0.2631511050988155,0.2838212659254986,0.23834226173795417,0.1624350672414987,0.1626709590035523,0.1631147024642697,0.4673550809045169,0.2630387186009737,0.2344748161334513,0.2179192116924999,,0.1947754182809806,0.1641516295309684
2025-02-28,0.2405521180827459,0.2460284248759424,0.5742795893488191,0.3007431452871877,0.1783546495589001,0.2351783211486599,0.3269185508414565,0.1761146752369793,0.2294305699666241,0.2903740462745773,0.2621017244509379,,0.1900038557699491,0.2626730254242216,0.1534758937190984,0.2125293435394882,0.2099163469808571,0.3223260053451769,0.2682286702446027,0.2786528542357902,0.2604573557459892,0.21143721174930144,0.1534806062409886,0.1413390927110083,0.1380037436245043,0.4623953971447236,0.240024236170518,0.203232568295557,,0.2156041514713383,0.2908643916591309,0.1317313893724123
2025-03-03,0.2914957656834964,0.286564988655144,0.6737480831411685,0.3351828934304914,,0.2664134047723185,0.3547870790113375,0.1854846349769179,0.2749961444265771,0.3443988388006052,0.3144955902021206,0.2141603738557155,0.230513923093139,0.301308361972437,0.1801673448782993,0.2424659618217797,0.2363041191233646,0.377527179512871,0.3243728522841711,0.3167563166028128,0.2761430016638518,0.23847310133350103,0.1778333440600355,0.1482006216814366,0.1898146511346426,0.5351198429633259,0.2607514187725893,0.2368364403267003,0.2470793566499498,0.2435595147604767,,0.1782147410593156
2025-03-04,0.3155337744881799,0.3072043883836699,0.7131833000235385,0.3460426145696904,,0.27526022943624,0.3742945145813841,0.2098432918015201,0.3187778927774949,0.3781004960208292,0.3553589275029035,,,0.3164576596901264,0.2077341846637894,0.2469327560056451,0.2513527003892967,0.4413169331729936,0.3313240962201285,,0.3041414823922068,0.24906208872847843,,0.1596403439932467,0.2129434014201798,0.5686933351945684,0.2874237455485162,0.2466155446613558,,,0.3351847724546863,0.2086940439980278
2025-03-05,0.2904317587229607,0.257830187281954,0.6734712601234671,0.33025583681085,0.2147546382756681,0.2554771285203022,0.3542326376637568,0.1988179998401818,0.2833737601493213,0.341034645442842,0.3307775507679136,0.2176542929796242,0.2264720044103379,0.2928320369466622,0.177962983706327,0.2326669115610756,0.2321750083275768,0.3953860725528278,0.3034452712819715,0.3146819198010712,0.2711645247961423,0.2327612281544918,0.1743158066981261,0.1379727219297829,0.1858032517813471,0.5645932594894664,0.2633603482169614,0.2463133092817485,,0.2736875410575675,0.3134549366184933,0.1788322627398859
2025-03-06,0.3203138312872864,0.3073638543276208,0.7054429551192383,0.3843335942057395,0.2555528241277411,0.2863219130080943,0.3955204482031303,0.2087464522399228,0.3206243402323513,0.3978621766128578,0.3445083017531956,0.2469857311605854,0.2426713430194171,0.2886310947891867,0.1902316782589422,0.2339626466546893,0.2440314088308327,0.4580519455937382,0.3566105871837676,0.3360597635585331,0.3026314554176497,0.24486298377874338,0.1800538207285046,0.1503518618865207,0.2000925178866258,0.5857426062044772,0.3054227474550431,0.2673656798019397,0.2712154911642117,0.3033179636460169,0.3651812542012672,0.2187059927200949
2025-03-07,0.2863661922721019,0.2826250386286282,0.6586771015010722,0.3455088169487713,0.2051928486605515,0.2689183677284492,0.3787119234299071,,0.3052643929739777,0.3685920165593483,0.3378342064161239,0.2350203571495794,,0.2768398509479463,0.1837369025649398,0.2393384658244048,0.2390259806024288,0.4307461053842392,0.3179945928866526,0.3315570187853719,0.3017388211761323,0.24615554354836106,0.1999422388436311,0.1399057784279363,0.2007823480773742,,0.2829182727366266,0.2328433208103257,0.2386161174518262,,0.3222748924216614,0.1829142334368277
2025-03-10,0.4005258444174729,0.373901929001497,0.7733729946523897,0.4357581647181862,0.2834229750073235,0.3609857771073032,0.4914284189671246,0.293125510294249,0.4179105299649128,0.4842559208277063,0.4567026404807912,0.302096138911086,0.3354972029107795,0.384083219011206,0.2311537040255872,0.3031697330097802,0.3397460373398098,0.5268444917001859,0.4107083242389369,,0.3900190907148836,0.3452456548034663,0.2305059998192599,0.1900217880867743,0.2622267526309789,0.7102140745285423,0.3560474270963867,0.3082558699391264,0.3032876243059689,,,0.2475981822214713
2025-03-11,0.3920812271081282,0.3431065160771478,0.7402947715492384,0.4336873227139007,0.2784548613304758,0.4033542673262779,0.4559364364085126,0.2939852705892909,0.3950483562565881,0.4723091695776871,0.4375723957452341,0.3237916606648822,0.3607311270023398,0.3664028035785857,0.2180775393370981,,0.3036932557734048,0.5042572149398847,0.397095769705607,0.4537184991741939,0.4038259046985241,0.3207017220856585,,0.167414049442714,0.2814368424069682,0.7917207831645379,0.365095250164879,0.3016469274154076,0.3001445381429233,0.3648714466697424,0.3784228304454818,0.2611254192157677
2025-03-12,0.3649503712071488,0.3070163842118625,0.6916794859155961,0.3857336858151939,0.2624215065681647,0.3274619273532941,0.3949770311019865,0.2587756984173804,0.3466237053669267,0.4084541812676308,0.3952595345052516,0.2743398312417909,0.2977874510250035,0.3534696320926046,0.1913086964946572,0.2325254577383639,0.2824056222468172,0.4578223983659418,0.3603271419961081,0.3937807190935317,0.3610383933021318,0.3066396779583372,0.2147592106918615,0.1577709163937709,0.2468911601978523,0.7615787619524691,0.3197659020631198,0.2706523216848272,0.2828616954699267,,0.367701780709015,0.211939778645141
2025-03-13,0.3880487950253167,0.3123299245332619,0.669757693645862,0.4016870959965578,0.2758909945379062,0.3061547426608179,0.4134210314610351,0.2606827316172628,0.3493149270608886,0.4037993718013757,0.3989823219635244,0.2826641777417019,0.2727087279162351,0.3558156583335958,0.1932771774808096,,0.2830751381953441,0.4596150501333639,0.3553517289905287,0.3966554083067952,0.3499052665717989,0.30767151182685404,0.2151228283481119,0.158641186125841,0.2463810271857799,0.8393017791595268,0.3200546314408803,0.3477620904999393,0.2901928323743014,0.3334258459863042,0.4227007110418729,0.2344112146799874
2025-03-14,0.3153398621880364,0.2472861655217615,0.5814967105910482,0.335213370158772,0.2354623969991912,0.2973741670022542,0.3440778796810758,0.2139910736411012,0.2842458799468016,0.3352358167889049,0.3282166484437745,0.2278046533866951,,0.2832922670394528,0.1540005770400248,0.191899545265076,0.2337876340801944,0.3755690976489774,0.3095329298281817,,0.2718757825411563,0.24363327099526955,0.1835438071056863,0.1688948816722561,0.2131671654414106,0.8228043719120934,0.2718144580923853,0.2817811266618711,0.2196102034964252,,0.2957639490287194,0.1648760955300393
2025-04-01,0.2853819616601992,0.2867323932773613,0.456653812782503,0.3224414649311264,0.2457019949300587,0.3613595461447996,0.3827401039154965,0.1689132785771517,0.2606291996142384,0.3423121470740926,0.3203673089061488,0.2459900210413472,0.2794578206003842,0.3362619891932812,0.1919083946592281,0.3391433949363711,0.309420583870465,0.3956748034182129,0.3110787758347165,0.29369196960909,0.317522173159232,0.28039591117718693,0.1747781825343407,0.1866988923803505,0.2206937230174559,0.3057584014058587,0.3502126046597884,0.2507551049057691,0.2091945101358398,0.2751792818068012,0.3243804541257983,0.157530944265015
2025-04-02,0.2854417715365783,0.2857166430955775,0.4540630745133385,0.3092830906187009,0.2366422110919041,0.3490684818290647,0.379232252733401,0.1691463670198201,0.257763529866109,0.3337826432282967,0.2985722432654268,0.2426223655783585,0.2569762629407611,0.3329068595375007,0.1829737982404906,0.3407933621604384,0.2926638787925736,0.3683552146518226,0.3027090280139828,0.3075799062728064,0.3181437554138383,0.2820247164492562,0.1743090770595337,0.182475810735326,0.2203409031337997,0.2999625907932821,0.3402118394212746,0.2468190768130109,0.2119974735993419,0.2745786086151703,0.3264514615731237,0.1754569138694995
2025-04-03,0.3871959905787339,0.3276478934934949,0.5471533124028838,0.3841488010202353,0.3423815950265444,0.3819773977349188,0.4505792989284625,0.2074005886602877,0.3257313044311402,0.4229820926930853,0.4158818981575395,0.288917937104068,0.2872940996781501,0.3566310059310237,0.1973416405960376,0.3692201314750746,0.3005795421706926,0.4750312411442154,0.3627023539752447,0.3660125287143575,0.3605240439698379,0.3343498895689912,0.2010098213011943,0.2265979098479857,0.2781717089677479,0.4469767161835394,0.4126303277864587,0.2975670900415284,0.2816070389637806,0.3281803711345327,0.4150685683435205,0.2093726192866416
2025-04-04,0.4926861364358391,0.4427592619475765,0.7218313649647141,0.475288792734807,,0.4648171119096487,0.5412367009375234,0.2784023470052323,0.4979475468550129,0.5588798890308669,0.5853745769317198,0.4095190723988912,0.4252841198665219,0.4318057299743864,0.2435623635667232,0.5059991875362124,0.4117273056909151,0.7026692659703908,0.4473288062786478,0.4646091168231025,0.5012333567324369,0.37074626072879296,,0.2548958079331036,0.3348421434834601,0.3923757135942394,0.5350053435338523,0.372420448262695,0.4090113337925241,0.3886463439856162,0.5722654762875259,0.2970716457328973
2025-04-07,0.5453366493840445,0.4105524451817519,0.6709255855191879,0.5014142936965578,,0.4754058752780953,0.5832452652070313,0.3045715961665712,0.5076128787158324,0.5818268180786238,0.612251135450745,0.4440044541926524,0.4878179060108871,0.4580263545753457,0.3085858462201346,,0.4487045005126745,0.6688433990327646,0.5115793320225736,0.517415734921108,0.5900468893680809,0.4371511183602428,0.2695171861021687,0.3040482585178288,0.335240603843804,0.5879606443348208,0.5487477095685964,0.4037626432571459,0.4356745583167892,0.4090290885084466,0.667254257873741,0.3542925496461692
2025-04-08,0.6279518152328574,0.4819226957010186,0.7283338410039721,0.5468294772824299,,0.5329328352705472,0.6117652330451501,,0.5876718138373178,0.6326661557715805,0.641352274431785,0.4548269149197037,0.5020745798710072,0.4049350789080983,0.3320514597545453,0.5106691863126336,0.4710346929918333,0.7040156733363683,0.575369664668934,0.4790266766406595,0.5713723036261816,0.4920829671389679,0.30199517262958,0.3255118064053161,0.3552474463163216,0.6377047207452223,0.6001392294655745,0.4618717512576588,0.5528544591645005,0.4414731106138809,0.7212217706130857,0.3579049413523929
2025-04-09,0.4016718547975227,0.3270550980134973,0.511399422903189,0.3768117480635817,0.3191223427550918,0.3843562886077691,0.4315590923462765,,0.380842067269237,0.4507293595329096,0.4265534703824436,0.3131911019240561,0.344796898026292,0.3151641376503973,,0.4112237947697018,0.3419189963112682,0.4816380797386574,0.408833847546123,0.3480865343222564,0.4304413935688039,0.32484888103551524,,0.2372034021808622,0.2430207292481583,0.420167491097989,0.4326875578609424,0.282165397829868,0.3510304048548354,0.3168910579827421,0.4582875114284846,0.2287872191668905
2025-04-10,0.5224467123004388,0.4036298182259943,0.5916450946737122,0.4503564972363103,0.3929627671212694,0.4673991909257178,0.5371992139464694,0.3183930884851137,0.4822612519752193,0.5412109169979986,0.5345368310488648,0.3812129524276892,0.3576006108435365,0.3635297596391869,0.3049968405521668,0.5163821846914778,0.43959423685546,0.5745425733093749,0.4631570348799391,0.4903850669224061,0.4973296025331589,0.41248188894151316,0.2799630968888801,0.2702211487493408,0.3177449291632616,0.6042587577070709,0.5237406415044813,0.3812996721828859,0.4734777105040214,0.3821794040000817,0.6152658156264632,0.320958255616774
2025-04-11,0.4695538468618548,0.3567941392377899,0.5608557016788028,0.4161392348460821,,0.4353565098702026,0.4934619888750496,0.2904382977093436,0.4078162687873606,0.4929432123172973,0.486775010392656,0.3528380442555442,0.3769725652747626,0.3404792895484312,0.2440982148869514,0.4471674689060923,0.4149988978162849,0.5468825484341963,0.4366054492465563,0.417651146366891,0.4741220079326123,0.3672040707182801,0.2535067525439246,0.2347496731524671,0.2767590620737977,0.5767993626171479,0.5110766073489397,0.3613617825169039,0.4171001690846757,0.3625894586231978,0.5980248604266597,0.2896308890924972
2025-04-14,0.4359657980017926,0.3223780876564698,0.5474002291186737,0.4107621645192081,0.362056278608753,0.4118394048105964,0.4793569046005984,0.2779070131639737,0.3377895108124154,0.4157778799497971,0.3998074764198921,0.3149183967436389,0.3120464771415694,0.3223526127130426,0.233923353431465,0.4348781907323006,0.3525855288375177,0.4996515753459081,0.3801736587679274,0.3805279058254643,0.4465084897962696,0.35315078728445803,0.2101146645103212,0.2235801578410696,0.2730138483396985,0.5117434458197073,0.4681072113322832,0.3192937094797536,0.3477581371620023,0.3623819834959693,0.5256432613835262,0.2305904051312063
2025-04-15,0.3977959479564766,0.3226703189367715,0.5090869444731844,0.3698499355223404,0.320190324883048,0.3954551816834014,0.4525980194818194,0.2623225972662918,0.3113182685969359,0.3706951944669001,0.3942812074905768,0.3020303899890247,0.3326524557732032,0.3088669448975956,0.1943800305973029,0.4183644722899628,0.3153650189567762,0.4865208034032633,0.3791919104639412,0.3775281058193899,0.4294955173928804,0.3215076583112246,0.2011734985100324,0.219239251242449,0.2597794200452256,0.4625055099104304,0.4368064621543979,0.287895533334338,0.3212688903464819,0.3296441333681013,0.527618929031211,0.216288864917608
2025-04-16,0.4314227897893954,0.3429888733707231,0.5471469274506832,0.3862401059641893,0.3392784778945376,0.3917105520097143,0.488711295197249,0.2721751372535196,0.3410383935200816,0.4070456947936513,0.4413309251183681,0.3315098223897134,0.2553765408091126,0.3055294415604894,0.2199896416204267,0.4479149169897512,0.3679810854130332,0.5033797181744321,0.3711611296207771,0.4138495293459449,0.4590369306731443,0.3887049872024453,0.2529684049271065,0.2178587359293768,0.2739133980316934,0.4980562518898751,0.4483292088604884,0.3293819021109738,0.339329249608794,0.3608402880093285,0.5628004922496345,0.2537036653746815
2025-04-17,0.4127054475933288,0.3417397307174146,0.5517400261821305,0.3619477568527065,0.3350482665366164,0.4008328759655231,0.4606239607202737,0.2792005478040908,0.3138252143950608,0.3726622416633573,0.3684357450836882,0.3101105809803446,,0.39111039364304,0.2045981525676797,0.3800109450419912,0.3432060953465931,0.4768263164803396,0.3815484835974961,0.3724748726819827,0.4613293887915716,0.35765189392955743,0.2290857661962778,0.2242128637838359,0.2515355252786203,0.4500627851650147,0.4402426758772131,0.2873724436024727,0.314114729307001,0.331485232204947,0.5219340270121948,0.2358459089576918
2025-04-21,0.457202855214895,0.3859586833792031,0.6061562865050609,0.4295860696714075,0.3721013194976633,0.4532643264508154,0.5207593444496416,0.3414039093721999,0.347058022911295,0.4339899844452632,0.4013785048492279,0.3590419062111097,,0.4253945331560426,0.2119078802660017,0.4347534713817561,0.3693141729556782,0.5281155933217802,0.4620892696110303,0.4147716688800218,0.5128280278995166,0.39463521993597217,0.2986090057877193,0.2504609929485113,0.2841892658520133,0.495115277818596,0.5136540678985306,0.327187729272678,0.3622623660693733,0.3807037875440902,0.549091413423583,0.2788795050341123
2025-04-22,0.4194053265661995,0.3566458934740864,0.555361642481722,0.4072356491993165,0.3438856336376801,0.4359206447997892,0.4969242819748534,0.2394490316208148,0.3159023265517021,0.3894574594313285,0.3816616428568982,0.3424719195176251,0.2577307854876545,0.3480893488630131,0.2052918216198125,0.4274940918763904,0.3511508984586417,,0.4115388786969314,0.4129230414284444,0.3524411218612705,0.3672105934898828,0.2919915247812663,0.2323738506034124,0.2646723806570607,0.4894390791932467,0.426920542783499,0.3149622383446908,0.3419747695261345,0.3305230906584163,0.5157831011657052,
2025-04-23,0.4010102065720667,0.3329657489581518,0.4985058926107873,0.3905531809953901,0.3555560617858735,0.4100630868005754,0.4902604383968367,0.2517301832326229,0.3086334451356513,0.3681330804178169,0.3694659854968214,0.3314424987766505,,0.3260273447826313,0.1948018558710249,0.4081964151872396,0.3600667354650848,0.426113391175781,0.3998038558279828,0.361744495171664,,0.361694042271105,0.3011251614676012,0.2537127271644399,0.2737407916623738,0.4874547269226991,0.4392307231485236,0.2937559426525024,0.3355886502835265,0.3562694006697996,0.4825430311467138,
2025-04-24,0.37813101911669,0.3377873207179067,0.4799438481820666,0.3635474182504601,0.3718908881191906,0.2570566743010842,0.4717238220608729,0.211215443333156,0.2797299670548714,0.3477342184896091,0.3193214891602882,0.3109136518383557,0.2724986533452879,0.3299131008619024,0.1960842746208825,0.3213763287821468,0.3314621683596409,0.3800444936633962,0.3813381689983919,0.4365911088347561,0.3087978142960884,0.35448725180740476,0.2139710631127552,0.2340296464118717,0.2647554519460655,0.441473444113115,0.4599326889793003,0.2746516707568117,0.3161335201248476,,0.4442913862190248,
2025-04-25,0.3576456117935806,0.3307150017421703,0.4550536040090249,0.3546516477348804,0.3461844427985847,0.230292744979355,0.447864148121291,0.210936461743866,0.2464227791064726,0.3353213878736221,0.3467205498374279,0.305256732689826,0.2210665409652509,0.3272722365909447,0.1987355080729825,0.3255541526827385,0.3273645464016236,0.3450724227885003,0.3734427403583107,0.3855372582816742,0.297865591391372,0.35288540698456994,0.2239997704238767,0.227822558632933,0.2580555918391448,0.4288890414237666,0.4486746350898325,0.2711729123179672,0.303747261450155,,0.4013268155381719,
2025-04-28,0.3722406438291392,0.3548259553151746,0.4817722100967243,0.3523888017314252,0.3816369308193292,0.217554305283867,0.481411118179645,0.2124361105343756,0.2698886812846798,0.3413489906249914,0.3403267356923691,0.3077843419948342,,0.351312177952343,0.1921693757001212,0.3084991655417995,0.3448570403910898,0.3514909000829527,0.4112373465168242,0.4392640954891963,0.3076863384471996,0.37198250948064776,0.2085424719701013,0.2491653636543785,0.268797215730246,0.4334566357924741,0.4854045012146955,0.2782157920858514,0.3100038870304929,0.3745703418114274,0.4230296254072783,0.197537680745215
2025-04-29,0.3682049728663896,0.3380029368133705,0.4614686852276313,0.3229760889327033,0.3685763726492396,0.2330332365019678,0.4860882500139179,0.201526996651996,0.2604561766005835,0.3273025151442753,0.3050166376625147,0.2730542647564658,,0.3550642080949842,0.1896177324613215,0.3125488521380657,0.3571041879868342,0.3387569479087042,0.4038630773488794,0.3025141006919805,0.2865409746195902,0.3667507273493426,0.1958214974795572,0.1860931452798243,0.2685928841243944,0.4254139892648003,0.4874675218114811,0.2700159137647275,0.294304041119569,,0.4011744970571136,0.1975677074357708
2025-04-30,0.3885938638663484,,0.4574145245028888,0.3173166690827771,0.3887243503835406,0.2128321428616489,0.5035273653537055,0.2176274503271289,0.2655257223914484,0.332845480586265,,0.2201794438020283,,0.3141218586428409,0.173600398817904,0.3135889507647265,0.3511289314831194,0.3182475848547143,0.2945604994771272,0.3054112552268789,0.3046903584574509,0.3753223236017275,0.1935800779134007,0.1943439380403946,,0.4318719862835573,0.4823308389520676,0.2531956803477522,0.3488459964847734,0.2560200290743155,0.3720563555483003,0.2025644612514107
2025-05-01,0.3473440236803139,0.2232068195353078,0.4585447282975606,0.3298307751438254,0.3804053512041414,0.2295630871419588,0.5078024866220789,0.2276966423242255,0.2679429178759308,0.3275907624297191,0.327059499565524,0.2296534134184995,0.2577998238785656,0.3424791434623608,0.199561168594824,0.3376243773413854,0.3947136575783658,0.3406830805244265,0.3307233537290149,0.3264233522065746,0.2913443682664436,0.37850253181685106,0.2100375079452887,0.1986876016520718,,0.4095248579682554,0.5258983542480253,0.2731603046887641,0.3559256024469504,0.2317009380992175,,0.1738540426284715
2025-05-02,0.2991033185160049,0.2015967840263222,0.4270055954313978,0.3188243966237844,0.3508142737836889,0.1968442263253062,0.3267005200832085,0.1999814174470807,0.2333263803567676,0.2930542909435395,0.2905233819337659,0.2052519181336081,0.2137017189426601,0.3329021055341711,0.1724126962375252,0.3059557612939709,0.2468069591201107,0.3303073264060375,0.2754426621767259,0.2889029846376468,0.2737265882282255,0.3595244253008934,0.1826555918787232,0.163821463154832,0.1743967656300124,,0.4884704753260737,0.2388303713314588,0.3119698023350981,0.2142864599039741,0.3695896476205746,0.169526303798959
2025-05-05,0.3483596870774787,0.2283814130186504,0.4647252839609487,0.3351925771747954,0.3999537040379426,0.2191713960150347,0.3466342902204244,0.2189182916277287,0.2544057245172033,0.3204909131514651,0.3049058463876511,0.2129372657514418,0.2156070907116918,0.3504601346499253,0.1900111355669933,0.3422214876126462,0.2516677323894832,0.3425234019045907,0.3016539845460031,0.3142201040217033,0.2927473955817867,0.40320879869917614,0.1979213640231115,0.1865672341346944,0.2351114644459796,0.4230047809171132,0.5780831718389614,0.2738873442620734,0.2884673928355585,0.2326509574383685,0.4191417095101689,0.1728478612759511
2025-05-06,0.3240784791303043,0.2286583941225684,0.5081048325079368,0.4248080140698181,0.2729589565932434,0.2294276952302397,0.333869852873376,0.2167312708011336,0.2489962524289751,0.3085340261877242,0.2888177960175389,0.2161542466098636,0.212291402983564,0.3401403447777278,0.1693012697557611,0.3403241118171367,0.2750801714443636,0.3329581074942301,0.2888939607440864,0.2519679874156617,0.264294428138199,0.303729585072888,0.1875868439914053,0.1650774148104585,0.1717544233230587,0.3784553596909308,0.3854885355681167,0.2743271895057215,0.2271999361848097,0.2248266355162909,0.3390259371243315,0.1767883850952504
2025-05-07,0.3285972280429282,0.2229853274967381,0.5124753472013108,0.4147484840280342,0.2801027654124464,0.2157744282335847,0.3243843080811601,0.2067737671803073,0.253725587839041,0.2874079536283942,0.2801960995452379,0.2090811953187881,0.2200703877609244,0.3407467809387653,0.1614986277259374,0.3294951978224342,0.269353373574713,0.328240282463465,0.2802327283731926,0.2643151522414368,0.2609630227925708,0.28092483744269037,0.1835318389819743,0.1608577626360091,0.1677888051294669,0.3781782954642658,0.2716402517982889,0.2599574050385796,0.2257592556813732,0.2224007828749,0.3523346582668648,0.1725624158059818
2025-05-08,0.3229463528847301,0.2085045855000535,0.5002468941417514,0.402114321179496,0.2675636313417393,0.2180335375621307,0.3237877028821307,0.2051604612772599,0.2640756719357135,0.2815755012000315,0.2816561228713698,0.2086097662908967,0.1941966372707119,0.3319257012401159,0.1655208565031756,0.3209806165226511,0.2795569308679659,0.3332385467189976,0.2855317472992249,0.2569633713533605,0.2521160888632518,0.287340746135768,0.1848787187330793,0.172513625340939,0.1706385490109573,0.3586385580178591,0.263392684774809,0.2601393250709385,0.2208718447836094,0.2338610967655462,0.3186907063105875,0.1646036991445569
2025-05-09,0.3000464610369919,0.1967647793557985,0.4934598344262099,0.3988675480907159,0.2629571388938546,0.2398081358149713,0.3078142482267234,0.1978453373785857,0.2398756535703325,0.268971448525074,0.2731241579226804,0.1934313393032436,0.1856705608423879,0.335574008228723,0.1660451405904713,0.3441596830599638,0.2720998439413578,0.3190177070483656,0.264839080604504,0.2551687797502868,0.2424529488052151,0.3004645224863577,0.1753406423026414,0.164490767460988,0.1560538367283204,0.3575099989532272,0.2483499506074403,0.263289254908124,0.2105294202401763,0.2262938985902866,0.3188419586802168,0.16301944618175
2025-05-12,0.2618735961749676,0.1795415451087703,0.4692514611626122,0.3858931653927687,0.2444467825036297,0.2212246972726461,0.271841010173465,0.1964578086056172,0.2094143844403374,0.2374193692040428,0.2302891321894277,0.1759595865183812,0.1776646016812478,0.3306735648618751,0.144873457413232,0.3045288307658697,0.2370437273270281,0.2789049371445219,0.2371849423723219,0.2078912904669728,0.2242720882352618,0.28418269882664077,0.1788248907439072,0.147774465494236,0.1462571227789725,0.3037704550797677,0.2295313031013108,0.2476779897171247,0.1775292430405832,0.1876091061471372,0.2658530719379876,0.1343696571004076
2025-05-13,0.2564558744947137,0.1765436286497453,0.4754894984493786,0.3857327152962413,0.2439801105088449,0.2229372689353805,0.2722795684483505,0.1905566480590414,0.1974743524001338,0.2251101647516262,0.2446412950785039,0.1818004192303364,0.1921460649824667,0.5321280362800425,0.1599793012696536,0.343412049288028,0.2425874725991803,0.2882605149170255,0.2492058010598316,0.2105841015903496,0.2078680535331673,0.30615376690645757,0.1624635831799794,0.142889734255927,0.1536986076140025,0.2841372101814939,0.2370296977810443,0.244982533986746,0.1631926819912348,,0.2929576022026341,0.1284869046903241
2025-05-14,0.2772367685225081,0.1928765391940823,0.4975619630319549,0.4064854920076154,0.2594403357063144,0.2366582471498285,0.2848213560996773,0.2045683642885534,0.2101173357808504,0.2475568893805656,0.2380176179713927,0.1868671197220571,0.1960106377667183,0.4994643122016095,0.1713450599804672,0.3596122843584931,0.2571101824392823,0.309978903211503,0.250719205112082,0.2573374345124704,0.2321744116341794,0.28531084030933207,0.1694655024612596,0.1479163930505931,0.1587808167274182,0.2992658079330555,0.2339310247533985,0.2462432737098802,0.1758080669099719,0.2012077863314535,0.2978459845661244,0.1353765906835337
2025-05-15,0.2675540854394959,0.1828427828216561,0.4931603320441813,0.4032925422932668,0.1869608469451419,0.2443504534692127,0.2876990600721119,0.1992259574464434,0.2246555190836988,0.2311372957325179,0.2449952759021555,0.185170720652211,0.1758145685471423,0.6854222612717802,0.1661358183055876,0.3562016324325382,0.2415380575274488,0.292940496863482,0.2425272953797244,0.2344733984314961,0.2231545083975167,0.22320607290667135,0.1814457547032505,0.1476830975129761,0.1500201978867708,0.3024779901895009,0.2373572019689729,0.2477051395023213,0.1696135791192214,0.1827175023063538,0.308204524061724,0.1310790606043636
2025-05-16,0.2585925225831019,0.1793216243257629,0.4849601619950721,0.4042068527378133,0.1928896408975517,0.2253365503921255,0.27526054692439,0.1904633528555491,0.2028377002314302,0.2241142315932138,0.2282281529158088,0.1744651909053021,0.1947856379639905,0.667939017400248,0.145265004152317,0.3532535184930823,0.2814379132636259,0.2791437870116814,0.2353871583493526,0.2562713959141524,0.2189827092897861,0.2158878559029178,0.1608833913211139,0.1444871065436393,0.1392626300775626,0.2937521688361529,0.2092695073302697,0.2308822193071357,0.1652915887195236,0.1867436372345299,0.2947256288166792,0.1252264093404943
2025-05-19,0.2662084026951496,0.1787500915109501,0.4906365192148624,0.4305178609091571,0.1846717301262098,0.2271957491011688,0.2846518234470915,0.2067916097915399,0.1929891608735681,0.2319942609346049,0.2507873995604262,0.1780269843661052,0.1998174749296354,0.5570535910514132,0.1487728607627869,0.3329769048319707,0.272632087117767,0.2795488864112604,0.2510104692142531,0.2587221279591158,0.2263378350179024,,0.1651934354252839,0.1438431925878483,0.1493012631319473,0.3261367796664799,0.2216086797238939,0.2319602193434705,0.2338830823531307,0.192180824719861,0.2955834798944967,0.130835522533548
2025-05-20,0.2797586813815532,0.1886455235825118,0.4882270205285742,0.4264308051779383,0.2013106112516773,0.229403587858565,0.2896951561794076,0.1942311702490496,0.2142268077270275,0.2371016824797095,0.2406184921431231,0.1795291631321247,0.1930353407760157,0.4944693123274889,0.1514385885981169,0.3332245451567521,0.2761564718466401,0.286882998951617,0.2453890729923353,0.2687018456517054,0.2260001996790766,0.23438215427386397,0.1694772388146486,0.1448577220682667,0.150863393392808,0.3050286360325334,0.2219947490563245,0.2038060763074179,0.2366666327284425,0.2052248891850812,0.2961592927487715,0.1315850484984611
2025-05-21,0.3120826785372207,0.2077697390685796,0.5121820232462027,0.443399139239484,0.1773001163909546,0.2556771428233093,0.3105104995858303,0.1837611539487216,0.2186251068852806,0.266798815257817,0.287353956038389,0.2129386534708771,0.1996830174301561,0.5137585686754512,0.1508514217036985,0.3375853501923324,0.298123824546474,0.2783749200101832,0.2602855471912924,0.2767358801154981,0.2352972424387391,0.232069825310409,0.175216618721616,0.1530061533197502,0.1532143724914603,0.3210233039851479,0.2362078668552196,0.2040394036080602,0.2560998626365757,0.2225639319673962,0.3186163022507994,0.1533663962134566
2025-05-22,0.3081127125473865,0.2020425061353415,0.502889006942958,0.4478428648874519,0.1864359232095841,0.2381389095272283,0.3062176377989263,0.1906158210747859,0.2222875905406492,0.2732477567131947,0.2524906951755864,0.2129200887735052,0.21663371780894,0.503720777560107,0.1588724118781591,0.3363093463389264,0.2966887661414057,0.2942682794561915,0.2516954982490296,0.2805486560465065,0.2372097572169928,0.22759760760178707,0.1731030529861234,0.1571388339396211,0.1558779198211926,0.3235974436682809,0.2249562265124786,0.2029577538306681,0.2539625624285961,0.2243093905666232,0.3002295329419119,0.1557567151301805
2025-05-23,0.3436699633145288,0.2107548806800553,0.5066623782086851,0.4747669027269182,0.1753484841699091,0.2457838250669523,0.3190474307964611,0.2005084234502096,0.2365396609452311,0.2677397254638273,0.2762514709685502,0.2196131880365774,0.196479596053249,0.4703304133581464,0.1509763216153278,0.3211738252845417,0.2899783865535301,,0.2612456223865306,0.2738202924512068,0.2643902393895049,0.23858558967346466,0.1731582219509138,0.1527274903177145,0.1531067673003687,0.3316815472292436,0.2273994941428515,0.2100513967159571,0.2531913137000184,0.2263085540059183,0.3065439410335687,0.1614306220649115
2025-05-27,0.3103282871882042,0.1917000602580404,0.499148487916691,0.4659839279384105,0.170933390305474,0.22880968078558,0.2919789046523547,0.1911318082657472,0.2020538848386703,0.246919362906316,0.2530463935364949,0.1923774606304484,0.1697340980581918,0.4428852534226428,0.1863933014052035,0.3290206117447293,0.2725342967227209,0.2858688170619003,0.244064710303132,0.2657067769709492,0.2619484921786035,0.2159122015089916,0.1621474259231088,0.1530234286427154,0.1428641673295608,0.3069170407693005,0.2207790522898145,0.1964919673583786,0.2506076337456909,,0.2576902206034793,0.1422141568835102
2025-05-28,0.310713865132208,0.197542823221703,0.5102076703577436,0.4766818906546657,0.1800088005810593,0.2354775116095289,0.2953135854403523,0.1993070415263573,0.217385925964298,0.2526505571241757,0.2706652185416763,0.1825378782038567,0.1755417509909851,0.4042811111577664,0.1895966036169974,0.3474664605649586,0.3313534938998501,0.2926750662781628,0.2497122275784715,0.2778521759009242,0.2610023569856815,0.22273012481982032,0.1657273587501062,0.1548530351866281,0.1491068896614387,0.3074101878422106,0.2175022334161694,0.1929543539159157,0.2569091180753367,0.2201386063743192,0.2882470477493863,0.1504365840044388
2025-05-29,0.3068735508537716,0.1916482428876076,0.3905906435227841,0.2909442848767768,0.1802709880210747,0.2330787942905641,0.2901151880538639,0.1850674457110387,0.2146333013593827,0.2436324465259302,0.2613923264971464,0.1946534117396033,0.2005983027361806,0.3776078838119323,0.1949478097118247,0.33759999677231,0.295948555077224,0.2943965525927666,0.2555924062535384,0.2662756861086757,0.2564195854573198,0.22427995351302138,0.1643498255078101,0.1549512228376169,0.1447950858858735,0.3067780012256823,0.2135887750670309,0.1909462493001794,0.2469111619063737,0.2120817077765571,0.2667999195941568,0.1377245998124083
2025-05-30,0.3010786466056902,0.1574212056817581,0.3686262048625081,0.2657677156458058,0.1719269771518603,0.2190668382227955,0.2782647312999008,0.1766775689843672,0.2020108295307487,0.2615925094718344,0.2449353143102969,0.1659678520324067,,0.362068810328057,0.1702098114832014,0.3130078326969687,0.2824264934537722,,0.2374365256550875,0.250709566492033,0.261123940820319,0.21086330506550469,0.149421075991063,0.1335936262020232,0.1411316828637823,0.2880276220524449,0.2018406543207799,0.1796771817685654,0.2277164110357857,0.2148534209128484,0.408300018275237,0.1358420645946644
2025-06-02,0.2977216905770808,0.1723499413883093,0.3624931920157975,0.2671355145210554,0.1739643887415411,0.2265964681843532,0.2806814438945009,0.1903719476085949,0.1973708301963232,0.2624739750003323,0.2535273470020001,0.1955727864237679,,0.3763611748326138,0.1747471220181103,0.3116595619057259,0.2704541288797892,0.2852267990093149,0.2509045973718004,0.2781602713170659,0.2590219932860094,0.21430896082189738,0.1645178089848156,0.1385732985482136,,0.3288251690512222,0.2018804297968332,0.1725452848177511,0.2275039861224915,0.2153494773778524,0.4128073278459192,0.1378005958541057
2025-06-03,0.285454584637335,0.1697770408607698,0.3533582522494921,0.2487265026707267,0.1753772155727692,0.2056231770606261,0.2836935638175398,0.1822303398445763,0.1841433260835507,0.2424414372890896,0.2468889159934521,0.1749984116083942,0.2224753513881359,0.3625807818493382,0.1751565566656048,0.3026531386586427,0.2612752337110126,0.2802976909310857,0.2529997456222185,0.2555011962270457,0.2474008016937737,0.2068480505810352,0.1670457903160523,0.1401636639442942,0.1711043902144872,0.3230870682493133,0.194605409003906,0.1752584328130561,0.2235953571428111,0.2149585081740282,0.4275438198715416,0.1237713779825135
2025-06-04,0.2769802455959239,0.1772328738328726,0.3651931219164179,0.2509470546137605,0.159525352045019,0.2241469810330791,0.2762983277376295,0.1933374867310087,0.1982777808943714,0.2599151898600847,0.2741918675447704,0.1868813048360388,0.1787939938293304,0.3326300533610363,0.1880786494816058,0.3115915011780718,0.3132039897083885,0.2710928314339345,0.2584350733278585,0.264490976185137,0.2365883883122009,0.2226016380281918,0.1744087242751508,0.1437930644437088,0.1740032622728934,0.3206768692893257,0.1954519476000825,0.1929838756728905,0.2396578065911947,0.2235048011447554,0.4444789261382323,0.1299523163033286
2025-06-05,0.2880747424927454,0.1701415828415609,0.3770654782185936,0.2590736047410823,0.1562837461660244,0.2242097919307844,0.2894220533909467,0.1687261512280987,0.2374032093980925,0.308654575978296,0.2749391794312962,0.1888507662469955,0.2047710638867035,0.3560135446391091,0.195992688539199,0.3069292778356988,0.3217868333402612,0.2966690117864871,0.2570727495727582,0.2799702065054015,0.2653146727477212,0.22573985160475388,0.1676270582534996,0.1513718886200324,0.1901778788858381,0.4385107541417824,0.2010623723879795,0.2258093852313445,0.2547701957335656,0.2113493649444356,0.426200944645576,0.1367937084209113
2025-06-06,0.274058168450413,0.1640646752882633,0.3676507602313454,0.2588030115054037,0.1574260169512259,0.212240380250927,0.2743992887939383,0.158876597913592,0.2186785333214757,0.2915348826202277,0.2780590321260225,0.1770533172667853,0.2026048479818034,0.3188937519869017,0.1910135412390717,0.2931505832491605,0.2979189531200217,0.2799401763679102,0.2549142921023021,0.2160634200896814,0.2551472215540208,0.21717140650219918,0.1582496705662975,0.1446183098883185,0.1782545076155451,0.4415377633207983,0.1884715118344921,0.2177829585553346,0.2336689363141216,0.2081498931803896,0.4050105559217398,0.1207633623410451
2025-06-09,0.2857296699785862,0.1774174462717516,0.3598852521161749,0.2557149216280489,0.1577521961185099,0.2204405430238081,0.2786637467108142,0.1627582379605891,0.2248953358905222,0.2936621633436578,0.2776284125451807,0.1863086623168262,0.2174111294740616,0.3206546050752515,0.1929974278295792,0.2761386176291229,0.3096485240392587,0.2863960996139951,0.2500573080743227,0.262738676133193,0.2611801325360001,0.21581179089651323,0.1593994874978615,0.1452163198160607,0.1742556646119896,0.4537196052353637,0.1885170729381371,0.2109906081262373,0.2366960100730736,0.2090513475142968,0.3928904912732921,0.1220083761206971
2025-06-10,0.2680565260312508,0.1711972644716625,0.3548052163961857,0.25706947817771,0.1556351635511364,0.2260378689189385,0.2691823381436538,0.1612441990176875,0.2239630854039357,0.2932786324674602,0.2756421383835279,0.1857299348411727,0.2585460549788402,0.3260368748105529,0.2048663431491603,0.2782092385181974,0.3189405262550198,0.2885441545220167,0.2438483632175654,0.26440921855287,0.2535991823912565,0.21507052198000612,0.1593363680922228,0.15468832929751,0.1756072466448551,0.4686367579504607,0.195494819840732,0.21857552985336,0.2333116979327996,0.2128107448653097,0.3923828708822278,0.1147272875522694
2025-06-11,0.2812292708215624,0.1750367247264793,0.352577310591575,0.2549660391604971,0.1527529608513186,0.2454726726722698,0.2738750421795933,0.1618215781964237,0.2260537515013615,0.298637782498327,0.2817142268709517,0.1801674461395069,0.2243533461541689,0.343921344102117,0.2008801350505681,0.2702388368387583,0.3132262995452473,0.2865168284978026,0.2428046127089483,0.2342479486105213,0.2688923128869404,0.22246359034313223,0.1792004885929968,0.1484148822545379,0.1722671733641888,0.4634735496513169,0.1971607474077755,0.2243908062463966,0.2534074267783929,0.2135827216990068,0.3921204916012969,0.1201149352708406
2025-06-12,0.2718835838471636,0.1734520844929146,0.355949663646519,0.2522572604935332,0.1551547146135844,0.2257035328396225,0.2708134053231165,0.1622350999665518,0.2275501828724998,0.2964704738530334,0.2759765817032139,0.1822327085726202,0.2296974585414398,0.3269143115042915,0.1997034530178312,0.2591681447937478,0.2933684862731025,0.3375464430212413,0.2436135282897424,0.2608125439761587,0.2632156694292955,0.21812973183305634,0.1577465594137121,0.1447264273113996,0.1721111031917089,0.4734268899811149,0.1974520847705495,0.2167082228511,0.2407266977516303,0.2046680238579148,0.4005281388558498,0.1200640845945456
2025-06-13,0.2848148118736709,0.1822132496140036,0.3775887352821554,0.2696454067083969,0.167996822090448,0.2368239805721033,0.288468296498814,0.1648767801234497,0.2409175021869212,0.3094911364517478,0.3040500573371826,0.2179607934001224,0.2526817845375571,0.3258477364736049,0.2006669755615591,0.2603721895708943,0.2918442950573205,0.3394275435959709,0.2520353000177381,0.258843773386028,0.2743156809498979,0.22998691260431237,0.1706521476259424,0.1838931541728984,0.1820696093009152,0.497528845265034,0.2020712890134414,0.2348419329723662,0.2702466187173807,0.2080007839104725,0.409370802601633,0.142069379759445
2025-06-16,0.2635623397804902,0.1676256174886807,0.345291360262685,0.2586336566845799,0.1564485011475357,0.2293441827649473,0.274896240161803,0.1626720353807042,0.234471959904262,0.2979509987924256,0.2961585538587388,0.2042661545026453,0.2554716359203229,0.3627895153412272,0.1979761435571999,0.2996513728134521,0.2964491591686363,0.3164637338327929,0.2462349318224944,0.2496180768210145,0.2528297184288666,0.2235958324196973,0.1658866932998409,0.1821933228942943,0.1821831763044979,0.4946898813282289,0.1802163230450153,0.2244101024218861,0.2449441949146259,0.211450396789501,0.4035293251950472,0.1329217284731129
2025-06-17,0.2828607851140468,0.176580284137356,0.3555712906398862,0.2708534982109967,0.1572147020436789,0.2389510014819557,0.2817828326361383,0.1654581217587782,0.2451336712490325,0.3155871090382601,0.306154014408396,0.2116271904194853,,0.3468376329400199,0.2132099025110405,0.3000796055752755,0.3012816055142319,0.342600656785718,0.2592282916075327,0.253694341155818,0.2761908628388214,0.22808803745138606,0.167511229206816,0.1933186150622559,0.1893697276928377,0.5152977376918336,0.198597496217827,0.2366387533513737,0.2672716225922598,,0.3817359017895499,0.1478081932674853
2025-06-18,0.2630664661157418,0.1707765377169474,0.3456013034030206,0.2687681172828817,0.1518723400752702,0.2548426862041258,0.2781063083086326,0.1642491913707242,0.2421852981724727,0.3188389757038044,0.3008462202514991,0.2565425733505384,0.2820654626874857,0.323949511310609,0.2154435764271153,0.3011523907891663,0.3006979324058054,0.310131720094898,0.2519766740064705,0.2468052349862224,0.2563058073232243,0.23030328487175852,0.1629599977349939,0.1825386973040086,0.1819171395008375,0.5146515595727932,0.1900663562159025,0.2330449787690001,0.2629821294585075,0.2221765685513092,0.3938828207479895,0.1408757853454134
2025-06-20,0.2573579016184799,0.1740233364453753,0.3387124010319251,0.2704249128830845,0.1511248607722729,0.2446661860541301,0.2826626900098835,0.1679358346213305,0.2387642609237504,0.3085532838817775,0.2995680387464065,0.2499817905758284,0.2969175298217663,0.3294824028884242,0.1862487714812387,0.2940207781368405,0.3157202787858308,0.3002704243019519,0.2566206020250112,,0.2576284287199537,0.23087119734168715,0.1617095695767711,0.1824066722184572,0.1826534448265357,0.4773826471358402,0.1881678369505104,0.227603117800623,0.2416462261048532,0.2051067619300453,0.3887325885359804,0.1509970519230924
2025-06-23,0.2427623283156208,0.1723470547820164,0.3204707489071462,0.270351112135399,0.1487274858319434,0.2381629179048734,0.2738388035187732,0.1536533453714453,0.2315516758793926,0.3102488297790987,0.2878847747768834,0.2235501348906754,0.2425771683513063,0.3179762510796435,0.1835554510984822,0.2937368074937538,0.2871648919870205,0.2900847622560715,0.2414323788168659,0.2495024541141223,0.2513610547674179,0.2030783319363684,0.1626414622058257,0.1781071587795877,0.1693848100675871,0.4912498805056713,0.1931338512952368,0.2119417997628478,0.2426932910027138,0.2132762679023176,0.4091507054034635,
2025-06-24,0.2478841372933081,0.1632738218836975,0.3097174306487347,0.2595756167313998,0.1381637134124486,0.2159390349466259,0.2585479356221914,0.1458342128684153,0.2249331620716665,0.301528029365172,0.284668149779036,0.1936642588455864,0.2621703276374177,0.2981055053791548,0.1892136567038857,0.2823205083528792,0.2439072898056623,0.288332865028512,0.2262997239890946,0.2341741072306082,0.236154135375942,0.2025051983896749,0.1535184079099368,0.1704190089684094,0.1662284339080822,0.4866011209896698,0.1931549337855619,0.2109436364566651,0.2211389914987337,0.2046572773697115,0.385652114378927,
2025-06-25,0.2428728930989604,0.1595153531995742,0.3443882281596679,0.262699686879606,0.1449409306753473,0.2199786741113679,0.2605412486669112,0.1349413014797464,0.2299238081788349,0.3076255199595903,0.2811567451629158,0.2134180266021639,0.2707737557172632,0.337073478302317,0.1891886465598514,0.2895746480862784,0.2315799771643187,0.2814660348360825,0.2125622990609532,0.2332391382998198,0.2377170886893313,0.20199881727430108,0.1437125931965037,0.173892240749972,0.1758862205280088,0.5090145013931762,0.1918268039499964,0.2065500166941727,0.2339624621978584,,0.3869714515981428,0.124299317582235
2025-06-26,0.2442716593109214,0.1629924242000902,0.3333045345223332,0.2596104016561737,0.1430459289467902,0.2060346237171225,0.2620896454359587,0.1291806022348796,0.2390930033873841,0.3239507856652946,0.2898159227208647,0.2063767984665912,0.2706230710523437,0.3032604554294933,0.1838909092324057,0.2783302601891954,0.2236860203653084,0.2817297955962377,0.2164455375538219,0.2234736522885292,0.2335931956665791,0.21853217926775026,,0.1754082410458673,0.1735098019673259,0.5145173075816379,0.1867204316424623,0.2082118136625967,0.2174554790518905,0.2073897756650698,0.3889323305833828,0.1196394646252553
2025-06-27,0.2457100706574718,0.1560147779477947,0.3396254712669985,0.2426739866005537,0.1220697331935665,0.1984693085928756,0.2528037220350291,0.1132512916382629,0.2229815760686872,0.3115570241976831,0.2868967405823773,0.1831962463529873,,0.2998661212172052,0.1729673931473201,0.2918707416278657,0.2254650008481444,0.2800394953281884,0.1935125057229881,0.2414100874669713,0.2280289544019027,0.1830976992778826,0.1449584564944749,0.1626379476174075,0.1700777119483036,0.3313671677919931,0.1773750079646107,0.1803649574547803,0.2078574974637263,,0.3992166299099159,0.1191736886820722
2025-06-30,0.2552050279019008,0.1619047982885222,0.3309073669853344,0.2599499621197474,0.1315801578500307,0.2023525269721592,0.271925626515924,0.1116046375232227,0.2336437965280671,0.3098915856270862,0.293771914999469,0.1885092027153004,0.2728357799042715,0.3029173348533987,0.1921722195155626,0.2604664830397694,0.2166119563813327,0.2829864764831336,0.2084844505465537,0.2598301725996942,0.2177471865271168,0.196994731473145,0.1418027523475882,0.1571514955430816,0.1667627192257112,0.289569309239207,0.1780955524021759,0.1961947967500976,0.2147361093271371,0.2111320611649943,0.4120083734774017,0.1218836549970344
2025-07-01,0.2541051794023771,0.1637004764688464,0.3436650296068359,0.261005950812649,0.146044713939893,0.2170179726012081,0.2733402271849303,0.1039079561791372,0.2375106370584987,0.3150595111826225,0.3211637447852949,0.1930746904486259,0.2409151135089667,0.3326086151653437,0.2214931537896011,0.2767361013245953,0.2441698763002979,0.2900011498302102,0.2083853472300371,0.2721913967263962,0.2284232226353351,0.20362358849037596,0.1457074613199526,0.1654473813566054,0.1714571151207256,0.2917502785009521,0.1833534139473644,0.2013044902281452,0.2099067359938667,0.2604894671693225,0.4102709007240484,0.1261662217782285
2025-07-02,0.2807394539378513,0.237444723714405,0.3740710856853271,0.2843676056419875,0.1331297722864651,0.2254365590423661,0.346123928753754,0.097768688125908,0.2126764947889639,0.2807036721619839,0.3181816684208967,0.2260534104064575,0.2396918115299169,0.4959782098965741,0.1835388988247482,0.2633220895723068,0.2751415944433986,0.2993098061934926,0.2448930645001282,0.2554490980373397,0.2939532212433768,0.2008022293578808,0.1679965526091475,0.1948893410155785,0.1796212567211922,0.3029571283405675,0.2813647931870648,0.2055452508730673,0.2384262849558596,0.2540570498462894,0.4317689413112245,0.1325969900967824
2025-07-03,0.2651243971386879,0.2302063918774516,0.3559391214675689,0.2752616941307345,0.2451848654295851,0.3057083822553825,0.3340921994111246,0.1563644062312613,0.2302389899233906,0.2768395036736543,0.2718534900259243,0.220868095882818,0.2495639773190975,0.474170385411274,0.1772990341716046,0.3262218138443405,0.254958107789959,0.3268208081314063,0.2526927244467324,0.2588663639276206,0.3141167846954389,0.2024336943932597,0.1655152587183011,0.1742280126803759,0.2014374372139808,0.2906001320176681,0.2790429009055992,0.207007337100075,0.233539095383046,0.2570944694028333,0.4793359562718937,0.1302708125665801
2025-07-07,0.2943450300197675,0.2441528798418076,0.3679007979764584,0.2847039773523805,0.2655867379910711,0.3214195595209944,0.3541029673284138,0.1571354340540786,0.2349966363555358,0.2868284124245535,0.2876727761224182,0.2398254910682564,0.2646380964000886,0.4808704122619033,0.1869094372221748,0.3462602978874278,0.282225389880091,0.3465292032562928,0.2694578125552666,0.2671894688126278,0.3281421913428091,0.20859567249489475,0.1766224845864612,0.2045506562359826,0.2169245732252522,0.3010216104735438,0.2987171723191487,0.218677557139188,0.2589295716002152,0.2636711676117387,0.5090806889241997,0.1361043411690711
2025-07-08,0.2881792939389909,0.2356547298500009,0.3674224703503858,0.2881085555828117,0.2755721722887439,0.3313136928456203,0.3574859462537502,0.151671304059716,0.2403903973268786,0.2866348095855358,0.2823955658831151,0.2433611804157868,0.2456039886150429,0.4807181502852021,0.1863771136790689,0.3437817304672023,0.2789475901567823,0.3348557614250526,0.2615647628913498,0.2608527139814404,0.3186460879873882,0.21750266748053698,0.1734264462118107,0.2007323557873239,0.2046489347578035,0.2955241590791126,0.302083807807577,0.2134429788883093,0.2552694540265519,0.2639944603195089,0.4944089805157988,0.1396118848618473
2025-07-09,0.2860759532672172,0.2354472101277535,0.3558664466738537,0.2820077214240731,0.2606925522772517,0.3069769806435994,0.3404979356313367,0.1518248399422479,0.2304246645404235,0.2789828746469365,0.2832934334656852,0.2319793521482747,,0.4816731694604887,0.1926904125072997,0.3377331567732092,0.2689917603538213,0.3332142523553451,0.2613204637899169,0.2597793309768641,0.3196715513678878,0.20806249831309126,0.1753247513759583,0.1962127826339261,0.2091022212043563,0.2888902161260889,0.2984552477171321,0.2055908929054763,0.2504027287136371,0.2659243308771304,0.4822379289368765,0.133555480539912
2025-07-10,0.282687572874657,0.2373579360088556,0.3591651814799863,0.2837671260379885,0.2535850781597589,0.3302810690897449,0.3518812995990385,0.20920462177186,0.231379191827143,0.2740434802467095,0.2956178375878222,0.2398278458027014,0.2574549427438138,0.4761891530189227,0.1664152714050307,0.3308281875187261,0.2579403393672411,0.326224439582022,0.2596406322605617,0.2889722018922291,0.3141290251454258,0.21383420783670912,0.1700899289791165,0.1940109671447298,0.2096455613303042,0.2704864270376095,0.2966050451312376,0.204097842630027,0.2482635135424881,0.2456984264417404,0.4712914202876949,0.1261424699642491
2025-07-11,0.2782615364372074,0.2354002440914665,0.3594441010936647,0.2780063365010218,0.2629723607690334,0.3308947093826235,0.340760545988609,0.2147753327903318,0.2309471905758966,0.2829156548360921,0.2803409784517896,0.2459877455450728,0.2478668660133738,0.4472732513244843,0.1884614945071874,0.329176920233447,0.260090606042319,0.3251481280059899,0.2570688938938774,0.2829867003050489,0.3154586449492189,0.20470466090014908,0.1710397193244376,0.1975639846555794,0.2125969744590138,0.2849181053389418,0.2996756445609942,0.2038009794063978,0.2678502014272386,0.2526275720672331,0.503459037550247,0.1269863511435962
2025-07-14,0.2887586155431508,0.2461200979013356,0.3566223301163953,0.2789796885230184,0.2783727343906991,0.3474445443077763,0.3423214309502129,0.2248725630132565,0.2390823819672713,0.2784679869307833,0.2899416472349204,0.2545740326831758,0.2677503732486124,0.4750788415865579,0.1834462168697212,0.3395399120026955,0.2728497462276073,0.3362852636965442,0.2712792507831044,0.2703870759719057,0.3271096556769207,0.20746291946618178,0.1885228683708226,0.1993999457096046,0.2205764445821051,0.2927684657680178,0.3164967310511954,0.2148318478276424,0.2769922016769752,0.2837262767335228,0.5011695435330296,0.1328092652462748
2025-07-15,0.2918323551009489,0.2517439775230714,0.3557987171809998,0.2721057983292512,0.2676702071257829,0.3514564969794492,0.3496846975117135,0.2282431283316378,0.2089071430117479,0.274060819234322,0.2932919094911032,0.260887431048788,0.2664581419351851,0.4953469752619333,0.1719680209958074,0.3558402226372744,0.2763219081444243,0.3365762437680952,0.2754795139704865,0.28674570968207,0.3290113473841823,0.20406085767645746,0.1861733431448094,0.1997180665713293,0.2217019362773618,0.2899374290823401,0.3138571049323528,0.2205229356919788,0.2733298260288304,0.2824635876193326,0.5194306666408726,0.1375326987966209
2025-07-16,0.292893688684292,0.2505226974211452,0.3558222089630805,0.2683962821113837,0.272831891456792,0.3520350029778532,0.3463128060664734,0.228455753760658,0.2024863130479319,0.2383031950638815,0.3024765369887082,0.2520564053662967,0.268456388873223,0.4727218466343575,0.1528073234359823,0.3600693168235059,0.272382576696935,0.325631412659296,0.2738345793228686,0.3119341983732078,0.3244222747770194,0.20277297160602664,0.1791445103342248,0.1993629909692568,0.2156575125515547,0.2909286738101856,0.3209687207009981,0.2206935461377666,0.272227872675338,0.2676166849149183,0.5433669419437581,0.1365069890726086
2025-07-17,0.296328612130973,0.248481296793985,0.3452447738429189,0.2721696068167887,0.2921325983754622,0.3500078596994646,0.3457671530382619,0.2383698632224297,0.1981004206576136,0.2396753432748782,0.2863561919574027,0.2504886443976031,0.179904201886633,0.4933547243082044,0.1375307046430699,0.3550188390760196,0.2728952987508306,0.3289692462626592,0.257607274087019,0.2764470534957956,0.3166106902562775,0.1995423360266379,0.1823706026042122,0.1956851653777347,0.2213550242034143,0.2795089110228703,0.3261073747461334,0.214042634289004,0.2857448050229187,0.2577454702108378,0.5200103095289726,0.1271996936227333
2025-07-18,0.2887332791129352,0.2453883927309042,0.3398803546885195,0.2796999032856095,0.2749537497158489,0.3542643152864045,0.3382552789401971,0.2214357889928382,0.1863006051684505,0.2300873485895651,0.2364289559880873,0.2385748054704872,0.1760547688974081,0.494233876499461,0.1228300933680306,0.3550160540386042,0.2715730194628596,0.3241263362839147,0.2611868061155916,0.3103186725874465,0.2331257081622026,0.1975919080468878,0.2177957626743743,0.1898219601245447,0.2174702427182362,0.2687518257966502,0.3189511672933908,0.2067178885685058,0.2366432194965753,0.2551050540633912,0.5097571424977141,0.1240671461966273
2025-07-21,0.2936464135039067,0.2533803811818853,0.3384812643079734,0.2853162002552271,0.2826816553582233,0.3546902119783337,0.3476960987935494,0.1733996839033633,0.198085561338305,0.2341579817058464,0.2282666567734819,0.24996581880652,0.2148809249259694,0.4859999389554112,0.1273096403748979,0.3655642494424042,0.2566949052408385,0.3315836989611594,0.2842507864356737,0.3046667670189854,0.236753711073699,0.1944288339663048,0.2175855059494744,0.2072594631440736,0.2231336197165613,0.2941600957366965,0.3466319416940168,0.2156357145913819,0.241953259654942,,0.540401802584311,0.1337932122784929
2025-07-22,0.3013552199601008,0.2684956753090238,0.3476319585594125,0.2878071972663638,0.2875698032275464,0.3626826951976031,0.3605454474102624,0.1675778308597366,0.1903833309522387,0.2332659508544682,0.2316054017203377,0.2515530615544665,0.1867855184218474,0.5072110321146394,0.1379872105303821,0.37391745611845,0.2647187554606814,0.3359412085273726,0.291120366309132,0.3247631482852838,0.2402603862553326,0.19417644739587714,0.2229573435543698,0.1640940285614833,0.2294897741361868,0.2833000864559336,0.3368318424180402,0.2214912224826594,0.240075155281819,,0.5028180499962777,0.1246338792934813
2025-07-23,0.3027515936138746,0.2670173639822903,0.3447644536822122,0.298685447919649,0.2821204464417381,0.3683803915871103,0.3626993217558598,0.1628576188643356,0.1909615597193171,0.2356251504781195,0.2341937566343951,0.2608618158933904,0.1986125295953946,0.5149390700412095,0.1385099999476124,0.3620420804430212,0.2625000299659617,0.3477501931584848,0.2941920175163974,0.3400459328652236,0.2355764061638165,0.1965909468678513,0.228277393060146,0.1691914416217569,0.234891448113829,0.2818005136491024,0.3501330899525811,0.2232898568323059,0.2306483806507349,0.1997910311918145,,0.1104787865642512
2025-07-24,0.2968573023230403,0.2606883541029581,0.3177045847527648,0.2714302316445353,0.2720629556356863,0.1991794571089386,0.357336387551908,0.1525074751719113,0.2029943164504038,0.2302494770390372,0.229319173540646,0.262766999995679,0.2213905813714829,0.5664311254054827,0.1300618165137329,0.3623649946003345,0.2688590376497201,0.342745444620069,0.2886185694593461,0.2440272919994363,0.2270110077487825,0.1909545937595265,0.2271062632226544,0.1458376282372317,0.236240777462247,0.2901465443741891,0.3591397860757337,0.2159872261637278,0.2312473085198764,0.1854323013756673,0.494402233974013,0.1192220788692359
2025-07-25,0.290530930811089,0.2660361560648701,0.3051532868643286,0.2570404419236312,0.2911327802803086,0.1711862882258983,0.3441497762854061,0.1555717926711904,0.1781609630461898,0.2139239916611062,0.2227089199879051,0.2340625187946621,0.2005053007086283,0.5174878545021069,0.1437316079672533,0.3601854592403791,0.259465766381595,0.3273157889774382,0.2749692624612541,0.2136415596186802,0.2267535213967763,0.18373933433053172,0.2228169610450985,0.1462914512113221,0.2280430454906082,0.2822564213025658,0.3580209101483053,0.1987696003826077,0.2129967570104807,0.1830303350181023,0.4809486072941707,0.110959277299761
2025-07-28,0.3047105705340565,0.2800421560127255,0.3111503012386983,0.2684732531884524,0.323380495682809,0.1782937366857873,0.373656819432536,0.1644970362206943,0.175250523113303,0.2168113391338323,0.2270468351595691,0.2443374709709742,0.2602812017948414,0.5567951784202657,0.1470439797267929,0.3638744611240921,0.275778440709281,0.3400175297200239,0.287498189643094,0.2365477553562557,0.2323471072137468,0.19367311951145486,0.2349573063432132,0.155231988779683,0.2398014904056962,0.2778896041564177,0.3713855997986037,0.2152641675513259,0.2190244213880781,,0.4553154016256753,0.1185947828691147
2025-07-29,0.3353281185133926,0.2931522008267833,0.3350867259359321,0.2759904241524063,0.3307470961597579,0.1856857581389915,0.388828616533121,0.1689504861350796,0.185527620884722,0.2355059723004961,0.2386825912556249,0.2762268924503878,0.2020142405543222,0.3769043382353366,0.1532406465385822,0.2993337329337235,0.2829163010903693,0.2882336912314354,0.31082153951703,0.2348754651203842,0.2393361980979494,0.20244622125504222,0.1798969524520671,0.1544490779884043,0.2503895246945315,0.2846366611885636,0.3823776218377002,0.2119738820276543,0.2343635362670986,0.1900376426521306,0.463389368479439,0.1174574422300499
2025-07-30,0.3397750139461588,0.2653294421524471,0.3326607444496368,0.281993124929398,0.3414409081582395,0.1797577538440339,0.4089349872769452,0.1700333145772154,0.1924198577426488,0.2487023730133464,0.2569223883022518,0.2048885193656895,0.2184167535186578,0.3416608830551402,0.1492630005162364,0.2860340403883459,0.2903382452538092,0.2862731264590729,0.3147545147526158,0.2444991886580319,0.2489951021995749,0.20397244559020938,0.179638415643169,0.1532704445950722,0.2555309771924565,0.2835630741312942,0.4014327961786484,0.2258948192233756,0.2445710582203249,,0.4684783800000718,0.1340208123565102
2025-07-31,0.3770275493840752,0.1972971638538877,0.354849745841898,0.2963672807798115,0.3630583463590296,0.2015832970622441,0.446068746572848,0.1838842298317377,0.2106919193164959,0.2526688919145604,0.2557963885771072,0.2107973600497113,0.2251217041990768,0.3823188432905375,0.172100506513565,0.2981160056486698,0.3051229088396928,0.2952073465592031,0.312238120703268,0.2478325397832774,0.2507653139332331,0.20565966386601997,0.1979694159053235,0.1707146532791262,0.2705543714646102,0.3050460737813607,0.4245729380552745,0.2366052663612821,0.2429791477731977,,0.4592505800655782,0.1256659722087494
2025-08-01,0.2917171077535035,0.2006846235277604,0.3834740210301904,0.2914331870063364,0.3755030572274417,,0.2974878858553814,0.1812839861653412,0.2018632150429141,0.2770564166311572,0.2809005838785141,0.202029458328092,0.2094623512433301,0.3849222323726621,0.1637548110451986,0.2879376130590658,0.3062253489438244,0.3016967492785668,0.371007893310238,0.2655662369751244,0.2673581232718254,0.2051905430939915,0.1914448862161504,0.1682790663264715,0.2648909063855221,0.3198568410156185,0.4392083470107494,0.2433720928493484,0.2249107805085653,0.2109812879473085,0.478849680998733,0.1560881436937253
2025-08-04,0.2911232044302129,0.1861379526855661,0.3493907664811523,0.2987596548163359,0.4097680773909694,0.1823437341692787,0.2810631823019807,0.1734441325505346,0.2056342436584874,0.2568042009569852,0.2591538225654179,0.1906917883186962,0.2153129214775202,0.3806784512838822,0.1537539877804604,0.2975327662285237,0.3454622495449009,0.3023615100869654,0.3798778157021104,0.2725578666882116,0.2656452874378855,0.20459296699384133,0.1839991219685969,0.1661024734334114,0.2775872074124307,0.313257739135261,0.4989788438894253,0.2253873776677319,0.2276808153212894,0.1795772855689514,0.5057790170534769,0.1362605873127581
2025-08-05,0.2594110046173903,0.1848789200369975,0.4237276471175171,0.3853909891021779,0.2708680614884887,0.2052737402534412,0.2632418426683675,0.1789224175873211,0.2250465878581464,0.2415248952248362,0.2557394263176785,0.2008016020084301,0.1884545420898661,0.3738887084564492,0.1275789375204928,0.2598639737281775,0.2459869517657927,0.2821486456885018,0.2416612715298934,0.2036103320552463,0.2363038559207211,0.24200932824534163,0.1795128602879807,0.1419164670386669,0.1999014354379831,0.2767572282326043,0.3090759978005936,0.2251609396259479,0.1755192749211734,0.1917238580492409,0.4511647192235602,0.1342548620642233
2025-08-06,0.254144890419578,0.1839684253054706,0.4153461090154263,0.3885858694804355,0.266388615447798,0.1998809774539357,0.2570778165916286,0.1804757946740024,0.2201843635850794,0.2327372457485679,0.2488106600406268,0.1936188360024962,0.1823332997065015,0.369891689259088,0.1149250108240259,0.2655398415500593,0.1983823612651664,0.2761896572910712,0.2435985670386717,0.1954438263225523,0.2306061855554518,0.24082219147897335,0.1704420430933108,0.1421863338967812,0.1576881348302893,0.2728815288846683,0.2179795598586009,0.2239126834279393,0.1788285804442806,0.1948818908354612,0.4663810078730399,0.1246709715431867
2025-08-07,0.247626430536454,0.1914585764674861,0.4211703620400996,0.4014780678328954,0.2646859908368166,0.2030667618119403,0.254509635886702,0.174481824260568,0.2284791921608505,0.240726242585593,0.2623578583349049,0.2075899849982005,0.184262971226311,0.3473053740156838,0.1141147910187248,0.2613532066626751,0.1916996621053428,0.2793909623218346,0.2371509742608623,0.218183484573173,0.2232091581881985,0.23799859808210655,0.1690075523386262,0.1538961787117218,0.1534311978974726,0.2746536296503328,0.2223245570698499,0.229931586270083,0.1728929188877519,0.1974060247796425,0.4608889968412478,0.1308474993815862
2025-08-08,0.2428986679229485,0.1780613106106673,0.4005762952895436,0.4021572165836901,0.2598153730596352,0.2293907393245293,0.2419976880270002,0.1551155154483242,0.2117836489911889,0.2240677528566935,0.2369610367934609,0.1943282231935224,0.197932637753582,0.33745162781393,0.1166076780866469,0.250221273191686,0.1822315681409327,0.2669946383121114,0.2320118860492835,0.214749293670193,0.2120043957508542,0.23618462464837597,0.1625290447314395,0.136643190232136,0.1427844257602576,0.2743361005403118,0.2242617225013828,0.2156397798090668,0.161535677329653,0.1905397835420509,0.4255232521559197,0.1185064173117441
2025-08-11,0.254478452815649,0.1897416831478507,0.4183338894839831,0.422118983078118,0.283282169672742,0.2446791920829214,0.2556852204211197,0.1720959691801041,0.2159874676631282,0.2289245583064784,0.2448963880729039,0.1985679151901222,0.2085303326735953,0.344472207459726,0.1184268115652872,0.2534956765477036,0.1866974800921685,0.2732998621830544,0.2281586353275833,0.2384284666556925,0.2318866130898225,0.24144682335062453,0.177409848465217,0.1489906126325309,0.1458184158636845,0.2754114812710951,0.2214629031537541,0.2288651020428428,0.1693877349839343,0.2071999242103924,0.4501494261412735,0.1207774515931799
2025-08-12,0.241692685169739,0.1804613486627361,0.3991673288102934,0.4274299144327168,0.2631782751146297,0.2389997913992173,0.2427244111283596,0.1609760113887187,0.2014964748540272,0.2172218009049381,0.2431318779434845,0.1969809514832499,0.2090019467418702,0.3459231293552532,0.1114405599037928,0.2457418841019026,0.1775673028184991,0.2675004605083918,0.2352590358158227,0.216631198283758,0.2151684765524237,0.2306745218439093,0.1658461594405342,0.1446083651008171,0.1402730459876216,0.2637370906130901,0.2071620608924847,0.215001158086118,0.1581541470678756,0.1868294260818499,0.4471500971555324,0.114354084224414
2025-08-13,0.2383428698199655,0.1853617616078384,0.4191910020773181,0.425189118829084,0.3121574263460404,0.2385254669400704,0.239790373204385,0.1536995949431027,0.2084001783182047,0.2310013949927245,0.2388676112054384,0.1935910038305641,0.1750728787211277,0.3561481112512641,0.1093167192814805,0.2502911463750114,0.1721809213656563,0.2714033485246094,0.2282532857236197,0.1949139929257982,0.2142009214330127,0.24139417431876203,0.1697125627848397,0.1395675745072148,0.1355283045537263,0.2692563484038159,0.2217816375964869,0.2191199253044371,0.1534396703824491,0.1835254115198702,0.4246039311381869,0.1118589670266445
2025-08-14,0.2291337876260352,0.1796306248641069,0.4167896227349427,0.4287111253231683,0.1875309985999943,0.24198916394693,0.2388140753482333,0.1641430506401008,0.200691952293424,0.2209983250160537,0.2361636032942363,0.1912218684559614,0.1873605280009327,0.3683727940354991,0.1189483354432058,0.2536134562339434,0.1752793455447397,0.2624580955637025,0.2363051422161972,0.2099375950016632,0.2158475677030942,0.24785967767083283,0.1714835850072496,0.1408780863928387,0.1392541656306923,0.2646649129034704,0.22019419728372,0.2153742052512392,0.1577602007992503,0.1777202522705939,0.4256368781713666,0.1228714617470718
2025-08-15,0.233981516298341,0.1798739115621261,0.4211431630581293,0.4261517345483894,0.2074473934081686,0.2288995389219535,0.2364188399484723,0.1653136756320541,0.2103213186894224,0.2206153524631584,0.233510106502789,0.1874126001982202,0.1719817241341305,0.3719085391399065,0.110278309129181,0.2499866229445148,0.1619670645224363,0.2708315313553172,0.2176971606168812,0.258167064653275,0.2258793465654628,0.2621079638463247,0.1618778142771866,0.1398602991791236,0.1367550610727425,0.2633842573308506,0.2103557091981846,0.2098899795532704,0.154166520769923,0.1844707939624096,0.4123175141520981,0.1066411745555322
2025-08-18,0.2397796937414872,0.185516501813749,0.4067955010756728,0.4429433912792334,0.1938925173952747,0.2229777759440444,0.2330307412495167,0.1549803165770379,0.2116128227071248,0.2252872094960703,0.2281742126420618,0.1926367237547622,0.1944881113760081,0.357366543091601,0.1124771153191455,0.2562301328304416,0.1606672520891389,0.2821624706722423,0.2317741595317958,0.2244419005430417,0.2265341966329403,0.2608799244534107,0.1783841478029138,0.1416239621326497,0.1328209367331423,0.2618334645148367,0.2197462781867022,0.2193768945808806,0.1564101209070942,0.1797465897424898,0.4044914369705867,0.1128217424019599
2025-08-19,0.2350630070586299,0.1892540538653093,0.44175543769503,0.4517240317241686,0.196808695012906,0.2234643804972153,0.2445822342278479,0.1586783820782945,0.2154583128862315,0.2312692679340609,0.2460309869056823,0.198329442725421,0.1727278651712249,0.3473248455396774,0.1127312611338563,0.2603063032318765,0.167052564119054,0.2878368898236249,0.2315332349392005,0.2256697822198146,0.2234204261774239,0.27707869762852705,0.1798118658587494,0.1452524110367414,0.1373264512138355,0.2691179629260495,0.2211788644711802,0.1646388818916636,0.2000575180864701,0.1851188921297786,0.4269210372317082,0.1203599381827423
2025-08-20,0.2442551359024137,0.1899837020248087,0.4461380568904277,0.4469448498901833,0.1946014576898896,0.2209245886237345,0.2529238669567826,0.1589330979726471,0.215227913744395,0.2321144656060133,0.248077291687165,0.1945017487912001,0.175000545615986,0.3446310011355536,0.1125023838431905,0.2471594639276793,0.1607898915776866,0.2849279032218974,0.2349754778125853,0.2387820745753813,0.228358200260668,0.2791595046993312,0.1713307528531056,0.1395731725218062,0.1410323198962726,0.2692807443871036,0.2270881577904648,0.1657105156814195,0.2018165101936495,0.1884763000469414,0.3913913375641993,0.1182375833209094
2025-08-21,0.243292695130479,0.2016611996858509,0.4531213164379591,0.4569550231001156,0.2003619436857407,0.2275274476687606,0.2617269553532728,0.1645177537151067,0.2156848154333208,0.2347189647502368,0.258008494822531,0.2014998820507317,0.1875244559698948,0.3386086008211267,0.1220163194631365,0.25701787850767,0.1711005392483355,0.2941368000187859,0.2583790202872838,0.2426344072533231,0.232322958671845,0.20521920439024546,0.1817278998381724,0.1494074637022624,0.1381753738769907,0.266687195078347,0.2323610666964492,0.1756614814049702,0.2034819645875445,0.1807537948075081,0.4108647141771102,0.1256968311496277
2025-08-22,0.2315575702113712,0.1790274028485654,0.442129327851872,0.4431849213937058,0.1813800661061295,0.2014944345355719,0.2334591757725523,0.1574823463858134,0.2035257303228934,0.2141995236818571,0.2289091546853311,0.1789685109172687,,0.3068312874090118,0.106967689620859,0.2239684339068807,0.1909241900743531,0.2693652531783183,0.2402182990036879,0.2275981163342659,0.2079179849445338,0.19055341396613598,0.168592692565404,0.1318107328902201,0.1202483846906237,0.2534280006203552,0.2030053481448564,0.1556994499503581,0.1882637659690818,0.1945755949430728,0.3742933783808532,0.1065880699590563
2025-08-25,0.2476614556622806,0.1879739176343282,0.4557209953842357,0.464089806634776,0.1880459424520465,0.2207345314444293,0.2427617032309308,0.161582904779852,0.2151087060401416,0.2161802599368673,0.2375236293453169,0.1867399851255245,0.1770867037384669,0.3098089732301275,0.1116358175994619,0.2492756080415346,0.2184023377873838,0.2888741510244884,0.2374123745694108,0.2427363792900079,0.2485682802495702,0.1954842467457687,0.1765604527711811,0.1401066694287835,0.129696703321426,0.270221356266962,0.2200584217360304,0.1638639602580185,0.2066352485578718,0.1754635451918715,0.3889182501025791,0.1145870366620556
2025-08-26,0.2475084711777939,0.1908385596016232,0.4595650238800327,0.4874143300383053,0.1900306866844288,0.2176134408379574,0.2385869556991474,0.1667686466084085,0.2087064325119565,0.2232073964617335,0.2392958717698544,0.1887923889815155,,0.3295549923063174,0.1541101331305542,0.2444827050701005,0.2129969215616447,0.2932326481751943,0.2347853757232927,0.2435379951832869,0.2433544474535497,0.18437240785981032,0.1765216806867038,0.1489543868184206,0.1277993177199091,0.258721490088718,0.2086314437776851,0.1539676021212689,0.1996174324597583,,0.3942191764010576,0.1122490496736483
2025-08-27,0.2469932748456282,0.185028975722992,0.4556177505243423,0.477560970120448,0.1874806790544813,0.2175973425855392,0.2380327853819664,0.1669193838203114,0.2114412636941053,0.2172346431681147,0.2397385255626769,0.1908621725140826,0.1700859351604394,0.3023447726421436,0.1452169617531952,0.2454556343919729,0.2089304938033417,0.2842578551200377,0.2349509210352859,0.2519761726502284,0.2424464447370759,0.18102039461769273,0.1657991071683372,0.1461638044584483,0.1311678960240755,0.2597430341707789,0.2149634062723304,0.1528068964897162,0.1920966179287205,0.2034514799354338,0.3849032128057863,0.1082487847811676
2025-08-28,0.2428819409790872,0.1760828548745232,0.3245508757280742,0.471367395162632,0.176724945458128,0.2082493806229708,0.228430821755252,0.1639870557908252,0.1985340406694375,0.2100508763667062,0.2289797828408555,0.1844545802247033,0.1542098656754267,0.2897027937766311,0.1423855868161105,0.2448570977822539,0.2090469141245357,0.2673871032184438,0.2238233256517099,0.2305636744888239,0.2418977183235248,0.18508062774362058,0.1748282321948616,0.148338855730238,0.1271715032197493,0.248374335781137,0.203954635607033,0.1507637079552668,0.1928726694920184,,0.3773291939146587,0.1083900185567457
2025-08-29,0.2377797387430782,0.1706914757631988,0.3361292984494394,0.4851732423090883,0.1751802968951261,0.2153293726505358,0.2291404516279331,0.1623503447713762,0.1957259533196052,0.239321424865042,0.2329276455711238,0.1799015344132186,0.1585264491096112,0.2890549343669638,0.1377820772158097,0.2367482246461945,0.2004936767460176,0.2743035663187419,0.2329131923145611,0.2328800576778335,0.242003779739991,0.17391954304642449,0.1704249241785855,0.1354791917512433,0.1186648181205747,0.2438882673514504,0.2019729246901091,0.1403765578179118,0.1886574112013178,,0.4541035409101545,0.10930196879552
2025-09-02,0.2541391194232825,0.2106438622538869,0.3694731640404706,0.5340770011649485,0.1975512222706717,0.226655593641014,0.2599753510024512,0.2006987172246606,0.210741018014028,0.2620225133228072,0.256827068649629,0.1956569145981768,0.1845791205107271,0.3034119157735658,0.1550143202516374,0.2485756239696198,0.210082549551294,0.2979981340193274,0.2619205325333475,0.2132672020588168,0.2574774983044174,0.18906755125875802,0.1771222795478477,0.1455195818661901,0.1660813191287017,0.3136349931897896,0.2226575845908211,0.1569304792201298,0.1894130233379924,0.2041299684254587,0.4919535303634623,0.1246401518327527
2025-09-03,0.2183828738293287,0.1953676548080808,0.3507095711721145,0.5596785612188435,0.2078806028301434,0.2297848584712577,0.2577678496691162,0.1511604315522754,0.2088796718546274,0.2635150536020609,0.2529302214812878,0.1968959682190173,0.1932620914264402,0.3539442011592074,0.1496308111078889,0.2518325685007727,0.2049374620099907,0.292940226516642,0.2365310831446087,0.2434441407827401,0.2675661069482861,0.19201257064425936,0.1778511833904024,0.1459982020678529,0.1630813224730075,0.3106753295749325,0.2225524133984796,0.1662100633202109,0.2068025964162968,0.1913816826245109,0.4809216209749675,0.1123714236503856
2025-09-04,0.2118188672288081,0.1901350814215011,0.330357705733275,0.2760042913313862,0.1813621614817005,0.2303169197007425,0.2490509833302088,0.1517945923810676,0.2269411666017035,0.2819319169279541,0.2641974465700628,0.1924479043847855,0.1960050609699747,0.3440986811586693,0.1629978374272154,0.2481282470325677,0.2160401101724676,0.2864258138132727,0.24357657181457,0.2476595509474751,0.2739074233929638,0.19370319260765484,0.1735478909877116,0.1456508940122808,0.1639073313078206,0.4159132653039856,0.2174980378165605,0.1918292370861142,0.2048907444836186,0.1939014923893535,0.4591214309258489,0.107672139043536
2025-09-05,0.2093203434314134,0.199587318428621,0.3519088415849138,0.2734504758625867,0.1755996949292789,0.227847839036782,0.2546251601368634,0.1550685789745657,0.2292388628203482,0.284006971261822,0.2633343322844862,0.1959377524086016,0.1947516466959727,0.3507672977332077,0.1658781792160533,0.2432130333357515,0.2155135220994598,0.2981919842867901,0.2437938087240923,0.2361673735828821,0.2582690020653759,0.1887667374313622,0.1753567277048633,0.1462574359791976,0.157978367528215,0.4124769992746259,0.2241100923025139,0.182044789525798,0.1975360237345106,0.2154088141541563,0.4624766209802824,0.1035910980241647
2025-09-08,0.2147271499470694,0.186362643141889,0.3423290227899316,0.2743047503417635,0.1748983906626998,0.2457107894975529,0.2564619821546962,0.1616811662900284,0.2323560172784651,0.2847907141760731,0.2643198830760576,0.2062201024201141,0.2002693791756477,0.360764507882679,0.1720873975958473,0.2499980048126984,0.2184974956150477,0.2981483030755208,0.25171999164614,0.2488846822647718,0.2601516204383253,0.20100918353822295,0.1776224637218312,0.1360331128924192,0.1650450769284009,0.421964954883806,0.2211094413481309,0.1852149191213355,0.2078597177856462,0.1913876720399898,0.4688502025228989,0.0969565150558147
2025-09-09,0.2239715981182343,0.1942012111944376,0.3393673625897999,0.2775066238254475,0.1751162185595207,0.2389056809297676,0.2504886213375549,0.1507295911923765,0.2330412735008143,0.288979225584438,0.2792191273299844,0.2005407621321338,0.2045384214081368,0.3834105342005455,0.1797071378956321,0.2494854528467557,0.220990030776132,0.2974855152819884,0.2429986147842455,0.251483269622568,0.269344619338548,0.20374035691332945,0.1813839962206013,0.1430428770940916,0.1642313764604024,0.4309855040195289,0.2332737820103406,0.1888833143110824,0.2127285629283254,0.2103614363342662,0.4604612729924862,0.1018154820021123
2025-09-10,0.2411540119700911,0.2021044323986838,0.3478503760967919,0.2853322752799582,0.1883439896038577,0.2486756123396229,0.2672269884587802,0.1577092074968885,0.2389506382766045,0.2923139975335902,0.2812597981242734,0.2086874010272602,0.2415735422146806,0.3677155967473526,0.1780124730733357,0.2424583324090285,0.2227785554104302,0.2914897729265397,0.2594982342839909,0.2764562367902177,0.2713800691916647,0.20434719601019563,0.196200303482939,0.1417978885712528,0.1801812010989173,0.4286976889735697,0.2414109463819612,0.1970692532856398,0.2098418542753235,0.2155931547560327,0.4682622950992586,0.1041729571961942
2025-09-11,0.2256540101967796,0.2017686733020373,0.3344592385081606,0.2844270443577284,0.1826513143409485,0.2478999207142668,0.2655044601983537,0.1464086602162284,0.2316010755215861,0.2948390322387846,0.2786541068792345,0.200245926087526,0.1722735960950648,0.3482166984853434,0.1725593441818492,0.261357018166319,0.2203715743038717,0.3040573677623555,0.2497615736950596,0.2789196726541749,0.2722709451825237,0.19307555547895705,0.1780652769537503,0.1389742186844479,0.1726520878631723,0.4252863050457809,0.238020705269442,0.1928070346379799,0.1998100628870312,0.2034026183999167,0.4589521825488119,0.1097735627876752
2025-09-12,0.2217211294599527,0.1956744716046692,0.3200370067795362,0.2864074567278316,0.1785580424848745,0.2482863457858353,0.2593582102392796,0.1471404420502623,0.2312208708194501,0.2882467208178658,0.2751072638714102,0.2035000989508265,0.2070607915103138,0.3438214427275352,0.1712536739704301,0.2671028525245564,0.2234835746757638,0.2968534041678772,0.2386204450643628,0.2531685495786961,0.2662020421605069,0.19090008876768227,0.1791891621413945,0.1389564830799796,0.1709846277494037,0.4330200584057864,0.2405362160332768,0.1921558458485721,0.2070950960591852,0.2141303605081838,0.4461419090836052,0.1056882365036638
2025-09-15,0.2302893460736382,0.2049316390166816,0.3353561232543839,0.296463891826138,0.1847323784252042,0.2572793934137098,0.2730153487211808,0.1531517628690121,0.2361838474062324,0.3032139566980594,0.2835013991715931,0.2131222294097556,0.2419227964689999,0.3973939658356636,0.1871356596533509,0.317302016453874,0.2279621538490633,0.300409314549191,0.2519474400728524,0.2706262373078914,0.2823739267219877,0.20102331920146832,0.1901753179439952,0.1798563596268022,0.1801669778840801,0.4583424028613169,0.2436132306826188,0.1987583126916074,0.2171160285489788,0.223191191620288,0.4659721160147001,0.1090100170119193
2025-09-16,0.2264512998806329,0.2097731486764637,0.3510269545670626,0.3007711945052816,0.1950532679813436,0.2547008515649385,0.2674511621808486,0.1493396854210587,0.2453479645581886,0.304929649120854,0.2927026053813973,0.2147039913364142,0.2551787337987265,0.3571448087308622,0.1847012350909064,0.3157448296274453,0.2265233049449699,0.299588488723396,0.2582451389918066,0.2588725321280813,0.288505111243255,0.20218761249022627,0.180588337622969,0.1834552685240481,0.1797855626268048,0.4549092658134384,0.2437022228102994,0.2105309264267613,0.207656802670878,0.2281570335511741,0.4659488075025116,0.1193518083291868
2025-09-17,0.2162573194503283,0.1975154107893205,0.3570083428437268,0.3029350962309046,0.1889726821125876,0.2550408287133319,0.268455027946062,0.1366083287925435,0.2388239003755222,0.3072095773688472,0.2869264643924712,0.2060483209374863,0.2449883570260073,0.3469709778873864,0.1855846080638998,0.315504783156103,0.2185418614760979,0.3023005279820541,0.2554852090797151,0.2630145827876862,0.2768526496905262,0.20994448921365283,0.1815573533826547,0.1683404614281611,0.1813036436313778,0.4553314329711936,0.2352980844783198,0.2049535084295625,0.2066354472878225,0.2372315997437554,0.4638469500884937,0.1151728817467477
2025-09-18,0.2185240331459707,0.201029651912597,0.3490179460665327,0.3113529198370315,0.1855130661834351,0.2637254208432152,0.2686007530829916,0.1449456404715776,0.2352687116189039,0.2959068078156088,0.2980660764037429,0.2141446393904271,0.2487731809032508,0.3535016442996733,0.18406789739281,0.314556220086969,0.2177422191535729,0.3089258260172375,0.2709699641124417,0.2477198312458531,0.2803985961454531,0.21350602261839025,0.1907866584972112,0.1689018629461815,0.183245864081788,0.4587179595877299,0.2394009936004432,0.2025575618560888,0.207467181960887,0.2239006372077059,0.4706765002141464,0.1118558956404655
2025-09-19,0.2173314492158466,0.1906700165506456,0.3391780190685633,0.2985861177130051,0.1722667453241373,0.2666770413542569,0.2643920303138685,0.1448777746804876,0.2349693917083159,0.2958718547406276,0.2886579090080307,0.2083339865684309,0.2678892602409519,0.3509198285628329,0.1876040512862551,0.2960708755544605,0.2817529043354152,0.3088586253077451,0.2546350491339104,0.2450602464796559,0.2842632122171123,0.22293817556171355,0.18218948258568,0.1691506764600741,0.1764201253687569,0.4644169772858407,0.2352724336580799,0.1942802242079795,0.2059635757044761,0.2083951316846669,0.4317851022856934,0.1187293651113903
2025-09-22,0.2393196082478812,0.2059533663187123,0.3871122992879943,0.3156233573173687,0.194384484160579,0.2803203016657057,0.2793969614306031,0.140985145197487,0.2415178209541426,0.3065544390043102,0.3052405379804036,0.2118803272054598,,0.3690296030041923,0.1977649201829119,0.3019396684985307,0.2435622801346257,0.3210156817805926,0.2608573209254247,0.2680558185372412,0.2857334933808493,0.2191631663847894,0.2011573865691653,0.1773928800110192,0.1706313542073996,0.4918788266418493,0.2561427762003878,0.2009455441329821,0.213311539467864,0.2369059043960316,0.4596243099548683,0.1237814318674151
2025-09-23,0.2338255457935511,0.2181173018286982,0.3851552948227871,0.3253388254575183,0.1887647967477803,0.2687012186458734,0.3132581223729969,0.1354247574359515,0.2507191879192216,0.3272814840972329,0.3059238145043186,0.2215743666964436,,0.3876469560102965,0.1890876113228765,0.2951283336298166,0.2427769876907855,0.3411131543099744,0.2712478410511078,0.273862773060918,0.294147372685759,0.21502538641635519,0.1938492119147772,0.1772681024468055,0.1793342972235013,0.4941555906967598,0.2554636937137929,0.1978942185462611,0.2178805870193423,0.2356668242229152,0.4595032918109271,0.1313600911360714
2025-09-24,0.2271867683102446,0.2040753571497497,0.3648137113438806,0.3202200472607089,0.1875848439415226,0.263550333324438,0.3101686976394076,0.1373714967212587,0.2521349393061511,0.3237325543347263,0.3053707960534843,0.2146734700897589,0.2624301874106207,0.3684350811676075,0.1934979701854899,0.2826800411337676,0.236735947519847,0.3437470106136906,0.259274509420717,0.2977940228773181,0.2943435183096076,0.21478281441489244,0.1863312263329959,0.174217482545163,0.1781611344488134,0.4904424715854483,0.2459319684124128,0.1952130700095821,0.2149687342489952,0.2159395142434979,0.4618081499075606,0.1369891166034808
2025-09-25,0.2342245571493477,0.2034080726463334,0.3647564938958532,0.3220545064915925,0.2013872923710492,0.3027052617796104,0.3115919086260179,0.1273613920819421,0.2439714070026433,0.3394298467118264,0.3116770265148408,0.2197416483220504,0.2746745436939243,0.3595296640350978,0.199067738647599,0.2869407366843317,0.2589344330514182,0.3429600771871848,0.2654762154286435,0.2895792274157041,0.2936876294979348,0.21502354259474432,0.1888455042668704,0.173351988611011,0.1795258533534788,0.5006004371385321,0.246542695761044,0.2029340830533181,0.2211202911163878,0.2233667671564883,0.4697842100902164,0.1330566779165343
2025-09-26,0.2151098528422135,0.1917597269838271,0.3373549947782306,0.3077624266602695,0.1828935473658077,0.275802815653865,0.291478548704719,0.1179047892099193,0.2437711417504465,0.3168335145064852,0.3003509686334049,0.197605997776547,0.263891854748317,0.3437064169980881,0.1985003980088443,0.2844035413430364,0.2413501317212218,0.3185071826378501,0.252234830803736,0.2861322516138145,0.2905902927409073,0.1958679540090645,0.178280791449401,0.1561863984999522,0.1626647530967356,0.5072183907067768,0.2296928095166582,0.1833734882417607,0.2062404169289558,0.2091656960702184,0.4784806589017476,0.1258173972594316
2025-09-29,0.2197273335159935,0.1997522837316606,0.3457011310508399,0.3181877420457828,0.1881322863235101,0.2700299026440215,0.2881240488852699,0.1210490555703545,0.262878832250656,0.3399020810796621,0.3131763803102221,0.21376852008233,,0.354430650851004,0.2006308756198429,0.2876161718985675,0.2556051449667837,0.3299854304059125,0.2518884239946991,0.2883537206530475,0.2893551065292676,0.2063915774435403,0.1813555591082296,0.1667231715545767,0.1715740570165805,0.5502272661611793,0.2318992420323405,0.1949292355857682,0.2159678697444549,0.2116848352256913,0.5022210739586424,0.1250604298379062
2025-09-30,0.2198438388031368,0.2024171082759727,0.3705917812238537,0.3431970557828673,0.183340368794152,0.285171815860715,0.2928422093541685,0.1159731510745135,0.2699446607651531,0.3420516608328374,0.3384230336317878,0.2150684229705861,0.3055430709974993,0.3649610275818053,0.2091146941187556,0.299385016273845,0.2534146043194397,0.3300504487093744,0.2430025789936378,0.3151998523502642,0.2843581505821329,0.20584049121741377,0.191618012348834,0.1711463756558009,0.1749947618533396,0.6014319140920921,0.2434491034331097,0.2021878461655956,0.2216704343796858,0.2219761984460297,0.4892460200839618,0.1155668138388647
2025-10-01,0.229348358412168,0.2069798007197442,0.3643425648655143,0.3518509622480199,0.195951562762317,0.2680863501300102,0.2938656938824557,0.1201829767968444,0.2749726183471741,0.3496677509079874,0.3415716357691308,0.2147485225299679,,0.3813167538714546,0.2226563117168498,0.3264948699554484,0.2715778614034,0.3138744528705879,0.2592948427024002,0.3094593601656877,0.2938111380631528,0.21487707611178164,0.1828626484200566,0.1636376564042014,0.1815249903915201,0.3149749633221774,0.2469371970985068,0.2103489326829807,0.2196571146233972,0.2397458302976076,0.4955005645850906,0.1197888603866374
2025-10-02,0.2235271551526309,0.1969676203153236,0.3607773242479985,0.3480866081899906,0.1893628200260405,0.2683123070753184,0.2914535079468797,0.1209869472344049,0.2741629575214673,0.3510670944037128,0.3474798265757914,0.2130840888673226,0.3102246345694663,0.3571282088024168,0.2352008863226855,0.257525323919874,0.2526939835877509,0.3234616439252156,0.2611859391375605,0.3295837704526244,0.2958763500363645,0.2157334624642139,0.1884219595914892,0.1780016168131256,0.1848474541306715,0.3024056145713277,0.2520752620948215,0.2083283629854304,0.225504530802816,,0.4925720757750049,0.1230675153193676
2025-10-03,0.2112570620716826,0.1961687962154304,0.3466947898116255,0.3443769959274859,0.2179648542741263,0.2699752801473802,0.291797314387588,0.104070095025302,0.274353944417617,0.362852078102497,0.3372461875763815,0.2022872190954588,0.3244062085428356,0.3507909142380743,0.2363262164040009,0.2758529456939764,0.2512090397390078,0.30283573838758,0.269782191280154,0.3060876404743889,0.2867546221784106,0.2095694919241991,0.179354434834546,0.1662424058318921,0.1740542355938239,0.3218437533389523,0.2519892409436414,0.2009792439791609,0.2190265084872598,0.2130043476919907,0.481077303303901,0.1181622788742746
2025-10-06,0.2333294439915232,0.2120753571935603,0.4032836511218338,0.4036925474290266,0.2311898973583254,0.2964325887490013,0.3131384545378229,0.1696428597296204,0.345334732133484,0.3933018648851686,0.3840615075705749,0.2220094948923243,0.3692149495001153,0.3625520680748443,0.2691831639205975,0.2827330044894426,0.2630267554782544,0.3359220452408696,0.301771383744984,0.3320592708629706,0.3206879303325154,0.22182717772720928,0.2024176722612134,0.1830781880635448,0.1975049475559764,0.3310432096373289,0.2634717988179706,0.2241820256349803,0.2207086230854326,0.2398110528911856,0.5106541730967366,0.1201920875114104
2025-10-07,0.2535877472159407,0.2617136640896034,0.4399846570313956,0.3661016075963301,0.2932548089188058,0.3447933132174482,0.3734314426228187,0.1603814703237647,0.2648007143203026,0.3121931325809153,0.2939325523619042,0.2404676820194776,0.2483640348856536,0.4228965766368694,0.1985915347830726,0.3070133169030784,0.2766432999590801,0.3702407402148043,0.3320414133863937,0.2831287792123151,0.3342502702938477,0.2638258721949041,0.1886273989885637,0.1971103558474099,0.2148380183012197,0.3164468997077326,0.3252118821861728,0.253569101065057,0.2255830173380899,0.2644832511625939,0.5791265655949964,0.1393363981361016
2025-10-08,0.2506042707086412,0.2634931446425645,0.4446304297338761,0.3653797166139568,0.3078354865720745,0.3444968015373433,0.3754655419619478,0.1579960253037457,0.2706752550438518,0.3239734288207709,0.3041465903202724,0.2405842159114799,0.2250914405692948,0.410776653730101,0.2024583689715738,0.3145063778409871,0.2685180386042832,0.3680571369551756,0.3605347281695337,0.2791956971988431,0.3362408823911935,0.2659350664183308,0.1892005060809434,0.2016247100366867,0.2111262323067291,0.3138145863256129,0.3403818749191478,0.2615659218242483,0.2196497564997579,0.2777472910773903,0.5843005520039172,0.1354374565025934
2025-10-09,0.2584212460785874,0.2658141846766069,0.4476977734136377,0.3602316450890025,0.3016874171194974,0.3406655670824785,0.3806692478988866,0.1631344807615658,0.2800933181515918,0.3249393373857985,0.3066518901236637,0.2421435370759319,0.2583337921343026,0.4068337257293745,0.1966145775318607,0.3245373810553108,0.2698641385129003,0.3790958739681665,0.3485255241618098,0.2952702625689369,0.3358302794945936,0.28268445650200197,0.1925116085463134,0.196421452431064,0.2180251653875873,0.3100100199157326,0.3415534061458174,0.2682727661036307,0.2237069104800406,0.2629280535988086,0.5928514658166368,0.1366778227726989
2025-10-10,0.2921567949182319,0.2904007801645605,0.4940949280429425,0.3866808220745613,0.3464588879423459,0.3538632309657104,0.4175020651378986,0.2332217810737077,0.3075675801686936,0.364483598688158,0.3243076086965322,0.2649098079674998,0.2503412264922263,0.4111861195673196,0.202618830699099,0.3244436137726689,0.2917388633161655,0.4060285076155221,0.3680899106991144,0.2969700481730199,0.360312325358974,0.29466095173485113,0.2058935609594895,0.2038038431965322,0.2233604459227209,0.3460005381529706,0.3547809300830787,0.2791983934158609,0.2397954806391221,0.2843670973737518,0.6178194363724773,0.1681987863289209
2025-10-13,0.2737574257386042,0.2761779812525212,0.4690145665435918,0.3824855519125117,0.3306111274015507,0.3461032352585214,0.4021634087790926,0.2273022416249947,0.2792121613941641,0.3305635491260417,0.3239539250722385,0.2540884639734171,0.2514865437105699,0.419744258671621,0.2096837305858052,0.3192933538254098,0.2798214761304082,0.3773067567663246,0.3697754085442716,0.2999083062919322,0.3526061624363218,0.27604909967064256,0.1954116921505975,0.193660313224773,0.2172356698508069,0.3366396548626732,0.3502878496946158,0.2657022476542346,0.2302656536130857,0.2736876728017853,,0.1467491385925966
2025-10-14,0.2823338926414523,0.2780437174754323,0.5005522873836061,0.3832406955598676,0.3292539295196638,0.3461494685173802,0.4186656211442544,0.22437915847203,0.2538400476084764,0.3083738857675418,0.3194629526074543,0.2529958477620667,,0.422872289821134,0.1872548121248107,0.319153779908301,0.2807112117051498,0.3855775776878714,0.3796667880205883,0.2910781488701123,0.3489900142533012,0.29026925506965245,0.1975450314121109,0.2010265549517637,0.2178035540384321,0.3333855536915994,0.3567396083381678,0.2744781685072364,0.2377791968808943,0.2862542861884562,0.5994195375422057,0.1519660842007077
2025-10-15,0.2864145439728859,0.2818454789704489,0.5037099659875185,0.3919233231504001,0.3315823626893129,0.3607902033380947,0.4276834175925392,0.2282790607488529,0.2539971110605761,0.297722908357067,0.3212258918388085,0.2647833865364805,0.2987211745817731,0.4215565980570859,0.1909563646006206,0.3193685223483384,0.2695422968871065,0.3896722493160973,0.3932048219858765,0.3156645558793791,0.3521493062975129,0.2832830691002192,0.1944596231654572,0.1994819422941701,0.2252061710735738,0.3335341623448932,0.3555340278080095,0.2720538212199161,0.2333213209740716,0.2934518022736474,0.5911777875134238,0.1506645073067579
2025-10-16,0.3006293968988947,0.2914060591385402,0.5101378383057918,0.3870163349512756,0.3418291624335781,0.3719225378392717,0.4450636728354318,0.2353845717040602,0.2958815820069262,0.3639606574337996,0.3689012454679746,0.2944763628444852,0.2660617057769708,0.4273781811993842,0.1793167723718327,0.3283633499047192,0.2859962148751698,0.406256535391795,0.4312917453033579,0.3340467655118997,0.3818822695662138,0.2995091167160626,0.2065012039143865,0.214858574493012,0.234909094176012,0.3541261813897192,0.3759772049356696,0.2923217072254707,0.2461853325609395,0.2935688856824241,0.607521009211732,0.1793402995502625
2025-10-17,0.2864503250166487,0.2812288214542738,0.4844649423362268,0.3584533229030525,0.3276929536714222,0.369294642633919,0.4280483722011272,0.2251565867294459,0.2529214955641429,0.3210209229953082,0.2775461433328084,0.2693950158977812,,0.4227924838845374,0.1599473560960761,0.3294707853846178,0.2723547891608519,0.3938695630004246,0.3953561326163617,0.3154842610739075,0.3555123195161682,0.28028808222124785,0.1916043254963555,0.2015946401965653,0.2175025347443475,0.3434840705818024,0.3646644824795281,0.2689304096069504,0.2250315517861451,0.2907835229333305,0.5980286538256329,0.1534607565495609
2025-10-20,0.2824112964026242,0.2822523172267228,0.481979106121933,0.33432690993776,0.326497935519604,0.3555361067036989,0.4227196354264614,0.2124411361739428,0.2325272844909236,0.290678796166314,0.2417383541417329,0.2464044662136021,0.2004478525420639,0.4145108541849222,,0.3383781868368966,,0.367801853525449,0.4012257388504369,0.3232010777639838,0.3453234817460959,0.28218454910466706,0.1975413787654124,0.2003955249445392,0.2168273563173712,0.3224803172614407,0.3407623011545388,0.2594936815904349,0.2168217215154297,,0.6046969069462744,0.1354841606689377
2025-10-21,0.2731954431635973,0.2895774070917504,0.4751829084618134,0.3431538176097494,0.3375647947475815,0.3751945084438177,0.4174235552334793,0.2256339432660543,0.2350527915709835,0.2914043536786826,0.2644534628508728,0.2530820054416713,,0.4221957755482518,0.1588581675110645,0.3286080517373601,,0.3649724605490644,0.4081093646153063,,0.2481433004450056,0.28872637059088935,0.1970830422484701,0.1648917028580718,0.2175109588573293,0.3330183925584247,0.3756863862855265,0.267538869704386,0.2206022518724467,0.2815830864725739,,0.1336755738650546
2025-10-22,0.2824154109550022,0.2895373041944721,0.4718086492289675,0.3504187400689627,0.3295483771413015,0.3789536781946011,0.431232564868786,0.2340613586810459,0.2476241698544509,0.3045010521599993,0.2622739447806697,0.2553979287348735,0.1937007212314936,0.4251864640947662,0.1565546319976217,0.330078428426092,0.264704280980562,0.3604937669504021,0.4031992149684988,0.321513364877087,0.2407337119618539,0.2947019132741264,0.1964830747470586,0.145611993205318,0.2269606740158258,0.3330776141008373,0.3563875207265481,0.2664350814215632,0.2215826130409325,0.3012225393772504,0.5993473763869142,0.131604727747041
2025-10-23,0.2647393279432051,0.2849867184815312,0.4654109214694155,0.3376588272776176,0.3261439283465049,0.2636220177621215,0.4146844115427635,0.2459226940116531,0.2410729246737848,0.2960981067401723,0.2520344737604638,0.2486250695743564,0.1972738367943596,0.4198901171313689,0.1544195967567276,0.3247620450715394,0.2775042445190609,0.3682518948877165,0.4202776447857112,0.2607757225605567,0.2105464862920811,0.28356488999935353,0.2030106242916669,0.1486753113595027,0.2265866800376347,0.3272960474039565,0.3473706768748363,0.2791220170923177,0.2318601638624224,0.2697990021291073,0.5078479194952485,0.1268424253748368
2025-10-24,0.2622707346871306,0.2835187392116893,0.4633127780401486,0.3261003321118973,0.3146685349756222,0.3124753800198071,0.4051509704543913,0.2429764672722679,0.2254570563773489,0.2727990541334317,0.2220619526475721,0.2433997154252515,0.187425128549112,0.4108173333688506,0.158306934877441,0.3106375937343787,0.2751899186890609,0.3561717068191191,0.4038863199963328,,0.2056030252155527,0.2949763253164701,0.1879151387901673,0.1374731630989183,0.2224834532021815,0.3194066483727278,0.3744202555563679,0.2738627202476097,0.2250020875307272,0.2974314969280047,0.4594256070502754,0.118840979059163
2025-10-27,0.2716718392905284,0.2952114368088805,0.5028596656960505,0.3396304744481116,0.3381675599692086,0.3112945079135863,0.414525176014303,0.2503009595005564,0.238002514775642,0.2820066202291446,0.2391087623986252,0.2570333605024186,0.2129326140732898,0.4037293583010967,0.1659205621303852,0.3164910411524759,0.2900996958535474,0.3778237831522163,0.4140495533452638,0.2559468300351792,0.2127574818338723,0.30515513422345203,0.1824496368781569,0.1461150027963457,0.2317528531006793,0.3253365514467017,0.3870861001862574,0.2804576274678991,0.2247262773727625,0.3044466599014889,0.4494458504552601,0.1257171070005303
2025-10-28,0.2697983153634046,0.3114024436272619,0.5213299397012551,0.3535771969415496,0.3427253097928702,0.3138514842757058,0.4387286453098241,0.2661851579834575,0.2391029569003632,0.282473161556754,0.2502858552039663,0.2696151762349524,,0.3602560377891926,0.1703805833164467,0.3324750713721273,,0.3717018211852444,0.4155065801537363,0.2660863924370348,0.2086214026999295,0.31656526374521127,0.1879820298829635,0.1518226624417503,0.2374972968403449,0.3352628319645827,0.421259285090034,0.2961954965183241,0.2313644002855455,0.2255772337370685,0.464828897652582,0.1290711877591776
2025-10-29,0.2813354387544403,0.3407080170506564,0.5399433804084128,0.362707901215909,0.3557066657029985,0.2944206002619038,0.452868747538731,0.2103490790143419,0.2545400493760416,0.2906492154032886,0.2590229705370513,0.2274212519779367,,0.3685116196144566,0.1794443741119906,0.3320377072794694,,0.3370148306003337,0.3702215812499195,0.288850373141179,0.213967625844484,0.3240680671459978,0.1943271293728122,0.1706948831077722,0.239468420430564,0.3527113516467223,0.4355677124191514,0.2846537850095666,0.2337692856840545,0.2280433645895279,0.4913922202562563,0.1265736742620558
2025-10-30,0.2614948815888236,0.2277415831451233,0.4920114693415147,0.3511201805943319,0.3603830486259328,0.2891962756531306,0.4898042184608968,0.1984976448132747,0.2479208518366858,0.293568420157113,0.2495554248388716,0.2187989706207875,0.22829190614368,0.3411517106743557,0.1827921582170557,0.2753513856911462,,0.3289424432960587,0.3393695329954789,,0.2290665983246458,0.3245337079021484,0.1885252883837051,0.1644391057276786,0.248286229173644,0.3458977466003872,0.4229523433492148,0.2943868070220639,0.2245336639924804,0.212777313588318,0.4949204305790395,0.1486791022753109
2025-10-31,0.2256331385703608,0.219467529662575,0.4816624656174137,0.3388041900174701,0.3506942855115686,0.2699359917762968,0.3186852655081043,0.1958255015747943,0.2400307519525847,0.2731559606227298,0.2444800379686339,0.2263566857740086,0.2111611111759527,0.3405110159573778,0.1775599517386756,0.2747401850002692,0.2861651949712496,0.3105703508295617,0.3261395893835055,,0.2241095536932674,0.33127465068510886,0.1873722645308338,0.1654805016210765,0.2614766912593541,0.3390230929040419,0.4634418618682159,0.2972379459986388,0.1992529314658392,0.2190304399274833,0.4762839603177191,0.1328034406669495
2025-11-03,0.22428172032969,0.2186495591646418,0.5391647580589636,0.3532541453674154,0.3609597458271585,0.2750782105301276,0.3148798470226271,0.1962925202731403,0.2456601178934417,0.3044220351180036,0.2547758400207152,0.2178685997698113,0.1813889304159237,0.3737573188942272,0.1874476460518317,0.2930200743749456,0.3261553437574198,0.3089631556132814,0.3266463703097969,,0.2279703196760479,0.3454416003703263,0.1902774724715002,0.1759550816572956,0.2619641214308896,0.3617035281471176,0.4906906818268939,0.309821026446508,0.2031246207788395,0.2090462247935455,0.5030146389604992,0.1345168147745323
2025-11-04,0.2300437830400432,0.2224224349449481,0.5315106539702286,0.3590076078337588,0.3684605866512787,0.2723542803069395,0.3238764105516062,0.1954735955286434,0.2516416794359877,0.3109498714475074,0.2570302160948692,0.2190021935415128,0.1958397967652132,0.3668318988677574,0.1936412565565782,0.2884722188291852,0.3165947317094912,0.3236889380807487,0.342585378182986,0.104850344795324,0.2479251704372246,0.3532410248352279,0.2034942077155365,0.1773584663170467,0.2719125355093396,0.3550293654884656,0.4852595922074962,0.2929742776691842,0.205456002297992,0.2278939939096309,0.5056183857472861,0.156706815831072
2025-11-05,0.2258997437998654,0.226586304925979,0.5331040094876045,0.3550315655237982,0.2984005904791516,0.262442335212258,0.3054126037636286,0.1928545879878885,0.24193248133322,0.27282522267851,0.2513397207384905,0.2110755894986079,,0.3245487078800779,0.160903302477434,0.2641635303380495,0.2342001118371138,0.3088972633352905,0.3133485657500998,0.0996793878494328,0.225946809943237,0.27944520353319335,0.1948371617044459,0.169389740244465,0.197788626030089,0.4274910607048279,0.342900344367909,0.3436442679125672,0.2025138214403766,0.2282957475325704,0.4273557827457924,0.1396748692989851
2025-11-06,0.2378248307313504,0.23521782739101,0.4904780121196656,0.4413187298076917,0.305552020729024,0.2815377056748824,0.3206133327137685,0.1980387906455144,0.2495989062793095,0.2861595639491395,0.2573390840520422,0.2113475338799489,0.1756048529091555,0.3321088950795061,0.1689539210737844,0.2569310650081838,0.2079460569390758,0.323759283831499,0.3227123750483201,0.1089478701297341,0.2377705748404939,0.2886412358320811,0.1951167669651166,0.1486866374227328,0.1664850009029778,0.4228057766090645,0.3503646621406319,0.2587804838723951,0.1897705620003847,0.2142979177456594,0.4339755476798145,0.14956451191442
2025-11-07,0.2344432389357574,0.2235459751028134,0.502127940488815,0.4422086944224219,0.3077605544845194,0.2669087711684502,0.3168009962937291,0.1911766147594266,0.2408808220585415,0.278981767280078,0.2558468421857586,0.2100778576398818,0.1867421906726684,0.3268121118700583,0.1599831864158457,0.2518252114034936,0.2052845434269275,0.3115317219065521,0.3232255792809193,,0.2335035908739323,0.2787002461510048,0.187880341745638,0.14020698776105,0.1644075732965189,0.4044913420151436,0.3438328047317162,0.2677075832268358,0.184077467936007,0.2083382972612809,0.4159650946157203,0.1424575432126159
2025-11-10,0.2325387956555347,0.2178597279842048,0.479958502718853,0.4367029134982343,0.3037948895764835,0.2860069694564805,0.310111196331324,0.189467882447536,0.2312556800486538,0.2710816517558885,0.249502407736259,0.204935924659983,0.1766890229678785,0.3275055063551605,0.1545909443866806,0.2427007052975439,0.2018505710675971,0.3066332862410457,0.2997774870203163,,0.2252142198989151,0.286768956753725,0.1903178408406761,0.1374255642232322,0.1630163811469074,0.4109939002179062,0.356344929924461,0.2667355958702457,0.1762013839478005,0.2051697114773308,0.4141046686996899,0.1290456334409886
2025-11-11,0.2295667320439834,0.2119599497635591,0.4909849891538258,0.4286942770294533,0.3209001385085802,0.2912501365789463,0.3024880697027812,0.184590773908344,0.2307514254547658,0.2615402954052177,0.2511192797290416,0.193704605215302,0.1737963214110339,0.3252201786272989,0.1583439895542175,0.2398576503323054,0.2136468201037242,0.2974855112731198,0.2984928414377414,0.051538072202473,0.2213727341717695,0.2810665276164231,0.182158000807501,0.1313947856393347,0.1555343410020845,0.4102623289404808,0.3595786993860792,0.2676519146236343,0.169009917702527,0.2061498780585697,0.4110853940519341,0.1269547750126337
2025-11-12,0.2277531299881377,0.2172118483013082,0.4798766894331843,0.4378270417146249,0.3245219419500597,0.2901823105912275,0.3055182672906245,0.1836364808369464,0.2313851641485382,0.260973708595709,0.2505578190781932,0.2112298415637738,0.165463046137557,0.3277071049267397,0.1544187173326379,0.2501258996381755,0.2128908088578545,0.297578218547586,0.3080977321341326,,0.2147035381002956,0.2814541222881116,0.1853738709109571,0.1367055304362034,0.1531575286367014,0.4090147678457766,0.3469244038473328,0.2655645534000838,0.175865504968497,0.2139688728307007,0.4049039751764804,0.1327749407313317
2025-11-13,0.2434019697388363,0.2342540856127944,0.5045284874914048,0.4537860996126882,0.248670750912852,0.2987572380083915,0.3238586007649132,0.1914292185578152,0.2452101613180811,0.2759512287538922,0.2745411194497331,0.2244445575831595,0.1767085713716497,0.3374832262979416,0.1596075694630059,0.2622549126266304,0.2327081672141001,0.299936781757929,0.3464808651996168,0.060485069408829,0.2329393814894736,0.28195162425571696,0.1982795804547135,0.1336880735404778,0.1537340866563152,0.4247810657412345,0.2498171310745832,0.260081496616666,0.1714779820099786,0.2210157965893857,0.4002317051125383,0.1558160698329448
2025-11-14,0.2419975455942994,0.2235693469905447,0.4965746827814222,0.4430035447108993,0.2378302384745836,0.2828566067223012,0.3194729114095991,0.1822977516495351,0.2376671334674734,0.2729522778272524,0.2641703505476334,0.2166252383612181,,0.3310845243513489,0.1545463016881371,0.2517109102151388,0.2288680138270061,0.2924462890217026,0.3212617159014295,0.0763151680631448,0.2415170712727717,0.2851086511246518,0.1892868986107928,0.1215587540597893,0.1510625579546538,0.4151386601402956,0.2334814382559258,0.2575534334419406,0.1731188504515263,0.2288748156963082,0.3972982255734106,0.1657988973921172
2025-11-17,0.2549993685062562,0.2371078475830185,0.5173070574867351,0.470279145974494,0.2557991516814467,0.3095858147911215,0.3360828679193505,0.1958874820722079,0.261548784014294,0.3131134406618223,0.3054615910126627,0.2451157186974457,0.1957484976524161,0.3309370428739979,0.164045838453638,0.2626920993689897,0.2401740357346068,0.3121134326999965,0.3237788368525376,0.1046091046056338,0.2613358106896711,0.2899962023141019,0.2003963627880338,0.1367223911214672,0.1671473754665383,0.4286645415158173,0.2306968171800482,0.2735365739689769,0.1741577648105295,,0.4352462388972272,0.1623373161401493
2025-11-18,0.2600557430861593,0.2634136757123308,0.5471868115564029,0.4807702762608877,0.2606155287091988,0.3147827546358077,0.364076916733227,0.1992089605273028,0.2673369229387083,0.3122529135765698,0.3121103594088112,0.2419399442881258,0.1873291695636101,0.3372251275260904,0.1672669662445092,0.2765656413145784,0.2363445868289447,0.307511587057919,0.3408307412287439,0.0597761044974454,0.2675700692537681,0.31213864280424647,0.2132330173869128,0.1392163422349961,0.1722271063190416,0.4394164827189659,0.2456263074187751,0.2414974302955676,0.2210148546205868,0.253325513808306,0.4373846978108713,0.1691440451985869
2025-11-19,0.2503538441106066,0.2497763572043232,0.5514200063842816,0.4959228726575761,0.2670559476874167,0.3172670754686559,0.3521578843696341,0.2035085169011866,0.260679057456911,0.3001950664796882,0.3110201319419869,0.2399557196668047,,0.3292956857317599,0.169186916095483,0.2577102848735445,0.2351167284953808,0.3208181825303506,0.3564729252789833,0.0681505244849695,0.2765432100681148,0.3047481524482006,0.2127391064269246,0.1377040272461143,0.1671922333774406,0.4498670694128525,0.2395235192969349,0.241492080936084,0.2321648412807324,0.2281719833109961,0.4428853311947727,0.1665558196279775
2025-11-20,0.2735787423500173,0.2761962826054804,0.5255025860861893,0.5166491530942959,0.2735255239034868,0.3329665135841335,0.3846359414975904,0.2029337362312007,0.2769010456975528,0.3215050712633586,0.3201035587248242,0.2578006231585767,,0.3421273440758262,0.1697704816185158,0.2540075139860212,0.2342439652509778,0.3342201829454773,0.3641167694268556,,0.2730466317559006,0.24275099404704786,0.2097959937488042,0.1379946854917196,0.1667314977710541,0.4677372424779014,0.2578507003777439,0.2396701952501746,0.232187718805965,0.2478223926561588,0.4199667828838895,0.1742626496841549
2025-11-21,0.2487435113593786,0.2670938558611057,0.5108464052510756,0.4890760777274544,0.2695441715032862,0.3061973797028613,0.345989800477829,0.1922542638736372,0.2551811505798365,0.2999211577645612,0.2963717167330587,0.2331436455067557,0.1718948465065496,0.3189941257346214,0.1551851631088269,0.2497561251377048,0.2564356405435417,0.3259251118099671,0.3348661656991767,0.0641172076157689,0.2592640657129458,0.21375989990875802,0.205400695233977,0.1300177787226635,0.1475016588151747,0.4467690255677063,0.2335572693060528,0.2356282914584766,0.2158759524004664,0.2237679582555729,0.4149437521857567,0.1565287038176704
2025-11-24,0.223012683318629,0.2505790287948836,0.4477970450817193,0.4781229071088388,0.224096367348108,0.2960051375533879,0.3270055412305827,0.196811120492158,0.2423450804963877,0.2828056453243004,0.2470516995846386,0.2012765320122501,,0.3095336103254864,0.1111216258892598,0.2639615573981019,0.2367634035756826,0.2971868405037127,0.3425097843888229,,0.2293279340642501,0.19731427514138764,0.1934379777083459,0.121653129518263,0.1389823221536278,0.4684614176567893,0.2211830512377076,0.2329471546163068,0.2043937149815472,0.2155749698592675,0.3684533828467273,0.1493608905785095
2025-11-25,0.217338706789793,0.2422270984273684,0.461166458650935,0.5061066556854794,0.2255325846185454,0.3031184920193489,0.3152415839900929,0.186091385516228,0.2468596009810067,0.2781323928577098,0.2682475186283844,0.2072773963239115,0.1711241473304464,0.3138145738715497,0.1930196075837777,0.2597961615649878,0.2668032483569817,0.3103074331130244,0.3217075361906933,0.0248394379876398,0.226031393271569,0.20115347928751132,0.1940461720640659,0.1055487421358865,0.140713668006862,0.4895095288321907,0.2225838161346389,0.2348015505817846,0.2050039973751247,0.2175224254079955,0.3707530678056441,0.1415349011563247
2025-11-26,0.205309142170123,0.2378266474359185,0.417037840099547,0.4937095992180381,0.1996783645503703,0.2722233416321349,0.3047079603043323,0.1665807916610025,0.2376498203624236,0.2492416796247884,0.2709268290792612,0.1982803977416626,0.1722952599999095,0.2880393611827127,0.1767130706561816,0.2290770286801875,0.2378188608279262,0.296492740628226,0.3011846920659071,,0.2171012080036832,0.19252616029326752,0.1875323040176932,0.1015685168243136,0.1318850862823658,0.4853972989841491,0.2044016796709857,0.2193178386724615,0.2058553063828947,0.2337325484789724,0.3595267314243446,0.132181252006324
2025-11-28,0.2016871755966985,0.2110679050292305,0.4106635580307323,0.4932448456588663,0.1861701813413747,0.2718853230318096,0.2952133398108907,0.1621510938688746,0.2286323900440339,0.2417713736214906,0.2559496493673694,0.1866658908960971,0.1716302169563279,0.2779091077331978,0.1614381087416511,0.21149025228645,0.266996232612878,0.2968889422891251,0.2978948419932927,,0.2188055981094983,0.18044422686566336,0.1819405298040323,0.0980474233015595,0.1168435200279663,0.4821517704050778,0.1905195099883221,0.2131746191359055,0.194669439544334,0.2231327538819852,0.4127383668163656,0.1226052662675502
2025-12-01,0.2193949231903793,0.2346457628381143,0.4186158363136714,0.5149533059046802,0.2108482054346662,0.3010941084609269,0.3239908173959844,0.1870350655402275,0.2390051598300046,0.2659073643443404,0.2662446557780935,0.2069850877666881,,0.2929449681626568,0.1949102086000583,0.2269710826880629,0.2704286994375924,0.2950252734353865,0.3055354733718077,,0.2293377646887199,0.19705681148936055,0.1983569865690937,0.1521740088571387,0.171633958142055,0.5638531351395053,0.2094968459590639,0.2493208260268032,0.2094659301270413,0.2211584380491123,0.4501365419096918,0.1370843508718824
2025-12-02,0.2058740304148034,0.2142347750808276,0.4040938443975984,0.5311889948455549,0.2099846327579802,0.2884027460357341,0.3081263448179711,0.1828883097921506,0.2399788842615153,0.2760812423370521,0.2711721098226042,0.1945488009769456,0.1555954085568288,0.2833807764135184,0.1917163588734006,0.2212294781356385,0.2853833520621693,0.2995542796550886,0.3093791441071177,,0.2302658425122588,0.1906599644858077,0.1973125222608472,0.157246499415935,0.1788393897657283,0.5895496867651115,0.2122418705880759,0.220178443829966,0.2051330375299578,0.2200015408550799,0.4565163640152632,0.1345955572049861
2025-12-03,0.2018507637880133,0.2353075883490247,0.415226533690069,0.4060823791830379,0.1962005819701859,0.2945966543644703,0.3024561212384487,0.1822201824213908,0.2323451103270097,0.2746139627441302,0.2405299590647544,0.1967100642881095,0.1736825556087498,0.2762669118885953,0.173227181725683,0.2117759883973043,0.247776089008097,0.2960638360555442,0.3172940476409497,,0.2327174559061051,0.18411250035773594,0.1949631747412491,0.1624821259293924,0.1676648573269101,0.5845537905876212,0.2026863528970357,0.2405404468457373,0.206126752088777,0.1982802639663259,0.4559038723031718,0.1310712015574412
2025-12-04,0.2112953813979583,0.2332857666305058,0.3984949965857062,0.305506893323091,0.1922317424620842,0.2716611933009145,0.2963366243305143,0.157803702581801,0.2316791895412503,0.2824891462884836,0.2413130893262097,0.1944568331033014,0.1814291743741674,0.3254031035115383,0.1784905401828833,0.1842864201044715,0.2443293197213673,0.3009153994676948,0.2996016608747892,,0.2359719266511556,0.1972950935943674,0.1922075850581362,0.1691566382276885,0.1713263399980779,0.4471968403866708,0.1989160486507929,0.230833130865346,0.2047038050722338,0.2082100966482489,0.4350121078071177,0.1182647125474873
2025-12-05,0.2012086824961212,0.2191362280974967,0.3889922616842501,0.2937316330561713,0.192078101922974,0.2741252705152878,0.282612367032871,0.1470926568442968,0.2298023119958663,0.2770008517717781,0.2434581735737507,0.1943904906541739,0.157444553873584,0.3270537928892947,0.175980226103471,0.1929321539588883,0.2303942832131025,0.2877484072951789,0.2964357931918069,0.0396452621407335,0.2451404380175237,0.1970851637583921,0.1855461451176189,0.1552969474407181,0.1650125106412609,0.4446438846849802,0.1979357981012421,0.2315920719062268,0.1976347638704754,0.218011230794685,0.4461988493591205,0.117768667903011
2025-12-08,0.2074681964484015,0.2257480535260607,0.3965587239894859,0.2947452790782553,0.1931380776971624,0.2778926828555145,0.299014491104029,0.1537398995560273,0.2315520245958737,0.2899465793562672,0.2499105302842665,0.2039166199963177,0.172325251736421,0.3568532894126047,0.1788845676747475,0.1943330173953135,0.2442012228055185,0.3009705107663037,0.3031623032372637,,0.245343786757247,0.19662979969307046,0.2084753832062415,0.1654373803898305,0.1685048394319416,0.4723024683681129,0.2077195620015501,0.2325932051209556,0.1996552931754177,0.2183118976731781,0.4556336091363617,0.1210953739545683
2025-12-09,0.2127275812816149,0.2203028249506466,0.3928659751101021,0.2897886567093475,0.1935929749929777,0.2738833848511021,0.2846918750204004,0.1674689364224417,0.2415768133195286,0.289394566020249,0.2537841010269434,0.1973099156939109,,0.3616993439894176,0.176747229854331,0.1886399807427538,0.239987071505996,0.299828790338808,0.3040985422665293,0.0605568567801365,0.2528795087268177,0.2059571936308264,0.1994759044093677,0.1619825028850435,0.1699022313564354,0.4504713863430316,0.2011892909489417,0.2348483529980558,0.1965067741742464,0.221616701739895,0.4552393201350788,0.1259388482780425
2025-12-10,0.1983801366515458,0.2350730316037839,0.382696636433419,0.2850811921970223,0.1943123112288898,0.2701813987703569,0.2841065357190068,0.168462797138764,0.2334168845153998,0.3023995841003197,0.2392122716888433,0.19580545622131,0.1990331568976758,0.3582969336010642,0.1798977043267032,0.2114244699706713,0.2407977256981555,0.2982951539841305,0.3125249351552827,,0.2573336062396399,0.20990942708677024,0.1898969056026017,0.1587199480812227,0.1738736889092127,0.4598415576404028,0.1966750635339576,0.2320383176681326,0.1996618555524318,,0.4213132615562081,0.1235563087474424
2025-12-11,0.1959543354460213,0.2241122829563463,0.3794554574578288,0.2731345862665194,0.1875514728599021,0.2528342626092977,0.2775938993918109,0.1617575791041461,0.2318910575719119,0.2925142484529957,0.2420094835832849,0.1917507552174774,0.1945425937965553,0.3492449419117992,0.1977784858043598,0.2102183880141104,0.2395858401430732,0.287520560101641,0.3016626804178609,,0.2418356539254314,0.19648166936577424,0.1860000791317354,0.1506300752364208,0.1663805294427316,0.4557769206238337,0.1924790437971326,0.2281232999005059,0.1937363481742293,0.2005595005520678,0.4161595457887815,0.1137938581624529
2025-12-12,0.1955871388363534,0.218805562130016,0.3876284553996268,0.2663654777475605,0.1891754803212915,0.2459467176761166,0.2768796613193372,0.1538144893648092,0.2293940576566162,0.2893312517820325,0.2292380289804167,0.1738565425778563,0.1725388435325015,0.3520870743841908,0.2026517550229481,0.1966374932201531,0.2311589920842597,0.2821839507409321,0.3050265402231587,,0.2385554324186761,0.2064880645088677,0.1740411470438675,0.152877622383075,0.157698169372536,0.4352626704438694,0.1755065744756845,0.2094250926651432,0.1892029757476992,0.1994087251774049,0.4222568657089224,0.1146861468333976
2025-12-15,0.1993995891861035,0.2163534996290195,0.373328358524637,0.2720832416811384,0.1891873171258343,0.2649516213514084,0.2714705021350989,0.1553776837029219,0.2325130002739183,0.3032870279160004,0.2357069467840954,0.1817796554115782,0.1795854093093591,0.3244078193836149,0.211200022443444,0.2509500075583876,0.2402703064436061,0.2811642990271594,0.2976406699557411,,0.2473254245077877,0.2097271671757006,0.1702393867011611,0.1568957175758997,0.1601732134089427,0.457526955037479,0.2146378306477621,0.2188159349125767,0.196735335165072,0.2067867925515664,0.4492536821695194,0.1142360971738986
2025-12-16,0.1917797877962883,0.210244290146896,0.3550058254363231,0.2741786093191325,0.1891713034855081,0.2529670839325517,0.2643133016119337,0.1498730409578273,0.2356857689892582,0.2920985787531632,0.2393763139166772,0.1839598128353997,0.1765016963805336,0.3220129181191135,0.190104113052064,0.2450281917554602,0.2315565447579967,0.2786662951871134,0.3068070433689612,,0.2422314797247831,0.20567874847076342,0.1753787784165238,0.1623521669824512,0.1579205278731506,0.4594441614595985,0.2228839310575067,0.2106838491228925,0.1932147409157421,0.2064214284881442,0.4353584099099151,0.114941413198476
2025-12-17,0.2071815943497177,0.2216883879560784,0.3811587561988029,0.2745226683345146,0.1918896950727627,0.2577892146002498,0.2843706864172933,0.1571046649399398,0.2326945288041871,0.3004559069791446,0.2370992039350602,0.1894200467573966,0.1719137561366006,0.3184402259084452,0.2043627077916269,0.2590834915614199,0.2490581678868943,0.2888734296543821,0.3121653667813276,,0.2579405688458904,0.21649202674838713,0.1754388236313319,0.1539053697696177,0.1581200918127456,0.454717624650355,0.2184738045452202,0.2212399233054993,0.1996537199082812,0.1946218720392064,0.4420595056759512,0.1238514644030431
2025-12-18,0.2019587317879041,0.2104054606983093,0.356501469152617,0.2639790315191088,0.1797384187070352,0.251324291616305,0.2729159624779733,0.1584173864454326,0.2264518804124159,0.2967565059073986,0.2259888397846844,0.1843414368004687,0.1789740456012445,0.308394090821796,0.1865490460261124,0.2459829719262401,0.2341223078913557,0.271768515700177,0.3130467250203293,0.0598340688437869,0.2500166444205335,0.20764447672062558,0.1779825221437753,0.1504616957671283,0.155164298810444,0.4711717796089636,0.2269661647972438,0.2210555881394884,0.188136942866839,,0.429498362758833,0.1107978128532886
2025-12-19,0.1797596184260297,0.199927220541244,0.3351460766384713,0.2516652591444666,0.1686109632426363,0.2392144973730388,0.2633799631902785,0.148994386898246,0.2213136923009431,0.2804965653742701,0.2126870190235801,0.1638746472113323,0.1701062028806546,0.3112477932488974,0.17993937280808,0.2293860669859261,0.2309429855179521,0.2552488498141185,0.3000409703967175,,0.2394922705295572,0.19132353196435148,0.160063831352622,0.1434310163131677,0.1510851076933704,0.2725449649460504,0.1991866526477141,0.2172692135712386,0.1765877244746408,0.1845356686396771,0.4281983933425975,0.1130755564162386
2025-12-22,0.1808501551451301,0.2033296584184995,0.3299194145638124,0.2418290031169964,0.1631732480536597,0.2226199820441783,0.2535686689423674,0.1420194487478006,0.2208882639788585,0.285399980716763,0.2118790321332812,0.1547037425651176,,0.3094709050589534,,0.2441447557409505,0.2584941619525815,0.2460889808862267,0.297112413962148,,0.2292826735205241,0.19357602991100517,,0.134467268821079,0.1497932179641358,0.2720994015845839,0.2048245995953971,,0.1863872461149543,0.2093763395041433,,
2025-12-23,0.171966664797853,0.189908009707999,0.3279693413709907,0.2518208424294427,0.1601245331919284,0.2342818589563008,0.2469808246323125,0.141050473740367,0.211771025102848,0.2758741082161473,0.2037901380365113,0.1591743547836415,0.1669589836268225,0.2980823473217838,0.186777812438214,0.2345732936379223,0.2245453333834657,0.249264338148062,0.295335683427043,,0.2220403736556826,0.19715545832398138,0.1681137623987837,0.134545636114949,0.1536521429929173,0.252384819121484,0.2010424076726195,0.2112924260365483,0.183937653626113,0.189616007932835,0.399417811437965,
2025-12-24,0.1713904363014569,0.1843819542395075,0.3246032435465952,0.2454711735918174,0.1584261892555226,0.2284236647557566,0.2410260007207081,0.1291808620604593,0.2138542791325856,0.2901808484739691,0.1965416558073239,0.1537291015913478,0.1667863976433379,0.3004269985578185,0.1915064025944531,0.2403126091301597,0.2166444709247927,0.2531494673845184,0.2809623261397949,,0.2272662100190495,0.19421267504862,0.1674040865829384,0.1367545873094532,0.1491672021559459,0.265643708990107,0.1943890466840094,0.203815563884036,0.1872651838864486,0.1713156591388881,0.3957530320432973,
2025-12-26,0.172610980884513,0.1844540296189064,0.3271682257447378,0.2375028378981958,0.1514377906138572,0.2281893614800312,0.2400667886765231,0.1270170947415956,0.2148494436478648,0.291381301368889,0.2004451289454817,0.1445067371902381,,0.2852986978976999,0.1856393837754766,0.228761470874461,0.2197390132537783,0.2385064729547798,0.295479969499709,,0.224075075930994,0.18710197886427607,0.1623132692064233,0.133807609339765,0.1481789900139304,0.2567611335638582,0.1891704301569549,0.197452913994117,0.1807439895405829,0.1791253165115268,0.3881804832023205,
2025-12-29,0.1774271089114528,0.1885450854428078,0.338036416975307,0.2541151339692244,0.1506521568607925,0.234702818235105,0.2411837950388594,0.1337706436750911,0.229472248184166,0.3088814895251961,0.1900049248705348,0.1448793125913081,0.1686718946296893,0.3006166549775865,0.1828903488579959,0.2180270452583407,0.2181877170927187,0.2473741469334609,0.3025804666875817,,0.2356867628608745,0.19219190098375147,0.1677218533447296,0.1318658160883954,0.1527458526889378,0.2636992604378043,0.1981826610216891,0.194583825556437,0.1902839368429838,0.1909815898613799,0.3923199270335755,0.1062852639637542
2025-12-30,0.1768675424812283,0.1875873003670655,0.3368162147260758,0.2378890545426633,0.1476338768040724,0.2263070428564274,0.240662150315511,0.1239409493150845,0.234802492734195,0.3053865754225653,0.2051978496099781,0.1393481540587771,,0.294659224599908,0.1763284272469691,0.2205299633496052,0.2140945455580285,0.2378763691111063,0.2848301381904253,,0.2273922068680831,0.19179509362999092,0.155746110998969,0.1365015197351005,0.1600858171696047,0.2675047696631238,0.1932563253303253,,0.181184905415978,0.1869819332874799,0.3661544640462169,
2025-12-31,0.1783890165466858,0.1828093133724971,0.3462871734626208,0.2388910255190099,0.1472651662850454,0.2325193608598787,0.2463643055845792,0.1199313350237885,0.2442994904766429,0.3016071139201642,0.1896377901520273,0.1406679413370307,0.1622378935061678,0.2792174100778991,0.1743722253746369,0.2105797142667234,0.2258494651189184,0.2385732177783363,0.2843861394960207,,0.2274851344415275,0.19814601833054843,0.1509986639907847,0.1294781470680912,0.1542187064567556,0.2938685093480495,0.1881285216174976,0.2038163170373606,0.1704382849834022,0.2010904746902448,0.3688414848706509,
2026-01-02,0.1855516128371874,0.2034107070558781,0.3517405403193145,0.2637794990318383,0.1908308657614969,0.2333682942192427,0.2566424710689592,0.1069401916158654,0.2359587498129629,0.3360152654155049,0.2158839449712019,0.1451556036854091,,0.2758894028638097,0.1787887126539739,0.2238936515170839,0.2499674005654379,0.2397854293512606,0.2894115969322065,,0.2236065724849298,0.19037470509943455,0.1663446773918415,0.1343422224240072,0.1543099654491967,0.2875629684398275,0.1966781844468519,0.2212671127349676,0.1734763368282298,0.1929816394184227,0.3888803549749579,0.1042758735013906
2026-01-05,0.2033808828492346,0.2099689975720686,0.3927163013041281,0.2873513583704247,0.2003581767870474,0.2541382365097018,0.266822910392805,0.1183312958800528,0.2580813993149671,0.3773568195870416,0.2269290615104118,0.1650956762321973,0.1671932133577407,0.3148836408452656,0.1991972064280746,0.2415495850239251,0.2663620868936155,0.2513794460997382,0.3477650251259578,,0.254412839636212,0.21478911003535017,0.1846307996885887,0.1559958901276288,0.1669337650406503,0.3062401557114481,0.2154621108196036,0.2314361778971383,0.2716597025734669,0.2211204984711484,0.3953524261173902,0.1166283546747563
2026-01-06,0.2397583375944414,0.2612830456048212,0.378453321597142,0.2685247611837729,0.2612657647341389,0.3188256848943181,0.3481233181363016,0.1403411907449178,0.2299683910596147,0.2903767558041488,0.2813597227764433,0.1885396638166835,0.2080244627492616,0.362663751987002,0.2216653795929402,0.2621035485645137,0.2434915516271442,0.2860396890370132,0.346633813538642,,0.2814630901700856,0.25991165707489905,0.1763374009058857,0.1674611399793328,0.1853901089104792,0.305583796113879,0.302380527896877,0.2263194777040471,0.2115516518792934,0.259862126012348,0.4825411614451683,0.1204240062154117
2026-01-07,0.2478535984086678,0.2672881132187918,0.3671010936181484,0.2745928137228353,0.2676409969540791,0.320567019140513,0.3516900882152869,0.1491280849339105,0.2437686221370238,0.2885145707523833,0.2810340135214525,0.2013998545692085,0.2183369976933484,0.3729648572299463,0.2015707228962082,0.2726466897199484,0.2502605575455291,0.2984580368267894,0.3601228526270872,0.0926588741969379,0.2829594007727666,0.2688776196005219,0.1924596143348571,0.1720278424172402,0.1958511291097706,0.3184472363014801,0.3097744126988035,0.2375607826377322,0.2024179276702042,0.2811604894638601,0.4911097882417465,0.1197208562925928
2026-01-08,0.2537664764567045,0.2679529531451222,0.3675915769543384,0.2833960099626162,0.2709350915697372,0.308742593326639,0.348578140944884,0.1539533478935303,0.2440185251578117,0.289823791172979,0.2938175171890615,0.209701428204278,0.213193426805817,0.3694353191477958,0.2029159766173228,0.2712214793126044,0.2529611119420468,0.3055093653595394,0.361413678809933,0.1170533305906846,0.2974284021234034,0.2732223232516156,0.1806612784787291,0.1672639526940657,0.1896433535692684,0.3079210778087696,0.3139322503116359,0.2204192463399793,0.2122929139332905,0.2772205812457829,0.4947073066899594,0.120517828769375
2026-01-09,0.2443902806093956,0.2654724267477963,0.3562166380341099,0.2749619991632437,0.2683666306863191,0.3229966041950974,0.3473480098542094,0.1233171380259546,0.2343199679024471,0.2936781842734492,0.2831035447544593,0.1962127498611342,0.2171837541545091,0.3778938075731862,0.2022998808645535,0.272365608908222,0.260817096289634,0.2880240291089754,0.3505428133443883,0.1028338129668018,0.2924047094824941,0.2639702756386102,0.178609643905292,0.1694611533468574,0.1868805749692065,0.2971609152075097,0.3083238614081205,0.223289554514191,0.202529085372045,0.2750182509773498,0.4812325423869603,0.1128817614221811
2026-01-12,0.2558591341806153,0.2758348758332584,0.3567613150221613,0.2782636311737612,0.2676100128795869,0.3216012141939204,0.3553456025704248,0.2116605765562215,0.235975736380828,0.2880983500410844,0.3122101180066022,0.2116465219189803,0.2208588741825277,0.3793905936985098,0.2144725848037784,0.2729000927084058,0.2836006075037758,0.2992726987553192,0.355417757477426,0.1002157617730177,0.2856938932475803,0.2738593518863738,0.1882288916329066,0.1697807312327694,0.1893832523033936,0.3116246997306274,0.3186394251058245,0.2200769903654313,0.2097864566604701,0.2779314339103414,0.4842314404309862,0.117145919786585
2026-01-13,0.2524551152671251,0.2928118668389597,0.355561710226555,0.3009797074811677,0.2842321488330398,0.3338638109212094,0.3632494337500682,0.2298955763078375,0.2226824279610126,0.2773605191807435,0.3213396034407648,0.2441572736425564,0.2363195481938628,0.3806426856137963,0.2119957427934708,0.269906476547735,0.2467619159381558,0.3118446243325152,0.3559947749279434,0.0798215650760611,0.2991447950702172,0.27374891023618364,0.1866493782581929,0.1633673900079807,0.1904077925562612,0.3078555247200453,0.3197767671853503,0.2270830240452328,0.2156126257275851,0.2857185451206984,0.4916469413248544,0.1241720014315865
2026-01-14,0.255511466421621,0.3121782329246687,0.3548925239505845,0.3116090665439587,0.2834427764506983,0.3361353805093205,0.379621736965801,0.2252132097321388,0.2230278879468749,0.2897573358371087,0.3110508206261924,0.2445210935775004,0.232957138961215,0.3916935168693278,0.2140409294707701,0.2657862047969693,0.2212674268850446,0.3018832164309182,0.3668914048599598,,0.2930424668742226,0.2894334145406362,0.1814609995887568,0.167482447945493,0.1922147038602633,0.3136782181443822,0.3270211246553936,0.2295478500372137,0.2332979623152496,0.2996602753651196,0.4963970155314693,0.1257817373212114
2026-01-15,0.2560160217589247,0.3116493273158301,0.3586856551767532,0.3087612095455749,0.287478506749013,0.3689725954701061,0.3782742526652506,0.2252916423189574,0.2262300697343329,0.2591619668868649,0.3075862593717478,0.2174613400497631,0.2429879991944382,0.3846941743635514,0.212912295893266,0.2643581698376638,0.242730478315471,0.2914665055932415,0.3454493074209742,,0.2982051736279595,0.28153322306388534,0.1885097728184228,0.1769004435258372,0.1953786202042522,0.2970893753809241,0.3272838658815217,0.2138987503163096,0.217026433787202,0.2716079311755986,0.4806591379642818,0.1169570407574311
2026-01-16,0.2498238568501475,0.2984293715295848,0.3529261568131027,0.3068420203494789,0.2907693681851964,0.3484647258209928,0.3633093395922702,0.2261163109543106,0.2113150011097185,0.251048518177366,0.2987453051102574,0.2172673807716175,0.2393312863157554,0.3954162067341956,0.2078696749111721,0.2716386071049346,0.2379133435892937,0.2921358572871054,0.3408175372091018,0.0800338893615661,0.2945801218910619,0.29560857318908806,0.1805890179685937,0.1703894922795539,0.2022393602469959,0.3012298682536261,0.3330849783930921,0.2214117073805731,0.2053147195614767,0.2352732301641069,0.4789088675556237,0.1156609819269865
2026-01-20,0.302734076316558,0.3173256141576311,0.4152695109321225,0.3403941327882718,0.314429236307544,0.3763341658465206,0.4156581282834438,0.2299666997931146,0.2416685781007361,0.2898944419703054,0.3468775120548155,0.2645255589974424,0.2612063572287059,0.3958548714716701,0.2144464468854777,0.2861386235939726,0.2615925882842297,0.3316442688578627,0.391294301850676,0.0888715038636217,0.2405172547873668,0.3058930265786041,0.1718473099891031,0.1921772118620928,0.2236985817029599,0.317106434450556,0.3647073574934423,0.2594251926352259,0.2070817460858837,0.3137806316602333,0.5095321015776708,0.156088121068938
2026-01-21,0.2860306307702993,0.3202191806010515,0.3823927130656516,0.326537312190573,0.3053500573447251,0.3629579158275443,0.3983334013587588,0.2299115058431837,0.221498446482212,0.2666155879310772,0.3269589701429594,0.2618479842319179,0.2087024880434966,0.3742691733292608,0.180555437113796,,0.2540719130946694,0.3125896893196271,0.3755396237966285,0.0973647658632688,0.2301219538913031,0.3023903881574635,0.1794298931338663,0.1785999210999812,0.2016900972968127,0.3152231158774784,0.3614870163115421,0.2347406125237553,0.2044700954139295,0.2811397257275347,0.5029425368176568,0.1345722477467953
2026-01-22,0.2804477913853412,0.3073211721578437,0.3673733146245032,0.3298209976909846,0.2939541138072492,0.3479224803966119,0.3954112148347618,0.2331671737564526,0.2114196282437733,0.2509699846616542,0.3202071316717712,0.2258166643182326,0.1836756855319107,0.3763442565553012,0.1802694589940784,0.2722322064864595,0.2710819582952105,0.3057351536183927,0.3573864404329754,0.0630049078371189,0.2052728977321092,0.28514120205606436,0.1419951264777325,0.1771914973691075,0.2148603081193696,0.3076754748825225,0.3515640922556077,0.2220808879338349,0.2023700080053556,0.3036537532431951,0.4844232892799638,0.1226520243111408
2026-01-23,0.2867128415999635,0.3203421166438632,0.365519961004999,0.3181291685062803,0.2958363571314501,0.3549007287685212,0.4044034330360624,0.2398449780799004,0.2212013660499653,0.2592500963517242,0.3137932303770989,0.2276245406263662,0.1896871782230306,0.3717851068071705,0.1786457624577664,0.2698286804050737,0.2642081145923712,0.3104313204359327,0.3779334026718242,,0.2115524705441301,0.2813006130420517,0.16939685953141,0.1850023717500911,0.2076155922913892,0.2978262479186319,0.3527027952552835,0.2170538312736219,0.1939953998931409,0.2813542336185721,0.4778989520046246,0.1192280550109342
2026-01-26,0.2909222508665722,0.3305845281999152,0.3681906005123195,0.3371648538681696,0.3264331841986195,0.3668894648852839,0.4337611947986723,0.2216949532785566,0.2178345333422636,0.2425899848397741,0.3191432589670426,0.2490392900901148,0.1885230681918513,,0.1689891563272914,0.295146197205137,0.2484997346614268,0.3183361492253726,0.3936031634375829,,0.2263260428444566,0.2869359163929378,0.1735063495477126,0.2002904646037962,0.207712120727755,0.3127745891374157,0.3596631927155072,0.223436586999162,0.2011091132383929,0.3089896914867073,0.5034169489808988,0.1116586672474401
2026-01-27,0.2822902940836032,0.3365610433053982,0.3795344411897268,0.336909182045918,0.3519123542452373,0.3886449072360931,0.4459457273890959,0.2512680028070055,0.2172400929448439,0.2561057096506724,0.3175841394261304,0.2439415507486697,0.189689549836829,0.3679023136379807,0.1905006021241498,0.2951476475322082,0.2530333692130496,0.286310107265475,0.378639885508528,,0.2215057053348814,0.29973014699979933,0.1779809373762113,0.1868116210792209,0.2075942482670097,0.32137032331532,0.4004932480491536,0.2373178759729344,0.2104893975272685,0.3160849129340779,0.5030835443848556,0.1257147127772636
2026-01-28,0.2953975439255235,0.3491363936803069,0.3876459379777099,0.3496707805851416,0.3434956022669663,0.4203528890566904,0.4499076879834197,0.2545133110469127,0.2150102161150401,0.2495629842158926,0.3331135291106153,0.2535113155794803,0.2018291728722978,0.3225533457265889,0.1824986500945842,0.2966921061421702,0.2658712556914349,0.2866168586220435,0.4019312988381189,,0.2165061563513438,0.30396914290637367,0.1790292235856253,0.1948203779382107,0.2172326208827728,0.312392838109502,0.393113526124996,0.2233062351631862,0.217163854732465,0.3103017237032903,0.521794129709763,0.129831238419566
2026-01-29,0.3237797166906259,0.2675079227995234,0.3801974713867817,0.3679078105864966,0.3717321163335129,0.2612412282664599,0.4597391355820919,0.2665819482005796,0.2206113591235789,0.2593560959638523,0.3389365889680281,0.2478019848540738,0.1978127649128317,0.3027248451168448,0.195322222897702,0.3237509739226356,0.2774903060914112,0.2795167859411728,0.3080832491271532,,,0.31628501063877495,0.171413459341226,0.1981839993820297,0.2180031186204623,0.31183044652357,0.4101767949878779,0.2318827912267894,0.2258096160809019,0.2377446091357155,0.4513242720716723,0.1209743494547239
2026-01-30,0.2316131433736136,0.2410644651567475,0.3946858479509209,0.3550173752267329,0.3724846941696099,0.2369219863336633,0.4713584849622091,0.194132512877093,0.2141271416687392,0.262521444642202,0.2764350988460306,0.1962829969483694,0.2055665812010971,0.2892548916285655,0.1750490389887563,0.3079212243645034,0.2650581502516166,0.2849978951827164,0.3289232729550437,,0.2256969410063907,0.30734741587090286,0.171565769266172,0.2009048966120058,0.2295717235313091,0.3152830787151121,0.3874335869758878,0.2245517013975796,0.2034539514084248,0.2259895726194248,0.4367821832776908,0.1252889051667619
2026-02-02,0.2151369715034394,0.2301801931744911,0.4180454760171227,0.3595475989587576,0.3894164944168574,0.2434881267911965,0.4969288833893266,0.1968812619273133,0.2208726042195042,0.268327746174516,0.2702396767705607,0.1869134488332819,0.183733665720305,0.3069771062568669,0.1795688549105726,0.3551278489956906,0.2761474856741911,0.2715255719227914,0.3156152108961255,,0.22152607046073,0.3285243203459006,0.1730202322374006,0.2101719121650528,0.2290725260246787,0.319781829938282,0.2541736940357347,0.2250668943387843,0.2028473338876929,,0.4209316996958079,0.11993796570513
2026-02-03,0.2307323030367021,0.2670556637893515,0.4396737492007483,0.4113721399250454,0.43848547131616,0.3023592075393319,0.5374233823610457,0.2029419622696942,0.2424837556575483,0.2976011669973349,0.2881290573269454,0.2298633684178591,0.2095741541810505,0.2967049393130367,0.1951747210721822,0.2736999437634744,0.3009156036531973,0.2841228996373461,0.3252903460518933,0.0303461862866897,0.2242669908813176,0.35802392724702536,0.1831707662107538,0.2250597646452365,0.2454753472059303,0.3387852137832938,0.2646829104866382,0.2549350762894043,0.2306043067213731,0.2241841716832771,0.4530475725103451,0.1436780088873858
2026-02-04,0.2402958360467709,0.2610664731963697,0.4963621506116444,0.4266310309390972,0.4024755483703611,0.3058466169514977,0.4286071747583168,0.2093088130049517,0.2501914264724176,0.3346686280807308,0.2982614283119946,0.226224309360252,0.1929010259204363,0.2986541483953226,0.1957205701779865,0.2363302656799613,0.2005413652596007,0.3011654758038875,0.3475416932330958,0.1037877132099557,0.2392783355172942,0.36031577599402526,0.1773169207140893,0.1811734837334104,0.2381883042652101,0.3907775216518673,0.2847306120730302,0.2579386213384513,0.2289270416256786,0.2173153680488707,0.4858534369894057,0.1502812682184418
2026-02-05,0.2591993159792353,0.3031445512316568,0.5194282253078722,0.5290273937221669,0.3177257735974816,0.3126810248687106,0.4527992931744,0.2177526659468211,0.2634475205165003,0.3109651759825675,0.3159900227875471,0.2407372338228026,0.2004986742474523,0.3138571484651674,0.1995705276668165,0.2523488033730366,0.1994531492651422,0.3119467445854927,0.3637253769144466,,0.2523561681394653,0.31109130083644887,0.1869361481003577,0.1873299336628608,0.1931326256251461,0.4071955177440787,0.2690906089163936,0.278746906601808,0.2083091847276736,0.247288457794661,0.4108877255799076,0.1515936518980905
2026-02-06,0.2287787229535433,0.2741387404779604,0.4857755222018824,0.5184792543655267,0.2940679313079677,0.2823532273410271,0.3149557543004447,0.2010373137519398,0.2434090902525481,0.2870548404502896,0.2708121135608061,0.2126474107887758,0.1868458647045982,0.2962878521199768,0.1818462191074875,0.2416665606941689,0.2241278451398395,0.2983774267958785,0.3483486723292497,0.0763104628053133,0.2352480895859517,0.30499126395588977,0.1800069036165004,0.1785061021835719,0.175062866270731,0.3846178425982647,0.2381341195379457,0.2700198199840245,0.2003336956421033,0.2252664382187333,0.3995893636476425,0.1351583216473922
2026-02-09,0.2342366554520888,0.2612750687427714,0.4816127121908721,0.5140361460451349,0.3109189230225943,0.2741170806912883,0.3153714704505024,0.1935077810742257,0.2449986618975543,0.2778820355915806,0.2685995923277275,0.2190157017604091,0.2263908327804718,0.291642269456856,0.1816243226058765,0.2400641155392616,0.2184106754654493,0.3023140168461953,0.3538066593051019,0.0499616177343107,0.236530465577769,0.30438698871208,0.182773109795422,0.1818317677754661,0.179537078384596,0.4149761789118289,0.246261304934205,0.2746770310010246,0.1973431972204103,0.2282544513767217,0.4082952488346945,0.1335417183296489
2026-02-10,0.2290351476818496,0.2608690432521792,0.4708554703961653,0.5053892223635104,0.3237778751516489,0.2918054982713629,0.3171337081818076,0.1998109702167606,0.2577773494470689,0.2826869893846494,0.2797822515239929,0.2152052988373646,0.2353475384010321,0.3042669093518355,0.1851228430545212,0.2589083104856857,0.2029460331146244,0.3017641554107327,0.3532452764211989,0.10091721001679,0.2354986702908545,0.3095057071986254,0.1725800063492713,0.1593259206360204,0.1822260368210339,0.3868367894397497,0.2431071560452304,0.2654429849777357,0.1881381398048902,0.2297203403823292,0.3912714629880741,0.1402770379277027
2026-02-11,0.2328134942884291,0.2698477199495301,0.4732894304869739,0.5359290137365651,0.3302818390607735,0.3390528994942123,0.3200916399089784,0.1991533468386336,0.2777702524919663,0.3026354080507207,0.3024955335399467,0.2394437222477557,0.2279624758972147,0.2890363384675209,0.1803283322696341,0.2487845572370872,0.2178517605765056,0.2968698360518377,0.3716720380432369,,0.2393471181220799,0.3119507545547918,0.1750531260600958,0.1666102542466493,0.1815159305882206,0.4025400660940837,0.255990565917547,0.2635999813911196,0.1945688418888407,0.2111531950191367,0.4106731545781981,0.1339892960693139
2026-02-12,0.2787255323695032,0.2913690178382449,0.5089272294583748,0.5487709256323571,0.2683675334518953,0.3909221452615015,0.3366580183130697,0.2218187455799391,0.3074507913169023,0.3498041478021509,0.3410895582324656,0.2665439711243756,0.2587042235311501,0.2972500125101217,0.2045191706318018,0.2550661834262193,0.2266319961799024,0.3169349887710134,0.4019065738501131,0.0624695842058677,0.2554325782872943,0.3484577012031372,0.1900007213181501,0.1775270882027844,0.161443793083973,0.4191573582659649,0.3168496829824381,0.2759620114819802,0.2042883584994345,0.2337868121791334,0.4323100014736024,0.1509899717472043
2026-02-13,0.2773493051559815,0.2795074788491649,0.50042051151157,0.5338062304561209,0.2581174445487521,0.360980457367932,0.3245212116954394,0.2096815662606954,0.2847322914455283,0.3191722229829082,0.318911125631053,0.2574683472103586,0.2287318527778223,0.2945201847807357,0.1799981719404492,0.2492165129050972,0.2399343348691844,0.3013194806882793,0.3860344822475375,,0.2734448629320127,0.34170413540237543,0.1867229135992149,0.1701908898225584,0.1489498211892601,0.4077332831102657,0.2703308277147738,0.2777328005927547,0.2003618340221564,0.2076794255183897,0.4044893501311813,0.1457012784295769
2026-02-17,0.2649890824231091,0.2791387574061645,0.5074874990013283,0.5572658799127049,0.2510470598941154,0.3574791092846916,0.3441687588295813,0.2104579000182322,0.2899400135276734,0.3238000188374229,0.3422690443291936,0.2435557507982468,0.2405434976110871,0.3081929792573313,0.1884150313107367,0.2474264690366341,0.2592589057036264,0.3195116314816965,0.3920030431117684,,0.2807216594261767,0.35275972340773787,0.1979324627858399,0.1773337888926937,0.1590769669217029,0.4272269870560023,0.2919789683995514,0.2899997624757386,0.2490253746746965,0.2270803263574249,0.4172155326863245,0.1467363460139633
2026-02-18,0.2560404743936749,0.2701953745846727,0.4892105460448762,0.5623860925653158,0.2365546218429107,0.3407664607959537,0.3249602682768307,0.2048108009714613,0.2715180087786704,0.2909084695909416,0.3031465716447425,0.2446478790983465,0.2185404479918717,0.2867185259345388,0.1703775754406942,0.2499360932775673,0.2479197088345647,0.3281180117082985,0.3874644945816352,,0.2893284491991914,0.35289794448349704,0.2083118566840574,0.1581655109355092,0.1427168504816045,0.4147629219454704,0.2905949484771768,0.285695328967608,0.2527474486727579,0.2230744913490798,0.4036812701100665,0.1451753886346249
2026-02-19,0.2678108178593487,0.2819343307496268,0.4857937654781041,0.5656768540046248,0.2479809827957557,0.3457122808264921,0.3283510194841165,0.1952821746369917,0.2707880986049263,0.3053520241566374,0.3184273897527068,0.2395588635260985,0.209539195811669,0.283789452648053,0.176469218739477,0.2531277105399386,0.2637390353254941,0.3288902304975873,0.3925000462655147,,0.3091491206511046,0.2685209661548286,0.1914172070601965,0.1691246049633356,0.1498942767083869,0.4315050125326012,0.2759190056271115,0.2926681648856585,0.2760263831636023,0.2270236613694452,0.4257999736615021,0.1425201741148671
2026-02-20,0.2491544605960554,0.2797587082526787,0.4830256949245139,0.5575800185862679,0.2119189551447131,0.3374582374577826,0.3238366615986685,0.1886161744282059,0.2648400042616409,0.2900849094104167,0.2808737815949962,0.2279608781404499,0.2024462196458978,0.2701967129688751,0.1866477514995848,0.2464346527436925,0.2575064375677428,0.3174024394798061,0.3602289068936043,0.0855333121129331,0.2857042380157439,0.24428280703091232,0.1803402169027331,0.1413849378883762,0.1331054142686394,0.4177457600919501,0.2610203545190043,0.2809947414623615,0.256274637780668,0.2134421067457146,0.3971857087118643,0.1469231901505169
2026-02-23,0.2722150799568202,0.3016368392854687,0.5213260046648346,0.6189520754197727,0.2585924576723387,0.5642067954919147,0.3480728609652606,0.2207703158790402,0.312685528287736,0.3384946968866547,0.3900838949146254,0.2661643263717569,0.2175175072542887,0.2808052933599491,0.1860933384092479,0.2534445141791407,0.2729663590408138,0.3214517023152505,0.3777177008868175,,0.2724751339995955,0.26482733690991406,0.1961489909735952,0.1690342523892707,0.1504181700666883,0.3554567429245621,0.2827807163827073,0.2783977125309749,0.283088010588253,0.2372566588255427,0.4159034889294646,0.1660647771713482
2026-02-24,0.259792905884782,0.2783883865024477,0.520376603571781,0.6236134502019557,0.2658469220696996,0.417957615994474,0.3392923217323446,0.2061198832499338,0.2850101237483176,0.3322321588143137,0.357748674424373,0.2678257577822554,0.197486000728532,0.3074691576314329,0.201879491819188,0.2467962331495664,0.2579679467170802,0.3431410309874872,0.3887325021244388,0.0429575755205486,0.2810462742593038,0.26525508254357677,0.2017274627144611,0.1616707071524598,0.1521843456075919,0.348285615254041,0.2876913340560205,0.2319142380841558,0.2707177125116575,0.2252080170972799,0.3971072215873517,0.148512955019402
2026-02-25,0.2429403855513394,0.2732621092921655,0.5244476592030352,0.6044506307135536,0.2407601982086626,0.4007348949046587,0.3193342510449672,0.2138733373529563,0.2697704435541912,0.3124321572133599,0.3259144146490679,0.2508265618405387,0.21371334787475,0.2898135209622716,0.219623222513281,0.2294192624168528,0.2473508170168666,0.3273732359104545,0.3720513335719816,,0.2938066847171093,0.2519775231856578,0.1951364790903571,0.1591155015602639,0.1424178999071169,0.3320699187008327,0.2807533949914494,0.231441758750115,0.2709967995779047,0.2114920447954264,0.4123075870399296,0.1327763298102028
2026-02-26,0.2461004410144816,0.2751351181157955,0.4592355893402263,0.4298704067907541,0.2496182310825624,0.3732595381534582,0.3211174975149308,0.2033901325604728,0.264654054114046,0.3106288924423616,0.3058577025311282,0.2424920947747884,,0.2771455250584047,,0.2577692169293212,0.2361750279219116,0.3186956605358758,0.3630223646727102,,0.2854134917724301,0.24133539943215346,0.1835037901881835,0.1473449735970235,0.1398198567862269,0.3401348952901661,0.2678527994630864,0.2183806763635512,0.2641192209746503,0.2040259013593864,0.3942060774121104,0.1354576558406547
2026-02-27,0.2726155402632073,0.2815085001335605,0.4826323493451923,0.4325029428630156,0.2502231424173641,0.3772428121046298,0.3289445060539516,0.2162771757396588,0.2859555047451788,0.3706416877115567,0.3855718752622648,0.242159720306609,0.1886014717634571,0.2612579223008813,0.2248724597179248,0.2224665713469786,0.2711232667243783,0.3248553011178414,0.3633182916969185,0.041493598320292,0.2798704201732412,0.2582143159604699,0.1765220903025456,0.1484852686755476,0.1356021432725501,0.3202774341103455,0.2793810723713739,0.2282511274483498,0.2923174685701896,0.2219088463192998,0.4616312474233859,0.1474401538713323
2026-03-02,0.2760871194452007,0.2940572376518378,0.4650006359649222,0.4592286218763405,0.274349469889838,0.4055379898234995,0.3493672353718391,0.2405347776936033,0.307131582538551,0.4092149043249339,0.4031791914375003,0.2558130286323145,0.2183868275085429,0.3009646217028217,0.2314764406612832,0.2510391927919167,0.2860646329271775,0.347852917895375,0.4072480858389209,0.04360913424148,0.3057233103625872,0.2784810485075658,0.2196287906058913,0.1572984317712194,0.1590400098751895,0.3866217637998547,0.2886495073089226,0.2298017531711694,0.3179573477048701,0.249495675654171,0.4920164561488215,0.1605772446997281
2026-03-03,0.2877455568035384,0.3093899939623901,0.4803823952005895,0.4609904092200953,0.269678085926868,0.3936681080992088,0.3623308163940522,0.2423536481739549,0.3128123587015344,0.4043248743167257,0.373694910445401,0.2695040254881296,0.2079634145327679,0.302810806567984,0.2359789380580521,0.2462275062430929,0.3222664351390935,0.3717333985540144,0.4143546592411565,0.0549191870952078,0.3230706577976285,0.28038652675337955,0.2220311522904968,0.1695962361756681,0.1920844774172772,0.3796631814031755,0.2777350861347692,0.2408214121005469,0.3073369723721278,0.2734573633303451,0.4756972706662216,0.1831970808007538
2026-03-04,0.2639643303897623,0.2945703782635508,0.4684280208506871,0.3986535718472638,0.2429566037609997,0.3701415055140201,0.3284100039490106,0.2422399975013857,0.2893301919657731,0.3705803587419966,0.324923520990039,0.2699038021149282,0.2360553013699316,0.3058480511813862,0.2446737032908792,0.2573372037187523,0.2690086731386816,0.3384007991239801,0.4113628821344959,0.0546385667060441,0.3096176850150672,0.25163113795996783,0.1992524419141838,0.1607834186298159,0.1825926061385163,0.468625772479353,0.2667052288676849,0.2113140746167136,0.2870521483881746,0.2556928148053169,0.4508605263693052,
2026-03-05,0.2751036958899588,0.2938820078404036,0.4173280769003856,0.4028651388594816,0.2488398412417202,0.3637653320667403,0.3195647512938392,0.2067566767995396,0.2917506601964162,0.370588325353307,0.3357661560056567,0.2498665404878523,,0.3544103311474771,0.2616995032034415,0.2732022944762322,0.2769931749183421,0.3416952375424804,0.4060685055160707,0.10537591133325,0.2839148633623014,0.26525028223861163,0.211886780353518,0.1597028107388098,0.1851811858475237,0.4597860936466347,0.2751409983424087,0.2450800018983482,0.27625406712938,0.2739103189085422,0.4525635167935984,0.1628020221517227
2026-03-06,0.2972521825285126,0.3014780588322053,0.4627811901750381,0.4114978842614949,0.267040885045388,0.3801786497403018,0.3622187811621221,0.2113977696831588,0.3128629658925067,0.4103075746070065,0.3487823878509156,0.2682961815742715,0.2346874585209428,0.37200963299148,0.2616387915578128,0.2760164773302803,0.2915051482189638,0.3662122376473123,0.4523590713377127,0.1298580123875588,0.3226517983820961,0.2768517525949266,0.2186910673620608,0.1744990484675141,0.1901247682114775,0.4592664750951585,0.2932971259112272,0.2479498217604395,0.2986838599449574,0.2761003498212072,0.521076601271546,0.1861427732108478
2026-03-09,0.2773477957077547,0.2904858311200404,0.3970524354703401,0.4041101411174267,0.2476442555853731,0.3691096851936571,0.3369810955093087,0.2202604649677323,0.2978858820386551,0.3910881449097835,0.3364039077463734,0.2739794600874338,0.250158028105473,0.4000707254224011,0.2692095465860027,0.2704529152635795,0.2793273559383157,0.3632593924985834,0.3905336987686207,0.1003635732144533,0.322833386596346,0.27324353887952263,0.2268820946735583,0.1641021835178706,0.1926454072043007,0.4772612012376663,0.290566772964812,0.2320647791114692,0.2755212238573144,0.2804028538319917,0.5033193194815896,0.1658709634891396
2026-03-10,0.2749222113787055,0.2889326736971354,0.3974065946476278,0.4140686779389165,0.2568648155584607,0.3645827682821137,0.3314007506086394,0.2017157389628968,0.3070960847995823,0.3988066045936199,0.3370677092409801,0.2665058553731262,0.2523444180669402,0.4193564160303067,0.2494474197438787,0.2632580834247913,0.2808972846724907,0.3762659854538195,0.4119813205539694,0.0648281241946629,0.3101238918030781,0.25930901034694126,0.2218190201958348,0.164622793977347,0.193684424221943,0.4863809992177774,0.2873384744250525,0.2420632461248082,0.2786965375080694,0.2947186267470894,0.4981335960185739,0.1915633198367784
2026-03-11,0.2672716134940775,0.2718526364381267,0.3951552818353414,0.4054932831844074,0.2536122926832209,0.3607152181035172,0.3246681407733732,0.193379056419266,0.2964773326847699,0.392515290516312,0.3270017765412308,0.2726142877792774,0.2571126970499069,0.4139711190859211,0.2604317424729333,0.2608803196182274,0.2820934894883162,0.3674718832186026,0.4170960375594701,0.0891570788021938,0.3055143556422402,0.26228370958189506,0.2121619790458186,0.1630020631805169,0.197301589874637,0.4749455096571475,0.2858926819970127,0.2571706223371214,0.2734443378379972,0.2906649804611855,0.4958612356702358,0.1833979490216878
2026-03-12,0.2882533645819989,0.2906435465006733,0.4114543561731018,0.3925953682091501,0.2641928816489228,0.3778290081511857,0.3507528097209736,0.2034491520053301,0.3331191223757836,0.4358061651937338,0.353133772865318,0.2869898563315548,0.2857332929731203,0.4322731334346164,0.2992681044115704,0.2737476848208798,0.3011755977690968,0.3931273259231115,0.4449648226216448,,0.3393964062019647,0.2712874536190934,0.2473412349228518,0.1757578312117879,0.221300366963265,0.4914490826387996,0.2959810606399974,0.3136737616594445,0.3061612033956569,0.3108734081562149,0.5322749383585607,0.212323167113011
2026-03-13,0.2949672299077301,0.2857861925961291,0.4147739985470128,0.4039904970476314,0.2709746406712656,0.3947679485810999,0.3427619872162207,0.2020046193473766,0.3223928885570256,0.4290409540000848,0.3487327269781827,0.2806068329872371,0.2964819300316499,0.4178883255301233,0.2860645254826083,0.2707454290321588,0.2882529203390428,0.3778317598166863,0.449573115231797,,0.3297167050406051,0.27369438523780026,0.2454743851119261,0.2071829683677193,0.2040286374359808,0.491302173416868,0.3023949269522095,0.2802724886260877,0.2916270403868319,0.298383248467184,0.5209046274646757,0.2097998433494474
2026-03-16,0.2606040356012528,0.263516640801498,0.3856212758811947,0.380498690988217,0.2505982776537834,0.3606168953278025,0.3311070736648404,0.2011823993943598,0.3051040305447942,0.4079664011571416,0.333555978072989,0.2577649593142613,0.2956695840620414,0.4068776171935855,0.2616590326279458,0.30701664944322,0.3142136162982114,0.3619703367274248,0.4122228996764833,0.1223689634115845,0.3140421025120138,0.2595111431390378,0.2333487103481258,0.2005119577798982,0.2050088676226052,0.4789074596726935,0.2777260487035881,0.2788347970627737,0.274389307701969,0.3064840605186755,0.5101676800888084,0.1928990912610382
2026-03-17,0.2479115548670922,0.2501727307867585,0.3678643307730098,0.3616980826237365,0.2360444531039374,0.3254586567617294,0.3037376550551634,0.1883278913160488,0.2958773860030974,0.3943409300257666,0.3124458363688813,0.2509402225348529,0.2655035377404406,0.3919142960235127,0.2596764761757643,0.2920465516405397,0.2834492459505908,0.3581413566322142,0.3866391575021582,,0.2828606640014442,0.2474514784208198,0.2252356268742496,0.1851152214618749,0.186784184622195,0.4828148549786285,0.2644219836753405,0.274040694534488,0.2637061532107105,0.2842008059017972,0.477721290764977,0.1766720099985046
2026-03-18,0.2711496097214826,0.2732797814426281,0.3674561543669067,0.3756795847692934,0.2538229420925744,0.3261310632854617,0.3254925826549173,0.1889428421711003,0.2990291041094912,0.4016060408398294,0.3292656372490965,0.2760412200126219,0.2871731947535698,0.4122293375041232,0.270988652510814,0.3025829250060123,0.3038756884621496,0.3666851057433793,0.4085418397832455,,0.3087996085854616,0.2632888898912196,0.2358020022134313,0.2020574027803391,0.2031963429733749,0.5059884220205945,0.2723401289423683,0.288130577377194,0.2723581928026368,0.2897228160595588,0.4818992007568031,0.1867473585563717
2026-03-19,0.2571130779809815,0.2600589712223567,0.3525424993691212,0.3634741971962638,0.2509682788773426,0.3421754580818915,0.3199730741800152,0.2021470993121591,0.2980171190526183,0.41354273810132,0.3433448081269767,0.2601430417956594,0.2719258798338207,0.4148866368724677,0.2834844752963879,0.3084624674861124,0.294895056319105,0.374091906075455,0.4004042525335903,,0.2979300549286841,0.26536770876445054,0.2409384524644161,0.2126607516439547,0.234477567899172,0.522488613682857,0.2788317555182565,0.2904924869533103,0.285947425243604,0.2797704661251765,0.4916219302015753,0.2064288867379863
2026-03-20,0.2689502275396277,0.2807089097087613,0.3804445250501869,0.441034528269318,0.2577642979647147,0.4408216506357743,0.3403309758172211,0.1989989621519149,0.3229996248678011,0.4331065621945695,0.3226464052353082,0.2723958862257333,0.2792087838446104,0.4302607530011352,0.2870686278001392,0.3073125673302858,0.292139760366208,0.3940008362338103,0.4234259961467154,,0.310374376877313,0.2770469384519713,,0.2089843268182656,0.2195059142803888,0.5320464516914453,0.2729021379102697,0.314173605947508,0.301162620105009,0.2975431532608584,0.4794822210142452,0.2410255945361032
2026-03-23,0.2633151122649487,0.2648422727067512,0.3609211757843207,0.3912625964030069,0.2496495019453558,0.347254283448408,0.3243070854273706,0.1957304395284616,0.3182989249713302,0.4316428419886707,0.3208032047540721,0.2773806778249144,0.2938294473916106,0.4389839991122994,0.2809894706561176,0.3028685523223845,0.318713012024072,0.3814199854762516,0.401376339373616,,0.3117449193641085,0.26821368864707706,0.2434837729457211,0.2024401163923558,0.2251091591590378,0.5357259366641536,0.2969866760896387,0.3038474757836724,0.2851393045187411,0.3312865001039024,0.4766339515670419,0.2115894389665251
2026-03-24,0.2702413326195772,0.2793535300336425,0.3599132684905403,0.4144693020755773,0.2577014776653168,0.3651892660650171,0.3339689808172498,0.1872178390388111,0.3059675663685571,0.4324807787562797,0.3418843328780373,0.2692051906466629,0.3035134284634648,0.4334904556992021,0.2699063031537573,0.3103843284157431,0.2980974673530387,0.3727089549742491,0.4086527259095568,0.0834422060929042,0.3082822765781824,0.27008346674004496,,0.2006450457063821,0.2286046348872334,0.5364406936043747,0.2927224530904344,0.3038811263050329,0.2941891770872712,0.2987570755023444,0.4830193917985788,0.2312898379701831
2026-03-25,0.2682696359538526,0.2779685103885105,0.3495067359012256,0.3958945644660586,0.2538059660160489,0.343562512705735,0.3191985429556643,0.1857154804483507,0.3043701966968931,0.4259290793874213,0.3248035649327179,0.2691778385631123,0.3092984371841057,0.4398066574763046,0.2600967288250672,0.2966810751843594,0.2654381824849008,0.3585355742593184,0.3967007005725639,,0.3065424756382662,0.2655704124662051,0.2263720476485308,0.197332983184058,0.1981075817743075,0.5381353363425211,0.2816488570645194,0.2862650906296432,0.2720020263152435,0.2788720838590426,0.4782023157518703,0.2091620422698449
2026-03-26,0.2812403656131141,0.2963550185594208,0.3995552439637312,0.4092735293014961,0.2764139870874618,0.3574562741401875,0.3533512952746406,0.1848461981011106,0.3264551903435089,0.4449768413251515,0.328381613160354,0.2723022509191068,0.3153342684665448,0.4575279718353932,0.2882674847165127,0.3135384495315926,0.313704399214225,0.393014131862054,0.4265534207501212,,0.3592199110180832,0.2796266558683095,0.2522397934741877,0.2046240775501167,0.2160725957454373,0.5709184264875794,0.2819960669311558,0.3044671008269491,0.2974293732494318,0.3082895001467539,0.4614159334952767,
2026-03-27,0.2978814983428925,0.3228789464379511,0.4028109873586726,0.4216752589478839,0.3005280385871861,0.3764298551394841,0.3798723977161963,0.1991160923790445,0.3491825001177724,0.4670374937406459,0.3923721547442743,0.3152678644238038,0.3164152703424119,0.5135462943041974,0.3083248726593485,0.3127061713512906,0.3133935720699671,0.408981442134423,0.4764775571449989,0.1044375801644218,,0.28687205285778705,0.2417486316556071,0.2119463087939457,0.2320251037587354,0.5711958908287069,0.3153931747916167,0.33254686040102,0.308995790488084,0.3073249167824836,0.5585841664735481,0.2511791873634545
2026-03-30,0.2954894290246461,0.3189873844124814,0.4127846434908817,0.4416278293959135,0.2895014024180073,0.4041087587713396,0.3808966529490165,0.1993036298422549,0.343627792299147,0.4885532402495091,0.3855412480442224,0.2967981063071272,0.3287552281138731,0.5181624310859095,0.2951531099980777,0.3174903419216376,0.3051660686457941,0.419297728666367,0.482454877032349,,0.3508246589918368,0.2955743093960172,0.2538876299501139,0.2249839367392051,0.2295727558268926,0.6138677900125332,0.3274187485008979,0.3330604395960722,0.3260997896578406,0.3089216402823019,0.8889344870993264,0.2571523934607975
2026-03-31,0.2677218734909147,0.2928569400715709,0.3572173693663272,0.4035549916287644,0.2783492064347629,0.3645438857240288,0.3512902580222217,0.173556282214043,0.3251275842319816,0.4285309804964951,0.3360140436389943,0.2802412473810204,0.3260993581997449,0.4803945673670751,0.2802883105345787,0.2900421303561395,0.2866442812796925,0.372885955760598,0.4243665356761034,0.0600143721121829,0.318751325180948,0.2690418067525125,0.2410504415359523,0.2076858371467372,0.2154758635818637,0.594696102074243,0.2844758954151011,0.2906064776199406,0.3006809831027803,0.3259538753613056,0.4740340320093924,0.2081350128922439
2026-04-01,0.2600860290955608,0.2772153968685905,0.3543374269504626,0.385116074227557,0.2540846065028554,0.4049190482018222,0.3331668285628039,0.2140135521286505,0.3069562321757677,0.4340081930846181,0.3403779252708376,0.2827422661980353,0.3298292598641167,0.4656962453936957,0.2840826039190267,0.3246617848580541,0.3077821931106915,0.3603342533867973,0.4262806968208965,0.1156410345872763,0.3504210739764781,0.2530616666172671,0.2285621359226488,0.2051962956167502,0.2144304245406535,0.3882107620990215,0.2727302382493173,0.2830943273863993,0.3049706341531964,0.334144038873003,0.5170308466005549,0.1971973553365219
2026-04-02,0.2831474079394855,0.3411965978477494,0.3572450061725401,0.3914692923449731,0.3291033005756871,0.3848771882943406,0.4025565220934611,0.2062588970678744,0.2847820281810431,0.3810541494250297,0.3748261426666639,0.2918733938122029,0.2700185662805522,0.4392229352955509,0.2646703343832271,0.3217163112109203,0.3060614678958058,0.4102784068169562,0.439946077456458,0.1039362902195447,0.348330827187317,0.254750829098809,0.226736084903048,0.2146892162042528,0.2395926651531364,0.3489410475949716,0.3531121458729653,0.3007850383668821,0.3033799448347841,0.3239030227390379,0.5062773568383716,0.1893597260877378
2026-04-06,0.2859234908366985,0.3395636550230048,0.3452035632312354,0.4005657265758789,0.3401442107739651,0.4072147136738935,0.4011548890822036,0.2081461419756484,0.3130898026963585,0.3785770110265112,0.3641153335563576,0.2806992819670021,0.2643002446721185,0.4560931825112764,0.2628521527667565,0.3244388259721535,0.3167352171033515,0.4032130409961138,0.4303373599553613,0.1090249655309479,0.3547651610709698,0.25636148104614687,0.2243108062147831,0.2130627918009973,0.2403994106434443,0.3445955757816748,0.3561047429842237,0.2951331285700593,0.3080988780725345,0.3532432142705595,0.5269353776886884,
2026-04-07,0.3049618490368609,0.3550677611300548,0.3554423916657065,0.403477925422801,0.3538524389191138,0.410507379893806,0.4120923632774202,0.2160779996499731,0.3226638300262247,0.3837845742982179,0.3705676315986006,0.2764107147363816,0.2716966591478101,0.3691070172214448,0.2566548249943383,0.3160738607598079,0.324016474408585,0.4129095436424411,0.448979854756845,,0.3479409973693221,0.26811880717689923,0.2255689751382274,0.2315916550401354,0.2387875968360653,0.3712847744637988,0.3643929538124736,0.2985783020427245,0.3114566311805888,0.3491034877729787,0.5227897378700928,0.2060367447114845
2026-04-08,0.2801533514795241,0.3456080746238983,0.3430014880984296,0.4067891780999461,0.3427438102270815,0.4026305679273124,0.4049279487316195,0.2098174267940002,0.2735168368597133,0.3319223432389883,0.3455078321444474,0.2598528988932654,0.2545537447945274,0.3419272558638452,0.2441080635226871,0.2941311080248185,0.3121785438950711,0.3864543599517667,0.4101081846692837,,0.3324079400613831,0.24721336756096665,0.213095550354911,0.2052572674193511,0.2392834478229478,0.3437918776153986,0.3333305366816818,0.2813171949960512,0.3071241564689906,0.3071453682880469,0.5171929697704719,0.152824523290202
2026-04-09,0.2730360619755046,0.352720399655582,0.3247252124430523,0.4357528580593653,0.3437945306055055,0.4186750091102578,0.3989530202237261,0.2111217981409962,0.2663942339538532,0.3306959587867702,0.3420148859424334,0.2612260932804978,0.2546464675852908,0.3428989158413796,0.2503292004952535,0.2958962860963428,0.3133404824452159,0.3846834453057166,0.4151015103025704,0.1067108302845506,0.3342674523405116,0.2374653471181969,0.2092421653710622,0.2057640538554222,0.2196820249721241,0.3241019915009128,0.3370832652332406,0.2760933454833508,0.2864261757520538,0.3206469523231109,0.5100051774029919,0.1546745031645397
2026-04-10,0.2674236364262451,0.3568921460603122,0.3267797368569264,0.455744808780592,0.3362491510168184,0.4177071837193796,0.3976044257177409,0.2720816505033781,0.2673458342845605,0.3221979539772388,0.3500193694748824,0.2632573917929035,0.2705713202830733,0.3483974819337496,0.2442249836837589,0.308707905491995,0.3026639978148563,0.3744856416894632,0.4086515467295376,0.1195707786728502,0.3326634021343689,0.2422725863928139,0.2108301209078522,0.2030734059456743,0.2222994388916069,0.3354943867737751,0.3318214722837841,0.2741825556587275,0.2780760953458622,0.309120334406766,0.5124076000185749,0.1518351500020831
2026-04-13,0.2798639450142949,0.3751208605009085,0.3320369888170073,0.4270818268831505,0.3409682638617857,0.4185932924831066,0.406881589041325,0.2715325843834682,0.2520913499488785,0.3035870957527727,0.3541111785610439,0.2662026763508546,0.2681632210489589,0.3522609522919468,0.2337069327187387,0.3096431916538899,0.2980662143439385,0.3858423676695224,0.3925443233354028,0.123229459820144,0.3206311948344238,0.24434753736157322,0.2151326912734619,0.2062996557196798,0.2265956412635543,0.3299295172732958,0.3514567465437653,0.2722980940036729,0.2802705229457028,0.298638582250922,0.5276197182595047,0.1635880567945327
2026-04-14,0.2820723069119735,0.3766852716265448,0.3378071353634642,0.435088898202857,0.3454865216961463,0.4191500464951404,0.4186250636657299,0.2696773613030541,0.2296005231454613,0.2920515360388988,0.3312294518887765,0.2613142435021299,0.2638896774325816,0.360874209124472,0.2173583073032952,0.3044837044065615,0.2913940824921849,0.3711668822032243,0.3839514149994538,,0.3170744448638986,0.23647594974467842,0.2104752374387524,0.2168512958715446,0.2268659505964948,0.3267944971443495,0.3660854931970009,0.2608240384091281,0.2869475973033373,0.3095197920821593,0.5083547764563559,0.155052642734178
2026-04-15,0.2883049941670704,0.385794172769279,0.3446737682224078,0.4235458225420035,0.3473196173207164,0.42211522211591,0.4074130265074289,0.2743972820481197,0.2404061282311189,0.3079741620197211,0.3413234785580791,0.2625337236639257,0.2610797240742201,0.3619293689289591,0.2185107954365431,0.3076512036428483,0.3035053512109483,0.3794691477066479,0.4031534956736421,,0.3276988037110118,0.24296476160502908,0.2142289111549298,0.2141000372915638,0.2358339882745201,0.3430901730353754,0.367859317292752,0.2766253366650279,0.2818125772778379,0.3024529693281854,0.5128926710982329,0.145391100168454
2026-04-16,0.2824106605179987,0.3777618203596924,0.331498491324096,0.4312340813618242,0.3467516285002631,0.4120325193629804,0.4040747191867791,0.260531794190586,0.2317083514683127,0.3219982821221924,0.3410377029722731,0.2679972153248405,0.2140939934140922,0.358982539995164,0.224744775062538,0.3287414769078957,0.2994949604760532,0.3804371032194962,0.4143647606726124,0.0879061785046666,0.3330317450385869,0.24184436706482615,0.2179576002323925,0.2138598323032139,0.2383696557907258,0.3331069321180458,0.3800085959786047,0.2688423544824196,0.2777079276437389,0.3062730490777262,0.5084005411988807,0.1466616871610004
2026-04-17,0.2738249957451681,0.3620216694654518,0.3252720873377752,0.4270227547651081,0.333207837397188,0.3995031822335307,0.3986381219917397,0.279059602358639,0.2302970539198413,0.293080414099594,0.3126356992996558,0.2593260745029987,0.218549158972189,0.3545961046957855,0.2236020041407155,0.3131846255402626,0.2858930044613436,0.3687995744676319,0.4074652960603664,,0.3066003797256536,0.2316254659545779,0.207832250343886,0.207517824769718,0.2261979055090577,0.3267388819004706,0.3516517532909943,0.2610921205581838,0.2867674386758621,0.2788386575732246,0.5307509784293223,0.1577201769956984
2026-04-20,0.2870945047251728,0.3791424437265037,0.3395625419489823,0.4376914644842272,0.3702434439630636,0.4200680997699751,0.4195583693211409,0.281431034127877,0.2272400255124928,0.3064732079604904,0.3308724550677807,0.2729233977782371,0.1999776507756882,0.3762734677095979,0.2310823318550715,0.3476818346178045,0.3157745969811615,0.3756189013435469,0.4535789683333152,0.0859689457636002,0.3605951574999326,0.2486053598044588,0.2119491636266446,0.2168967438287933,0.2234440836284843,0.3256325333789029,0.3755752328804879,0.2739503659880454,0.298811783076842,0.2938918726761297,0.539452549766378,0.148787466778569
2026-04-21,0.2999860290485703,0.3890585782297872,0.3483481297434513,0.4729246452976302,0.3833589746589836,0.4495709814390082,0.4388023188326141,0.3041730703546109,0.2557423334848407,0.3259133554870966,0.3306336859163277,0.2855930963754651,0.2356866282782466,0.3348788854961717,0.2306008925362212,0.3584421553937484,0.3358664873119498,0.3956172492924362,0.4630335811814108,,0.3026868752280616,0.24764857000034848,0.2301930778504299,0.229433394611068,0.2465129407500111,0.3523947388623954,0.399180164699345,0.3071740074370531,0.3329895656626509,0.3100806551698258,0.5249752424027275,
2026-04-22,0.2825569620648649,0.3927897238027341,0.3474873190830947,0.4678691757636558,0.3864045115573497,0.4359053593411961,0.4420872619113399,0.3043018044711935,0.2454956201159288,0.3042509563170862,0.3462616102561939,0.2729450360847041,0.2213678343214736,0.3173038597190981,0.2310358787283399,0.3626065933603853,0.3272181912988036,0.3592408206531068,0.4643435245149029,0.109329807620233,0.2864054016312646,0.2537496497742687,0.2236314326203992,0.2235932968595373,0.2510494901751345,0.340232010376372,0.409194290650162,0.2941552084643631,0.3100464940651978,0.3104989931638122,0.559384457191313,0.1359594672985103
2026-04-23,0.277634166036275,0.4172942979683715,0.3497580639871021,0.476310196943517,0.3926416065656272,0.3334887181267103,0.4456064314471804,0.3354213753652833,0.2484075275002092,0.3137172606387384,0.3051366087312858,0.2706261880647713,0.2144642585571898,0.2945009927689257,0.2281184332146324,0.3437604323632024,0.3501260169555936,0.341422776011261,0.4867591751317186,,0.2916082817039845,0.2422362876194547,0.2399034235801874,0.2392536944075306,0.2524173736374303,0.3436794909674769,0.4171186217929554,0.2931775648084439,0.3021100626426773,0.3197587921791441,0.4985872575190169,0.1490644241988657
2026-04-24,0.2809424195466207,0.4186219397035108,0.3689818424602042,0.4608337643522182,0.394405862293485,0.3079976665319798,0.4491502890221762,0.3166221643599141,0.2365397485361937,0.3127695588329753,0.2953948211873614,0.2800941505718597,0.238046602638224,0.2935296955493499,0.2311711250139106,0.3463465650460985,0.3537592704320957,0.3411161469255642,0.4612820667853015,0.0438148233764852,0.316423232992395,0.25126695943780203,0.2144973326586326,0.2185239538458041,0.2508067668538535,0.3408802476369083,0.424282387139085,0.2978446694262255,0.2995944746386927,0.3257231867116082,0.5108640858632151,0.152243543377583
2026-04-27,0.3017392105145458,0.4653721226989996,0.4089367711164351,0.4963988461839328,0.412674339760554,0.3279519476001152,0.4818899255611699,0.2545629635131369,0.2449330199199043,0.3069996820012767,0.3113258817250263,0.2901990080142815,0.2476740557950521,0.2962751565959035,0.239353280997788,0.3806581014455898,0.3548427892972823,0.348352544503303,0.4997198882128204,,0.2985036158497888,0.25802887230337135,0.2189541543616299,0.2424636002698181,0.2733011821042707,0.3641429270135303,0.4736532093386438,0.3231643304888504,0.3288520629976476,0.3846944840706354,0.5278463874056477,0.1471206926439711
2026-04-28,0.2943613101956263,0.4846437900571677,0.3895477100979936,0.4726809944765146,0.4025672828897752,0.2933748596099247,0.4790906628918039,0.2384839793825196,0.2411922951274302,0.3296830810461772,,0.2957642729580294,,0.3639713422614115,0.2314725166221646,0.377225228261957,0.3408409853378841,0.3424011358046847,0.4819619436228213,0.0334888149056632,0.2890743130248214,0.25436482041175446,0.2084121941537681,0.2042388178373927,0.277189571336711,0.3402357000481577,0.4624794962212798,0.291100005478235,0.3202100823733096,0.2641053722065829,0.5264415781570113,0.1550587306991819
2026-04-29,0.3070275706798141,0.480599415326064,0.3941092670659525,0.4902984813220891,0.4405966280031793,0.3042981773140927,0.5289490905469698,0.2202152021538999,0.247520462370101,0.3139780657842674,0.3107080896544416,0.2124231996171733,0.2255317225555836,0.2293054477790961,0.2357930583854254,0.385084480345942,0.3414302460042572,0.3574333193105766,0.4876282499499985,0.0394707528501211,0.2933374864029798,0.2623549383666562,0.2014619802344394,0.1946672313006371,0.2787034044781648,0.3509118819649128,0.4854536775319515,0.3109212022461538,0.3442949247087134,,0.5233849072583937,
2026-04-30,0.3251921818523152,0.2869383499229164,0.3844984624278113,0.4644973097627529,0.4435913240946313,0.2882960153250676,0.3031138971864126,0.2241077091032224,0.2412897456272981,0.2890321573125723,0.2996515287166573,0.200601841159957,,0.2470802636697208,0.2240005690824416,0.3069368190449104,0.3515538540793034,0.3313539976292178,0.3759099471423256,,0.2743742896093844,0.24031252828967878,0.2045339436880157,0.1720313861855441,0.2523486987117334,0.3576593501061443,0.4742498567718423,0.3068944249828331,0.3592259367225543,0.2951366927267222,0.5235972269342574,0.1453968196654245
2026-05-01,0.2267587316354851,0.2671184769832244,0.3546889321130633,0.4374915238480816,0.4384905815495229,0.2784165082984362,0.286288561188929,0.2252988810929257,0.2364308635084581,,0.2717165530219718,0.1957608526013145,0.230266140861304,0.3609940451409724,0.2216647663000316,0.2857069411699008,0.2408957273993113,0.3344923866975192,0.3733928282846861,,0.2713519838375809,0.2289241040317299,0.1997504756810958,0.1724845263493794,0.2646584989050218,0.3319329247606553,0.4781618908135152,0.2942471751206367,0.2914425121633468,0.26904825785942,0.4882501143066942,0.1307182476951583
2026-05-04,0.235671989397946,0.2880303281776957,0.3668893395603695,0.4781042576661513,0.5028949121713645,0.2958415558563628,0.3176579094281965,0.2419750275642846,0.2589578217378976,0.3074863080913732,0.3007459012158266,0.2165148286600893,0.2437277349829485,0.2461423717278745,0.2407678803169153,0.3056312542676047,0.2426294268471895,0.3834865655862918,0.3913001418203088,,0.2957875363291624,0.2517696449103241,0.2198955223041933,0.1962365030122789,0.2972517153064568,0.3522375727199545,0.5426147594014691,0.331553934372415,0.3289564412043287,0.3067131726589091,0.5389461087873566,0.1419653577832906
2026-05-05,0.2345865338970351,0.2769017033997076,0.3687981448199203,0.4807080362172414,0.5212836027980664,0.2994463623790286,0.3212744621248696,0.2251619729575859,0.2462882274705409,0.2903078991411923,0.3102735388378413,0.2274176063927494,0.2338353969926404,0.3425283162858332,0.2317831001955189,0.29583929423466,0.2459133081969132,0.3672475529623984,0.401679577025419,,,0.24592849582774004,0.2389393429768661,0.1997751554271261,0.3221919706269839,0.3389763846704673,0.558096042643538,0.3275784368399672,0.3016831334000859,,0.5405550822623146,0.1409582025619768
2026-05-06,0.2324218364509358,0.2750110471656029,0.3934710749214056,0.4689498665389308,0.5572173000349413,0.3038522659216348,0.3219151146703273,0.2233069681035762,0.242131134519433,0.2756336710492181,0.2786305006061595,0.2092341819369736,0.2294397932270614,0.3874321536189256,0.2191742598924746,0.2727368012947941,0.212498067517631,0.3755874102815256,0.4274632104435799,,0.3015714620704104,0.22917184330704413,0.2340358437861258,0.1780876475341349,0.3136383872928909,0.3345117192745895,0.299986409147492,0.3147875867192509,0.2968315789021873,0.2951484203293335,0.5118745748880865,0.135756370609444
2026-05-07,0.2261276580578179,0.2847986844240061,0.3863883012957013,0.4666238897307197,0.5793174834506107,0.2710642307253172,0.3033522166172334,0.2357076107518679,0.2455425317940778,0.2739866999171366,0.2589120304057929,0.217637559463581,0.2217631416929164,,,0.25935902785486,0.2126008629448056,0.3672198551771975,0.386713047590608,,,0.22408667846633062,,0.1869067098407345,0.2085961911174274,0.3250185192585432,0.2909330457095163,0.2963684957392264,0.290941763008315,0.2795980780746651,0.4732674969419885,0.1245691029788355
2026-05-08,0.2140616926582297,0.2610381660340295,0.3708402698310475,0.4032445551194197,0.6894111166458057,0.2970526426595851,0.2835352285257995,,0.2467546312249508,0.276964912285972,0.2723864747946964,0.2056894798046426,,,0.198474168971633,0.2541690573989628,,0.3541062220737462,0.3397396714517403,,,0.22592613478189655,0.1984454591524042,0.1751632800487373,0.1893560001197668,0.313423438655542,0.2125268906387279,0.3044522268320785,0.2671559053631077,,0.4821560707636159,0.1209594756964593
2026-06-02,0.2317771551747536,0.3091296641055115,0.4099805657177864,0.4533160237003658,0.3899815186205125,0.5572841332893721,0.3150161314586575,0.2093015494575344,0.263129127193766,0.3403896495680484,0.277010954545469,0.2319390730660026,0.2404793951479336,0.2775883731675944,0.2489259659524643,0.2608379718459462,0.2443778071776889,0.3381814248960893,0.4072283654822839,0.2298314589794566,0.2966709043182447,0.2555220282885094,0.2337593231301302,0.1602200787735548,0.2137391696067671,0.526049665954318,0.2383719720547348,0.2617641510106203,0.29229178949679,0.3161502696118516,0.4528611954609594,0.1216464573741963
2026-06-03,0.2428961589421565,0.3112074645979167,0.4025151448575558,0.4488638564605121,0.3805082706668213,0.5114115412959538,0.3252090237227118,0.2199509631390484,0.2601709002085921,0.350565416687308,0.279649453289312,0.2563536713956145,0.2327560101734546,0.3055416810948277,0.2619280719712977,0.2608459380968403,0.2604285700377712,0.3407703394092069,0.424061184665006,0.1795996542987994,0.3070395026739197,0.2623205774315969,0.2292413742346417,0.1641677595669923,0.2195077993298148,0.5258996382957447,0.2421925298050317,0.2672487291426401,0.293743752416629,0.3259745204281938,0.4742362273846002,
2026-06-04,0.2352094062091673,0.2926226681207717,0.3921803490257585,0.4314180871362817,0.3593304288559568,0.4763285049936452,0.3140587283236999,0.2307042572671411,0.2545419191863549,0.3388803476348666,0.2740905667889364,0.2336664788411419,0.2452707190030782,0.293816660050026,0.2382913478234534,0.2614527674011536,0.2593208263134251,0.3387296811002703,0.4025921156041146,0.1985444459817999,0.283414448408409,0.253371890905331,0.229455085380021,0.1615117331455587,0.2094316098294047,0.5246682487396884,0.2417912347368306,0.290419842979357,0.2785316194071605,0.2940340199112456,0.4637040396440141,
2026-06-05,0.2486777700499508,0.3052523883667798,0.4126327484484353,0.4270199173975778,0.3683145446900827,0.4564385093346488,0.3340563452505142,0.2309726410009956,0.2818379676106367,0.362865346208486,0.270065407332665,0.2416703179909685,0.2134990056539083,0.2965787518205635,0.2534759254752489,0.2527841988703025,0.2758535167209583,0.3366623496673694,0.4184470338885699,0.1307984266858074,0.2960890673455265,0.25254704827231034,0.2112518644485145,0.1679953637567349,0.2055564557937878,0.514109437139006,0.2364060328884727,0.290057677352164,0.2815853221553845,0.291178964537675,0.4445049978443995,
2026-06-08,0.2412137824092474,0.307516587619503,0.3996642580921399,0.438012337334719,0.3735085040613744,0.442290090077279,0.3227688355163149,0.2194414730322844,0.2780291426399326,0.3740617478033342,0.2837672079771712,0.2466837729663039,0.2444940273584011,0.3234486256124563,0.2429860411956602,0.2585534450481849,0.2586745069096867,0.3253843896754479,0.4073198292629965,0.1521333393049186,0.3113012173484053,0.26091068515225113,0.2354009442523948,0.1708614263430381,0.2124261293866922,0.5223488024068417,0.2381049546436915,0.30942086700059,0.2858602163174175,0.3026715882013292,0.4414134019332095,
2026-06-09,0.2439227240307429,0.3097708030285062,0.4018953357791883,0.4295158586096299,0.3615865902903612,0.441233225191611,0.3234882772740076,0.2125725158874007,0.2719866896760081,0.3683162817790301,0.283383390752518,0.2389373915692878,0.2244449900597555,0.3037829378394733,0.2367831161689873,0.2580577929502677,0.2784428645752451,0.3451972523742495,0.4161125121030526,0.1842076816626249,0.3107430179785426,0.2542145342697596,0.2220276226405849,0.165402792212206,0.211635854746275,0.5469371837097713,0.2270341428541833,0.2837981284234185,0.2799656003196262,0.2968467784644472,0.4512091290299349,
2026-06-10,0.2525209795908609,0.3150106168265956,0.4209180836013186,0.4414862063450788,0.3683786795516476,0.4313282078371754,0.325265629576591,0.2161300746039241,0.2836042324885561,0.3842670647501108,0.2988077810690034,0.2436945626568858,0.2738952121477768,0.3203247739630382,0.2625225710318317,0.2627415007543903,0.2721333143421549,0.35601992444854,0.4388957546440943,0.1918236494189139,0.3145965865530165,0.26617870719965364,0.2220795836555283,0.1713725384759273,0.2086475017485596,0.5219674405235378,0.222352656460597,0.2924597781352216,0.2935802081146069,0.3224431011505336,0.4484556706014076,0.1563903249602053
2026-06-11,0.2322423743069848,0.3126597036616351,0.4045150476284725,0.462339746269039,0.3683500749806377,0.4166542651527278,0.3185563686487134,0.2171064913796951,0.2650024171735007,0.3645989994829918,0.2731123263906052,0.2294824951147246,0.2695750779398875,0.2934819035611538,0.2500670126355641,0.2454878213787636,0.2839680896318927,0.3293887309595629,0.4178122914764926,0.1487605148281102,0.2826007361826287,0.25532854869070803,0.2160615843387898,0.1565421902961762,0.2042323637132095,0.5166239535665762,0.2309739406555269,0.2946481403083287,0.2804142959279951,0.2934272716065969,0.4400697173398692,0.1521619947519085
2026-06-12,0.2249260352515857,0.3083794774670154,0.3771205260730655,0.4417431979298212,0.3519115092246122,0.4186775080963495,0.313961614629459,0.1881674277447941,0.2467012976268809,0.3575124050251146,0.259861208076291,0.2175033460550383,0.2550151250528245,0.3159234987187386,0.2339264644119006,0.2384439382279156,0.2465257627370402,0.3281544341242416,0.3978920926473971,0.1297893279127289,0.2666769686007386,0.2419101839508379,0.2082885608877666,0.1459556514331184,0.1977530540392225,0.5106800094073615,0.2160329442455256,0.2747075248065381,0.2714520276696499,0.2890180192715914,0.4149957451280028,0.1358985326784932
2026-06-15,0.2191877933943859,0.3055119198827061,0.3724379604593136,0.436574323110263,0.3425201693017177,0.3998023682151299,0.3014367816879887,0.1998119065002898,0.2492303263995055,0.3490112278087462,0.2665850180246954,0.2170605754696938,0.2562453089598493,0.3356624612091967,0.239421613640009,0.2820413193707052,0.264503694373871,0.3243767629715187,0.3789981685403111,0.1408064413503575,0.2920262862987167,0.2423989905166796,0.2161058654909766,0.1839460348615368,0.2041231090126279,0.532327159060463,0.2122028884537372,0.279847691299567,0.2673643074515207,0.2751937146349936,0.4210416895624366,
2026-06-16,0.2152086536029064,0.2979169589398676,0.3610486781523638,0.418673420806103,0.3462686955179278,0.3916643959529913,0.3063184281745146,0.2040958630318288,0.2379371730767751,0.3450930613058369,0.2595567789770643,0.2069835705255328,0.2439418626026593,0.3598804353396176,0.2345643030504401,0.2818400470107129,0.2589525952327057,0.3189068950154193,0.3987796021517931,0.1216184855207993,0.292502848001893,0.24167982440857014,0.2104949029102554,0.1813495913109453,0.1944845838503409,0.5255443435322142,0.2147194577344107,0.2752882593653438,0.2569421658486615,0.2741299483862396,0.4138275748221251,0.1172064360982643
2026-06-17,0.227192935002073,0.3133143659845266,0.3656028397560076,0.4184249580067297,0.3425170533578709,0.3924644982630755,0.3150064136282638,0.2060617202561907,0.2405282182442505,0.3537042963901073,0.2652787186063226,0.2162673577386614,,0.3500003291510673,0.2410367954378906,0.2776705234676215,0.2518795540457281,0.3295880431515973,0.3860009118896543,0.1321400068404261,0.2930951866948236,0.24690475435479034,0.2034454996176754,0.1851400568311256,0.1960209671483278,0.5456587840265547,0.2147462709866714,0.2761006443309103,0.2625245821048627,0.2661133169315666,0.4137607797746234,0.1332842881303926
2026-06-18,0.2168016206986436,0.2961419818667509,0.3510508613563779,0.4098927247870682,0.34160705721405,0.3849846563302113,0.3083633272355519,,0.2471684501001204,0.3412736379441989,0.2632057078118905,0.220245350740089,,0.3594804108721101,0.2502511133248365,0.278250004365341,0.2704404329783896,0.3271365234215225,0.3831925295043377,0.1283174174676226,0.3082501535740334,0.24678156782686578,0.2239359757723852,0.1908785544145728,0.204751697025497,0.5588095018821012,0.2188955261778117,0.287874005865203,0.2588634158174097,0.2517231064816457,0.4147724280452752,0.1355526000065019
2026-06-22,0.2319066894731761,0.316213756329974,0.3538436898981579,0.433745255983919,0.3465218130243543,0.4430740357436926,0.3428647605350886,0.2016701627670608,0.254269019049697,0.3488375191121857,0.2598443202769428,0.2382314725620937,0.2564606701812367,0.3743907831799786,0.2500632336860752,0.2740222946381947,0.2630231347965277,0.3438678423464684,0.3868097653227468,0.1326554745572826,0.2925802729018297,0.24969855490755707,0.2194607267403363,0.1905598831923704,0.2130872466256769,0.5760866819070827,0.2166033410284283,0.2922232507032283,0.2683219063569178,0.2974365359099526,0.4260712929008358,0.1430634376234896
2026-06-23,0.2397203499620612,0.3210232467556249,0.3821851135821947,0.4205049373374976,0.3552138114050793,0.4356438593953502,0.3307649146236254,0.188903069658659,0.254905865230454,0.3681173245367391,0.2580085120752479,0.2257199470913518,,0.3907580948672878,0.2618123330667865,0.2756656301629215,0.2602361658751527,0.3404870282448648,0.4127256463392404,,0.2831496507054561,0.25453628928432936,0.2268118471133693,0.1950671617046503,0.2165428243081924,0.5754102279308637,0.222259265663905,0.2907988516865394,0.2644123126075196,0.3064746740736005,0.4265550984793821,0.1489543949943238
2026-06-24,0.2441935101157702,0.3338144653443494,0.3768154476930512,0.437434000447792,0.349663670232184,0.4155386138842747,0.3402929166388989,0.1879344072158471,0.2634779076818496,0.3702496683542943,0.2613499861344238,0.2221996225913306,0.2434782883571589,0.419122257314962,0.2682528655699996,0.2755950455984316,,0.3376437297263073,0.4018385181422966,0.1253393246368507,0.3117664490279487,0.2524312489893282,0.2275206075759099,0.1886022070804772,0.2166111273100556,0.5588811565705045,0.2193058384702561,0.2800614141071342,0.2631749273940426,0.3043136456307999,0.4411628979099634,
2026-06-25,0.2813817435564967,0.3502193311961347,0.3846943779953889,0.4294041600761282,0.3246291561497038,0.4204271001012978,0.3447920037134809,0.1874885786957517,0.2495179041735812,0.3576340369398131,0.2515073955925329,0.232111393113644,0.2567902711663223,0.4054062002474282,0.2682093029676107,0.2748668325257667,0.250013880619703,0.3194255700964549,0.409186924447677,0.1296986820482281,0.3002195215102429,0.23713737059826973,0.2331610249910114,0.191238692557341,0.2102817943722436,0.5457965491895218,0.2162832660558852,0.2756601311139218,0.2548267801767778,0.2665148480447183,0.4293433115835384,0.1608146716480748
2026-06-26,,0.3501816974126976,0.3497386834326097,0.4152962922124963,0.316375850369641,0.3998369341001853,0.3013433468493028,0.1974075991408286,0.2357512087076839,0.3560446420721085,0.2573702914176638,0.2026190657165783,,0.3797342556281445,0.2654713426465778,0.2501274882698458,0.2527638413442598,0.3222443423635358,0.4066542696412436,,0.3054771803534764,0.22674788452755898,0.224265043780118,0.1827450063541351,0.203291691592276,0.5549558636729887,,0.2520880335007709,0.2349541902313952,0.285090601149552,0.4117904518568911,0.1539304442845971
2026-06-29,0.2580516161689105,0.3642115350857434,0.3737269459336031,0.4176579532620824,0.3303209423410365,0.4223974218523142,0.3511922670981069,0.2071370468208191,0.2601472887742548,0.3989267696443925,0.2566365662233211,0.2178900084823493,0.2223460121932333,0.4030283814891347,0.286489342256832,0.2599479543216505,,0.3270299215341336,0.4146534818935438,,0.3063313185005711,0.24334240609910804,0.2022579702165265,0.1843475192677482,0.2129413040887559,0.6143197971162853,0.2160761722904155,0.2663433664700409,0.2669827150722351,0.2717670706167063,0.4362277070299277,0.1352908286202155
2026-06-30,0.2475327402405902,0.3365562023396959,0.3541789862368596,0.431436501923248,0.3358848164741059,0.422859734949369,0.3488353494187101,0.2220398179733762,0.2677707858798539,0.3870149250740812,0.2572325532540193,0.2034846810433483,0.247924837972061,0.4302762338944972,0.30480171420078,0.2675429057396327,0.258660307777151,0.3193137103669155,0.4086812442901521,0.3263487958548402,,0.23415741181136893,0.2178804270690245,0.1831826760092551,0.2119805338016835,0.6300618914012193,0.2524383742315105,0.2541868491809209,0.2598797362756881,0.2590138073634841,0.4306806015486626,0.1202636270598186
2026-07-01,0.2529485866023712,0.3453105221478739,0.3709195706991112,0.4221051709801946,0.3384089770891674,0.4215229300654631,0.3458311651427349,0.1963486627338731,0.2708285206053709,0.4035893855417314,0.2608335604584991,0.2102583640614846,0.2694628475797142,0.4410128114567941,0.3099347121841851,0.2619327854369347,0.2517095803684964,0.3058195219895595,0.4525244614762709,0.3500114166937412,0.3679819790580551,0.24844182552910363,0.2112061027884275,0.1834772952629827,0.2052464256896461,0.3778632904228795,0.2550790790962479,,0.2496204175135442,0.2414085059873714,0.4273955600771214,0.1148225978018432
2026-07-02,0.2405742418859695,0.3293661851258231,0.3654627965872715,0.4066659042959409,0.3455875040591851,0.4132384799681173,0.3297063590787042,0.2120532017016361,0.2682924904993506,0.393494961791113,0.2651144890112885,0.1986673250958618,0.2367691421731713,0.4329927924332328,0.322814555905026,0.2655034724741897,0.2429856138632447,0.3089184811638947,0.4634280302285051,0.3233644201668644,0.4075129975148955,0.2373822614988059,0.2067842499954528,0.1658082558529743,0.2054891738339994,0.353423323326447,0.2486300481737745,,0.2450248251350412,,0.4029795099539663,0.1139399061787386
2026-07-06,0.2567232775486638,0.361803447330797,0.3872597240195476,0.4612897710709102,0.3812584768496642,0.448950628127169,0.3589828278278215,0.2181201373558651,0.3405776163251794,0.4236770430312598,0.2913993064806158,0.2304786872290774,0.295023964322375,0.4953083961845476,0.3774835045556196,0.2922947982191501,0.2930848100956013,0.3351881874499227,0.451531101415294,0.3586796593391197,0.3244415269112978,0.26445428194338244,0.2578163914944521,0.199103044381795,0.2381210759459933,0.3610404323534611,0.2685294632736256,0.288676603519973,0.270765335930786,0.2726617308190003,0.4479516062858988,0.1119900461014262
2026-07-07,0.2676589563947222,0.4028786752092024,0.4115700257328597,0.4302470708958017,0.4889742431673007,0.4993358450396272,0.4071742875038129,0.2475628151731828,0.2433514031834426,0.3535194632001452,0.3010756579228248,0.248218781533244,0.2329183339134965,0.3520630421199008,0.2738221246616729,0.3158667937528924,0.3042304752542261,0.3643152161816579,0.4872355961181581,0.34445272557091,0.3215786488686447,0.2922223586876933,0.2252056963630612,0.2149763453456955,0.249802638393423,0.3516461595659442,0.3301756005720493,0.2970926981055737,0.2671952345137209,0.3030657647850089,0.4969903658615339,0.1219803960232556
2026-07-08,0.2622410747243008,0.3991060761012149,0.4138806848363535,0.4344285077099702,0.4973716426027082,0.4878151383538283,0.4078358151922591,0.2314133528164357,0.2555805394480681,0.3502895588116238,0.3103827215255479,0.2525044686621131,0.2330611690888004,0.3627245046686733,0.2622842780707198,0.3335288705946994,0.3043121705873979,0.3624539826401625,0.4905105449120945,0.3538986932086179,0.3415914764429852,0.2864013034557874,0.2358304344203299,0.2199614590820977,0.2507996883025141,0.3572328556294875,0.3386524638343438,0.3148484661421076,0.2691386916759716,0.3155929417954565,0.4782010921562575,0.1252944608277261
2026-07-09,0.2628091871368627,0.3989966071099285,0.3956706787979825,0.4264338794533012,0.4808963017519355,0.4701590188162393,0.414619602497795,0.2200653481659289,0.2489563230198249,0.3561791154639428,0.3060539646035859,0.2486243817479668,0.2315169371371874,0.3509670785070894,0.2620562336113746,0.3194288482331918,0.3051171213888722,0.3669847724031757,0.4779144380039259,0.3368966206253779,0.3366588514978349,0.2893600526712265,0.2243743890078634,0.2107797403730395,0.252497406183821,0.345815240835893,0.3344137166893591,0.3078194989817064,0.2607341803333527,0.2994039640718949,0.4779468631890957,0.12259090449103
2026-07-10,0.2615926162403033,0.4094701617056183,0.3882576592985826,0.428360255157194,0.4777509468897442,0.4620632427409163,0.4107622655643715,0.2909436182305636,0.2411555356288874,0.3520716974443169,0.3009728022189405,0.2408186344725592,0.227218506077356,0.3346096107127663,0.2663415256089552,0.3084845951313487,0.2871863219240889,0.3571763509355591,0.4859644145922745,0.3362612647446177,0.3137225865336434,0.27996591964979795,0.2162470303805551,0.2120601553556776,0.2529895898787612,0.3530136034951703,0.3322229711815496,0.2957812622246005,0.2563983766647876,0.3050649043862248,0.4633725198869117,0.1236597410728015
2026-07-13,0.2745128957513612,0.423846302183486,0.3988637281139334,0.4441294318451978,0.4944829314885863,0.4847986716348634,0.4214640799094782,0.3035923889433707,0.2525885729374245,0.3570342423127984,0.3097508512371996,0.24981368287566,0.2381688490419118,0.3656139646117942,0.2593704131225653,0.3232157416112278,0.3065632857709627,0.3702251796700405,0.5001225295687749,0.3499396730203741,0.3347592353720234,0.289957423808597,0.2301441511525607,0.2168901605472745,0.2625961363332431,0.3537912788721817,0.340843929308324,0.3154980404036877,0.277232979169297,0.305087639500447,0.4951494775121535,0.1248032815354981
2026-07-14,0.268873402211719,0.4332017585738731,0.4019078937332331,0.4479433191117179,0.4979214809039891,0.5512809708121793,0.4234035224604983,0.294134049365781,0.2320411659286663,0.3402678784197584,0.3131112773099571,0.2538448612163947,0.2375482232164351,0.3556410551724926,0.2606180704041554,0.3301248154373789,0.3219374232087052,0.373907672064319,0.504780873560182,0.3479573642570747,0.3330185149612026,0.287494727540261,0.2240967160485162,0.2235279233283686,0.2695105429495089,0.3565119186509174,0.3437164820869711,0.3128263675968196,0.2686393142985426,0.3165502054713494,0.4850087853742857,0.1266419971610146
2026-07-15,0.2739848221081356,0.440798397371111,0.3983840557738198,0.4537168430948662,0.5009128178206919,0.497440750996702,0.4214242659058838,0.2808882512655051,0.222116518413735,0.3191347482829799,0.3051450244842636,0.2567727401727829,0.2418722226453046,0.3603089911003962,0.2433186754249814,0.3159360009904525,0.3032169953151393,0.3697396674147347,0.5012542015993985,0.3371347041068247,0.335084411224428,0.2915565825186128,0.2266174475798519,0.217088942332623,0.2572090433614202,0.3461174798516248,0.3415883646369421,0.3041378186816076,0.2669383839040774,0.29707726385814,0.4817459451071381,0.1215131853225614
2026-07-16,0.285653863705776,0.431874786352821,0.402255596911411,0.4422330867073488,0.5104636004353924,0.4605421914685931,0.4290348560306392,0.2899759583300997,0.2205622736938379,0.3377492356942786,0.3024136219661718,0.2443683914069911,0.2333318700155806,0.2963214025139526,0.2287938195538871,0.3245037209945956,0.3098821710608689,0.3692317946847191,0.5023243474786168,0.3338181213651851,0.3276352889645612,0.2917102929982337,0.2258613185781469,0.2155323638168657,0.264360623861169,0.355314061680578,0.3404747412454091,0.3018282010345178,0.2737272514717861,0.2979871598570918,0.5063980648915372,0.1181077597858486
2026-07-17,0.2932629943160171,0.4407766852749976,0.4076819365889892,0.4541155075311545,0.5179696618881517,0.4590957812366248,0.4235486827255535,0.2830789574103295,0.2302521293614015,0.3469513204648907,0.3038739131215603,0.2511403760565335,0.2286212897771235,0.2916245577676724,0.2332751793727992,0.3301916748211551,0.3234853271443402,0.3811144601261949,0.5531716973821317,0.3429565632603161,0.3353104455772984,0.2995644515775001,0.2261005124227915,0.2255716426950617,0.2717162681441741,0.3629434001383695,0.3579831841495816,0.3061995525609287,0.2805640668646548,0.2952363948667572,0.4675652867459535,0.1270434706320093
2026-07-20,0.2999048717862537,0.4473332198506428,0.3991030497212154,0.4677102931344152,0.5405312758296887,0.46098969643837,0.4254874716551272,0.3009506805367343,0.2323322486813191,0.3396345059540582,0.3116701036816272,0.2726873821545013,0.237155412070228,0.2993861332767747,0.2482397430067741,0.334313001043107,0.3396947728786063,0.3893035822666946,0.5518157258484278,0.34154887253368,0.3592431569251392,0.3233659402098244,0.2351613128997672,0.2172280705060466,0.2716010889492373,0.3705204960762045,0.3611339006702851,0.3271467042529218,0.2745439254231088,0.3007437624042975,0.5007207112795921,0.1334248254617923
2026-07-21,0.2904616886627807,0.4474188589169202,0.3827348073793277,0.4941601565675118,0.5130406690802249,0.4645939421676236,0.4240193742515325,0.2938098601453031,0.2286741883039693,0.3259394293420596,0.3108254141830404,0.2729579977903637,0.2172154909059605,0.2858544589497583,0.2467675990312901,0.3277726208330894,0.338254928432569,0.400031911320685,0.5333454629113367,0.3590940857626885,0.2791274350662607,0.30562847069288634,0.2363131481942651,0.2266248903283784,0.2775314430433543,0.3715766131510536,0.3649756525617018,0.3288156111922938,0.2753124537846196,0.3351141297125166,0.4941284731864528,0.1259599915800761
2026-07-22,0.2846344936813286,0.4554535366378323,0.3840193994082539,0.4828595468033145,0.4933233529890727,0.5108388063373379,0.4354954403133937,0.292644136129053,0.2277718862635518,0.3311436052816743,0.3051089627603103,0.2581972854975429,0.2213953389004012,0.2818965468959712,0.2466257156744645,0.3437802821577586,0.3330682212016386,0.3985085703372876,0.5333543350969495,0.3505452791145532,0.2610279750899318,0.3028022990389111,0.2263003771028285,0.2197037007352656,0.2753239941565911,0.3551225271228679,0.361898712390781,0.322975523613378,0.2755296605608139,0.3162087414755067,0.4766728045276183,0.136928200577702
2026-07-23,0.2868768749004775,0.443966371522909,0.3924164240627239,0.4708946912262803,0.5069528614538416,0.4160939006260094,0.4447325094928623,0.3016711405351853,0.2212151591764498,0.3374328796199391,0.3067952572202085,0.2574094265908238,0.2118334769671813,0.2749099304303241,0.2514119557767378,0.3345088098934076,0.3146524866889739,0.3852529934337745,0.5276440112292429,0.3112284014511967,0.2624503590001942,0.32077876172989117,0.2210993829287415,0.2288306446312308,0.2753711566298075,0.3676296462152434,0.3806839930209781,0.3425225588708293,0.2822306322151474,0.3190303933416841,0.4593347364661508,0.1360149749323854
2026-07-24,0.2887644864764777,0.4235135712053997,0.3972133354860842,0.4442066355599087,0.5121592058177402,0.3945994445766438,0.4263341797597449,0.2469523986678199,0.2139810917787029,0.3380615534899249,0.2648945041301967,0.2510052568336596,0.2212203600471523,0.2712824416111506,0.2417579634009429,0.3224894298012984,0.3303107337047108,0.4011860451619251,0.534597132099431,0.3019562124573489,0.250087108544143,0.2977270595059478,0.2649528846630069,0.2165998994066933,0.2716086470330083,0.3669164466247545,0.3545269645481841,0.3316940868039404,0.2752641662353022,0.3280532756900841,0.4345048363229354,0.1306132943623835
2026-07-27,0.2944782066273513,0.4508830785453977,0.4135860406020085,0.4608739722170014,0.5300903654635056,0.3985409933305147,0.4457157515495218,0.2371384285582175,0.2213081101891565,0.3399283900437105,0.2804648052711977,0.2637841675380384,0.2287846181593262,0.2774340872602489,0.2459615838698448,0.3367414467603617,0.3530034865272,0.4050228927510718,0.552593402823183,0.3118753912726191,0.25403239523636,0.3115652915677099,0.2824361475267878,0.2285001265849237,0.2777821373368849,0.3665111393872091,0.3766924076217072,0.3448850368485094,0.277877466643713,,0.4609092699508951,0.1404947283142873
2026-07-28,0.2929659791971275,0.4612687297884249,0.4097939543883269,0.4495788946426783,0.5405720840386475,0.3942095655820628,0.4500546238178362,0.2456940078711728,0.2146175434007913,0.3643209868115134,0.2654074779576449,0.2597486074965286,0.2278797660816215,0.2849317617968527,0.2543903941721069,0.3336430001872282,0.3822011159020232,0.3458187569132901,0.5583361908607012,,0.2621623388146025,0.31650951048523707,0.2703940363087882,0.2086403224678933,0.2690179556324824,0.3470726906055645,0.384352963790048,0.3402807106460952,0.2885927875150919,0.2844691860220799,0.4527393386691022,0.1408224616373617
2026-07-29,0.2962205475936292,0.4759980911254526,0.434302351896537,0.4712444473467946,0.5611572672667572,0.3925102577998924,0.4759990538256549,0.2483858311978161,0.2407698455926867,0.3850563737334961,0.2667361182558806,0.2341149808352408,0.2231966486336361,0.288551049648572,0.2664309740068637,0.3439692867935502,0.3574021748588054,0.3469018756951306,0.558401933240732,0.3166862941325462,0.256493042147417,0.32408866507515405,,0.2144629630553067,0.271312421789164,0.3767012760683897,0.3597760398269363,0.3631937419909928,0.2861050812748467,0.25941447285178,0.4503476996548124,0.152479087562331
2026-07-30,0.299671909892506,0.3310802177179389,0.3913669876229241,0.4601006384481813,0.5454204440628717,0.3741990837102983,0.5326855351813166,0.2562001581502098,0.2127350464050155,0.3506460330317184,0.2613089254137501,0.2164580659933211,,0.2766811799455235,0.2478316913168561,0.3447338948399231,0.3607748342568163,0.331788694949168,0.5491936965530656,0.3110279521822945,0.2539582667151721,0.328862585012659,0.2394817508119363,0.1994516842197641,0.278092447947491,0.3538776832049469,0.373733533017591,0.3402846287725844,0.2847484662446944,0.2370812508704754,0.4502909534365684,0.139690658332642
2026-07-31,0.2737164918633564,0.2962582398845177,0.385220604862406,0.449558864798881,0.5532908991519654,0.3896274971006185,0.3196104802269391,0.2329039811014914,0.2057577759498922,0.3485440739965,0.24890858643367,0.2108839866299644,0.2340280726820498,0.2709610213312999,0.2449675490840157,0.3380131227333665,0.3659847753449975,0.3530205850827629,0.5468764722544249,0.2907797113104556,0.2437120247577672,0.3227520244723889,0.2230635487691734,0.2094695613648725,0.2753047218787167,0.3650045059849634,0.39232761014879,0.3611920958444327,0.2603172039949987,0.2584551519547673,0.4165361262071362,0.1202916456165557
2026-08-03,0.2737369754315411,0.2986713014143844,0.3902117516443206,0.4724461346347412,0.5843973033014684,0.3883124626945752,0.3385941283994303,0.2566907123902981,0.2148948831747774,0.3501707113510988,0.2418535964188907,0.2098777554778195,0.2389386223870193,0.2844019872052946,0.2534647545689774,0.3754748204543869,0.3863331115146254,0.3479318556247104,0.5920861627923213,0.2968178237099749,0.247736708602613,0.35400522121641254,0.2328338388422487,0.2182030281626163,0.3158655489811079,0.3756666722571041,0.4170983804704145,0.3809488806552003,0.2548928689620744,0.2536326444162187,0.4366354141463747,0.1271409902657567
2026-08-04,0.2669919405826689,0.2978146295420626,0.3840270838365511,0.4708627167175184,0.6208135925718439,0.3784651959751178,0.3437751807224418,,0.2173888659772741,0.374402850677117,0.2539790089079075,0.2151158117070885,0.2514511718631598,0.290834150850162,0.2640774140568005,0.3261142907430598,0.3817727507229601,0.3379196260403042,0.4992967010129568,0.3071758174812187,,0.36486622903979726,0.2347049576493694,0.2124601355050766,0.2538325110681911,0.379808353543993,,0.371124751993818,0.2423069179576297,,0.4502380984241668,0.1364419548265837
2026-08-05,0.2562494496486619,0.2974197982439212,0.3791886601760699,0.4610629957847904,0.5907854200490047,0.3467374861838352,0.3232742454052084,0.2652868322648248,0.2091351966712239,0.347097365200802,0.2446495956601836,0.1954498665868331,0.2275651046271445,0.2762160831996411,0.2615995179375596,0.2969623858709193,0.299467346896123,0.3251595192146837,0.4756108525141894,,0.2370301387964048,0.3539402996473299,0.2153819771772115,0.1991551960491705,0.2303558303854288,0.3536219772679013,0.2716951417213397,0.3650415206087682,0.2516105491232177,0.2444672718026753,0.4445911667501708,0.1335471829536569
2026-08-06,0.2447455690305615,0.3049017564854215,0.3636156332013075,0.445911691523198,0.5834496417730207,0.3225819103615006,0.288225020322438,0.2333669920117373,0.1990864066916114,0.3392065554669933,0.2286093831052665,0.1848375303608602,0.2157624549029184,0.2735840848805625,,0.2675940525098727,0.284221967957195,0.3204593160160975,0.4595728275102318,,0.2318365262424709,0.3657003053462178,,0.1857626602286228,0.2248697010790031,0.3362242324946403,0.2434894961280875,0.3518553510296609,0.2468014952379547,0.2577397649349067,,0.1106296659344585
2026-08-07,0.2257279805038501,0.264337292232811,0.3379025802947267,0.4097582655505594,0.5709304030731106,0.3159806058160954,0.2878513121911252,,0.1926298341877247,0.3051629686145075,0.2190466713399276,0.1778020207969906,0.2255384401562639,0.254245088574516,,0.2509265000801635,,0.3036025635607935,0.4108146897724869,,0.2335331157446854,0.34380490742811204,0.1904588705181565,0.168136691625496,0.2038999534477788,0.3214095296222994,0.2171572847946902,0.3505556154017015,0.2287306814536351,,0.4087716994938032,0.1042704976438377
2026-08-10,0.2388918582476386,0.276774378712163,0.360467168354766,0.3995213074788512,0.6393864532084037,0.3430242345976267,0.3006218775422704,0.235809178316129,0.2001381680127488,0.3071045859945451,0.2312823296532439,0.1871044432466159,0.2387782549265646,0.2724798496749895,0.2240567599713482,0.2643660183231768,,0.3100521232103914,0.4089472239875152,,0.2307045649303526,0.38264642419157746,0.1916523429202499,0.1771855769068831,0.2078913526576103,0.3347764102219824,0.2362365122304277,0.3942880599055606,0.2454938610775747,0.2548802947382805,,0.1060053999270997
2026-08-11,0.2338414080691996,0.260335463972668,0.3424622600200363,0.3831507693491142,0.6596987044582602,0.3501222994234069,0.2919247644552498,0.2246358058072581,0.1937437479278282,0.3014320912680679,0.2231040992566213,0.186202028481985,0.2451521322414347,0.2591972987613101,0.2151248016998304,0.2493423018691176,,,0.4038302567190847,0.2994230793136641,,0.3946827126338387,0.2009755314709034,0.1847008457788107,0.1981220164939912,0.3304664654374368,0.2124234957514702,,0.2086009445256222,0.2358676497741519,,0.1103381050805225
2026-08-12,0.2301626219421765,0.2585616727242353,0.3359788227881635,0.3696659727479589,0.769324254724982,0.329288071278749,0.2874321496830065,0.2171420417010914,0.1958463574547846,0.277440206012738,0.2208512104495738,0.1904820544047203,,0.2548747108700526,0.2082196633264892,,,0.3019343301655248,,,0.2283779722315086,0.4207215731893004,0.2032230282567627,0.1679898945893433,0.2146786607285684,0.3222915774000913,0.2311151730898724,0.4124345082672248,0.201483471174264,,0.3960029449077485,0.1022832411031873
2026-08-13,0.2283815482408268,0.2282351077633497,0.3261176147938006,0.4427631565265506,0.3339755115726505,0.3310655368389934,0.2797180087373663,0.2226694445885236,0.1960435671147748,0.27162698221763,,,,0.2530893412493404,,,,0.2734348030331311,0.3771247415597805,,0.2293260379653624,0.4280347094751928,0.1911258092425065,0.1630611752506857,0.210883252341179,0.3348491519151992,0.2152171467130225,0.3901979569941665,0.2012410351951044,,0.3805731833259891,0.0913034721555141
2026-08-14,0.1982788943061103,0.1970591152164345,0.2952988006816748,0.3678331326028174,0.2905666258124154,0.3171253136833543,0.252330767266167,,0.1641913642752629,0.2423773360886963,0.2107427030549612,0.1743972200305947,,0.2221761104441,,0.2313260109275896,,0.2594628441095103,,,0.2025966095002889,0.4343838705688647,0.1734128092594988,0.1411353247402264,0.1831864702764777,0.2848312118862414,0.2021522559502115,0.36494594213225,0.1921895685888691,,0.3620434344771536,0.0769312821494104
