date,AAPL,MSFT,NVDA,CRM,CSCO,IBM,AMZN,VZ,JPM,GS,AXP,V,TRV,UNH,JNJ,MRK,AMGN,BA,CAT,HON,MMM,WMT,PG,KO,MCD,NKE,DIS,HD,CVX,SHW,DIA
2025-08-05,0.2715535296936962,,,,,0.2858925047811841,,,0.2406610120756218,,,0.229691008585729,0.235705733442606,0.4960868532613101,,0.3831593221242109,0.4401000262689208,0.3047119850027655,,,0.2803618481673141,,,0.351596617577498,,,,,0.3631727146574364,0.2459647160725568,0.1406260354875591
2025-08-06,0.250324666854633,,,,,0.28503454464346,,,0.236233884080761,,,0.2297736344585018,0.2343717056916306,0.5077258052788499,,0.3756904996762066,0.3171708669872297,0.2976346092907401,,,0.2785891383404104,,,0.4205994455134877,,,,,0.3644154873285162,0.2564739916488519,0.1359535807034939
2025-08-07,0.2398146754630406,,,,,0.2834352668879843,,,0.2360218744154966,,,0.2226261463932974,0.2323954437522171,0.513976527005307,,0.3823224368824009,0.3116165916942481,0.3034701127778902,,,0.2766397289929995,,,0.4088762783727396,,,,,0.3633545133264777,0.2466675885817083,0.1368423095894997
2025-08-08,0.2444817630867586,,,,,0.2747115369533245,,,0.2288546272428276,,,0.2241886273083365,0.2348998382845946,0.4860817401736568,,0.3760105601199192,0.3186090255390796,0.2881267804576264,,,0.2736155672097489,,,0.4003813447633823,,,,,0.3780749173196001,0.2426771497615576,0.130765303147512
2025-08-11,0.2419432126638802,,,,,0.2863700141970795,,,0.2320789826339986,,,0.2286315293290993,0.2422212933748987,0.490996976630136,,0.3752371400330563,0.3126575514449815,0.2962138045205065,,,0.3042459474964279,,,0.489638753963396,,,,,0.3712185040489802,0.2728940924397855,0.1317387675424161
2025-08-12,0.2359851232920816,,,,,0.2863106168871288,,,0.2263284326350452,,,0.2192770830680481,0.2193242837504761,0.4533888220917013,,0.3719555342846787,0.306019482043408,0.2757958886809422,,,0.3044100113112982,,,0.4365944445252745,,,,,0.3746218889627618,0.2816029880811899,0.1332269422415437
2025-08-13,0.2400395886406441,,,,,0.2812955936637737,,,0.2265003880683379,,,0.240222929771906,0.2347939161036111,0.4489628460070056,,0.4192099651021637,0.3233517702666411,0.3185865948025079,,,0.3163559256065517,,,0.4931940469658042,,,,,0.4033127487719242,0.3202506855083887,0.1416895011102196
2025-08-14,0.2296836399501574,,,,,0.2869254966591582,,,0.2320786614495357,,,0.2410135889002907,0.2462188357933033,0.4669036425175419,,0.4278562560476698,0.3285022421683219,0.2975797492754015,,,0.2975680643266382,,,0.3964208535519812,,,,,0.3869265425652284,0.3026198445451235,0.1492790935086055
2025-08-15,0.2259281113068358,,,,,0.2784520373586535,,,0.2262498751978425,,,0.2336730378819191,0.2233749388088375,0.4613164070427475,,0.4500202433182862,0.3632665476014777,0.3136138639777587,,,0.2845071724467859,,,0.4171025068743542,,,,,0.4139323332568956,0.2956668032406288,0.1383070466934236
2025-08-18,0.2305409372136821,0.2353140422803061,0.4228254115732842,0.4796683856862392,0.2769943346307028,0.2769807797635072,0.2330307412495167,0.7903832414850235,0.2271395244619744,,,0.2346695627951411,0.2251635508528753,0.446220660251539,0.2393297382733897,0.4690517539101831,0.3451851545751808,0.2869698605572501,,0.4479750351795138,0.2927190176194857,0.28358279063648,0.3315149866998699,0.4016704541940729,0.2947129095524349,0.5680387784814718,0.3301256355022974,0.2989026510123955,0.4051332185819335,0.2932296945917931,0.1418532968775432
2025-08-19,0.2224586317461823,0.2306962570707793,0.441834579052314,0.4909257519593562,0.2783942064359667,0.2692967233587053,0.2353898017213137,0.8543629792230321,0.2308031151243971,,,0.2409584347841416,0.2354986403593938,0.4411626677783397,0.2803438450285165,0.4974069371833445,0.3793919277512548,0.2976534362273839,,0.4662182448718994,0.2981554375096314,0.2993097659523792,0.3856750747556935,0.4476932944277214,0.3148711542396062,0.559427799410751,0.3300715869324966,0.268558879156807,0.3781443624618929,0.3087577758591881,0.1471858746251423
2025-08-20,0.2279168847386016,0.2208471509210283,0.4481010057298433,0.4892787815845525,0.2824592824030837,0.271698272229637,0.2422406332593152,0.8051406973205701,0.2347453147568057,,,0.2442721698736711,0.2593377971410923,0.4281363449131639,0.2773863480948191,0.4850904462937874,0.3799426751073107,0.3103101883243178,,0.4583853326477125,0.3064029582972696,0.3098147791075976,0.3940880572442624,0.4693684734454844,0.3389249137826636,0.5395479952217092,0.3475318654291693,0.2553910828803393,0.3930042159405895,0.3095003041878744,0.1459133086045261
2025-08-21,0.2226587233549996,0.2259690531358179,0.4540322439499491,0.4972231949452554,0.288245195626922,0.2704993774423417,0.2451019349458596,0.823335146295337,0.2381149266955912,,,0.2478830203545586,0.274838923575111,0.4222492003564564,0.3061768283162246,0.5383963461454259,0.4105508140400186,0.3102254166646133,,0.4844260971097003,0.3096472114723943,0.2142685317924597,0.3891712838083758,0.4784489360212794,0.3488953367095336,0.5468428895521548,0.3456160037459374,0.2591981887527447,0.4391229267834694,0.3117791237776848,0.147501790182848
2025-08-22,0.2206149934319271,0.2117171990265842,0.4487012185022518,0.4829608631431203,0.2784950345373836,0.2586272026882892,0.2307061498927989,0.7512134193841041,0.2327197792098518,,,0.251198032917783,0.2616149078343237,0.393173549580686,0.2904443521620646,0.5576083636164547,0.3734153592605376,0.296768863477337,,0.5551839325350071,0.3168088989185659,0.2051875193686578,0.3822260235287822,0.4622156411361012,0.3418157332968706,0.5660798271640682,0.3577121790467408,0.2833379847941664,0.4805287238536639,0.3873817044193006,0.1635596588820934
2025-08-25,0.2377822937382486,0.2137298358068929,0.466595879304603,0.5120249950772302,0.2834487614315463,0.2767973588645491,0.2361284066081498,0.8067144679165651,0.2491040971646095,,,0.2629891962415524,0.2597610979459693,0.4049778883722026,0.2788012054277169,0.5333205032623064,0.371449003246314,0.3108294685210082,,0.528805921257318,0.3188159530522967,0.2107126846826943,0.3513622164637693,0.4328476005921906,0.3412928988414312,0.7052903067089432,0.3654541856935616,0.2913983467439158,0.5032792200963054,0.3183359022928247,0.1568456957597938
2025-08-26,0.2405444823274292,0.2113071646937431,0.4767054429556364,0.5203590703451779,0.3234813264247224,0.2735815536181614,0.2319094224168776,0.7809444527886692,0.2480729568834636,,,0.2693599649815646,0.2297065605891518,0.4046179077130493,0.2836387707626835,0.5315741412179694,0.3745563789603385,0.3075625665276807,,0.6020440384780105,0.3255605994717919,0.2008811235135809,0.3600422918627221,0.4345125996717295,0.3651089523671187,0.6815484100071173,0.3635361316211871,0.269956984191755,0.475800400021798,0.3604059103772462,0.1607014646662403
2025-08-27,0.2398118931720251,0.2154164835475287,0.4735521021348973,0.5312433678241085,0.3256600714857516,0.2818195026692374,0.2340808246684499,0.824480101290989,0.2556213649935673,,,0.2734434940520592,0.2556383027994063,0.3908651448954448,0.274841514507298,0.500811647621432,0.3607903831092818,0.2844325710992084,,0.6013815201433833,0.3247525182040938,0.2014905356271705,0.3784365399387064,0.4388240766075865,0.3428287014008623,0.6736029156703887,0.3798917679110836,0.2739249706740277,0.5452516832460166,0.3774119192708842,0.1652789479185818
2025-08-28,0.2367468615290941,0.2016950492563037,0.3379455893750819,0.5263829336978703,0.358272082833305,0.2699545993456089,0.228430821755252,0.808369574147493,0.2436721481103918,,,0.2682684212129025,0.2317770383341636,0.3874678117570586,0.2563566451704221,0.480675903903112,0.3439000964569892,0.3175331681880999,,0.6255164973358793,0.3337229356959604,0.2044330530242811,0.3589771726989593,0.4230227769670537,0.3721714784536942,0.6647826347801316,0.3674250532362624,0.270306707338663,0.5584732139368399,0.3581065518919111,0.1694849536770992
2025-08-29,0.2268522623184569,0.2176378033625932,0.3372862201498874,0.5524818565734054,0.349384762515521,0.2753011197868938,0.2240299173598476,0.7650459379334189,0.2499739367032575,,,0.2757172540819764,0.2442281808131808,0.3906659627458547,0.2865830593288896,0.5119017344339211,0.3645615330305873,0.3462407661706762,,0.568495310481567,0.316284478841798,0.1926055059523327,0.4133813079530327,0.4609243903814258,0.3752149707373106,0.5766252768854467,0.3844024693631604,0.2579514631593571,0.6042314467001819,0.3484270010734842,0.1684276664287345
2025-09-02,0.2481597922948747,0.2341307252198185,0.3532163268118974,0.6119988131363898,0.3381578238790114,0.2986272902231051,0.2394875363032512,0.9043124599840066,0.2546686447262309,0.3260825062843572,,0.2887345081447814,0.2904099144403591,0.4056956938945407,0.3410552043385776,0.5150687575923356,0.3976572326028935,0.2953156688175724,,0.5830479294193922,0.3315211621933661,0.2013528593447252,0.4393544336054569,0.5169977595115425,0.452982915755957,0.5946525567770491,0.4622418615604389,0.2841622268770361,0.6816174725932401,0.3680048224214133,0.1748678638095059
2025-09-03,0.2315836247905816,0.2262776349716905,0.3361174704134557,0.6460998056848684,0.3465620787927767,0.3073083329984776,0.2384993332779453,0.908215310035302,0.2591502504771555,0.3273821725940953,,0.2545823097114905,0.3077257725880241,0.4358668936440563,0.1784670522730564,0.574005519181969,0.360905536957068,0.373031626550631,,0.5603016685256219,0.3236716796840923,0.2057677420548585,0.4755128006201668,0.5278571204607118,0.4766073041007128,0.6270171018578843,0.4080597579552336,0.3391464290491412,0.5982285588843713,0.317434276322428,0.1491721216366875
2025-09-04,0.2207117756676819,0.2199993873753723,0.3164592921957843,0.328456860912357,0.3548156404860909,0.2743297243685336,0.2513623697249931,0.9963502578904272,0.2804403997053893,0.3443517986739599,,0.2490464902322153,0.3283493479162764,0.4266656193543386,0.1839993625331089,0.5973620946590743,0.3326962519008734,0.3274642234751082,,0.589142081087705,0.3417226593749595,0.2125656361513591,0.4927398424738299,0.4876058873039366,0.4997029251305007,0.6884203547809157,0.4649068410648087,0.3639070870564366,0.6168331214728707,0.3439075749351514,0.1601110305425948
2025-09-05,0.2180827399401915,0.2114381417295502,0.3317543587385709,0.3351816087536507,0.3005466637117849,0.2731738479521391,0.2416294172486944,1.0368015270354147,0.2485388037871561,0.3384664457741453,,0.2354670210481328,0.3134883258482132,0.429233540925076,0.1840101802908648,0.606088355528749,0.3583463748300626,0.3441978529953469,,0.568730585366981,0.339160181707123,0.207070732484242,0.5659282973040016,0.4796387430597827,0.4561776230485929,0.609827440978844,0.4314882783783948,0.3929990873739516,0.5515200508369482,0.3782392222980125,0.1505013780773985
2025-09-08,0.2416231822651159,0.2123205814047006,0.3340043132368254,0.3743424946087973,0.3253258488989458,0.2929563891155468,0.2687818617828348,1.028998551785517,0.2697594798677084,0.3432643322223165,0.3066576741888144,0.2405686718293031,0.3271672200780248,0.4487707215855354,0.1906915111639577,0.624623658471736,0.3593767487033568,0.3753804673177419,,0.6774466923198896,0.3388360346746297,0.2411836464507343,0.5627139784623436,0.4878684855272232,0.4986238521575013,0.7060608424158434,0.4690421138958315,0.4138355798078994,0.5702618688986785,0.3797389826511178,0.1578843884138663
2025-09-09,0.2487785623403674,0.2154369577014347,0.3341702389128335,0.3846914259785469,0.3536240883505332,0.2926013256575976,0.2735998238474428,1.407184572997059,0.2893206433613448,0.372947063701212,0.3103250693986351,0.2438544034765112,0.3246113336528417,0.4837482337349427,0.1928557310743026,0.6942916629691905,0.3607525434211173,0.4060763811988347,,0.7175419839011312,0.3460925650776277,0.2493908489475435,0.5982592028231905,0.5522896015561819,0.5500563926003855,0.6811509499805573,0.4148345418693634,0.3919467405455989,0.6169513079999113,0.3374256514096141,0.159810677753206
2025-09-10,0.2969851090156264,0.2223495014061357,0.3584648972373797,0.3477162418173312,0.418628395756734,0.2908084054010913,0.2784561425848986,1.180259556482973,0.3110468701890276,0.3930219084500033,0.3155221301610066,0.2392541789439254,0.3144767442719187,0.4666996146583322,0.1889502579374816,0.6844743436130871,0.3612613619680624,0.3268595641070839,,0.6849515831111884,0.3486554659261919,0.2411774257211635,0.5660192290479304,0.5678525939823926,0.4322716340847827,0.8893331780493525,0.4694527484660728,0.3960445659127825,0.7699631277023417,0.323057864559196,0.1568384192330477
2025-09-11,0.2649585433277359,0.2149794614587415,0.3189859496475065,0.3458163158002654,0.4027216359263602,0.2951819513341902,0.2635302479612431,1.485407265731336,0.3143701971720063,0.410334339097296,0.318868744804781,0.2432965598227382,0.3621141608297127,0.4610015627020784,0.1952432193320352,0.7955255848698723,0.4016753559651279,0.3202354129538821,0.3106799610369974,0.8629974710233974,0.3895570333093806,0.2574592086803728,0.6198275141783754,0.5701253494820391,0.5041539894396261,0.8595219068039005,0.5114792487456943,0.4484136254014094,0.8061032143065294,0.3738264754034986,0.1783994481346071
2025-09-12,0.2513183971444604,0.2298057902856162,0.3009001185253296,0.3294954120071055,0.3323371340193851,0.2945525919393301,0.2561647764641555,1.4624085609510389,0.322298182995835,0.4036364454775258,0.3124415806896216,0.2361660228525722,0.3613550879424688,0.4556473616512282,0.1945149452353295,0.6252785543026379,0.3421287094295426,0.2842859432795427,,0.7281856615821404,0.3792748424293674,0.2654734529326891,0.6275752732399905,0.5322989691671588,0.4636729191760497,0.677710563218195,0.4924195882322177,0.4490188679521368,0.8259453858864955,0.3646373921126177,0.1688052977484499
2025-09-15,0.2785837854291048,0.2499358066110169,0.3743143743676766,0.3973235376346934,0.4557960671290433,0.3164050398819985,0.317936149116001,,0.4339247441446824,0.422836837206781,0.3855096551901502,0.2466898024269716,0.3681886910056725,0.4809482785873346,0.1985015303615664,0.7036064603583536,0.4057815662730908,0.3311180582687726,0.3908231366965994,0.9554869776627756,0.3838883848236775,0.3524714748639177,0.7445686023788172,0.5287135943539866,0.4898514307803779,0.9772831126877056,0.6095114366914425,0.4548364851945699,1.0800991141898493,0.3663868784041692,0.1774580717058793
2025-09-16,0.303294618756321,0.2450926031812662,0.4016573779173832,0.4210526733926924,0.4952310544998649,0.3166099244264388,0.3235663460907586,,0.5004739368167751,0.4382512331012934,0.4336151787888937,0.249938420368607,0.3703725827290789,0.427861949959285,0.1971954893841467,0.7485297038869583,0.4051072660954037,0.3163982509322152,0.4018669003660929,1.1235945339862676,0.3847813922037293,0.3781599268850928,0.942059524448289,0.6271517442921689,0.5969988256611035,1.0692719869197875,0.6580504957727596,0.4706218625232861,1.41756679866211,0.3336153392599377,0.1845840204781498
2025-09-17,0.3005268337664699,0.2341481782637517,0.4489786058060845,0.4373010880533835,0.636494099955572,0.3185615036901877,0.3169293043636702,,0.5853810508794989,0.438315952696855,0.4976587930634216,0.2529916270375293,0.3954153545157396,0.4198759088704508,0.1953176072219817,0.8595690939107695,0.4171961526335151,0.3484097706341739,0.3974472403122618,1.3613581162703547,0.3736513969180708,0.498820321028668,1.3163949435401,0.8873344955932518,0.7829143624910118,1.222873246536493,0.961875306128972,0.4417159386716199,,0.3345441500090474,0.1910035437456466
2025-09-18,0.3575069825777487,0.2367643828241559,0.4120427043989921,0.482631899485399,1.136536623697577,0.3418092049812523,0.3228154390950521,,0.7833812196724477,0.4589284326713528,0.7013808794107749,0.2480860578880499,0.3977264808413671,0.4248812460549687,0.2071794485219729,1.1579509118874574,0.4739954652058533,0.3735394184446942,0.6571501969309449,,0.3794952705259019,0.5673523046844428,1.4985644463387977,1.083957130092733,0.7900063293948583,,0.9588207796095504,0.4504427806698086,,0.3278781179496823,0.1910897135206164
2025-09-19,,0.2444332789137024,,,,0.3481105161829571,,,,0.4738270262304567,,0.2474745466786178,0.4049829021273843,0.4234107506300079,0.2093948676420335,,,,,,0.3764729114810354,,,,,,,0.448130272148897,,0.3154222948217665,0.1958518048719729
2025-09-22,0.2640503020332547,0.2552207905190375,0.3939299126018079,0.3610240275912932,0.2833642686650202,0.3823611921165054,0.2988850916297673,0.909029499933899,0.4374694578554551,0.4868379666130939,0.3475524311840349,0.2639873688807438,0.4157762589592149,0.4477334470313117,0.2470262101192911,0.3801259626951366,0.3503325107334942,0.3210156817805926,,0.4909390750037999,0.3857880868567314,0.2326951653586892,0.4198908082240605,0.2519008312755457,0.2558213873974123,0.6532312498610608,0.3648540360369493,0.446252626677341,0.5155816980759305,0.3210608274855351,0.2049849232161987
2025-09-23,0.2581102796429785,0.2578412052187676,0.383984381999163,0.3637591809210479,0.262800406422356,0.3772229479206214,0.3209288201187152,0.925146261172261,0.4372560578716086,0.5132225123252656,0.3541421175065907,0.2537867048599597,0.4373794177560223,0.46816021865127,0.2084851220035992,0.3670093805565004,0.3221204497437732,0.3427937260608173,,0.4798294405126484,0.4109460843656017,0.2249030194258787,0.4134391571696841,0.2649147054433566,0.2670798375861553,0.682778249913051,0.337397376077455,0.4570770044786244,0.5924874670284396,0.3243683400028001,0.2116521256581249
2025-09-24,0.2461116823957236,0.2454579009497562,0.3626768278127609,0.3597328687773242,0.2591004645968068,0.3528366914714061,0.3196701662505604,0.9198255827574544,0.454403419294644,0.4962604478775375,0.3471424599948141,0.2510890734301308,0.421157679688344,0.4744064240547322,0.2140643692277438,0.3525946962711744,0.2917572436804823,0.342141602078164,,0.4894737306116922,0.396649131653545,0.2265790553713637,0.4310499807499037,0.2516076349430758,0.2758131647885766,0.6651668341074154,0.37413434622325,0.418095298534738,0.6449200312449596,0.3064472075954511,0.2105349125773485
2025-09-25,0.2620927940389467,0.2468395805287165,0.3616963766344707,0.3540418822741634,0.2843165920534386,0.4515070518803078,0.3198515369455057,0.9676665105974486,0.4590223997497674,0.5096596956444294,0.3600855615715137,0.2472957278644975,0.4369219812602282,0.4525187350955725,0.2176748791494716,0.3421053187262265,0.2934801004021911,0.3429600771871848,,0.4920639633874509,0.3834060465157721,0.2281882695348474,0.3522183462434681,0.2475704785141734,0.2668058881684622,0.653830812311767,0.371040647426996,0.4438357044315216,0.6809301998594368,0.3122366067357382,0.1997170238318991
2025-09-26,0.2432498469901606,0.2383426473936572,0.3342624897371057,0.3450464840671178,0.2622967550648459,0.4527550704052486,0.2996794221053013,1.0031712973314049,0.4626813674942284,0.517719799524288,0.3483817379670998,0.2320876824768445,0.4254510014203006,0.4352429047676592,0.2391129005335762,0.3503058227951339,0.3175176691058735,0.3072844416791447,,0.4998165602203855,0.3822524492457846,0.2098638253728761,0.4154466482550288,0.2237690051703949,0.268210323716378,0.6633204042141873,0.3657430426781817,0.4527496242745389,0.6521356816885745,0.2936981197182893,0.2090444696017399
2025-09-29,0.2474172937622575,0.2573635926650321,0.3529714132819231,0.3628465329769847,0.2761296066716363,0.4342036238133714,0.2998748353421732,1.0534684839834256,0.5208014316965919,0.5613590482453308,0.3680186328249185,0.25890931609761,0.4577543795488753,0.4552783157452265,0.2436891841792747,0.3547141921298961,0.3032064609623708,0.3331866289782789,,0.565756709918677,0.4067788981235578,0.215230350692983,0.464617439454515,0.2437486075049757,0.2697731750619727,0.719994358300122,0.4523251723757523,0.4579529626616965,0.6126562201714559,0.3016581343983339,0.2192168608030353
2025-09-30,0.2444225313621576,0.2519460381214595,0.3916761027581443,0.3757647932816076,0.2819237265257213,0.4739177685186108,0.2988974114156801,1.1465631836284755,0.5118489843350609,0.5471919590782309,0.3766236842561802,0.2674495860490818,0.4794920430400601,0.4664817783421978,0.2756421822320077,0.4416652115623751,0.3284557767029459,0.3341885393610763,,0.6077654651911016,0.4114737830614083,0.2217058537785654,0.4853868081700955,0.2560616801607682,0.2850467319321765,0.7757748965476486,0.4107642737372377,0.4534178783772246,0.5861814022726217,0.3341266944438768,0.2128243030204892
2025-10-01,0.2603052605537725,0.2795868845706554,0.3899182951649784,0.3813339072617067,0.3024233715128041,0.5121013225418879,0.30784455279913,1.276401118897496,0.4862372046573305,0.5490829019705312,0.3819530060788789,0.298280388908891,0.5020044782337346,0.4916234000731841,0.2866842624225125,0.651128823637692,0.4046001050288595,0.3169251567482416,,0.5991510992389246,0.4348315995976391,0.2250138162674829,0.541223716477882,0.2671263931286634,0.2696955808239674,0.7768840441124284,0.3980265965104073,0.4017957529843244,0.6003285137238827,0.3594720676336732,0.2264583124027569
2025-10-02,0.26525055280133,0.2737269894561807,0.3971548001592502,0.3826527825806257,0.2850603716385075,0.5135664601442467,0.3116716804417413,1.1761909786874534,0.4695238099836876,0.5195893176788232,0.3860684980700297,0.290350156954028,0.5595792101146808,0.4905755319601065,0.3021166639255924,0.6287167721858519,0.4122514296805095,0.2970025348493167,,0.6287194598231943,0.4928951076180786,0.2302384685197546,0.4639867704095501,0.2613649338170704,0.2718455185571825,0.7819984820229018,0.3931126759079623,0.3902091275294816,0.5888931724280606,0.3258899853807204,0.242182806146483
2025-10-03,0.2584025600319769,0.2705496379715552,0.3766812871564097,0.3828639287160983,0.2814028771646479,0.5235593814877919,0.3050071092115772,1.2477975030555406,0.5116101277473522,0.5749887523998012,0.3789300170108615,0.3043485835423587,0.6179542465554257,0.5164555430552369,0.3250778737016987,0.6171648053232174,0.4245034873250274,0.3266430576053435,,0.6146498574852758,0.4690243912358712,0.2212950580923458,0.4751920044805848,0.2718100639490708,0.2692490992228368,0.6600945904871247,0.3963603918605385,0.3788161956710463,0.6021249884577293,0.3676331409008797,0.2592987775441024
2025-10-06,0.2785583405791088,0.3463554724238302,0.4254138755997573,0.4633235275347822,0.3268955995472997,0.6256628099291527,0.3206743722316402,1.0691717082784913,0.5869051174905369,0.6418215128597503,0.4355222374415812,0.3328611011389996,0.603332806865134,0.5450435555801529,0.3634068307760924,0.6645158735053934,0.4185906606995305,0.3516269413497469,0.3288187304045212,0.7209198939431632,0.4969560931630793,0.2371898536760627,0.4349040935157893,0.2792661950800849,0.2727461767521887,0.6351299537146375,0.4476634122561094,0.393834052522947,0.6845417756491546,0.328847857666515,0.2763298808840801
2025-10-07,0.2553194377787012,0.3776323337955626,0.4070706629830473,0.4475251643231202,0.3210002693632927,0.7169889509867722,0.3734314426228187,1.085100754804602,0.3632335568720813,0.3857573533321736,0.3110348314047251,0.322183646941431,0.2820778219880772,0.6048208105208907,0.2255042752047307,0.6343155184946803,0.4426376492018594,0.4648477136195524,,0.7464313594563853,0.5219301644120518,0.2836005939547995,0.5639981973522374,0.312513728833967,0.2748893940429747,0.6099377879222139,0.4540644070787232,0.3774348097786613,0.7774889946035073,0.289513784234388,0.2007199869124311
2025-10-08,0.2561657801400221,0.3777425115614319,0.4269679891454533,0.4423622781585537,0.3379713363329276,0.6762934300679364,0.3763114132250553,1.1244673142451138,0.3567429612940479,0.3918838348280504,0.3152470049707005,0.3302103880803568,0.2774029537233475,0.6647455336443125,0.2282771907632056,0.5924948734528975,0.4356101283195951,0.3949216394707784,0.3834286494748449,0.7409749475965147,0.5165973857977232,0.2853873006069103,0.4734223447490063,0.2946274641728097,0.256489791879109,0.6112394079583321,0.4467643793605434,0.3588074760689904,0.7341588956103436,0.3034627293960164,0.2001726558911109
2025-10-09,0.2608434637758018,0.3699762859849621,0.4594449965694734,0.4745787040126218,0.3339846417134012,0.6674917150851358,0.3834524887818393,1.051819321883137,0.3591505997907033,0.392102371106212,0.3155599027091584,0.3140459085593937,0.2569749364824543,0.6756224545578445,0.2263867532855241,0.7051438716327699,0.4495072035650188,0.4632270958376398,0.3281053207219675,0.6126163243129877,0.4621300219949689,0.2932039239514895,0.5266167434625612,0.2976869919928375,0.270070338672075,0.5633242599455598,0.4213269410881767,0.3351680469737427,0.644388903622291,0.307332399079804,0.1962208886280619
2025-10-10,0.2866704842834231,0.3791834423495094,0.5206990901638365,0.5239411965798506,0.3655699184071335,0.5366666078703037,0.4122667819891654,0.879431340971718,0.3751462582901072,0.4204434289062889,0.3273615921874742,0.3441510888792066,0.2610084875141266,0.5737653139554337,0.2320912148877147,0.6599169184151294,0.4367783110909002,0.5096341951084952,0.3848956660151468,0.5624900967433897,0.4489714974184517,0.2987173257386006,0.5471145868146393,0.3548608877096736,0.3000053230807241,0.5317351917292175,0.4155745553227462,0.3454136887991887,0.6048235551698633,0.2926571184859093,0.2026078590224335
2025-10-13,0.2747855199839869,0.3748660834495154,0.515901131107906,0.6716755901051751,0.3594346998835309,0.6254270544541484,0.4021634087790926,1.056243185539088,0.3822348503192389,0.4207741920053542,0.323731181940988,0.3247756690314927,0.266470337271995,0.712889242192888,0.2486161554224675,0.7462809489439963,0.5363531592193554,0.4449653511183291,0.4049132161219824,0.7702057421150343,0.541208850895771,0.2883424402622354,0.531734113901119,0.3717792457572057,0.3707745153617408,0.7165810754134939,0.508991037670478,0.4062625549326751,0.8933375587157187,0.2827488764014894,0.2002925066185407
2025-10-14,0.28073915919741,0.3865835334697521,0.5263067152209963,0.6944168010407998,0.355161553477182,0.6551256060074896,0.4150201577861778,1.351018479048604,0.3397096240806139,0.3703353549423987,0.327575994871064,0.3446314321063617,0.2637217272833682,0.7667720285025619,0.2203035370471501,0.7570143258177131,0.591965256262786,0.5545772095743222,0.5381533629920102,1.1589971981668323,0.6050804914709904,0.3197892968858721,0.6843977485903175,0.4989548767005857,0.4415591983860122,0.8238440748611527,0.6023478118433769,0.5406006544568466,1.1193885322611266,0.3121847103538513,0.2124177102421674
2025-10-15,0.2847253388530963,0.3942999078812904,0.5255659994660544,0.8011460009811086,0.3640482204882838,0.9174686754792404,0.4255212030794054,,0.3580005360627331,0.3588101780207069,0.3290150904139072,0.3425293720643456,0.2796721516346087,0.9675820139755916,0.2219689422920506,0.8736044736190381,0.876508625432713,0.4612992599279196,0.6232701771873144,1.0924315524397,0.8582261936662642,0.3299684900764356,0.6539014837941621,0.4948947541233608,0.6130480918829401,1.0702718067323769,0.7862445158883377,0.7085909307304219,1.2425788071089274,0.3133660744364854,0.2161917547595878
2025-10-16,0.289618250283248,0.3910693344355058,0.5268512964097696,0.6632387229880023,0.3733896948627126,0.9962803687372238,0.4409702238680431,,0.3677315727818674,0.4204276992580315,0.3578296296407808,0.3554241951516597,0.2632158664005325,1.0027186170170652,0.2050157068855102,0.9369311497003106,0.9686949838875554,0.4581255707089284,1.0408182583421823,,0.8655414505442335,0.3279213090521469,1.1355171440515432,0.7558230734395427,0.8274769969409741,1.057052255335735,0.7722003492368936,0.829877473951553,,0.3162006883711003,0.2143133759693719
2025-10-17,0.2842647256850752,0.4037302347481193,,,0.3555060624015259,,0.4257390626082054,,0.32598881457958,0.355883524050112,0.3089119306288713,0.347712313275125,0.254804003511193,,0.1984968125419625,,,0.4497575284157898,,,,0.3241414155981155,,,,,,,,0.3016115713392244,0.2131332718035903
2025-10-20,0.2889228945769135,0.3982586854630787,0.4982829648451493,0.4817121503702634,0.3533678670059225,0.4584343075294376,0.4210273848539195,0.4744830093301483,0.3204829963822714,0.3520827872349593,0.2765966246331577,0.3441578174090633,0.2033705422017827,,0.1992658426091455,0.3820885109302408,,0.3895457957047454,0.4178074786075541,0.4367422366547084,0.370684836292225,0.3208713740124858,0.3443917119942203,0.2464026253060631,0.3250538808448144,0.559293248629853,0.4692780399351871,,0.4799638471105826,0.3060804259217935,0.2185328156324629
2025-10-21,0.2792498176990341,0.4023724278991574,0.4867755990799177,0.5452618283761766,0.3528410569093668,0.4610488171183385,0.4186101530791887,0.471439022401681,0.3061619705057244,0.3578245856322569,0.3005460835681462,0.3533406948430167,0.2089895767620627,,0.1877503511262513,0.3718312714651942,,0.3820321010289684,0.4309992071139919,0.4771672044106071,0.3053270784398867,0.3203168154096804,0.3560889208771461,0.2517133093896228,0.3165166292461518,0.6424890349875347,0.5484255023454128,,0.484448698744129,0.3121110904522965,0.2268390749372884
2025-10-22,0.281175169368814,0.4285779183479759,0.4861976291064663,0.506013680005896,0.3575690019967956,0.4788375232907108,0.4296014185772668,0.4472405186809093,0.3075362347017266,0.3442169528189994,0.3045186506953167,0.3461560257009015,0.2017200613680236,,0.1922023174029427,0.3727643589875347,,0.3659312587822612,0.4264849956649925,0.4555848105735332,0.3006689865281709,0.3302421706600513,0.3716762161650477,0.2259782463034073,0.3439245951161441,0.5684559964992194,0.575583739780719,,0.5224958622089974,0.3213242406682922,0.2116597372107449
2025-10-23,0.2697955779059608,0.4145404281677365,0.4817331400520175,0.4805115284966161,0.3587051492334006,0.3688944936309601,0.4146844115427635,0.4000211984082531,0.3026535116198091,0.3397331794603392,0.3026172092308096,0.3493967570070675,0.2079102145602034,,0.1929432776606245,0.3641390136256535,,0.4643741106351057,0.4230839454642193,0.5971506101966545,0.2701030111276982,0.3226818457402889,0.326983933223747,0.2115179220792534,0.3279154464369459,0.5869895099122473,0.5127771851676257,,0.5809262096628199,0.291906525549917,0.214496433985609
2025-10-24,0.2708480361083863,0.4256165103130371,0.4872722354046107,0.4849733657261772,0.3477272538197627,0.4841824360901481,0.4071597339904122,0.4097927661438644,0.3139987621481206,0.3645986068652916,0.2821042319480862,0.345722604756945,0.1944829820823299,,0.2018909286914431,0.3463568405809145,,0.4474134708417525,0.4265149349275916,0.5634040076174435,0.2727073143502321,0.3260246446506697,0.3461191299687187,0.1978717806837139,0.3166271283179617,0.633845738622824,0.5810105118854191,,0.5298998809140935,0.3131943884977326,0.2295641235872901
2025-10-27,0.2892412241885239,0.468268438695526,0.5374643738919789,0.5076979887822393,0.3743914631802387,0.4949823846481657,0.4166165735709925,0.4426314051529504,0.3501901927681373,0.3858338268324614,0.3106803313180592,0.3580506644891921,0.2106704501963941,,0.2050371030884077,0.3657661489914197,,,0.4232345439889268,0.5579669301590465,0.2829223331159552,0.3331488964011458,0.337756961135284,0.2117539586240731,0.3284640082581849,0.6964676283973357,0.5059976342827884,,0.5536112681348966,0.3360075042371599,0.261271667725628
2025-10-28,0.2878176127976406,0.5303201443075971,0.5622469205373333,0.5438182301967308,0.3948421141460198,0.5010382093697092,0.4363502945437376,0.4717681432688597,0.3639578726285549,0.3980243710905881,0.3210315939914171,0.3653312615019934,0.1985917908311656,,0.2226798509649022,0.3954233319516247,,0.5463092203636791,0.4243891492891488,0.5511234081175584,0.2719167754331052,0.3370810443244758,0.3648778198905363,0.2237601465471693,0.3434117607673586,0.592631503098146,0.5639708346222411,,0.5304955473730169,0.2888500745673424,0.2729079325764965
2025-10-29,0.3002740411500004,0.5544595252584706,0.6590354019569369,0.5027638018644178,0.4022545147400227,0.4918567488837896,0.4616880818762146,0.4518556012011561,0.3545811080605985,0.394191540405896,0.3179129826619944,0.3113399795986741,0.225224083908462,,0.2110748556036221,0.3912875997592279,,,0.4460960922892145,0.5258971274065286,0.2666536251337869,0.3475792422639556,0.305021108304965,0.2214640047170192,0.3272781744011052,0.6251573802210911,0.6140035514819221,,0.5235591948697882,0.2805721510833128,0.2588620522665357
2025-10-30,0.2893474044475488,0.4590275136862872,0.5686900360162646,0.5663385861364882,0.4099130980181071,0.4890772692771075,0.4865735705181156,0.3769495243818015,0.3941633379644712,0.4195245757947674,0.3198707190964046,0.3230906705738924,0.2272465850738828,,0.2115993133451018,0.3079462968031795,,0.4653592685316025,0.4144726148078446,,0.2934995012197333,0.343603562887191,0.313357816324618,0.2224121304658731,0.3383069051340112,0.5512670111089432,0.6169284793292494,,0.5334532291214507,0.281616304032551,0.2913333400673268
2025-10-31,0.2459635357469833,0.4246050849417627,0.5421328444280515,0.6131798572963382,0.4088987668343553,0.4736822731671549,0.345224905421039,0.4289127648538265,0.4198572607566388,0.4109547522132682,0.3165519901403596,0.3246230388880431,0.2274018240951975,,0.2395639439085831,,,0.4077360769678913,0.4018761038708102,,0.2898290994474609,0.3463501991443987,0.3391657878095511,0.2237345227198343,0.3339342718162001,0.5333196973519132,0.6380875189533048,,0.6633556851802844,0.2656608849237636,0.2765837385711885
2025-11-03,0.2445431537793076,0.433598000513504,0.6203832166685611,0.5721313145608161,0.4378616861321342,0.4921927266583156,0.4327993426524696,0.4254991576512518,0.4276745768309687,0.4268783366980496,0.3396680131581296,0.3035226217620585,,,0.2280389514155872,,,0.4296353010291591,0.3857525526105919,,0.2771861995952328,0.3637654841830265,0.3043226379834043,0.2354533005290907,0.3353329458198362,0.487197222466605,0.6536102986765876,,0.5664924215138981,0.2368790951051206,0.2781200881613857
2025-11-04,0.2520590467639724,0.4467005743376191,0.5652973094190212,0.5535645175033327,0.4240651515969132,0.446515719416008,0.4864899698590096,0.4189614921192112,0.4281270673592421,0.4551839935150327,0.3382471892149447,0.3219408632003167,0.2328154007747808,,0.2238676993582221,0.3144846511635786,,0.4689611523510196,0.3788154885175739,,0.2878905232999461,0.3779170915670045,0.3006139087635703,0.2444255432690486,0.3561296960810199,0.4818824868362883,0.6680667036530235,0.4563684351222452,0.5842928792678604,0.2753573662987404,0.2948916598837923
2025-11-05,0.243846825239013,0.4096577097214238,0.5910134715028496,0.5765976793331551,0.4330783057336119,0.3976469605319631,0.4148872362840745,0.4516387381657255,0.44323536408948,0.4375941489240715,0.3702849570765271,0.329332250622028,0.2001588868976372,,0.262808406373726,0.3095779154870761,,0.3083362488903518,0.3887942651500043,,0.2987288852820085,0.3823072103705111,0.286065291196634,0.2321807339951033,0.3415634765901346,0.5222471655612747,0.639288524485597,0.4529544359764057,0.6126165415295771,0.2812514410196796,0.2944992053905961
2025-11-06,0.2632690343452619,0.387564036052364,0.5048179209531968,0.4742056779680902,0.3285327898715839,0.4105516064211058,0.409609534796169,0.4222202988617482,0.4899344362386126,0.3008970721970743,0.380575150026717,0.3079666933820647,0.1650598905353652,,0.2664378193871314,0.3036584485182841,,0.3242809276069407,0.3872224246347742,,0.3059337592741166,0.3947077329827829,0.2921486052165153,0.2484511442402085,0.2691341633969897,0.5226051452200017,0.4066982256913006,0.4149359634140361,0.6250795821275252,0.2824834638436284,0.2891491481303716
2025-11-07,0.2448450086807111,0.3823611418787956,0.5219446855959655,0.4617380069266672,0.3237229606177054,0.3977527061779081,0.3463296156360518,0.4503720589277548,0.4704073889142598,0.2997386036218509,0.4047111216379482,0.3001714377043938,0.2092689450760543,,0.2556902166180913,0.2973686256434263,,0.3089340429856888,0.3547559349022485,,0.3053630269106778,0.3965187166757545,0.2888822955300559,0.2740034651512184,0.2721378166488771,0.4816063001244852,0.4015923345954856,0.4217656620918744,0.6497880981133797,0.2660465200863509,0.2900598973631166
2025-11-10,0.2442292216066899,0.4712874535840921,0.505127873095155,0.4564245394989293,0.3323794689771145,0.4084694493193921,0.4207648807305364,0.466408481455167,0.5480577642552475,0.2891042826068079,0.4156354743697503,0.3057170921494801,0.2062944727363197,,0.2607010324712552,0.2960293212744395,,0.3062242359336903,0.3952550192926436,,0.3142560301349302,0.4369477245311423,0.2887205952406204,0.2745416372239295,0.2983884074796383,0.4987395613559236,0.4218425913678972,0.4280058337799597,0.6894415943112454,0.2869719944878948,0.337107230474188
2025-11-11,0.2701887655094493,0.5060518590352776,0.5144778744174517,0.577801198515033,0.3517507272434411,0.4287699460374934,0.4623838268368114,0.426919454208505,0.5911383100717419,0.2858492636359364,0.437780866280018,0.332250403461567,0.2128287578019053,,0.2385308921395346,0.2859616153090403,,0.2962248195850556,0.3882078102233648,,0.343004641687971,0.4510170797844879,0.3512990616513674,0.3278185708497859,0.3538866497752469,0.5855566139526697,0.4355031624871047,0.4749995477090523,0.847928437901927,0.2989328221659885,0.4076387127746212
2025-11-12,0.2572689162177386,0.5620200277670857,0.5048997729539821,0.5751146676798224,0.367271703122481,0.4332786824463835,0.4261772893029521,0.4358809425362528,0.6692057281714706,0.2891218406290933,0.5093021417943928,0.3774893997809493,0.2047053477114427,,0.2400406124301629,0.3065975603365707,,0.3002786016837459,0.4379791941688977,,0.3273091873702368,0.4722144116814263,0.3445955438310832,0.3375468866386563,0.3671624762284605,0.7460087083501529,0.4334377267793576,0.4429734793341323,0.7112131913959387,0.318834916104119,0.4755290582656687
2025-11-13,0.2862845434928842,0.524233976373468,0.5201950161006814,0.5695159475393283,0.3063309002491432,0.4057455831183328,0.4260898528178805,0.5731990113372151,0.5663654579935404,0.3161309585094857,0.4168818993747942,0.3523287529735057,0.2190717037259617,,0.2507567406214502,0.3221512305229213,,0.2987361795345264,0.4423175231388587,,0.3341427809316168,0.4884403032842874,0.3697120134388668,0.3244991822519775,0.3784185415922687,0.8163423477512453,0.2976017332578068,0.4357644261835179,0.8403175561960715,0.3134092252714849,0.437014843723642
2025-11-14,0.2743598654257462,0.5974811476670813,0.5140708564981448,0.6485928737856315,0.3008194385455135,0.4058373965643378,0.4139073621877067,0.5472464885461962,0.4817714324922381,0.3156269736588512,0.3792595382841515,0.2950392365519569,0.2007683159263308,,0.254251191264949,0.3107644509747145,,0.2926701867625491,0.386450365855723,,0.3456852966894095,0.4964727473735945,0.3535075727489541,0.3000230921357969,0.3752726374275545,0.7095035127692179,0.2739316823375872,0.4123590951200231,0.95656167013087,0.282516343627741,0.3894379967602845
2025-11-17,0.3029047818485904,0.7103616804205832,0.5320320573659221,0.5972207444214631,0.3196412773950396,0.3999273538400544,0.4955109616188279,0.6590520675377689,0.5510657089879765,0.3351116195378932,0.3929920536296896,0.3525023265811476,0.2031287307295351,0.7115526382307937,0.3766704018069431,0.3251907573630149,0.6547877840133148,0.3223730060845494,0.4577839545379249,,0.3362814629443221,0.6531878727089616,0.3897832873636958,0.3688627269064514,0.5018426089797415,0.8088130399788895,0.2714412754083659,0.4065309783717341,1.2216845335711146,0.2904523615272709,0.4384478439062249
2025-11-18,0.3290910968723998,0.6856187342337142,0.5531970249246846,0.5653101888772343,0.3222077831222004,0.3850417070355142,0.5093050487013493,0.6130556884477227,0.6124740316115623,0.3522041477171674,0.435364217018075,0.3232984591393985,0.2314291944284325,0.690961863143562,0.4205167070385632,0.3479461168673268,0.8193580534783336,0.3189753960639585,0.5138112337944901,,0.3409013971421496,0.769356417963932,0.4602499772450333,0.4566571941860891,0.4799677360731276,0.8579311213196706,0.2860430330494982,0.3203458920044482,1.0731763384398574,0.2779643942864901,0.3945326697017821
2025-11-19,0.3488889558721982,0.6403537591280073,0.5567372268094606,0.6195518184002643,0.3380445196796752,0.3877870376892208,0.5086566235584551,0.6287406272592674,0.8231116824020215,0.3345462556428069,0.4731293430281138,0.3678157097267856,0.2366643723270829,0.6578151639908778,0.6486134720959279,0.3226213347291826,0.92788555866376,0.3312646648687599,0.5855323215440632,,0.3440797429351162,0.8449262824142284,0.5337402019373901,0.5216530444160025,0.5099345363694544,1.012040296735958,0.2820980636339361,0.315080564012918,1.1541983701338514,0.2809432145618747,0.4394546919234662
2025-11-20,0.374135021881188,0.6960913358678322,0.5315550117345214,0.7468284822644459,0.3137285409240832,0.409231604938303,0.5025600096484577,0.577994627190056,0.8367402657322218,0.372932016530631,0.5021399694528779,0.4557392298480914,0.2574157350941256,0.8164822913902813,0.9523583091522952,0.3232729303009872,0.7625668849608573,0.3707215540407556,0.8128404907524618,,0.3468122778363513,0.7612144761551873,0.7933856739837122,0.6544089035727239,0.7347890372979304,1.0224362108894651,0.2925895711268294,0.311190522297071,,0.2931227278161463,0.4602580552578295
2025-11-21,,,0.5103078496080613,,0.3165480528014658,0.4029798947261673,,0.618734975444885,,0.3400500027364106,,,0.2248562818736973,,,0.3311522278035801,,0.3873553333223849,,,0.3772650251639926,,,,,,0.2691626108295604,0.3389116106964872,,0.2877300998940648,
2025-11-24,0.2445637050553702,0.2667745337365015,0.448037735179692,,0.2648274943032085,0.4460911675899429,0.3270055412305827,0.5923699041695993,0.2731861670184148,0.2975699986192721,,0.2015382028458275,0.2393397195194233,0.3994844080226168,0.1969181451781837,0.3743477349198509,0.3624053365326818,0.3825922286118453,,0.1351226066587968,0.3282700838515318,0.2135312072181738,0.4324443877891947,0.3209631783200317,0.1917033983215287,0.6209049721307863,0.2408758891967876,0.3161255158380314,0.4144717949984208,0.3235976415504482,0.1588341924676873
2025-11-25,0.2454671069050089,0.2633240171987903,0.4593628707366853,,0.2750984583630805,0.4517170266494766,0.3188455356803693,0.6074868433606305,0.2806218371433691,0.2859712865046713,,0.2035771987031063,0.2404026376201985,0.4375056473811248,0.2569309969284228,0.4520287749897432,0.4084066050859065,0.3714326570481202,,0.1122785559084176,0.417785790582394,0.2090199644176876,0.3854368501152231,0.3150065436933533,0.2166499074916436,0.696377005795684,0.2426618965373462,0.3792950037649321,0.4331643871726114,0.3243293523896759,0.1695362871491229
2025-11-26,0.2330236541497459,0.2541695269379969,0.4212793316244402,,0.2461470231713094,0.4154783985219563,0.3083054671375548,0.6442392943408504,0.2868470627645331,0.2783940328032203,,0.1987842783985045,0.2464791253836855,0.4125135128095505,0.2489973542228145,0.4145333946930202,0.4036839672831349,0.3425714570268659,,0.1279074125192099,0.4250441004820081,0.2059532552796472,0.4147750298269589,0.3531259189826821,0.2159419056292459,0.6940527469380611,0.234512775359766,0.3829472068627991,0.4148487928414013,0.34344573075817,0.170960686257274
2025-11-28,0.2356539831283449,0.2660286152842588,0.4092724619277648,,0.2476648305398681,0.430290850258803,0.3021609152631632,0.6777714071555764,0.3022027074265219,0.280672824428916,,0.1941341677179063,0.242228979852909,0.4067847218995264,0.2329841222094662,0.4197286115606024,0.4203530626253946,0.3347402083689275,,,0.3990061125493046,0.2004285240601051,0.4092968076911562,0.3529575010938381,0.1998748083207773,0.6609022606458859,0.2374347655187167,0.3998894030155991,0.4242193166795309,0.3426545435251044,0.1733434336711428
2025-12-01,0.2780985188272901,0.2835871222661262,0.4243099720541302,,0.2610152162134446,0.460545035545404,0.333751398111582,0.722682080131993,0.3006408245060745,0.300692840307272,,0.2055982227178859,0.2492036328122404,0.4044102269955161,0.2571838007707374,0.3804931448843963,0.4155871414696092,0.3648746641545979,,,0.4340724361739942,0.2197359905932199,0.4726472996681234,0.3609706349888692,0.2009055239408693,0.8525381529712625,0.2562941506991494,0.423876420176154,0.5707545439166624,0.3652072500620762,0.1770630674366602
2025-12-02,0.2681285609608486,0.2749642527389976,0.4120553155927371,,0.2760543682991198,0.4420274649609358,0.3157310472669609,0.72208503362176,0.2913708984918461,0.2967499869305867,,0.2057563385863555,0.2144810206508368,0.4004070429558034,0.2559975083700907,0.3631588641205431,0.4364858354594853,0.2988911700610122,,0.1037391899238383,0.4149679710343784,0.2172747716303692,0.3306863842331608,0.2889152775072043,0.2095456314150083,0.8024164508615993,0.2611412963843794,0.3954544397591564,0.4797890704013383,0.3558180735707523,0.1822887989638493
2025-12-03,0.2725047162250603,0.2730130041949632,0.4205145781797788,,0.2822752837980298,0.4707060401768925,0.2930104182911238,0.7424672766929732,0.3099306259300781,0.2757220794911094,,0.1975463542595839,0.2657242498664258,0.5054188246719772,0.2461903067036235,0.3754877476175159,0.3413199996332342,0.2965350377014216,,0.0944194475454419,0.4401074123645969,0.2225601394276741,0.4368669295192304,0.2190332910431323,0.2206720737581135,0.9316860359906164,0.2583001095489514,0.256601889711072,0.5327111445903006,0.339836715106414,0.20837080195372
2025-12-04,0.2862082293312689,0.2678332863708756,0.3981215589136669,,0.281900867469267,0.3639906475872238,0.2898106681186564,0.888243146593983,0.302260128387863,0.2802930280392974,,0.2097957168375995,0.2716129478692511,0.448730215683016,0.2294079095735028,0.3275065942076173,0.3314666710420757,0.3036376538677766,,,0.294818479603171,0.2265197156837455,0.3854731727965738,0.2225261595779313,0.2187730639497967,0.7700755450985544,0.2369112752255976,0.2415744381745955,0.5242523936602911,0.1987812319688975,0.1378691897284364
2025-12-05,0.275045704915355,0.2523798333920583,0.3869757805872426,,0.2749239956481537,0.3731594411625547,0.2763353420692498,0.8894745426047708,0.2968387841663389,0.2780802090385761,,0.2051730982134481,0.2521395280599682,0.4109773995807212,0.2176744219881433,0.3163487740143805,0.3051409005518745,0.2754950767277642,,,0.287840406349085,0.2294690729215377,0.3284530500690747,0.204939645282218,0.2241084879537388,0.883101139927258,0.2370836601225825,0.2503284054481149,0.499199810019325,0.2066443174835899,0.1365487023974822
2025-12-08,0.2888345767795158,0.309104230210832,0.4015413545765382,0.3601068542241221,0.2892078071811799,0.3864577865676468,0.2867777311909199,0.9843142185239496,0.3009848771536443,0.2908070328244099,0.3043861696040199,0.2438458157495684,0.2369037298799719,0.4161757613094592,0.2383684702639929,0.3262112710327623,0.2784089032574592,0.3110909410680909,,,0.2814557440879999,0.2313795288279776,0.3188639787732633,0.2192070311721927,0.2403879231027627,0.9089537982779546,0.2523915327363153,0.2509886461462788,0.5137905913135221,0.1994049834103687,0.1393133051755091
2025-12-09,0.2865944297563657,0.3081182338720559,0.3958352188378503,0.3603958959355655,0.3112937466176928,0.3923781987960051,0.2784596710194337,0.8393697671700533,0.2814634786026347,0.2857442574342155,0.3134412895656653,0.2716159554962418,0.264953298227369,0.4210888646130745,0.2391615862459934,0.3020766911218966,0.2855199299989378,0.3255059207132387,,,0.2918662341589839,0.2598375964068977,0.3326271087366434,0.2147215476491728,0.245596371257174,1.023737953635902,0.2470446704992454,0.2450497040744614,0.525677777010874,0.2068680589245508,0.1394570330385873
2025-12-10,0.2810556274324352,0.2878968023526362,0.383565375086171,0.393363807128519,0.3372616644677468,0.4061287687868818,0.2762236256272762,0.7817130916286983,0.2898376436922392,0.3021229253140657,0.3408155120534833,0.2398839770463298,0.2528297966651769,0.442209327315598,0.2981487810183806,0.3103828789432461,0.2763215538679486,0.3380904997296768,,,0.2980984107340975,0.2498238048375984,0.3215679609515602,0.2133326411257367,0.2515692913527231,0.9615700722234376,0.2471404503526037,0.2447937363210536,0.6175103622229774,0.2077622238558436,0.1424137245148517
2025-12-11,0.2843670710614234,0.2779827001160656,0.3765298772881673,0.3688183862740187,0.3200826292562133,0.3605597693535877,0.2711351418958482,0.9218183713602286,0.3114917813337709,0.3137273541627022,0.4136502793085452,0.2344674053475734,0.2893586522964654,0.5277042556981248,0.365032604269727,0.3150009933886235,0.2805338192170292,0.3114213531167928,0.583130141930391,,0.2804440819567648,0.2717883966259358,0.3387903810968501,0.1947433106542479,0.2449026574242907,1.2835693301630149,0.2597704330419552,0.2481019373944698,0.645080680259797,0.2049010181681139,0.1507148611492043
2025-12-12,0.287847272331283,0.2565210699786678,0.3751799849383861,0.3539934328230438,0.2810585693313849,0.3595611047201353,0.2670632676333098,1.1243225063668638,0.3136867621583482,0.2911937680491119,0.361106061835718,0.2277869301687312,0.2581477447584828,0.6355861511961388,0.4042573445496165,0.3327795179273806,0.2682852202057704,0.2795075915672928,0.4637342909722445,,0.3172800877083924,0.3089565125637147,0.3980797031769864,0.2126485556079774,0.322351524944498,1.3690244529438198,0.245565279909936,0.2350645968402046,0.6835510546450128,0.2064845616103598,0.1429735140419619
2025-12-15,0.2779578910324401,0.2822792962119114,0.3565219488179414,0.3744623087908566,0.3034385187908308,0.3953808439970162,0.2629892344371442,,0.3267797025186237,0.3032541282740943,0.4798641534035541,0.269980627730003,0.3182743564929206,0.6824862383908354,0.6692891611420122,0.4752139450893683,0.3021423334276989,0.3247182930450767,0.5088135957005357,0.1006277089426554,0.2910145257275668,0.3530824273130356,0.7978779014771528,0.2255616873608814,0.4798249949583593,,0.2497880741371208,0.2433162667356247,0.8474150932273266,0.210763106386562,0.1438930592909362
2025-12-16,0.2678413122774917,0.2858042076240881,0.3446357098663933,0.3911053736024288,0.2929375535335273,0.3528632252366944,0.2583084819126335,,0.3096214292291959,0.2893535937353736,0.487123903165126,0.268928332931194,0.3065811645023337,0.634153017440775,0.502684592333784,0.4093735583169417,0.2972147763366496,0.3250732976927356,0.5774054344610424,,0.2800612569973933,0.30904247109819,0.948957089635299,0.2234121824149442,0.3851226125129667,,0.2632448553067563,0.2370700069932105,0.779184872933903,0.2116386419886116,0.1357860281534274
2025-12-17,0.2795202684986422,0.3267514912716426,0.3594461536973116,0.4493871172395893,0.2661014609827827,0.3571792622026364,0.2676481317111234,,0.3091239789587244,0.3000875541352111,0.4491433272404664,0.3104392504034016,0.2857694016394826,0.7731227421111573,0.6951097573901328,0.5068624839557686,0.3142169276798491,0.3788875885485122,0.4632052519897136,,0.2824671523946092,0.3706909034052588,0.9938853273863132,0.2203401597058313,0.6255466025937068,,0.2552536586274544,0.2453604891587616,1.1509689637457767,0.2106880365181561,0.1397633368868369
2025-12-18,0.2694383342981684,0.4163258941344089,0.3427768188540505,0.4280831808376862,0.2851468186903757,0.3402877450942992,0.2588131573660344,,0.3007081365190526,0.3033001766555834,0.6086053329864005,0.3444609417847091,0.3133633614324604,0.8674827262838921,0.7571112331314882,0.7583914383544338,0.2967759637087108,0.3539797620308376,0.5741777327360739,,0.2767921302209631,0.3822653743123617,,0.2133883121334173,0.9418719907137416,,0.2698633327374664,0.2448598364583528,1.3572073300302787,0.2215433440726215,0.1308543921468072
2025-12-19,0.2663162953964178,,0.3311632420450528,,0.2938375438023869,0.3309507074583431,0.2508519927247427,,0.308596986674492,0.2934597379729889,,,0.320029472682963,,,,0.3012897703813896,,,,0.2684910715227708,,,0.2029270079881892,,,0.2404466927102584,0.2433938389393066,,,0.1239535271117018
2025-12-22,0.2507737764758608,,0.3315470149797233,0.396529580041657,0.2934883549974807,0.3425217201630854,0.243096657484476,0.5428883732637326,0.3233734119329434,0.2966237573245509,0.296467817458343,0.327052238511229,0.3391887381277608,0.3687698584834928,0.2218920559928917,0.3029315811235391,0.3173771701611029,,,,0.2522103491641007,0.1959775710071225,0.2665021400351846,0.1993208007294068,0.2854354605288742,0.3299114118436486,0.2644522927308307,0.2374220672317559,0.2405192079470383,0.2140982970713378,0.1263883091430965
2025-12-23,0.2502563641727309,,0.3413074457918122,0.4776953723330542,0.2842287761258653,0.350119885348028,0.2386032804934328,0.6614082099582808,0.3501619183224536,0.2938137923577052,0.3153498945583268,0.3345797989648699,0.361839433970702,0.3586072819562001,0.2120540087220116,0.2881395181971416,0.3312066353942421,,,,0.2471970225092986,0.2069704641070399,0.3540955779976736,0.1947344732232827,0.2760428258793198,0.3191654822770455,0.2683370970099463,0.2364106860917388,0.2354773978743321,,0.126566361967067
2025-12-24,0.2693283926161372,,0.3374721982586475,0.547497969731964,0.2947109031262129,0.350391728255822,0.2337587377017097,0.5240077931093533,0.3669705971162987,0.302295671872535,0.3149516768051967,0.3470481505237854,0.3600494530453244,0.3676511515431919,0.2121940048083875,0.3053021622050818,0.3228288645758743,,,,0.2488821798925127,0.1984043973371358,0.3290398038063516,0.2022156781443768,0.2631412219218628,0.3255256145866301,0.2725553654210522,0.235668641877842,0.2382128727676654,0.2154814332939144,0.1299156104425433
2025-12-26,0.2683041496735572,,0.3446144276163631,0.5374311500573566,0.2927232978016147,0.3481566921370292,0.2319220157417356,0.7263706012850956,0.3590454393735731,0.3031147467687055,0.2983291334231455,0.3375459157444808,0.3550717903171767,0.3683297127315191,0.2045905891153501,0.3008390337172311,0.3406792793444779,,,,0.2542243217635619,0.2011038272390949,0.3394729467472889,0.1972963878657826,0.2706956311070753,0.3241378167862025,0.2719786098435736,0.2317387353222409,,,0.1310669439384695
2025-12-29,0.3026229050051825,,0.3517759396133559,0.6072618828095663,0.2785057668192144,0.3826189663623039,0.2358453541040332,0.7307589556715114,0.3854827500393596,0.3228265451829205,0.2915542794623215,0.3606274098509598,0.3555945271158435,0.3727407021713556,,0.2930776125973414,0.3202459581678135,,,,0.2686233249447673,0.2012839376292728,0.3540246198343847,0.2056945356159883,0.2772851036207192,0.3338713694664018,0.2907192769957483,0.232381477044754,0.2665256790548005,,0.132072970832932
2025-12-30,0.2869865538597558,,0.3478741055998566,0.6349859675172774,0.2815485834229903,0.358210501278428,0.2336777237944584,0.7800096943032808,0.3724203973210487,0.3275627110231537,0.2858691608044543,0.3865363819811063,0.3789140929203062,0.3856451784355836,0.2079290505798646,0.2894595688404798,0.3016797778941686,,,,0.2575013512330604,0.2049425322653806,0.3419657057503039,0.2101854513586792,0.2786005833911727,0.335264878006631,0.3123954752832988,,0.2441432811400339,,0.1285023258580855
2025-12-31,0.2860755458354544,,0.3541517811758065,0.66161472402731,0.2882116525415905,0.3212762271478038,0.2346304803511514,0.7620348421917973,0.3847599370295762,0.3312067027458995,0.2771983686662547,0.3697363709811861,0.4111551428802936,0.3694195344568,0.2028747601830314,0.2688335844381259,0.3115120681298765,,,,0.2463141201043543,0.2051756308047626,0.3504741246125467,0.201019201411437,0.250247989281833,0.3933486528029276,0.2912136667429338,0.2439434646830486,0.243488103411781,,0.1281567054457496
2026-01-02,0.2937123546807388,,0.3678236636455591,0.5499145084876605,0.2880962491996029,0.3102111413103009,0.2534468319392536,0.8722170964974024,0.3991824764166896,0.344088372954778,0.2731536205666293,0.3283381712156912,0.303690639891427,0.4505954684604611,0.2174751945426529,0.3019131536578853,0.3480734067617209,,,,0.2597757397187127,0.2001498363065386,0.3094825301990599,0.1868610534501238,0.2322040752107157,0.3883015399662038,0.2698218136250352,0.2720054277244326,0.2493711816517494,,0.1295835657877092
2026-01-05,0.2975731178073443,0.3158334639945812,0.4085275122115767,0.6832281280705848,0.2830299651136539,0.3558051409029991,0.2573184107430197,0.9150774562683514,0.5330152720943379,0.4401053869866799,0.3581707963136211,0.5002141608159703,0.4352177410988984,0.5282247110016838,,0.3467597458756107,0.3430822273844217,,,,0.3071580072064279,0.2367360606230322,0.3137812003199185,0.2116090594029885,0.2333811707491847,0.456638445008263,0.356899110564865,0.302012861640318,0.4682459702368183,,0.168531191834827
2026-01-06,0.2450700092167674,0.4301695616993674,0.3757999636431499,0.6162811821201319,0.2763095480618685,0.4206313012496766,0.3779293252140154,0.8311003599331565,0.5601947558699893,0.346609922469467,0.4455208434705491,0.3160313231545725,0.2093120434898553,0.6149011436258722,0.2489773976096165,0.2849382003292099,0.4275134678419259,,,,0.3197507642070338,0.2379859548195388,0.3082002866115777,0.2096850325567011,0.1945614508140781,0.570885964282616,0.3795441279638555,0.2966060539185135,0.3113773966770191,0.2555771521699061,0.204032049121839
2026-01-07,0.2529358465593981,0.4712002113265812,0.3717393842513157,0.7151635225267714,0.2723160403377194,0.3881503344618476,0.3804448898023344,1.0374438849451253,0.5483066166241863,0.3320135553534371,0.4007488772491088,0.3170187797170704,0.1990027804708223,0.4866717674150764,0.2196016735378668,0.2975261352542578,0.5578487930920738,,,,0.3160430509675108,0.2692962538925383,0.3043957682863208,0.2176751223771383,0.2028065218265947,0.539442855677131,0.4110134918958272,0.3563028549114855,0.3095676490299013,0.2775505262034285,0.1735425297598513
2026-01-08,0.2587712427376147,0.460689795438799,0.3652747023353836,0.6711468041113676,0.2730269890175872,0.4369643757691017,0.381412037602894,1.0611810039347918,0.5929652795275915,0.3366295124173437,0.4709418148202383,0.3070900216417048,0.212621471547085,0.5467580334416942,0.2303214429763941,0.2937110333098611,0.5025451701820718,0.3153499705699941,,,0.3347722594954966,0.2813184461158601,0.3667284560921831,0.234355441239113,0.2059819951310011,0.5788233742347525,0.4058193210850178,0.2963277425069106,0.2963355178121826,0.266588488949774,0.2089266354321288
2026-01-09,0.2493963482974749,0.4464866691768882,0.3550961231665135,0.6554000768367638,0.2428973509918419,0.4706209215601699,0.3768331994896519,0.8936816602474846,0.6077513137106542,0.3434042666630885,0.416430105173286,0.2740777183499883,0.2133289091366582,0.6116675217500217,0.2427901248106914,0.2931325549851461,0.4674703509961871,0.2596923123032642,0.3342254792010329,,0.3301263747374739,0.2582525896858048,0.3739310983495251,0.289568405356108,0.2005666300857896,0.5953718136334476,0.4355200539695188,0.3383789258513545,0.277285248239824,0.2817308922948872,0.2095261861933907
2026-01-12,0.2620279558100751,0.474559717402633,0.3535035568579307,0.6798699333052866,0.2943682246979778,0.7403842542960926,0.3931010901121771,1.1310354233284796,0.6765621329808953,0.3589027956194299,0.414129561485907,0.3062837191534981,0.2099467481006635,0.7222489142528,0.2364273038633292,0.297445498773048,0.5366148961805997,0.2901673801247895,0.3968794299602998,,0.3396181277361945,0.3342008722065168,0.578775724303402,0.3416902897458791,0.2023038463628212,0.8067510948267729,0.3946130344839091,0.4349176536457684,0.2876063114295918,0.296367141547064,0.2776630463647176
2026-01-13,0.2558383837318906,0.4409277601372677,0.3536275449395528,0.6061790224329814,0.3865074039563723,0.6158923556083851,0.4021425453225636,0.9875074181994156,0.417358875748083,0.337897787568628,0.3807999885370812,0.2957215637279494,0.2443441937831523,0.6214741141291046,0.2219283523429386,0.2906645528338467,0.4601176967188036,0.3165943297884836,0.4173781895945448,,0.3527014963957895,0.3794767808032593,0.6546723893675911,0.4672296245319068,0.2123425081319454,0.9300811391058303,0.3992144098602788,0.540547548151438,0.2896617125825639,0.3036933936524362,0.2494608216297694
2026-01-14,0.2606620222966292,0.4380154029939966,0.3522021786277836,0.554030983888772,0.3582333639599145,0.915737316624045,0.4080720330699344,1.2582878910811237,0.3810026546148718,0.3366027876370146,0.3859511448066656,0.284452908003514,0.2500589543354294,0.7163445817885337,0.2086040513911298,0.290752909840811,0.5947015650447329,0.3142805003219067,0.4588207785260565,,0.3475318916838634,0.4240535233217651,1.1799038108125028,0.593427097339723,0.2103772620211317,0.9918890888801082,0.4052310912140125,0.5029496295966505,0.3097523518983145,0.3072286023072426,0.2735012686975797
2026-01-15,0.256754617538634,0.4460476555898701,0.3553993065080273,0.5509108580983066,0.4924875196314323,0.675063931546968,0.4027605414326937,,0.454926393835824,0.3415320997985786,0.4021158557578642,0.2615619713532608,0.2602932764614333,1.0507786795274034,0.2293391207375077,0.2846323632396012,0.8583644593764884,0.287374941178117,0.4676366694145104,,0.3562731945857607,0.4991487309666662,1.372212416238185,0.574785788335952,0.2130384676922641,1.0885765863445878,0.4105615116379336,0.7375446221326784,0.303242447386207,0.2899449786921126,0.4080220531402113
2026-01-16,0.2502984062259146,0.4483050298772951,0.349275452188783,0.5435851773084266,,,0.3976319867725355,,,0.3313498352684934,,0.2575503532834799,0.2544236697564613,,0.2265197612718041,0.3017889335672808,,,,,0.3644521832123082,,,,0.212674811143758,,0.4119165399696482,,0.2799240050256638,0.2544481302958765,
2026-01-20,0.2889038683087307,0.4542341010931184,0.3900982734601795,0.5401923720644377,0.3290102606198716,,0.4596256914552747,,0.2715932466959566,0.3429200377720052,0.3812173418774978,0.290852052238623,0.2284019512110234,0.6096174569674733,0.225174704996003,0.3117084174297731,,0.3179547263451846,,,0.2611876126954896,0.3080266613022325,0.2537218178242928,0.3196951584769987,0.2253626909050101,0.3817087396566845,0.4341544719173448,0.3250769061018451,0.2883845028849028,0.3096126903960136,0.1653534972498151
2026-01-21,0.2792819917987746,0.4315790377908547,0.3732261248312294,0.5484058759310041,0.3283470896799263,,0.4223612707657752,,0.2492926590909348,0.345291694696678,0.3821290402637072,0.2897630831189564,0.2102289768202396,0.6308213474404937,0.2447559436283266,0.3035704442870223,,0.3200622356737165,,,0.2506222503338305,0.3014446982468667,0.2346848189827569,0.2203006329301827,0.2127958527784032,0.3985529715183277,0.4201468408628391,0.3213591452415584,0.281595234408463,0.3010594227328947,0.1618687089516674
2026-01-22,0.2735642420656073,0.434499025440342,0.3627698126891693,0.5615500552745034,0.3061156188137165,,0.4130890030767745,,0.2425882271227433,0.3362771971583027,0.3943986179587053,0.2589110331480777,0.1868540913390027,0.6645195233709245,0.1982358759344629,0.2951933946790914,,0.3283379617849862,,,0.2356670043429257,0.2857903336503859,0.19270191092217,,0.2237982978027949,0.3986042995951853,0.4267734792485185,0.3066601403414569,0.2764278151254953,0.3124255551826006,0.158664399239287
2026-01-23,0.2769626840033968,0.5143265158309747,0.3659309850067798,0.556108978876704,0.3141348598075683,,0.432932879887895,,0.2404448050275501,0.2999761098294249,0.3714189763015003,0.265115170813655,0.1878490987742389,0.7088654793982698,0.1894607200751386,0.2961845307627884,,0.3232101562802246,,,0.2385062711097256,0.2802284536000641,0.2042581754818754,0.2221250597558964,0.2245853272375546,0.3766666059161881,0.4312237215051292,0.2885582393103998,0.2764623833632018,0.2919285937311613,0.1476757537222848
2026-01-26,0.2916453323588708,0.5714436820508787,0.3686038945782346,0.6884412304680556,0.3546963132156111,,0.4725699713737331,,0.2475754764245034,0.298517168270752,0.386448750219158,0.2842830075921447,0.1812491182225123,0.7629464019195357,0.1804952573840396,0.3146530733775485,,0.3342780571685877,,,0.2559662882457965,0.286408609902735,0.2279050407821478,0.2010630838105924,0.2314070946345143,0.3998147438310941,0.4339010939634556,0.3199957556070651,0.2876616939230483,0.29875834944734,0.1495823216793427
2026-01-27,0.2834829548691424,0.625597484763719,0.3797907613948208,0.564364047696457,0.3832530490727064,,0.4907027816885072,,0.2484074186376043,0.3067255048582512,0.3910447874720428,0.2773149040847209,0.1836584312945879,0.4304384873086319,0.2143782253286295,0.320136643019116,,0.3048829350765729,,,0.2449762082883548,0.2936462636688414,0.2147265106157157,0.223691053577843,0.2368774924841911,0.3884268664233148,0.449247090921877,0.3232431825918384,0.2939833852399092,0.3238583243569742,0.153485807854997
2026-01-28,0.291244891099535,0.6391520485684795,0.4015935044604328,0.6544893530409797,0.4018791133426955,,0.4657956503537058,,0.2440084893915567,0.318946729950867,0.3806363111051507,0.2894796780994831,0.176937519678752,0.4084103182771835,0.2123244191375954,0.3284385661195778,,0.2702833505011365,,,0.2304017409382739,0.3001048761933227,0.2184916423755934,0.2220682671625969,0.2345256571463976,0.3699079636179043,0.4615049679645433,0.2896831963457544,0.3043935869000171,0.3140754961122884,0.1572205987450388
2026-01-29,0.3258874253918506,0.3829496480374357,0.3957846280712028,0.5274830108350848,0.4218299436667873,,0.4670299405026309,,0.2673495300760838,0.3307040088383746,0.4108334993414623,0.3289097067050121,0.1998960937632584,0.3913447378450117,0.2147294951079532,0.3560331813457223,,0.2830654668319401,,,0.2221819392797721,0.3069423025166194,,0.2358457862513878,0.2604414939532439,0.377375844444626,0.4798047849276227,0.2822997356162396,0.3170090640937587,0.2429639479694908,0.1475651644408116
2026-01-30,0.2405116873884591,0.3764320893413729,0.4017766577344627,0.5599784397721442,0.4230785760242442,,0.5153175754408342,,0.2561373346748583,0.3470990103061808,0.3264615343079454,0.2289771509125289,0.199238604354797,0.3674285259364369,0.206080723906237,0.3297179243733628,,0.2849978951827164,,,0.2492188636031339,0.3129140062018112,0.2092501668201785,0.2258218448071813,0.2649142052357612,0.3728980244090237,0.469814198885102,0.2879337742844844,0.315149654981283,0.2346500595011947,0.1497551397369864
2026-02-02,0.2373553158035646,0.3647373273638649,0.4059923055851384,0.5156178051837379,0.4919892749955751,,0.5191806546102423,,0.2760706263063352,0.3647309408748435,0.3249716387364,0.2796576991308286,0.1974351355714583,0.3835120188153192,0.2084026276517339,0.3692695495610616,,0.2715255719227914,,,0.2544597011485264,0.3519581105234326,0.2199952119556125,0.2400642200299403,0.2774517015562561,0.3995470273933183,0.2847466449903928,0.3037891608078779,0.2999311883411723,0.2487777258804685,0.1656043632224637
2026-02-03,0.2570973242635083,0.3365884218967908,0.4123577100012749,0.4813171739544573,0.5469362536427941,,0.5775576503507692,,0.327907020792657,0.3869661664627032,0.331224789261156,0.3004568011981965,0.2205974910620735,0.3709487289391769,0.2370374691770563,0.3078036887140412,0.3103760712974752,0.2841228996373461,,,0.2574538584735761,0.405359317833022,0.2432788286878486,0.2686351155641661,0.2815422848238953,0.3960142677246325,0.2913332811674859,0.341141556767953,0.3596075611792916,0.2363066054940747,0.182500140022298
2026-02-04,0.2924264547453961,0.3283734386710437,0.4281435691773279,0.5147150595703351,0.5199465492405906,,0.6234355711900366,,0.3553575328285119,0.4063891216828061,0.3475906765059873,0.3027759891107986,0.2176859585116132,0.3730389051826596,0.2460870758469474,0.3289958113205768,0.276066892588851,0.3080773401336774,,,0.3514383348497175,0.4113798552719632,0.2688719735910547,0.2769139666296568,0.3100629362077357,0.4424043225886462,0.3634041830190081,0.3790582380275433,0.3914565964121639,0.3509556411065218,0.2009659888075225
2026-02-05,0.3248971446769011,0.3447476845169626,0.4415395224519785,0.5449910682010789,0.569724907611221,,0.497198392660713,,0.3671815185841906,0.4035218263002829,0.3730806718515968,0.3392955283132061,0.2307122763600531,0.3927174185240981,0.2749329110517993,0.33148885213625,0.2843879064557739,0.4958166420406507,,,0.3952407892721809,0.4316653091876057,0.2983680855441253,0.2958189197034045,0.3292509108447171,0.4288325646176197,0.3148404956751576,0.3847411349646694,0.3632007199701009,0.3930198343740012,0.2620311687466555
2026-02-06,0.2805440601257455,0.3252171527136345,0.4047672147624637,0.5257300412533941,0.5535876255063795,,0.3250988553636668,,0.4153705801473248,0.4304277435734243,0.3478458315634901,0.3226455803655862,0.2188704839128377,0.3638906324964984,0.252615617764954,0.3610085858633375,0.3561748801424976,0.3733824828526729,,,0.4326331142947722,0.4813899682114834,0.2918843072640242,0.309524202990453,0.3282714642657306,0.4142701779078035,0.3485100646412472,0.3634636557758882,0.3618635733865025,0.3986364430076202,0.288587806802782
2026-02-09,0.2794488381715294,0.347176977233787,0.4160437253393567,0.5346325266922729,0.7093385204901786,,0.3223706999693639,0.3953766599537726,0.4255920922164499,0.4657061532612517,0.4137526976028078,0.3001772289030361,0.2481098238807207,0.387249634397115,0.2470195811851906,0.3183700023111609,0.3182841716061678,0.4397783624073059,0.3792252886175905,0.11858756262503,0.4353757934382388,0.5111659841276487,0.2674333731034137,0.3121503844996993,0.3457615656314886,0.4228612958859329,0.3333308213324281,0.3771871657913941,0.4112411039791223,0.4207500062832639,0.2982708764943489
2026-02-10,0.27825798080924,0.333931085026213,0.3920792598193434,0.5258868830452996,0.7674295169287687,,0.3171337081818076,0.4422437038619156,0.4022608312020272,0.4504753417094053,0.4167380038644198,0.3045511287480331,0.2655249633253546,0.378504643334748,0.272713188887537,0.3212610794471695,0.2977939714013447,0.5085554839625883,0.3473270288667505,0.0650292060514143,0.4538713139627691,0.4741163746920496,0.3182380577896773,0.2381869374931337,0.3745084198703756,0.4266895694351799,0.4340144791409335,0.4333152571856133,0.3906434532630119,0.4295272485130302,0.3144819929396406
2026-02-11,0.2977379280619329,0.3278210884850295,0.3835986601340725,0.5392752526891404,0.7552411179753383,,0.3200916399089784,0.5589985762371619,0.4049839913827008,0.4998922722964776,0.42342890266077,0.3386138190579045,0.2588645789790714,0.377457970246855,0.2782247889309922,0.3291601108712995,0.3121693364696761,0.4795647445629103,0.4071154656772071,0.0820546618869381,0.5501610803501583,0.571719118567206,0.3164610233029269,0.2685962309329432,0.3597177785003755,0.4275825978917987,0.418014470675284,0.440855333320546,0.4982522861264269,0.3620617709498677,0.306210775161036
2026-02-12,0.3015616463707516,0.3494358676748451,0.4170298185587047,0.5536216357768413,0.3324783400378355,0.6099226886218693,0.329511090952778,0.6884060430985742,0.4018767381104187,0.4712728732665809,0.3916628164500853,0.3481687762194743,0.288658233513723,0.4257519673145574,0.3429227282190679,0.3522075604499839,0.3156972077992315,0.4841372302890678,0.4391061772511909,0.1478945071049789,0.5938730457443784,0.6103438940320474,0.4089194669084495,0.2932132764056009,0.3106788761649999,0.4160591356000848,0.393892674314811,0.4728793031935043,0.4197315204358789,0.4357603961345436,0.2987279804360049
2026-02-13,0.2649859130794749,0.3336629978616061,0.3725967683412168,0.5469843345873139,0.3220485382430053,0.5646087709157113,0.3177685600307798,0.6264374523257128,0.3778767328223052,0.4403852070204641,0.3562897885259483,0.2977976645580132,0.2507491045104655,0.4907984459164665,0.2693882274911209,0.3722357241848842,0.3325137954212351,0.1965973384008768,0.4021112598089386,0.1110273676825644,0.4542477886567076,0.6851601509248242,0.3856767124739488,0.2740317831292245,0.2907612093068145,0.4201527185757345,0.3443064248600382,0.471061048875445,0.4088602513401694,0.3485943146931605,0.2985040738444362
2026-02-17,0.3339753810936542,0.3313384287448326,0.444011675835118,0.5678667243020517,0.3896795829447392,0.7306972677421901,0.3370787148205961,0.995435567971696,0.4049810420845217,0.4772212255354636,0.4691765582189799,0.3144841636656538,0.2742175871711167,0.631070176499892,0.4273873876625233,0.5558408179091401,0.3618806983063548,0.5185534970598031,0.507610997555961,0.0901828932034898,0.5839040299013079,0.8723906973742198,0.5118450409612582,0.4378851036680421,0.4252246004533201,0.6842893387069814,0.4317533526286396,0.5784785070545111,0.5127321255680425,0.44939569290649,0.3127326258664742
2026-02-18,0.3120472815069824,0.3346854366199558,0.409592755354982,0.5716243717057211,0.4201914979964997,0.7969790061791451,0.3249602682768307,0.783264508105391,0.4208234077898211,0.4730759347918104,0.446731570377149,0.3255855123591644,0.2515054517707769,0.6018147363880478,0.5451193673726547,0.6292206000798639,0.3649225955679425,0.621471122095308,0.4792682762239971,0.1408192451834747,0.4094654829650622,1.0101546046066376,0.5392609700007619,0.4596116604870245,0.4676215241810011,0.8733855052654248,0.6017201070316831,0.6525649640452035,0.743194861411576,0.4554412328873738,0.3199026693376853
2026-02-19,0.3283283006038991,0.3356879730722152,0.3616672767375927,0.571837653674744,0.6213005362313191,0.8271331871269392,0.3283510194841165,1.3981742130175614,0.4048470039786554,0.4723778023437381,0.4294682215798298,0.3018293818831056,0.2449254492741642,0.8149019487153294,0.9109647072819916,0.8525590252443837,0.3993503252574436,0.4908162749382264,0.512175344196037,,0.4532062142244837,0.6107211924911353,0.6144245505800205,0.447876118443841,0.5694796729587921,1.164084884353247,0.5759531859624912,0.6805963882260211,1.12222145205156,0.4522153101977627,0.3154807657974761
2026-02-20,,0.3322147080523092,,0.5697879387153718,,,0.3362255193382764,,0.4010581997635218,0.4460405626943113,,0.3227537697355889,0.2476746791033792,,,,0.3728688863612034,0.5028755229664355,,,0.4252395487933628,,,,,,,,,0.4393523030982077,0.3308888118250437
2026-02-23,0.345155180974002,0.3309200317542991,0.5962072462200251,0.6255895573356665,0.3012083525545319,0.5580426696071168,0.3480728609652606,0.4085540249542077,0.3989099062478529,0.4696964421929113,0.4779679209030293,0.3013295393459924,0.2748900432287101,0.3638255534957327,0.2817665124105816,0.4268849363267035,0.4168074026518112,0.4476911535156925,,,0.4784095897980006,0.3292389593014655,,0.3766534941182664,0.3609200187712605,,0.340193390479664,,0.333737120308571,0.5397731988973782,0.3187816252740644
2026-02-24,0.3397782027547276,0.3166484484582605,0.5889730149481266,0.6293446816876515,0.3244452052919452,0.4573929778146403,0.3483475691916594,0.4177517968246903,0.3886785439234592,0.4804241483722257,0.4710888429824006,0.301200968764364,0.2556584710383526,0.3710894372387983,0.28128581672379,0.5037643077003447,0.4198693277823412,0.5785407498657672,,,0.5927673225037239,0.3508847235108198,,0.4314884100414227,0.3596355700894921,,0.428545079141796,,0.3214228276992433,0.5152431484714759,0.3242410925565189
2026-02-25,0.3419231249091131,0.3395649130651396,0.5882119233423562,0.6290570254597497,0.3128960130972411,0.474139572547666,0.3320334380958383,0.3991108862056484,0.4020562018509351,0.4966411583065854,0.471490211105031,0.3122386003215971,0.2631607473141523,0.3845059650641434,0.2837840122793273,0.4752595571719489,0.4230359929100276,0.4519590627635514,,,0.6050727422044179,0.3498127431873236,,0.3942042739768651,0.3550550694137886,,0.3984732400410196,,0.3272282217799062,0.3917611748096222,0.3339346067207719
2026-02-26,0.3524679525582915,0.3488306214627555,0.5029032672919409,0.470131229122836,0.3131568030351779,0.4541311763793715,0.3277972689158972,0.3830833305285398,0.4280020738169038,0.5234781548246205,0.5045216934633299,0.3304773131691262,0.2586881730737654,0.3834295115110395,0.2667345949353136,0.4540511535547881,0.4124100349658987,0.5138608647504381,,,0.6535174360214583,0.270714348128412,,0.404579048732911,0.3971772688244926,,0.3857146815725228,,0.3259432138056189,0.4096585744863773,0.3375561802730332
2026-02-27,0.3480536274886252,0.3321549563815988,0.5071456588040402,0.4599865423772196,0.3308871820817651,0.4631104039847843,0.3432971758206386,0.4456965941334194,0.40890482475293,0.4708219805069798,0.4653914020153094,0.3227776374815872,0.2911384202352543,0.408779953713533,0.3196569370949154,0.4355188026859513,0.4771857562709557,0.3870243907824031,,,0.4770026188713746,0.3323188598964726,,0.4414704259025506,0.4115414359116591,,0.3806372509668946,,0.3513567537675606,0.4670212936497688,0.3227836201487749
2026-03-02,0.3722129641132314,0.3602367838524547,0.5139143766084345,0.4795530421685024,0.3638458249121413,0.4961986135186161,0.3567323552596082,0.4489022688491936,0.4294369408913986,0.5025353446649559,0.4699879333894172,0.37335500542807,0.3080290854590063,0.4697415764490014,0.3174162750718325,0.5063947481270928,0.4917787029512744,0.4155247378856058,,,0.6558059266296711,0.4165061990025531,,0.5056436991793879,0.4480308927639925,,0.353934583224719,,0.3935661118036306,0.4988992869047022,0.3514182216427547
2026-03-03,0.3719668680649042,0.3977471007405087,0.5317534253606006,0.4929670104025045,0.3609147030302047,0.5259803412043323,0.3674595139254768,0.5664947801279657,0.464203762875553,0.502219463073502,0.4519514802365568,0.3892866516766811,0.2987944728174193,0.4368859475040425,0.3588239665770498,0.4935324828476422,0.4918976986936686,0.4712281297700594,0.3728349815972295,,0.5792354491274538,0.4166836252079302,0.4003307114649694,0.3861877466921993,0.3580172520172675,,0.4045357923645504,,0.3742901203017826,0.5558602337383556,0.3216005493795831
2026-03-04,0.3626071784177372,0.2948721022381579,0.535612400144857,0.4592325375721427,0.3807592839167816,0.4002587390889193,0.2896754273510228,0.5010618182158384,0.4221773606429345,0.501844006427713,0.3250609799658813,0.3821856689618675,0.2828559469781038,0.4288536921436984,0.3430246745869501,0.456210888418113,0.4946513938236171,0.5299624623738344,0.376501374714251,,0.5744875789561552,0.3433538173147397,0.3780674649531139,0.386918957097855,0.2571381876762891,,0.2916446548998261,,0.3464080034176435,0.2827670347849531,0.3738290310391238
2026-03-05,0.261658174919583,0.2967698757005412,0.5305130618102344,0.4984927643261501,0.4178718242281742,0.4524024308266529,0.2850772440770209,0.4969714276269252,0.3044776201960619,0.3542952661367329,0.3296209375062806,0.2719529925394296,0.2836223516094197,0.4307189441807091,0.2962027041882994,0.407684906498634,0.4449270231996384,0.5097900324081628,0.3919938567083588,,0.3053246967944445,0.3224434555966238,0.3410348400852732,0.2297674539485567,0.2525550910917896,,0.2921402952097163,,0.3864841831005287,0.282991932795776,0.3312244482314068
2026-03-06,0.2663317045322213,0.3026958785987599,0.5828308024320042,0.5062224194000706,0.3985538121221159,0.4694139261845026,0.3115584478038139,0.506298401859169,0.3063493965611984,0.3734256528068721,0.334662068568731,0.2848754022543381,0.2848664406444597,0.4371801116026426,0.3173486905888259,0.3754327156068723,0.447619326051875,0.5829558182517892,0.414419040029876,,0.3415321081427012,0.322515890186345,0.3507356402011277,0.2460316992175622,0.2526589530121555,,0.2964436217038342,,0.411744631032744,0.2716794026709213,0.3646350017820645
2026-03-09,0.2556599161438109,0.293873443502622,0.5388920780446903,0.5298094752666058,0.3591519234107959,0.4373196848823319,0.2959669520584883,0.5229128303768928,0.2949917975978112,0.3622550201328486,0.3194539800844751,0.2904629939657888,0.2848242362955749,0.41739607057321,0.3547534045498255,0.4150287568408116,0.5947075191061678,0.4775434411663377,0.3605807676637627,,0.331367525288647,0.3648675027088041,0.38272534173328,0.2576299357336001,0.2890006153044496,0.4837844881125994,0.2939160708834011,,0.398907453743799,0.2637027534090595,0.3546598220977754
2026-03-10,0.2548718278151694,0.2859610004390316,0.5508782079490764,0.5054582979984826,0.3839574975285891,0.4232319709261191,0.2834896516790492,0.499348397605537,0.3019300794607902,0.3633156475996147,0.3243175676158957,0.2824513363313702,0.2709955232861901,0.4476744562325674,0.3643987670480372,0.4625054775982113,0.5864208884182113,0.4813156800939526,0.3676335675141625,,0.3316508243841545,0.3767847342742249,0.3987370123988001,0.2340624259607167,0.2789673427566951,0.7675441697850727,0.290638929183749,,0.3797469803478944,0.2705455311149103,0.4131393459785007
2026-03-11,0.2492262176807489,0.2687660187842593,0.5490674952265366,0.4945614567038329,0.4114995481631482,0.41798298125853,0.2892376477393716,0.4920886491408531,0.2956979014665957,0.3611003272704412,0.3212011032670935,0.2760085848989637,0.2741874300527459,0.4875064776991833,0.3323227140957785,0.4390599649112826,0.6118423683594185,0.4947213400206249,0.3820327616394605,,0.3272088416129818,0.359518666007749,0.3527445474858702,0.2446472191504366,0.2789886035860379,0.7918922309858506,0.2892194891675175,,0.396129325845786,0.279386176334169,0.3632487455790772
2026-03-12,0.2570991292179458,0.2808052325791624,0.5686917374627783,0.5223289560531243,0.4091938102096908,0.434279323033184,0.3006536741550717,0.5058251252763977,0.3251990441525371,0.4010900262277952,0.3344451019758294,0.288086955104247,0.304484479651181,0.4413560836854309,0.3771014322093898,0.4516248283161692,0.5538999932787947,0.4690463560381415,0.4043200900216233,,0.33639161044784,0.3187675648452098,0.3496336696655124,0.2804959321634854,0.2957736795817881,0.5559934276802302,0.2999372130081085,0.5896611199367264,0.4832883885624916,0.2936365165984196,0.3782941274931859
2026-03-13,0.2545224809109893,0.2711191451745417,0.5375900540989211,0.4776683694439658,0.4329145993078487,0.4396086287497987,0.3024887133208424,0.529914900725331,0.3166053635321157,0.3889493234205947,0.3362685467399648,0.2841828461127646,0.3157339313674475,0.4525501024186992,0.4190044591400679,0.418704326424391,0.5309075655256091,0.3773311466651032,0.3836831708170562,,0.3383265018695828,0.4739836017144243,0.3399303648735685,0.2608001334543687,0.2667521754805874,0.5362522198554487,0.2980947776631794,0.5151753797551263,0.4725520060551876,0.2813301623930509,0.3582338043537316
2026-03-16,0.2362597458938957,0.2558022912439481,0.6126790367031117,0.5469693278870685,0.5459079039846371,0.4221996436719721,0.2867709363648377,0.5826544909428053,0.2956402370906251,0.3731071327816045,0.3217804768703974,0.2614496782581353,0.3172053502553244,0.5627073921896281,0.4053449452969614,0.4839662316884664,0.6726833613998534,0.5957146370506672,0.3698769405000278,,0.3213803369139492,0.4435231916930051,0.3296366519228636,0.2635276332908534,0.306303434828227,0.7570164500099035,0.285638486815517,0.8451774794658464,0.4682517525461107,0.2685498077176626,0.4915749260707174
2026-03-17,0.2204618136070838,0.242678432112021,0.5437319209478945,0.5214682859202797,0.706828745294521,0.4139142016399295,0.2750006657126868,0.538469351492817,0.283087172227046,0.3592035032722874,0.3077037016172384,0.2485508981400471,0.3156059015643812,0.5732988564991247,0.4230635236810821,0.5120561204732738,0.6934696378994176,0.6323700145938009,0.347654456229082,,0.2918740595160224,0.605528790621089,0.3627318301537026,0.2575664747696085,0.2866596017905819,0.9634883066208028,0.2707261749841421,0.894075524621242,0.4810480158753658,0.2611498042532191,0.5206345123742585
2026-03-18,0.2345898653512811,0.2536501002473397,0.567730202391286,0.5510006955184578,0.5338942025846908,0.3938249962549267,0.2997965618610479,0.459918976488262,0.295582898479345,0.3624724568615452,0.3207118508919704,0.2628634018568055,0.3058927715880152,0.6580176236281141,0.423379623235111,0.5295815922196423,0.6718744906118959,0.5304894331511082,0.3719708829562262,,0.314855887759814,0.5105808050132529,0.3095961318623281,0.2366879610238884,0.2515345110839364,0.666694701247619,0.2835801568889143,0.7354384061597353,0.5152456611105988,0.2408921106651447,0.4829563838276939
2026-03-19,0.2244245223591543,0.2441064030779161,0.5612783394090011,0.5972702733607462,0.8476928357908945,0.4084078572237713,0.3039489943768352,0.4976514005933227,0.2935280096708189,0.3666112389415096,0.3226208906691407,0.2504294716928893,0.2894145288953782,0.708263386183874,0.681278382836723,0.7759539221949021,0.8207593442568608,0.5694606833911018,0.3602918530560411,,0.2923686497521396,0.475303242187812,0.3062706266961571,0.2451337321523841,0.2650210883948781,0.9513335021567426,0.2815418764210795,0.9331543384329436,0.5440014811016713,0.2657385959612414,0.5252145879301088
2026-03-20,0.2360907952629499,0.2571340722456444,,,,0.4638170282033451,0.3286286829281699,0.5337296449916301,0.307568925987936,0.3857863008048883,0.3196104312452203,0.2583071638718325,0.296864680730255,,,,,,0.3757543509464169,,0.2890030960308521,,0.347414423049544,0.2376992373986408,0.2495613751877375,,0.2835125606445311,,0.5726974122527609,0.2870377156229602,
2026-03-23,0.2244724581023778,0.2470889974381084,0.3135695969214218,0.4455644060219814,0.2244133298063873,0.4107109153818604,0.3043966728976531,0.6395684652893019,0.3054285050759228,0.3920740402746705,0.3149600429395781,0.2726724898218658,0.3117944833557917,,0.3271198873327988,0.3291175481267126,0.343375906780043,0.3514803509887008,0.3575925580089753,0.1640771374075946,0.3030851565985294,0.2585323349769766,0.3094006965342489,0.2346321205428636,0.2524093613717421,,0.2888387611662408,0.3127179794236596,0.5806159797226335,0.2878039437312901,
2026-03-24,0.2287331660399887,0.2746668123565736,0.3154565122729383,0.441052418246277,0.2549009344695209,0.4029607679772842,0.3232061071559076,0.643170800966655,0.3068387033310433,0.3895608279490934,0.3244579115237042,0.269249217229039,0.3062833514329939,,0.3042196810211107,0.3322687064343646,0.3297071393107072,0.3511124395096427,0.3737513432210101,0.1963880926671512,0.3091096783952004,0.2691761488317229,0.2971804791504497,0.2307677470838974,0.2439280456143069,,0.2771291453050983,0.3113271700775818,0.6287298898691809,0.2683050710320232,
2026-03-25,0.2218481995377511,0.2800954948784078,0.3015390247887666,0.4217639594958582,0.2677673689284019,0.3849376868710724,0.2889791776114245,0.614397079241367,0.3074922473300015,0.3924270108220719,0.3226580932251982,0.2585033923467213,0.3093844419978326,,0.3238722519815032,0.3327823901328173,0.3201195249001168,0.3268604844147579,0.3687235356929108,0.1419406583157323,0.3037166958827116,0.2609118593077035,0.2896236892822099,0.2317402445788931,0.2423985505403038,,0.2745421549459062,0.2991105891411835,0.6488724559625961,0.25482886608375,
2026-03-26,0.2408098273884941,0.301806993682282,0.3579604027325662,0.4403982541763911,0.2852073465282291,0.4014088673788994,0.3239558857419358,0.6532935166942381,0.3216444104405528,0.3990271033639928,0.3350919981560689,0.2667174903859061,0.303951474302525,,0.3453157346977398,0.3549350527729532,0.3537682997120552,0.3848304664665842,0.3900121551617238,0.1855302786749177,0.3326868184275333,0.2710127017529164,0.3049330879662536,0.2360364065651548,0.2494607201562655,,0.2927386734516379,0.3059381425888487,0.694037664992923,0.2907328547923906,
2026-03-27,0.2621690549315233,0.3381057798994234,0.3894482026112178,0.4409676122626265,0.3172920165104185,0.4111771592580829,0.3956123872233671,0.6362112280128139,0.3349388803850556,0.4297878338867559,0.3705360355848238,0.2786682466042678,0.322251537310351,,0.3577568434614313,0.385784330371016,0.3525927518327262,0.3820909134238329,0.4191963076888154,0.1754328254706889,0.3356356685557142,0.2796691897529467,0.3059980157790218,0.2561321661650885,0.2522587454295434,,0.329867595605824,0.3317494874384162,0.7419036644482359,0.3030176056248841,
2026-03-30,0.2623383170231151,0.3324829793570555,0.4202225173180968,0.4832927218097313,0.3279029548488403,0.4094403162250317,0.3961794705755792,0.6786999093238825,0.3406450586295497,0.4472525531557207,0.3644302414898103,0.2821665762145359,0.3258314418457049,,0.371415369729166,0.358987939626514,0.3364042902506982,0.4497944660152129,0.4898858349403108,,0.3454064670092997,0.2924879638023548,0.333655101119254,0.2969211695617097,0.2608599671129056,,0.3243028634133347,0.3266969382462334,0.8255662649554255,0.3067858992307308,
2026-03-31,0.2408309618914973,0.2973456430739969,0.3424786711387211,0.463147375470459,0.31598790488132,0.4063930004753223,0.3470574432214812,0.6165283240290045,0.3288836701725028,0.4108902254827685,0.3375192162148929,0.2651505735459495,0.3271457392133978,,0.3599391817152025,0.3550473352951414,0.3297237933150002,0.3594998336276903,0.3910167142489535,0.1325523383546449,0.3002532803529095,0.2690697631309805,0.3171837040652279,0.2690610147973842,0.2564518934854526,,0.290926064767588,0.3017484102066817,0.6995005734195932,0.2778737314895147,
2026-04-01,0.2257686568220853,0.327986297797853,0.3512291748943877,0.4270522761802053,0.3181778018522682,0.4045992330404282,0.3227534496955243,0.6230448139399285,0.3176391398543421,0.3953926110986506,0.3259412367989824,0.2626247578735045,0.2779016301185192,,0.3919712427130432,0.3353675622145484,0.3179216118430576,0.3824470403727008,0.3638125504538446,0.1185734911318694,0.3706152920243891,0.2483830353902837,0.311531151254978,0.2705389629941469,0.24310167563695,,0.2866395289349185,0.4079172719873731,0.617364305897089,0.3838863247872675,
2026-04-02,0.243779995891584,0.3224561223494527,0.3369257476612595,0.4252914720624551,0.2532901002233065,0.4007999241657436,0.353592327785242,0.6565583867798215,0.3212785893441696,0.3595818708911349,0.3117650551021408,0.2652536948266434,0.2679357203570702,,0.3498034090428498,0.3318045938792814,0.3307730505936495,0.395977364234832,0.3770406096006132,0.113583105180292,0.3680083234363967,0.250611475110918,0.2910739818768633,0.2209021010347919,0.341073117895739,0.3797821707741501,0.2769321097112341,0.3797999511524415,0.6302887605101001,0.3693219810342604,
2026-04-06,0.253110806120711,0.3272790125942408,0.3415034773329147,0.4599718374285633,0.2590805254609821,0.4236613105313752,0.3566549622161361,0.6887914395890569,0.350561351497049,0.3478037143344831,0.3162356978986038,0.2664411920800374,0.2791758305418206,,0.4055139416033894,0.3807694614352053,0.3162201050812204,0.3879962378592021,0.3821134999379595,0.2058155006978356,0.3753527372358139,0.2720908580270022,0.29877252342217,0.2220693341422963,0.3670106255802699,0.3895461742374173,0.298423061705317,0.3904476603369249,0.7333077111180081,0.3952017956913944,
2026-04-07,0.2782154818376836,0.3372849135187769,0.3356547728329363,0.4673379428261208,0.2817260602168338,0.4492849962011694,0.3666510071899926,0.7750021233002906,0.3775943730288044,0.3578674121215018,0.3401291958603292,0.2618032036573944,0.2865654469175323,,0.4212844478628678,0.3626717064896846,0.3324115998654436,0.3952524997554954,0.410557230942314,0.1580701421022936,0.3685912911036809,0.2766256930496524,0.2959531121086576,0.2274390118699809,0.3743894686180065,0.4135559340377255,0.3277719044928948,0.3752826663565683,0.8024998925716039,0.3693402902331348,
2026-04-08,0.2580082526314806,0.3319334149412726,0.3261078261481312,0.4335930534226687,0.2732415676738077,0.409742675592938,0.3568940539620189,0.557756754751945,0.3864693679957369,0.3217519421629926,0.319840211664822,0.2463206828788908,0.2729045752862699,0.3154614684924893,0.4073947036633345,0.3549338572944543,0.3237476978847595,0.3864543599517667,0.3837360117316328,0.0505972003288147,0.3757647282664739,0.2829564352138057,0.3266133412959736,0.2122664998119426,0.3654542688596017,0.3687922820627044,0.2830467140932217,0.4223203157080595,0.6791560751436282,0.400964187067306,
2026-04-09,0.2538656433532973,0.3500472704688596,0.3265508486060227,0.4349211750488782,0.2699774483304885,0.3712714579290659,0.3811720727150651,0.5453476130730415,0.3720676048783821,0.3321833436680921,0.3004560505333635,0.2486089256259871,0.2743128813578369,0.2843205885264037,0.4574329697069926,0.3430526540906726,0.3278926614892097,0.3846834453057166,0.3963646778573679,,0.372592844447803,0.2879045510236243,0.3613608535874713,0.2135264357602073,0.3964853246164879,0.3769559084323591,0.2909095765406697,0.4762360423704965,0.6373146400780292,0.4132358891219628,
2026-04-10,0.2557093057195752,0.3627082100405555,0.3302154877856331,0.4717039045325767,0.2703297083491032,0.4102904088905016,0.3838765854988429,0.3463386096185166,0.3898855777776163,0.3306771807626829,0.3026733157316744,0.2493986131473483,0.2869694324264096,0.2814389655936244,0.4260387485766538,0.3839987994494609,0.2839517492142297,0.3744856416894632,0.3937058133527401,,0.3591103854622472,0.2643332769907363,0.3377984905066986,0.2105388540534907,0.3389599168559226,0.3682757513167389,0.29502899389341,0.4232979025741099,0.6170083852107241,0.3923251338238954,
2026-04-13,0.2736325047203312,0.3824389725471527,0.3273775091606177,0.4862089468306469,0.3082245868920702,0.4490101502489073,0.3913699075645543,0.3596235136863607,0.462618227590247,0.3027593754160703,0.354937466856106,0.2560416537936242,0.2876025250063593,0.3294999684134063,0.5336090231762002,0.5391945654271513,0.3067072756029286,0.3858423676695224,0.4003683864208982,,0.3244331553255676,0.2898028555392196,0.3608166129539524,0.2131406528149275,0.3563458962542236,0.4388887952894267,0.3142295707873247,0.4491001654622899,0.8673085716532387,0.3650643127011298,0.1624400264202195
2026-04-14,0.2870515160136399,0.3790953673672102,0.3319040855527498,0.5230289788240873,0.3024967210839704,0.4964914294988924,0.4132898203688437,0.3675800001926385,0.3328795022594409,0.3071500377660564,0.3611117426990601,0.250491046362441,0.2824920784657621,0.3550675248422992,0.5563810084782614,0.4388100113637806,0.3499289148536968,0.3767914433868674,0.4329257854017307,,0.3710463259324467,0.2895242998385289,0.3792995965576695,0.2158848037596439,0.3364302523507678,0.4092527449804952,0.3438621482761823,0.478596425823563,0.8288247784407445,0.4233306102860019,0.1612178516751408
2026-04-15,0.2890921204130027,0.4007329732245572,0.335884507854128,0.5224554724878558,0.3675213104154569,0.568188089759126,0.4028457053236458,0.4194847409217457,0.3249433142890967,0.3155794671403041,0.4113793953186633,0.2639378981871005,0.2797807392210549,0.3614082198073414,0.4697027976122014,0.4729273080763342,0.4263550616586556,0.383800364451867,0.4284862793943771,,0.3771150447085816,0.3238511014697093,0.3877643098465373,0.218173082631993,0.390225353832441,0.5297712754039462,0.3694425657413731,0.4716607241772669,0.824782484505269,0.3562395595735318,0.1651920880109716
2026-04-16,0.2859636469903096,0.3968685483792186,0.325597120281223,0.4908295628626363,0.3496349432782107,0.6928978841528255,0.3956817785379789,0.8998817617821477,0.3278971309704354,0.3212708481260056,0.3822236803759382,0.2670477185334328,0.2325590453019872,0.3873299982148482,0.423878259190979,,,0.3804371032194962,0.4128733991381889,,0.3811984704566151,0.290043175226157,0.4603953930610051,0.2163131155862158,0.4049560160705947,0.531245892962449,0.3969527235822808,0.4760420028037957,1.391800852279017,0.4134668615778124,0.1613816414716492
2026-04-17,0.2722942286609191,0.3845715002397507,0.3139610996604775,,,,0.3976708184553784,,,0.2973809918363451,,0.261581856228374,0.2389747743001263,,,,,0.372580969254437,,,0.3966850430634964,,,0.2098209361226152,0.4582876633280325,,,0.5250347955253449,,0.4518018671713868,
2026-04-20,0.2825004054680802,0.3973028119904268,0.3258929779020222,0.4695081969345628,,,0.4135546347917937,0.4138471101963076,0.3180856859475705,0.3230586642401518,0.3862025636628289,0.2688376395599787,0.2215429095081115,,0.2648351295902721,0.4805854885571567,,0.3816573633346373,,,0.4270288663509533,0.2559675255947993,0.2826783435285112,0.2188841902454994,0.3961465167818156,0.2822458098858764,0.4765340631551221,0.5161140639764796,0.363808789418581,0.413297017557951,0.1668274114892684
2026-04-21,0.2971918442432676,0.4143498028862818,0.3252762411669994,0.4946291756857208,,,0.4329256011889984,0.4057535658353686,0.3313176062090641,0.3410219258597469,0.3838580827860045,0.2824414714342219,0.2582024791675959,,0.2614258837615146,0.3967746396581474,,0.3956172492924362,,,0.3347192792896634,0.2582400003340395,0.3140584459162622,0.2356209984668492,0.4021836854422203,0.5089211156707286,0.4573500860337832,0.531041700286195,0.4095447882173034,0.3655114206215688,0.1959782349968253
2026-04-22,0.2813088443706436,0.4267597505554537,0.3285583323153555,0.5220945633165673,,,0.4352921580280206,0.3969759667475248,0.3132773696569266,0.3184753263343862,0.4046478404393829,0.2689863926664106,0.2447146338803799,,0.2623846727246441,0.4118593599119357,,0.3615367009191223,,,0.3156527370317525,0.2646677012201165,0.2970908707943331,0.2364437044655638,0.4050184857428442,0.5732448739988459,0.461854304096823,0.4788396491167837,0.3928377703984555,0.3829610661253684,0.1554885793389794
2026-04-23,0.2743568037089837,0.4345610754684015,0.3267070428287062,0.4907135984312133,,,0.4428906144909871,0.442876186676089,0.3204386126243465,0.3224529667320116,0.3153292112063199,0.2720170073264512,0.2683393532872966,,0.2894569139118803,0.4194030632801925,,0.3488913907001587,,0.0888426129300397,0.3184803602351248,0.2550512640487293,0.3851196009925264,0.2381253601664917,0.4351316272622555,0.4853328058828727,0.4501931016801132,0.491269002999932,0.3917508764977691,0.411271910222173,0.1673354845290975
2026-04-24,0.2895888161811167,0.4460808375134373,0.3597556659074802,0.4852822358857001,,,0.4477207092971321,0.411980599038563,0.3027957963921336,0.3095413631161415,0.3124446089833344,0.2692645122008059,0.2635878706580132,,0.2686468336785603,0.3867500997995182,,0.354025193713834,,0.0987416716953796,0.3199599568643033,0.2565517032747992,0.3322504181470496,0.2342231733091555,0.3940331796473552,0.4287872603810021,0.4682578813518872,0.5063952152945996,0.3846487055169572,0.4272144404883272,0.1680458608948156
2026-04-27,0.3133354135624392,0.4917622731541021,0.4110121635996207,0.5434733474807227,,,0.4735242040490976,0.4048986190149589,0.3320696315994355,0.3276775284367888,0.3481376793857285,0.2952975117071262,0.2766436875241885,,0.2729204427386397,0.4124452725788198,,0.3607359395811531,,0.1183781033446195,0.3236235837848407,0.263587057550543,0.3309077905779728,0.2565912141969462,0.4038236969905672,0.4239968800081775,0.5193434264369342,0.5649460352466663,0.414931680486987,0.502181986203843,0.1641672538329037
2026-04-28,0.3033264019061931,0.5106325540264723,0.3902681591734606,0.4939782569206893,,,0.4769379551745704,0.3902138609331062,0.331752313040289,0.3383816280738043,0.3312957150809932,0.2906085783763175,0.2267348532354422,,0.2763116596321744,0.4134528790513105,,0.3296889866807511,,0.092246683494102,0.3086274482795528,0.2582353303873546,0.318027845847916,0.2257816835828968,0.3665994727808923,0.4695120019131777,0.5191912288367487,0.4761300946534147,0.4252933824401267,0.3956149090393956,0.1690548112995462
2026-04-29,0.3206624794203255,0.513070229067922,0.3972294980814381,0.5565496716370114,,,0.5338447827339464,0.3637624745687564,0.3242345734364621,0.3280432056660452,0.3236489752694074,0.2669558373349807,0.2543644875674411,,0.2747125119199884,0.4286528397567052,,0.3720146531106076,,0.1234809644420633,0.3161493431009236,0.2664639391857633,0.2995068754105222,0.2212639964910387,0.3762002548126057,0.4544477520359142,0.5276078000889921,0.4613329388756704,0.4696115096918459,0.3616178078860543,0.177621515304078
2026-04-30,0.3513476503108559,0.3060885244066773,0.4055826369018456,0.5123177329982587,,,0.2975769907027166,0.4406964597220725,0.3491157134921284,0.3093855978341567,0.3419868950004717,0.2488178040172117,0.2707184441203686,,0.2873976211690153,0.345235729053623,,0.3433905939358124,,0.0512879311400098,0.3223161248200838,0.2539488556470799,0.3181779974767201,0.2078551975003318,0.3869811036616816,0.4697076423389966,0.5409234101787483,0.5666250695255999,0.4986132009642933,0.3999097051925139,0.1818798695438035
2026-05-01,0.2440396505228914,0.2883677870038844,0.3808477839983087,0.4740978679192615,0.6065273873126829,,0.2788389701007367,0.4468105624602463,0.3443513261996138,0.3114123592509213,0.3242977692147669,0.2290044064271144,0.2660876848823297,,0.2703965529194873,0.3563148752441953,,0.3462446416829965,0.3864670563358634,0.0896397711604924,0.2981440191925554,0.2409101931044029,0.3012877774657909,0.1978847716414894,0.3778991179062728,0.448476406153424,0.5375896771948031,0.5196849862299485,0.4226311590129533,0.3859613416344091,0.1555401994376756
2026-05-04,0.2535238210290814,0.3108221958364179,0.3991628437343486,0.5678268872396269,0.6243149174067556,,0.306500090333216,0.5161907639709238,0.3297586309393529,0.3171454265459758,0.3632666908586661,0.2501388316614971,0.2769797913545606,,0.2794244399116176,0.3774550979612989,,0.3891600686852562,0.3990792472610798,0.1635619412393106,0.320318972188005,0.2620071671319574,0.2942484941304643,0.2195443357940523,0.3973498961960328,0.5562233271758034,0.5855547005393857,0.5107515245888092,0.4989626930032612,0.3608952243338846,0.1585866195002811
2026-05-05,0.2391901290193038,0.2994975557902653,0.4302994956028723,0.5410102630690845,0.6267060536194758,,0.3102267703654776,0.5042340120899899,0.3493188563745542,0.3028019520244622,0.3436400767425168,0.2510499574425406,0.2684044839713144,,0.276745855546023,0.3936921506025261,,0.3744023233788714,0.4208691694604277,0.137899165190746,0.3366008463918753,0.2602466316519886,0.3665283960936283,0.2230740722882574,0.4244939266637414,0.4658436650516377,0.607691697240794,0.5080231042288492,0.5082012492171992,0.3474088812233797,0.1652298412337096
2026-05-06,0.2429693521747009,0.2991193172881762,0.4112138117191395,0.4865140385748318,,0.4891603751426168,0.305134512122766,0.3701704167896232,0.4002755059567797,0.3118899844315068,0.3438610697497858,0.2332879980962237,0.2665682700728495,0.2634302483810672,0.2625245121020387,0.3834847493966823,0.2896777082502649,0.3769310367324374,0.456273417716829,,0.3409847764462111,0.2443026638731375,0.4183995176084537,0.2134086028152211,0.3809422527271564,0.4033162696949159,0.500608371084277,0.6362891654731407,0.406997209327724,0.4940445435253232,0.189857928653167
2026-05-07,0.2473192381639135,0.3202000190249336,0.3958905228387776,0.5897743858155275,,0.5060302822519308,0.2860223517772804,0.5554331485512015,0.3446922799981571,0.3020353781053583,0.3034616608498976,0.2421406006765076,0.2541253327012167,0.2965093999570206,0.2365507294346494,0.3285641744106045,0.275677014012505,0.3482406325874228,0.4058430228314509,,0.3345190251556084,0.2393030772537069,0.3695667073753468,0.2134674296395236,0.3834582231108824,0.5731300786932997,0.4494171724221358,0.6736596050668873,0.397361347845537,0.3950059895913442,0.1766272895441759
2026-05-08,0.2337392928167414,0.2898228529677193,0.382670742189822,0.4191016241384813,0.9631044164167446,0.4646289348791561,0.2995034346986251,0.5140035026559013,0.3046132167167395,0.3045064080411812,0.2941486511095922,0.2273561727130783,0.247501911879677,0.3020418081158561,0.2322029305334031,0.3212911220981297,0.2876746005083561,0.4710969571330093,0.3616439132474628,0.0755167689118164,0.3218218270484132,0.2248843583573525,0.457776514689347,0.2082660513479585,0.2520203701176276,0.4913877115103881,0.40542697817862,0.6249922451398355,0.368676246045683,0.3849563323541231,0.1633303546266605
2026-05-11,0.2770351869553226,0.3459462203113932,0.4630038002046467,0.5443071678305451,1.2319308205574468,0.549684522723462,0.3200374332613616,0.6630360193509937,0.3732809474149198,0.4055059042297348,0.3628497312268199,0.285963440123158,0.2750358240534227,0.3623055770270909,0.3014443660652975,0.4394210203756842,0.3280929892916556,0.4835016135709435,0.4780722410516365,,0.3536885149676537,0.3006497939928236,0.3631245136155848,0.2572543996799301,0.3061784387891675,0.5707777185550772,0.456460006021407,0.6169527832817836,0.488831227789912,0.4809911504248162,0.1976689476057948
2026-05-12,0.2808358631921607,0.357775175735225,0.4800107697840557,0.5183975057242527,1.2556783265509024,0.4962708967367328,0.3145500072533696,1.0850074998373107,0.4423077913326003,0.4178501585898397,0.3773080238994947,0.3006686770350449,0.3070647709964132,0.4513135070976785,0.3422919686739553,0.5122869988378022,0.4483009772542791,0.6244271045417311,0.5243760613867174,,0.3602819627540274,0.292040958903497,0.4746263740339331,0.3027668041639467,0.3405711631780121,0.5583269407415996,0.6114342451128147,0.7233824997419345,0.4929431879388729,0.5435642538818999,0.2072518821981137
2026-05-13,0.3165884819370717,0.3916906380477865,0.5533029647441795,0.5561522064282566,,0.4375683238099599,0.3491486318754763,1.1280202676309874,0.4075439344079596,0.4421397577411299,0.3454987452752384,0.3311543848028016,0.2817758374659641,0.5357991145799151,0.5321295795204997,0.6525927569946115,0.5768280205541234,0.6962319890230231,0.5077866886140193,,0.5419539751556839,0.3076298425040736,0.4446794000944622,0.3550431410445018,0.3469434819868995,0.7078624001371807,0.6963220025870429,0.5984877656711238,0.5280405690135103,0.4377810480419634,0.255357786373049
2026-05-14,0.3206145407162228,0.4077902980828415,0.7111270827474213,0.5691341728344795,0.7996093489467794,0.5381648475984683,0.364936543775858,1.270847349677501,0.4767378284274592,0.6673111820770671,0.4478631180847893,0.3089475110427612,0.2826912039186156,0.6245313990417843,0.693773777636781,0.5818454089661483,0.7716920085719029,0.801003194485839,0.5802352937197135,,0.5165606577779194,0.2905934227359966,0.7058844738507523,0.4388606780060194,0.3764587944208071,0.6340972541791116,0.9221179169673632,0.7934693367794391,0.6103796048114773,0.6206101797144129,0.3276695533412976
2026-06-02,,,,0.4646437340920262,,0.9480092033584948,,,0.2681670085501662,,,,,,,,,0.3381205683617277,0.4179703097069384,,0.2897221330006168,,,,,,,0.2911649471657901,0.3297842391384534,0.2949561731800516,
2026-06-03,,,,0.4644421173884038,,0.8252749461847796,,,0.2680680495608989,,,,,,,,,0.3445095193114713,0.444321497376762,,0.2888459317325082,,,,,,,0.2898085962173993,0.33542799532465,0.2922154956081815,
2026-06-04,,,,0.4628684481646656,,0.7730959354057956,,,0.2617780946577202,,,,,,,,,0.3387296811002703,0.4173714440709751,,0.2738732111416654,,,,,,,0.2846052846726002,0.3204430221920898,0.2925123753098835,
2026-06-05,,,,0.4561432753125337,,0.7364433095243927,,,0.2705394211391121,,,,,,,,,0.3366623496673694,0.4368992410397698,,0.2884007332594611,,,,,,,0.2740529668092362,0.318953944855981,0.2895078440102684,
2026-06-08,,,,0.4599011139670183,,0.6799376630197913,,,0.2741917722656953,,,,,,,,,0.3253843896754479,0.4184479851060214,,0.3037704259050098,,,,,,,0.2850245083219431,0.3274790438628529,0.3008910528301526,
2026-06-09,,,,0.4448389757634746,,0.6924971197674372,,,0.2752260665355814,,,,,,,,,0.3451972523742495,0.4291200393140554,,0.3016239468673612,,,,,,,0.2801603291147816,0.3182172782480521,0.285770421552581,
2026-06-10,,,,0.4527980700968618,,0.7210240651350854,,,0.2777521171937519,,,,,,,,,0.3500138070999059,0.4438400633540907,,0.308230281074317,,,,,,,0.2830569203529159,0.3446180174998065,0.295334822644338,
2026-06-11,,,,0.458522240074944,,0.7079335451789074,,,0.2645301332135303,,,,,,,,,0.3437022811515847,0.4287562971380152,,0.2826007361826287,,,,,,,0.2922814260926561,0.3179326669357165,0.2831487170590898,
2026-06-12,,,,0.436954431996379,,0.6582880262610756,,,0.2532600637977362,,,,,,,,,0.3344277590230385,0.413300955271436,,0.2666769686007386,,,,,,,0.2693689099689484,0.3122566829598749,0.2780664784444695,
2026-06-15,,,,0.4405962040737812,,0.6167350571219024,,,0.2571002823527997,,,,,,,,,0.3397678541958312,0.4133722088032789,,0.2920262862987167,,,,,,,0.281636591870234,0.2986761255713,0.2724602026574691,
2026-06-16,,,,0.4200351576894492,,0.6235872010239425,,,0.2486269662431343,,,,,,,,,0.3187846614975692,0.4295415769441096,,0.292502848001893,,,,,,,0.2657318741101008,0.2878321648143296,0.2679606860688635,
2026-06-17,,,,0.4262234766727054,,0.6414211703283407,,,0.2560898300807686,,,,,,,,,0.3436385958061439,0.4230647302908703,,0.2930951866948236,,,,,,,0.2767046375712992,0.2890855570404986,0.274072619470545,
2026-06-18,,,,0.4216500942843484,,0.5792201433667787,,,0.2528794797080899,,,,,,,,,0.3424396991373755,0.4369477306218295,,0.3082501535740334,,,,,,,0.2815512314600754,0.2932704116335479,0.2610611573548441,
2026-06-22,,0.3353513277027591,0.3604043844005719,0.4523864321799641,0.3913427057694473,0.6648929504183321,0.3380237478192606,0.3527025590777689,0.2687378198190584,0.3477132055436505,0.2703125968702654,,,0.3721445193824189,,,,0.3529337966555843,0.41678035184527,,0.3108676428186481,0.2568613325550708,0.2584885090835908,0.1921810939956388,0.2290958027380501,0.5700772482576443,0.2579618650049006,0.2848196772946433,0.2942582521425457,0.2867170950856957,0.1394294826149331
2026-06-23,,0.3324436641889638,0.3793292373125966,0.4366685398455338,0.4173829296630391,0.7087820921820813,0.3309282751993473,0.3322960556969231,0.2740585412605739,0.3853703511997494,0.2635925438550329,,,0.3823110203794376,0.256787711621422,,,0.3468524353329186,0.4915928088422496,,0.286206206026186,0.2664594904669899,0.2824084690902197,0.1886175229930005,0.2170666178384536,0.5788470172225382,0.297122178317816,0.2846112069971773,0.2880961543221273,0.2803117699203121,0.1453580104495409
2026-06-24,,0.3471745327728232,0.3736159098581491,0.4401143070469667,0.3882962572047163,0.7592210470736712,0.3361627061455044,0.4533734325963418,0.2789053100041885,0.3705064372971648,0.2697394242725288,,,0.403667516097473,0.2514385781902575,,,0.3536311088507362,0.4380427590875841,,0.3182378206556515,0.2649205121586479,0.2906852569696956,0.1860841495254804,0.2408734200754809,0.5583888694764239,0.3323661363256042,0.2921315820736183,0.2925541273452068,0.3043136456307999,0.1580463371014524
2026-06-25,,0.3855267672379996,0.3743995220653101,0.4428077256720569,0.3596097223930765,0.6674993836182268,0.3497376114724267,0.3154284821885793,0.259739635673135,0.3576340369398131,0.2541777477014967,,,0.3910540789074228,0.2622280959167732,,,0.3290477623560572,0.4759978127206505,,0.299220681225259,0.2475818291639823,0.2686966982023329,0.1851193247998515,0.2092850417267197,0.5531500328134988,0.2559266130806631,0.2773955959614566,0.2865434508356568,0.2884604905591676,0.1584793549255314
2026-06-26,,0.3571053106037157,0.3514260687660894,0.4101220573830182,0.3436984185833585,0.7691675286290709,0.3111775676928907,0.3827890407062341,0.2529861259762333,0.3542364299858778,0.2561130963251084,,,0.3754945248918912,0.2649925909022333,,,0.3381557589407678,0.4778799004821499,,0.3164903277093733,0.2262074326615557,0.2635866759607366,0.1830640308267927,0.1992294895617326,0.5617574260736452,0.2392516723335958,0.2534692089534439,0.2797820464409745,0.3093429538539446,0.1502272721545559
2026-06-29,,0.393135589476145,0.3673105484215457,0.4349412819157622,0.3632354903960341,0.8551163717721986,0.3424412544311906,0.3191252210116851,0.2765881361730476,0.3795082422756106,0.2650097664948375,,,0.4033987741511028,0.2751894941440204,,,0.3270299215341336,0.5226446167426437,,0.3188312447511805,0.2502380394660502,0.2294918091105615,0.1836948642758012,0.2129413040887559,0.6090733190547857,0.2626428869980093,0.2995817674500598,0.3007777675616768,0.2742276961085981,0.1381194001616119
2026-06-30,,0.3499889902646487,0.3606860882924335,0.4290955621942044,0.3898139729997582,1.0670289179758452,0.3493478577359878,0.2811378211162534,0.2907014394460715,0.3779068786367102,0.2724781315296851,,,0.4281571972924144,0.3043611443510632,,,0.3215913814035829,0.6018584688252749,,0.4362035138737786,0.2304345194335694,0.2433551670204399,0.1815711760351162,0.2155528665721914,0.6533650520900526,0.2436225827748739,0.2814574742482078,0.3178504869433258,0.287351345819388,0.1215861831365728
2026-07-01,,0.3544862241302434,0.3621517606452382,0.4220051047091808,0.3753616755962989,1.1370718617027389,0.3437075953635249,0.2699393033996674,0.2965955914278403,0.3950326547917003,0.2743721261726612,,0.2841502120599755,0.4472174144267516,0.2784595914659666,,,0.3209531387548689,0.5806221026565176,,0.3679819790580551,0.2446270122434279,0.2427969453080889,0.1812702337202081,0.2084333033795656,0.3543827397542688,0.2510123144287838,0.2811756489653428,0.3006468158043314,0.3021637026562166,0.1178730510807012
2026-07-02,,0.341946491668263,0.3556116328814534,0.4130995902670848,0.3732698875479939,1.009683519768103,0.3271926040939041,0.3009158242233448,0.2961118282874233,0.384228124177508,0.2602220451006303,,,0.4329927924332328,0.279168589265643,,,0.2922619837752566,0.5519912785569725,0.3429724761157719,0.4075129975148955,0.2392486756449534,0.2758717206038957,0.1541832828969912,0.1987928770503006,0.353423323326447,0.1564913925937031,0.2458058587383336,0.292302595560213,0.2614134974540748,0.1226925629220827
2026-07-06,,0.377814888011308,0.3821952645940431,0.4548231773511238,0.3856248535038964,1.4024120656391523,0.3576915829468327,0.3074722343000362,0.3273188782635155,0.4247700185724555,0.2913993064806158,,0.3686474875077232,0.4916649493515715,0.3368820497563385,,,,0.4807150536586099,0.3885042622800889,0.3244415269112978,0.2736152889784583,0.3124908937944332,0.1997688694469827,0.2182011062861052,0.3620577867039689,0.255708354714047,0.3024130454416337,0.3197567335150735,0.3781545778980227,0.1227606748188877
2026-07-07,0.2710655682665759,0.3718785288627302,0.400220304893039,0.4399042464131325,0.3935907834924139,0.6655009484946618,0.3570091261537194,0.3060672644279498,0.3225967315286612,0.3484521488801478,0.2836599654574661,0.247660993793613,0.2120824285602939,0.3719120651974162,0.2738221246616729,,0.3291077951479189,0.3853947204240731,0.4841535322161485,0.3825438983877121,0.3112499169885557,0.2649479856595653,0.2536237303507466,0.2107242799829113,0.2628556172660304,0.3530524210498823,0.252236347651485,0.3198530543452771,0.3461775724537346,0.2909655336539542,0.1149763715928031
2026-07-08,0.2683060419668293,0.3458402640804309,0.4072395963449948,0.4410811285847407,0.3992604290214438,0.6083707720668133,0.3386129123877117,0.2895935468262828,0.3184376808591182,0.3484630466309477,0.3131520426600965,0.2531684220119933,0.2236437969830223,0.4070690554738777,0.2551622284532787,0.2931838794877351,0.3167728880483901,0.3734210699934723,0.5204119718419522,0.3708417434272094,0.3295167888970726,0.2468348634126436,0.2570257477398063,0.2152532226439019,0.2535712363188133,0.3585539852951256,0.2557621530291102,0.3148484661421076,0.3415857581588523,0.3125941360127613,0.1217923677586602
2026-07-09,0.2706294766744503,0.3496744983726513,0.3922623458081717,0.4535902380481176,0.2828395245660101,0.583010198667541,0.3584906421182403,0.2669515757972086,0.3264792269820477,0.3659603859711162,0.2838626313445,0.247988671424403,0.2210890245827828,0.3638399210553771,0.2493538007787519,0.2851501607890297,0.4181792868897527,0.3870204419034013,0.5073316246945448,0.3321351895748539,0.3219955502134631,0.2389683986625334,0.2569193498011935,0.1841956711706287,0.2517169515413605,0.3327627770015268,0.2431724714559335,0.3045155328615329,0.3299306510174962,0.2938320505188506,0.1130867435930298
2026-07-10,0.2689547572278422,0.3399274556976809,0.3856489194263319,0.4566245257929914,,0.5944490802262761,0.3143932056425259,0.2389071220314511,0.3283708779776366,0.3572544131242766,0.2723196265985524,0.243994785489223,0.2165456740568796,0.3580824456400635,0.2529804219146412,0.2786407736951438,0.2474715042532389,0.3640894094761303,0.526684227953862,0.3266002253802362,0.3185195932789277,0.2154674943590416,0.2497962974691935,0.1732579398866623,0.2572463513155249,0.3214115151546222,0.2366431299965276,0.3006590152098352,0.3116071835423572,0.2921386067322993,0.1196355529592581
2026-07-13,0.2837103145629338,0.414706286132607,0.3941721297693393,0.4626117802742885,0.3472392283427451,0.617977913500739,0.3881144405906259,0.2921475357888841,0.4001045619895027,0.3573342913499885,0.3372815398593897,0.2573625429269278,0.2294439278185976,0.365064704079883,0.260013500459707,0.3038513400387602,0.2921552455651063,0.3702251796700405,0.5370690727849081,0.4019993932338305,0.3253426226161343,0.2774596299151013,0.261873492096187,0.2294447216115964,0.2647935149320334,0.3786557123391257,0.2907305959548761,0.3154980404036877,0.4126990220327275,0.2972268995156183,0.1363303387923164
2026-07-14,0.2767608684768018,0.4284815512985276,0.3966381222841981,0.4690169214298839,0.480641219065259,0.5719863523545385,0.3837265474491499,0.2861169337595584,0.2995253746833956,0.368421488592184,0.3508167519776926,0.2575604724418417,0.2293607184996288,0.3750299535151866,0.2532110091756611,0.406148022642025,0.3610284290399397,0.373907672064319,0.5367132577079524,0.4508974854907114,0.3201200023423984,0.2669785133028262,0.2567595356941309,0.2483699034167638,0.2695105429495089,0.3960632678765811,0.2840778808721355,0.3152932462797107,0.3932389971062289,0.3065688558664924,0.1234964928220568
2026-07-15,0.2846571998183314,0.446397935091986,0.3950328688973409,0.4611314436565428,0.4552811887638978,0.5194539290938431,0.4159972129787126,0.2748410247855373,0.2789301470592363,0.3431620492381365,0.3407307977964865,0.2577584965487521,0.2319326801399373,0.3732154072784824,0.2478008362415991,0.3349898566618138,0.3803024258849337,0.3744699130127077,0.5152099219542347,0.552030721244864,0.3245250663464134,0.3025082716172858,0.2598649002700021,0.2257555273917183,0.2605609681786855,0.4027518901711082,0.2949764844321189,0.3065811493312489,0.399677907599919,0.2916916756682487,0.1193255847055522
2026-07-16,0.3115365460514628,0.5503520478290572,0.392734561907756,0.45428638543849,0.4586783048859714,0.4876435303108439,0.467001849465063,0.3582491996288264,0.2694854396485586,0.3400247241542619,0.2379824550724929,0.254293211851978,0.2277221362169878,0.3011722070438514,0.2428059074862703,0.3717303492116178,0.3070981083114675,0.3692317946847191,0.52031015631398,0.5142572608298178,0.3269898545606963,0.2780950518154302,0.2478210498798162,,0.2629506443719102,0.3575946014370843,0.3703768873230289,0.2957267381049669,0.4970292097588515,0.2903594255655566,0.1146841686625167
2026-07-17,0.3167120845287505,,0.3967965465152903,0.4771025704003291,,0.47827174162615,,,,0.354572243415459,,0.2564142557701018,0.231473388985919,0.3329287887329726,0.2381016702923518,,,0.3811144601261949,0.5724518144194305,,0.326907037420775,,0.2545560265378479,,0.2717162681441741,,,0.3179158710314293,,0.2924229954752444,0.1177364036389198
2026-07-20,0.3241766062593977,,0.3771779612698109,0.4824460789775927,0.5405312758296887,0.4859085777335488,0.4234766687356115,,0.2188461418137003,0.3426911803570467,0.3252358914955174,0.2748622801480707,0.2409356667124665,0.3175845353692884,0.2475608600339355,,,0.3872189456732759,0.5546333576114661,0.3689563886290195,0.3489216099586358,0.3368439970211341,0.2697471804768593,0.2320022493444443,0.2732722446840411,0.3645264251795207,0.3667849491052289,0.3281796925361077,0.3146201137565807,0.3018744503320943,0.1195684997473289
2026-07-21,0.3129757612836934,,0.3709005637727952,0.4950267856578722,0.5056714518556219,0.4830444100263021,0.4215725064855756,,0.2192672146228412,0.3366369437946362,0.3253736978388403,0.2757830816485308,0.2271334947301279,0.3223286252286564,0.240752152384267,,0.3562252732519812,0.3942001877735263,0.546497262928775,0.3891273555824505,0.2746003712992403,0.3140122784627611,0.2691371858863681,0.2241364714696769,0.2750216352931846,0.3885391683671774,0.3670792208972424,0.3254523477123791,0.300992402554527,0.3113968126832367,0.116947513905202
2026-07-22,0.3157887900835284,,0.3810344183429615,0.4873527104784297,0.4974133847255791,0.5314472990801374,0.4368066525922497,,0.2229249016313791,0.3462081776794304,0.320006008514877,0.2584423428893688,0.2365425858982321,0.2957388041570504,0.2459997675857549,,,0.3875839619217268,0.5646694069494945,0.4077244246568576,0.2524244551318139,0.3296871618991619,0.2658127776102459,0.2353571018647285,0.2729486368981933,0.3566080675380777,0.3729636792417448,0.3200725074779187,0.3036298692708572,0.3103443257264797,0.1218241299081504
2026-07-23,0.3057130735116495,,0.3839473791384277,0.5063669729458983,0.5152324665381177,0.4324522756289242,0.4413112292812754,,0.2202037898978918,0.3426672081002484,0.3023617950350805,0.2547579314751839,0.2401768094613437,0.305132238902219,0.2542400396506638,,,0.3859962278468573,0.5489672873727554,0.3435851022750509,0.2414556132591499,0.3281583509556975,0.2550780553775552,0.2405851996746011,0.2740801901320387,0.3676296462152434,0.4151100193064905,0.3313866773164398,0.3130008807215471,0.3296872442873425,0.1180412251871465
2026-07-24,0.3130975225142159,,0.3814933395919086,0.4613223341225003,0.5007094185673925,0.4178720155755359,0.4267861424507433,,0.2139810917787029,0.3359361978804283,0.2569384466985652,0.2523630944395497,0.2730431071512169,0.2916913015045297,0.2414963931332562,,,0.3975689243520325,0.5469988106387214,0.3813381991803838,0.243981672897586,0.3017217854951015,0.2466526494274469,0.2231382470036167,0.260747902311077,0.3810204993937493,0.3212773158373506,0.3361097466211026,0.3061996417742071,0.3097016583344146,0.1162707985276173
2026-07-27,0.3317111882532365,,0.3847142365778355,0.4775764227205768,0.5430679129041666,0.4222236614015912,0.4413562747145903,,0.2244178389081508,0.3484191500377417,0.2804648052711977,0.2693998818827862,0.2607015733487378,0.2843150817263765,0.2594387470664988,,0.3786152923462427,0.4026859785234446,0.551726455482056,0.4074367623797871,0.2521906306825822,0.2851621110784779,0.2815904633103391,0.2293194484094735,0.2777821373368849,0.3371296376040025,0.3807165428172346,0.3448850368485094,0.3131287579659041,0.330727392655691,0.1260546911563489
2026-07-28,0.3417053777407923,,0.3891808345499647,0.4673800438437583,0.5557435319709002,0.4288754719742358,0.4476749271932131,,0.2167023539991934,0.3612678654069778,0.2654889941710762,0.2742082796769757,0.3085987448652845,0.3363125191207735,0.2587874246810614,,0.3610255219138137,0.3645868742965712,0.563338654913275,0.4437541009288491,0.254833549139891,0.3474366155025755,0.308593574789209,0.2040994870354445,0.2755272305838076,0.3595054969607839,0.3739732755185065,0.3605009968633121,0.3156945076299129,0.2844691860220799,0.1337280215616282
2026-07-29,0.3483257409901631,,0.4059977080287521,0.4692810384555944,0.5518289003205817,0.4208134199344409,0.4681782583218858,,0.2315397347477215,0.3668596871634097,0.2661323339464182,0.2370212859711137,0.2534431104499084,0.3537107968749849,0.2489321375682192,,0.3941824796164564,0.3469018756951306,0.5495100154880034,0.4243921314127222,0.2572956053700654,0.309835952904209,0.2242930381800656,0.2094606532445667,0.2687590722627095,0.3625471546988069,0.3623468759733307,0.3565169883424771,0.314875716282487,0.2633877967877427,0.1332241914235286
2026-07-30,0.33541761116193,,0.3725894383825753,0.4610732092249034,0.5362161331581264,0.4018558368161537,0.5240527096403836,,0.2112981622013407,0.3463739251330037,0.2654624795370413,0.2227871497855996,0.2188734074978044,0.3096228385998751,0.2438797385478428,,,0.3440796366929187,0.5325960408196491,0.3573301435240328,0.254150723365272,0.3313584338899937,0.232736140038006,0.2057248641078025,0.2794400108922025,0.3727511549852585,0.3724284022693702,0.3509483859352701,0.3108807611707139,0.2318528815940277,0.1264406815883049
2026-07-31,0.278266034840102,,0.3666007201991983,0.4666529003824479,0.5728822780145105,0.4192674935125628,0.3182232496174644,,0.2057577759498922,0.3440189589555503,0.2556438283782031,0.2281984296781765,0.2588027004415492,0.3270837868597428,0.2443063213979657,,,0.3530205850827629,0.5334812711927746,0.4120684853557008,0.2373740818104864,0.3801286007287627,0.2174082984090165,0.2160962762847778,0.2753047218787167,0.3801424141186582,0.3851060264681971,0.3547909624405888,0.2880891282154144,0.2589768218101008,0.1117557927076656
2026-08-03,0.2785885333138313,,0.3840607952227762,0.4863139612736182,0.6040151655555362,0.4363655858510321,0.3691114898781389,,0.2148948831747774,0.3459516651718531,0.2498557230994331,0.2190782642294038,0.254601754014651,0.3438812578147334,0.2557901304931501,,,0.3648644776300995,0.5920861627923213,0.4431035767342023,0.2523950522964643,0.3633027369464399,0.2328338388422487,0.2152346667987655,0.324418018901863,0.3700658364391883,0.4155165760446053,0.365976398855597,0.296035094654818,0.2536326444162187,0.1264420068725511
2026-08-04,0.2720930537712313,,0.3829044052792143,0.4759993960627651,0.6241680410611057,0.4211430623617977,0.350463055399257,,0.2257352738561391,0.3737397490263561,0.2702263401003939,0.2261154954485081,0.2820027224192313,0.3130643008594599,0.278670028154938,,0.4139309151367364,0.3628906486085251,0.5007668901618385,0.3829527202800321,0.2652469329961618,0.3180920168468644,0.2299200014377798,0.2297308090814951,0.2540728707706747,0.3847307166660475,0.3921305668798624,0.3929026318410277,0.2977037800799059,0.2862866085243128,0.1459100231732734
2026-08-05,0.2619191237971461,,0.3827510019244866,0.4679965014926788,0.6030361280786498,0.3920216126115136,0.3253112921093837,,0.2176988887738436,0.3547677943741426,0.2596031840783812,0.2073331331385893,0.2650178993748532,0.2874035048735777,0.2542036542769337,,0.2870789529248221,0.4100041131069418,0.4918496478750934,0.5167608600456065,0.2453559227587615,0.2788793687888498,0.1852654288981789,0.2107139249519159,0.2290282006576718,0.3763137107720197,0.2648503914907326,0.3915347074546378,0.3097952433391566,0.2275096112744074,0.1470263208326802
2026-08-06,0.2506989434502031,,0.3691764109661191,0.4589625623238735,0.5555972338138144,0.3732050688616056,0.3166729524495632,,0.1981519631984977,0.3391230150015173,0.2325086981861106,0.1970461979942246,0.1689681911786293,0.2752733634697394,0.2545767371701177,,,0.3884194006554219,0.4753037285744003,0.2339082881262861,0.2318365262424709,0.3266988095284961,0.1821284024470653,0.1975896825182617,0.2139380178914752,0.3327711713841318,0.2543351436612801,0.3501695223864546,0.2862215980836283,0.2514622949957294,0.1133618651031965
2026-08-07,0.2332672156607258,,0.3443059702327751,0.4273535709655459,0.5428522280466331,0.3479539865426025,0.3057097902098074,,0.1958836286598488,0.3051629686145075,0.2214589660333798,0.1883063177505673,0.2264112960551182,0.257372923485143,0.2162779030792153,,,0.3734999275637807,0.4082233880162844,0.3694823524764153,0.2233969547448448,0.3278106529572889,0.2042343934089224,0.1880259176045165,0.1882410194803394,0.3156091314028858,0.2161055731234309,0.3381335107875703,0.2779681078150652,0.1998387746297441,0.1083983875506731
2026-08-10,0.2411095920486593,0.3154427645896449,0.3649768599865484,0.4131140774539116,0.6048387962599829,0.3402042451075825,0.3342954539157627,,0.1984451983346749,0.3030727240253013,0.2212345275512372,0.1999228258565556,0.2425843744644796,0.2752532966446525,0.2337897081155481,,0.3266963879118302,0.3879741241634695,0.4036661861871544,0.493435076576988,0.2202309233539692,0.419889404318911,0.1768581362683167,0.1855609127108899,0.1998003790100065,0.3048917685626366,0.2316132324333992,0.3981797516921633,0.2929345029560022,0.2515215164698607,0.1067179549172907
2026-08-11,0.2323915895823451,0.3017536033220913,0.3465622286503823,0.3912692187141559,0.6380610216699155,0.3569427153699172,0.299294779969641,0.2040793004721757,0.20816795885078,0.3036685614550943,0.2323080271796459,0.1858858137367694,0.3057079158437115,0.269821096590604,0.2236036076324946,,0.2372857661591068,0.3184035803509601,0.4029000940066581,0.3976579423272637,0.1713925063884614,,0.2009755314709034,0.1941801268262156,0.1909013624808438,0.3248952667893818,0.226565949289884,0.3999671476351737,0.2568549144140004,0.2657812625927498,0.1159346004049207
2026-08-12,0.2293785559220229,0.2757861499727576,0.3528464893495617,0.395201306480165,0.6926097646887402,0.329288071278749,0.2968835676814814,0.2678165925998911,0.2200712479422569,0.277314735386167,0.2346777745937207,0.1967916885448015,0.1851046341891419,0.2785066922023428,0.2237120499771255,,,0.331872953217641,0.4312065504313861,0.4128536643063388,0.258356657304486,,0.2027413765687444,0.1904311455803201,0.2131342857895918,0.3507008796176333,0.2380884033832419,0.4377010107484438,0.2595313262557717,0.2743605471739416,0.111206246835761
2026-08-13,0.2285810448653295,0.2663550379746298,0.3305810603051407,0.4576565997587023,0.3361163628156578,0.3093557043694435,0.2939508144642416,0.2199747718845076,0.2034030499792684,0.2734634132499083,0.2546832048242247,0.1849822382528604,0.2638362039530104,0.2606267473884744,0.2166149348378046,,0.2409413646853263,0.2448729866834647,0.3873396771552094,0.485278416681684,0.2347113276156938,,0.1821726870214105,0.1801833815437614,0.2234986366211671,0.3348491519151992,0.2194843725653746,0.4044929679002914,0.2621749298442224,0.1881992670260414,0.0971265296125617
2026-08-14,0.2017688085452991,0.2453994644636402,0.3138945470628583,0.3701049912958093,0.2879125039100013,0.3171253136833543,0.2522705849832709,0.1965838917416105,0.1970235423356327,0.2423773360886963,0.2117744435892209,0.1679495147210222,0.248291046555142,0.2332956584198557,0.2095114453762641,,0.296431705471493,,0.3568019768939149,0.21727631926868,0.2274915477526531,0.4529603006761234,0.1734128092594988,0.157247262104496,0.1927494797011207,0.295028568264996,0.2121404424016292,0.3530361371711159,0.258720639377651,0.149578592621579,0.0739916526926532
2026-08-17,0.2479530743906633,0.292580021189817,0.3847932523881228,0.4750652644334582,0.3414295187851086,0.3751511245861991,0.3062169518812585,0.2580354389339785,0.2647032273011432,0.329194302853897,0.2638298589049672,0.2230304951003678,0.2590678378548355,0.2837019171345039,0.2507270499694459,,0.2634474825575699,0.3640136309168674,0.4849390474742917,0.4205795449943058,0.2469247959918293,0.6000778232539483,0.205192285057148,0.2193325767538154,0.2312415300154862,0.3839026152720284,0.2700591844447601,0.52526588242055,0.3014493897183064,0.2448773948043114,0.1005656093063307
2026-08-18,0.276724073706286,0.2976823301711591,0.3690061721544938,0.4527343347234843,0.3264496745516951,0.360250977722718,0.3201018478041765,0.2637681265529623,0.1895311914870592,0.3048688192804911,0.2331201280058469,0.2182012103595863,0.1972761483877308,0.2926950987788395,0.2470566051933432,,0.2803175915271574,0.3364416066802194,0.4975571684168152,0.4092591138192142,0.281653755132256,,0.2075945847297222,0.2094492224773455,0.2407657664738034,0.3693898239880376,0.2796687508660603,0.3402834681433804,0.2918435834458979,0.334606421513047,0.1120073939802031
2026-08-19,0.3053415538115268,0.2977624027207107,0.3964810139153654,0.4645962874723927,0.34509748649047,0.3679619196828382,0.3625907299054335,0.2295452463038098,0.2591865505950491,0.3463980629224852,0.2587662112199874,0.23260279805658,0.3063691560851738,0.2955913660825278,0.2411777147939533,,0.3480786306596645,,0.442267351734651,0.4328017274446783,0.2896534467845767,0.7694464467357536,0.223250422018969,0.2189135065089233,0.2320769084471657,0.3543854869162338,0.2738169465406115,,0.2919227776794861,0.204564157717567,0.0990364110830683
2026-08-20,0.3043523823815437,0.2968016251024767,0.3879193482950872,0.4654609912013563,0.3258428924320887,0.3781618381822314,0.3503329995487461,0.309803424813323,0.2410075165753174,0.367489422614814,0.3116766411929239,0.2274321197928796,0.4665939943810041,0.3235228666410085,0.3120188884782681,0.4205463580693053,0.3693949030969817,0.3988735388304266,0.4094497681276567,0.488620311474712,0.3419191802828942,0.3069346965676054,0.2737015057669604,0.2157086636230999,0.2894674353970098,0.3876010515602533,0.2889954012450678,0.3120890276050121,0.2775653744418653,0.2690796458486383,0.1149634125780174
