,AAPL,MSFT,NVDA,CRM,CSCO,IBM,AMZN,VZ,JPM,GS,AXP,V,TRV,UNH,JNJ,MRK,AMGN,BA,CAT,HON,MMM,WMT,PG,KO,MCD,NKE,DIS,HD,CVX,SHW,DIA
2021-01-04,0.6944672596638934,0.9694836157502736,,0.5825991573243263,2.1535761046983724,4.061767014299679,,,1.323173281406377,1.0548884355069197,0.9104481362877256,1.141564085739472,1.2083268068380313,1.43888818445326,2.042823559778424,3.25937980441723,2.1585337616309173,0.5002624624713469,1.1570406797603094,2.1223733099592565,,,2.584544733988829,3.541373562974388,1.9867885535520524,1.3171096308118635,0.8021608866977358,1.788235422756288,3.218382181422228,,1.3155949774699518
2021-01-05,0.7694246167019294,0.3912311351730321,,0.5834857863801362,1.122239863439291,2.604834615226315,,3.3180664112291844,1.3961261148311366,1.210188568339128,0.9396533672540468,1.1091861109712045,0.6988626506291686,1.379033418399903,1.0920624435284196,2.1543147014852235,1.3221429193268388,0.443938119735987,0.5669489348466644,1.0952637910828469,3.0901566886553407,,1.4687171079554322,1.4540617499897524,2.122864646802204,0.7119096482299199,0.8392328787208481,0.8689823911170154,1.4539124543278656,,0.6499855199755574
2021-01-06,0.6764008509281515,0.3863715131933616,,0.5457722784400969,1.1593193245068003,2.7770502808255144,,3.415428734428863,1.8837546823750884,1.722132256032232,1.2031147516516945,1.117896137434374,0.781889997772324,1.780041029431561,1.1348506340522242,2.2619283348831365,1.4242861696797715,0.444806396244903,0.6507298151044745,1.166981004813488,3.184135921108901,,1.5306667228268394,1.3449134893881358,2.211843697588692,0.7372661346388879,0.8945189148726733,0.90803777785685,1.578700746061441,,0.711358771948193
2021-01-07,0.814128353755384,0.3825486548007969,,0.5329364787128976,1.2218138351697672,2.8063602103802103,,3.305475948956333,2.293242114495265,2.0279595809810256,1.2576649068086938,1.2201096895064891,0.8067194087924919,2.034482452802944,1.1665640348596,2.3734766617631062,1.458927368988429,0.4159362737623869,0.6558817469928093,1.1740592718028051,3.083462805655137,,1.5092596672884857,1.3360672772805828,2.428021364630965,0.7910900177670069,0.9179218092882848,0.8962318145138802,1.6329916675505018,,0.7219915646352634
2021-01-08,0.9162942377489136,0.3858789228318147,,0.6188634794729596,1.2221132020193248,2.824484655757012,,3.3082142990072128,2.4646081972636504,2.107512492014751,1.2561564479677556,1.3630615743847307,0.8099244988494129,2.108250269352703,1.1676865548555513,2.336283720025736,1.5602770669534414,0.3771801254985483,0.658103047877124,1.1427514448836278,2.995878153351244,,1.5197297701720829,1.4236621825435136,2.746229584697637,0.8197248360880673,0.9803110910237464,0.9291901440551068,1.702121644591848,,0.7371848131040405
2021-01-19,0.5027257777987222,0.3811473682182783,,,1.407182156795514,3.310876368313835,,3.7328891198230494,0.9859537995659368,0.928495739023114,0.6521447595779739,0.4489576567392992,1.002922806629079,,1.4099766480503133,2.747941367449796,2.0102934561794426,0.4502798502878509,0.7146362546322843,1.249605245479941,3.5992586952401244,,1.5921914502317076,1.370673007246886,1.0988212492695804,0.7611488909349305,0.4308367047257188,1.1786161706260567,2.1665856571771736,,0.8108394342373649
2021-01-20,0.5509448902750423,0.4314944562345056,,,1.465473248598093,3.409962085108339,,3.856209995014224,0.9242563464541536,0.8953634444041443,0.6797457755856466,0.4955308091333302,1.077500052652602,,1.44012691619996,2.731149585135712,2.13300462299232,0.4433462653885499,0.6993165691104081,1.30694853760384,3.707924018164023,,1.5509972922049913,1.4461631702219215,1.2338253391351357,0.8772976641725532,0.4434927837072756,1.1929668324081368,2.225404988556822,,0.8610870925269491
2021-01-21,0.6143531613305094,0.4455288034474473,,,1.4768317666351456,3.560228727153822,,3.934040048440915,0.9035930949955656,0.8865341794392515,0.6731252399138493,0.4770644270597152,1.1592204951885885,,1.4422240638469204,2.7032323160115177,2.1681057816633933,0.4621268477313238,0.7144283224983354,1.2559479989100273,3.798263234924895,,1.5366223620044042,1.5030560454035364,1.2674988548535515,0.8435032078236521,0.4504462076399029,1.3044683358500742,2.1017944555201056,,0.8668640412568372
2021-01-22,0.6433331367284637,0.4604118381356115,,,1.471698034976887,2.9522509785632627,,4.062309565094343,0.8813191558310834,0.8950900793724904,0.6501359189977807,0.4603165248560613,1.1219465067036802,,1.540473099288896,2.733559937601657,2.2399307262374464,0.4567031553898186,0.7171920856141566,1.2220068045477772,3.817458732682308,,1.5342658055872918,1.4955864627840685,1.273327305841909,0.8049714930143614,0.4673389592845767,1.4037352534717074,2.0981548235052943,,0.8607785061684546
2021-01-25,0.7483102833851972,0.5112889708835096,,,1.583639537705083,3.078337239772535,,4.399762900728288,0.8793370379775004,0.87158917925367,0.6130453584842551,0.4994030656771232,1.2024269570897026,,1.6966902047260914,2.874670701609727,2.41345665746494,0.488987946716529,0.7103235322475578,1.2722908394405763,4.05191239253721,,1.7019572868000177,1.5871881455160677,1.3307250663408872,0.7955422041831531,0.483655611425945,1.4827888214163885,2.1363599630348284,,0.9151603794571523
2021-01-26,0.7735217052898992,0.5588117352300139,,,1.6389416921638038,3.415502268671375,,4.243606338346795,0.8742074846861017,0.8690064779875519,0.5175995929286475,0.5033034930769734,1.128351778729948,,1.87469915665496,2.8826264067972174,2.5204580099303646,0.4991127081319214,0.7164139568112013,1.2792544411328908,4.426543524778276,,1.7765705594089694,1.7226231700485677,1.4210281813290342,0.7536207931395151,0.4991759108859161,1.4938084059557373,2.0992457659431367,,0.9301487149498229
2021-01-27,0.8140147162668707,0.5741925747957262,,,1.7936661678693655,3.490679774482848,,4.168249332040131,0.851643230196133,0.8662135061563978,,0.5124160322055334,1.021804453951286,,1.7631321664863675,2.689053946833924,2.391780708701887,0.5475719498409214,0.723191646598395,1.2775720084902635,,,1.610257731605315,1.611359928583934,1.3166457256870652,0.7287908304430121,0.5764460818358618,1.3700268581440564,2.081488400942141,,0.8232318427873907
2021-01-28,0.663211264185928,0.5728228056887613,,,1.7491666303535751,3.463235996968092,,4.264116179324641,0.8971029699443076,0.8203742533484158,0.6017906347582686,0.5207365913078593,1.0270675011199155,,1.876876590355708,2.830592587314395,2.3731725839577056,0.5125173096475519,0.7270081425013626,1.408429649943129,,,1.7515386589300288,1.7612839388549404,1.2503770956628788,0.777990418999422,0.5535030603548261,1.4906508842792174,2.166911989165876,,0.9137061376769096
2021-01-29,0.6303535976091666,0.5423740145502857,,,1.9092488843566195,3.5066885945316195,,4.193327238944678,0.8913377508750255,0.8279328514694039,0.5986050940124089,0.4957576109481978,1.0123739455610925,,1.747255765621086,2.824335662458996,2.2867891113021823,0.5166254562765202,0.692023754212642,1.2530753493431668,4.755070573123977,,1.697226119147225,1.655767396539526,1.3332144248940505,0.7701037983675748,0.5662940162727723,1.3900654613378618,1.8669259766219444,,0.869267540698761
2021-02-01,0.6265374199453275,0.6258619082765939,,0.3896368382894272,1.9420482594537,3.805525938241136,,4.442626377925797,0.9354742990416648,0.8568102139057209,0.5813147824334187,0.5026974305763501,1.1046753055440235,,1.8238463274992809,3.1158956644289995,2.4305870969085257,0.4711433377608138,0.673456953745467,1.2824522533105682,,,1.840861631700614,1.837688129754472,1.3927611949408534,0.8665278550801608,0.576785519912643,1.3997792957506765,2.1267235538848404,,0.9355801647998582
2021-02-02,0.5885512466605066,0.6303509763356517,,0.3647821761235896,2.0240728454550787,3.819996481295517,,4.636488672683399,1.0777664726795142,1.0658907545967462,0.6070706958533568,0.5289943590346852,1.169135222566699,,1.8471238118883568,3.3149700229562016,2.4875412125984755,0.4124936726177329,0.7620213377851767,1.4630854102658926,2.9886898270983435,,1.910267495650497,,1.494109451532871,1.0045904619565125,0.5780362452214374,1.525530971262426,2.1931747509974997,,1.0324131218088302
2021-02-03,0.6029182805890128,0.6739186861371509,,0.3705892004318509,2.096597600762704,1.8291505650165107,,4.842923319607797,1.162143938403323,1.093419916517311,0.5831061493495298,0.5178863206985914,0.6258592973399685,,1.859682725469249,1.6067740185296562,2.473784452098006,0.4000754505801929,0.7512096015594116,1.475350991985398,3.0052037512790286,,1.9494702920920368,1.9835119862550528,1.4608948676799522,0.9749815528388868,0.4573088170896827,1.603815282943238,1.2215149770693334,,1.0819502027339307
2021-02-04,0.6943850938962934,0.553439017072758,,0.3315412810536043,1.1186434749954997,1.898729890331937,,2.9990388001429134,0.7552564171836611,0.6061608423548653,0.6853629895709806,0.6505440661612826,0.7340155651731312,,1.1788331507580654,1.5069125589010168,2.545973106166634,0.3759214198624825,0.7598256514415691,1.555444128401397,3.0615400921983587,,1.1822611148948463,2.1050779804721107,1.5923585563720597,1.0972163372851915,0.4719452479296316,0.9175219511111188,1.213325917435504,,1.1700146348929936
2021-02-05,0.6910134152323437,0.5633682217795992,,0.333688540281486,1.2060566896962532,1.9282264137547147,,3.0425157847777657,0.7333671875963728,0.5956699882634524,0.7022032912674991,0.6345149279134409,0.7599539083202195,,1.2491562299589731,1.5285016674545704,2.6268018073762307,0.3497529851512895,0.787145293854341,1.677582221477382,3.1809003480041573,,1.2182184661493487,2.230376944016491,1.7223341398338308,1.3333714987821683,0.4618894831594661,0.9115063172976752,1.2292184582855312,,1.225699718064995
2021-02-08,0.7740386558941937,0.5785645399658341,,0.3553283454418877,1.313613902059111,2.107590684279634,,3.1159775051004064,0.8052849962897679,0.6583118458536101,0.8461995982003189,0.6841178793176724,0.8266918913856368,,1.3036540413730064,1.51827715633679,2.9908137556980616,0.365311333766649,1.0327394307101811,1.9303757277336764,3.3626991618712947,,1.2556053783863197,2.57649798538669,1.855120527031355,1.3679016511481743,0.5147507199317399,0.9652132440341546,1.3858718897162128,,1.4272968231887146
2021-02-09,0.7774203088765008,0.5981138859662184,,0.3669276418984402,1.277929767546123,2.041297015244997,,3.179354820552872,0.8029093416263159,0.6576557295959966,0.8230292076099776,0.7100716272525393,0.8437399788957095,,1.3283093262999224,1.5384840015372945,3.0976984964089573,0.45599012076243,1.0633073764569914,1.9422962089806728,3.4115056858446606,,1.2517379024018864,2.816656100254424,2.185704657843131,1.383343161798832,0.5308066454841713,0.9330634136516318,1.3626808974397566,,1.5077066734721547
2021-02-10,0.7945415862267989,0.6045961028197783,,0.3536365904198739,1.1554764895770122,2.069954393481886,,3.1871141992021395,0.805485151233589,0.6885240833436969,0.929940670370983,0.7224055345949635,0.824015046765813,1.823983133514116,1.38050624273164,1.535154104373603,3.3533006505824345,0.3750694394749569,1.102085045091368,2.046583389955036,3.474427929883644,,1.2386610190592064,2.8147547100561736,2.202614008501365,1.4666188443138657,0.5375861201958534,0.9520683848377566,1.473089116149227,,1.6161570020473168
2021-02-11,0.8324435594403453,0.6062191367077471,,0.3742372228420372,1.219481384015153,2.0384069162121903,,3.22023812755264,0.7971719447573069,0.6819063606196001,0.9539774695959808,0.8873417809369252,0.8638102473184484,1.902770830546473,1.4082082485828478,1.5686626202285052,3.314225102787321,0.358315779934867,1.2094566582427817,2.204270393003396,3.318293599756513,,1.2981054174078404,,2.359207191673678,1.6601860514908766,0.5555489936021165,0.9684741004029308,1.462532016287831,,1.714245177197621
2021-02-12,0.8831904146719619,0.6157197608365486,,0.3539333945390889,1.199258089071349,2.078785048485553,,3.194974638897411,0.8529889707815451,0.7115317501457978,1.172305635922301,,0.8503045919769182,1.9328515745164123,1.4332512477170436,1.6065341111365714,3.650641565999432,0.2993842987854012,1.2486710930278264,2.420596857377723,3.4257423394012347,,1.2619709788736586,,2.4290558248638288,1.5877100990041306,0.4750891727184244,0.9543487539615104,1.50566342372922,,1.849241685820415
2021-02-22,0.6019614509014904,0.6162248186485858,,,1.1965821602878732,2.442734252990704,,4.077524839170856,1.2475335986074056,0.8941590882744954,0.655226692835943,0.5517598925629867,1.0114602839967877,0.577824864865503,1.5049089265345594,1.890141029491648,,0.4865419849566563,0.8923226838956926,1.051664077487414,3.970161831173668,,1.438623423001816,1.7136712748924208,1.0035581045855433,,0.5129949128391854,1.1492309170482549,2.1518254115882103,,0.8038879592686325
2021-02-23,0.5904420005423537,0.6055011291909452,,,1.2198692126856745,2.5196147738877244,,4.255290869334432,1.31072620430197,0.9483484306487324,0.6975327499425604,0.6167904246125313,1.083835530744853,0.6003410096654052,1.492384868335175,1.9242759456008696,,,0.947084049928906,1.0914312026248538,4.039216358724766,,1.5208546009665618,1.7366895087356398,0.9934551696431304,,0.5793476074456841,0.9565686059160128,2.2059052779016226,,0.8157098050491837
2021-02-24,0.5838031387779788,0.6404447495207131,,,1.280032379812586,2.7134465994682944,,4.348439671718403,1.4250428246970503,1.1233996265223047,0.7623713768602244,0.7462600597871881,1.1626688923039077,0.6311006483337049,1.5946689540689851,,,0.4928380662041753,1.0021631191827458,1.2939922300381403,4.188662694500423,,1.5521274663630729,1.8257820872101949,1.0587545484609442,,0.5922669501583474,0.8322145983933913,2.5792828092083253,,0.9133351994918253
2021-02-25,0.5877933238890322,0.6391833366997168,,,1.3133229740010828,2.715799717126405,,4.333225711157733,1.4134074429728278,1.1440857197833083,0.748530512345728,0.675533789150926,1.1020705396238624,0.6515024443833127,1.6469818120555098,,,0.535265788188335,1.0411310051931184,1.1949030504053286,4.353910970393769,,1.5423184145264377,,1.0013480849526015,,0.5701131849946871,0.8030479736491554,2.5268881077456453,,0.8579145288019984
2021-02-26,0.5690934732064065,0.6115038863050324,,,1.2176276730276645,2.6659411928012204,,4.299995688035061,1.28662358397053,1.0569497901923002,0.7015456426269224,0.6767686305051772,1.0780932700565184,,1.5303929521599997,,,,0.9482157382788936,1.1648637793227303,4.273842750257653,,1.3997037399808836,1.7012987030933189,0.9292503222936922,,0.5433446828258282,0.8213787139182724,2.4575082594923288,,0.7778106669670599
2021-03-01,0.671141073026213,0.7205806067255245,,0.4657817331793663,1.4496611499412877,2.9138765038842283,,4.58769796545834,1.495520233601532,1.2697532478053628,0.7819365793461118,0.7718797387249317,1.2572175382958468,0.6825090193649718,1.672494576276774,,1.5459176450910816,0.4911429397504323,1.0544563694795996,1.3321507298364414,4.696331284018405,,1.5969963175935586,1.9116930986727927,1.018575407625655,,0.5902021226012384,0.8937906039284977,2.809868835048482,,0.9409147995447511
2021-03-02,0.6402452310538995,0.7018537017981604,,0.4268602336461579,1.437077267736659,2.949064375451908,,4.741922931210031,1.4796462795962917,1.3211700557677402,0.8203592195687851,0.7732882075079379,1.3362002011476275,0.6768471871454643,1.7338945859637072,,1.5585267725295269,0.4895558724960965,0.9848981512619848,1.373440499302002,4.840274836707612,,1.5663335769223448,2.003190240104526,1.0590790935631729,,0.5793412094688348,0.8885878177098984,2.9787180000647444,,0.9405518252293776
2021-03-03,0.6208585540756291,0.6698805367558068,,0.4325497937104466,1.4212537828373404,3.155264730458997,,2.976171073524497,1.6650225593042909,0.9949918205045208,0.9844936088251935,0.8083934714227755,1.3786521559337683,0.7245254413352543,1.6761861753968397,,1.5900027809528756,0.5245216967173358,0.9990958869000408,1.4523284658329412,2.63374058131459,,1.617641866294671,2.053603029471449,1.0142529196417829,,0.6013165034300418,0.8607946906199682,1.9857693219000456,,0.45522188608207337
2021-03-04,0.4160497304773389,0.3558866341968807,,,1.365402455106435,1.5643161378353203,,2.90799252684411,1.6257000320269288,0.9693080293954068,1.0013045197146857,0.759803355733651,0.7452327121150647,0.7402726726002788,0.9637473268714672,,1.5002925876324156,0.5485161454559238,0.991013671640554,1.3400577277345034,2.610762075156697,,1.6119277089753046,2.090291678069644,1.019145477492432,,0.5815608837359851,0.7664100637849791,1.9772083002866605,,
2021-03-05,0.3953787657596763,0.3472532227990127,,0.4454840841049103,0.6693374308657037,1.7375144024175275,,3.114168415536475,1.6918588307402362,0.9414750162070452,1.181457258416733,0.8664264551013319,0.7753258758503909,0.9578368323097995,1.0513164061711082,,0.9579839487078792,0.5429210672575177,1.1977275620191965,1.501409722741564,2.787076659506541,,1.8852790246780933,,1.115215284728553,,0.5786678012766788,0.7881625689098168,2.1626528360361763,,0.48061389030611645
2021-03-08,0.4318668496081746,0.3617323901179902,,0.4887664750599352,0.7930275353910063,1.856431489418637,,3.310469010791396,1.9135216174695624,1.04031866192614,1.52599158810446,1.0966489656629883,0.8754405321668899,1.1624076264914378,1.1316485812047985,,0.998007420057875,0.5480056516292824,1.4011048579054262,1.778939860511718,3.006424162226657,,2.194057818820174,,1.3623342747852438,1.3188302842238488,0.9014559038871022,1.0289822819580523,2.3278897985233336,,0.5529005647367305
2021-03-09,0.4005418026128474,0.875251767949862,,0.4724827574522559,0.8207025324484685,1.846185031687047,,3.275229680129563,2.061475277849328,1.0025852304066711,1.3266706449215524,1.1107382424293888,0.8727646141347364,1.1991648202944163,1.147304882262023,,1.0038715383504937,0.5465134250070757,1.2554143758882257,1.8287018396771384,2.93668800754682,,2.2375677418852846,2.778939765532729,1.418653939852224,1.403014043178848,0.7501471498506398,1.188895207014983,2.2291070913745954,,0.5358991893642069
2021-03-10,0.4066860053164589,0.3412297586250613,,0.5219838171560227,0.8495102419349306,2.061402485652939,,3.428388931130059,2.373775244430908,1.1329435423354484,1.4223985403615589,1.2431226805026645,0.9142440263174686,1.2189224896952744,1.1852352139770077,,1.0315917264439634,0.5272626117789184,1.4667849295285944,2.147253843360717,3.086415864574205,,2.473057746351948,3.007572163679111,1.6841383649557764,1.5698080832898502,0.7707542388849593,1.3723355024465758,2.4449545631040768,,0.5977584124020378
2021-03-11,0.395207221090476,0.3481166058791235,,0.5843541040286029,0.9012020464825762,2.043001967921192,,3.306912293030148,2.452340978352085,1.1472177143225226,1.4444210228002252,1.4386341748800562,0.9213956183755848,1.366054690516354,1.193470199206013,,1.0478890725234942,0.4603199356790975,1.4887418825654786,2.3111666803649964,3.119013979838534,,2.650198869035496,,1.6780787018798926,1.873591185516772,0.8159763285494663,1.5607630199728857,2.408135926527601,,0.6013674208765253
2021-03-12,0.3967825974949306,0.3485405609558952,,0.4928957795112373,0.9128966365398364,2.0648667450225013,,3.404456464178044,2.728681824026156,1.2342370980741164,1.6949916615447929,1.4244110944512134,0.974209729768987,1.5213903292649225,1.2243386713181492,3.650096891385925,1.0508291482163608,0.4870922518703207,1.95151656689798,2.4878670690083378,3.178331382464932,,2.8925629708290663,3.0617365638564413,1.754181916091768,1.9326068252497584,0.8786345497745566,1.823273957111298,2.4527039705281632,,0.6394023007744852
2021-03-15,0.4127204150672677,0.3429101783674968,,,0.99686702867344,2.2029683795876025,,3.505393296269961,,1.2491866594933745,,,1.0211116363820625,,1.3081108725499448,1.8045024296187584,1.185259572601447,,,,3.476040628875311,,,,,,,,2.4981603268249226,,0.6726933454537044
2021-03-16,0.3964983885456,0.3401141106208341,,,1.033150090069024,2.259333693348356,,3.568037098746524,,1.2219157724842309,,,1.0072423725451487,,1.3298178355743715,1.802941250473848,1.3308392932160096,,,,3.4649508581764783,,,,,,,,2.4617307346877384,,0.6751568287108901
2021-03-17,0.4032694173734362,0.3344406192605066,,,1.02955021741037,2.297973470409098,,3.638780380920634,,1.2668697373201152,,,1.0520553708051423,,1.3488880480206955,1.8433693258951545,1.4145832113092671,,,,3.5577341020928506,,,,,,,,2.488266666695546,,0.7024047332565161
2021-03-18,0.4258666473635647,0.360648765045603,,,0.9852241597759944,2.4131181479336163,,3.834568520918269,,1.3389418369489758,,,1.036824711743036,,1.3690165670797123,1.7904710426862198,1.4752916315309637,,,,3.7300305480182474,,,,,,,,2.319111822302532,,0.7120206888623266
2021-03-19,0.3930089473351839,0.3354617576827388,,,1.0105158054884036,2.3827678896018334,,3.8206547936649145,,1.3074939383179969,,,0.8775275069665405,,1.3546124380064302,2.0457249421380466,1.5303028857909973,,,,3.7433100444331178,,,,,,,,2.31694231630748,,0.6726412019600473
2021-03-22,0.3596998184851225,0.3150624812591782,,0.306023144318581,1.2244231151814844,2.5828551593300046,,4.0306498188229325,,1.297600251819338,0.5029185504035774,,0.8212670068689667,0.669495614921918,1.468432734311056,2.142884649243723,1.6660383227578817,0.3953752661283798,0.836653825299621,0.7843246460328425,3.960102780960716,,,1.2816658310214333,1.0265816963444625,,0.5208148508897408,0.6692317468722041,2.4588138937067856,,0.7189765825818369
2021-03-23,0.3546588154741592,0.3294088610325043,,0.3001804725231129,1.1976746271366818,2.6585297664355725,,4.357465227457553,,1.2079750374965743,0.4673564461097459,,0.8231138272512034,0.7174378072925659,1.4812216526890805,1.9960549599284951,1.6116807070235528,0.4118129971608943,0.74271618678267,0.7259594731391054,3.9768610213337214,,1.3096143604639947,1.43182245735194,1.029020551186229,,0.4705374472764209,0.6991900372284576,2.454348689108968,,0.6641097829295977
2021-03-24,0.3592317210687053,0.3339721567340471,,0.3239203321195191,1.1519274043220298,2.741909906376539,,4.328592175189642,,1.196785133098975,0.4885782620935157,,0.9231889248466292,0.7648702898047104,1.5940937833327198,,1.6724192851909518,0.4187819589663317,0.8172736993304002,0.8433519669265565,4.196943688305132,,1.3290178301447058,1.4554157812529738,1.0737543188743912,,0.4544675449972538,0.7806244293025436,2.658697116829018,,0.701930822001564
2021-03-25,0.3506331650750354,0.339574998382707,,,1.3271700421468395,2.924936270970196,,4.4370626330777085,,1.2653222773036368,0.5683295031286706,,1.0637407419223963,0.7957628067385057,1.6189036377710346,2.1136751736037653,1.7197873079639772,0.4194718282772856,0.8957461480471713,0.8823472519118845,4.373673288627038,,1.372519754846782,1.5684148371165922,1.0783251183457505,,0.481598465420149,0.8688472762887224,2.75943111353161,,0.7445081751849192
2021-03-26,0.3350887213720371,0.3109805848341505,,0.3225517673337753,1.6180666586831038,3.159225141883625,,4.704004671386812,,1.216464858841148,0.598116512056789,,1.1070301078717153,0.8269569827252218,1.7480289409042158,2.2133751516582363,1.884304172668262,0.4076576734278535,1.018751142233476,1.0027578545090434,4.524866526868278,,1.532313572397953,1.6910192295611075,1.0875451163948364,,0.4807505236058944,1.0060320385399864,2.914439590324962,,0.8261225674554064
2021-03-29,0.3455991576713481,0.336347427713274,,,,3.426737888535016,,,,1.2928094179441083,0.5961513619035613,,1.2218847615799124,0.9582669565906236,1.9263921277964768,,2.094139102979825,0.4431856541142669,1.1052710300871258,1.0881574753524088,4.963398020270068,,1.7290627119450617,,1.267103563789314,0.9879546693800124,0.4718907847172242,1.0447522031284806,3.1773894270831344,,0.9105820241125743
2021-03-30,0.3502447508804472,0.352940227949424,,,1.7028712972268232,3.469156734479997,,,,1.4290453315721707,0.6099792503107353,,1.2631084227309042,0.8919211800199554,1.899750924826297,2.4055335074422035,2.0094655547089486,0.4185751612669632,1.1782731811618694,1.115266290978035,,,1.68052269001917,1.9263297199628675,1.202408511415683,1.04753870775525,0.472727185229168,1.1319832777442604,3.1947822042027267,,0.9044834134019872
2021-03-31,0.3284330096024283,0.3514510296694705,,,1.6888289820102047,3.492570038168943,,,,1.378012637588819,0.5841217848765171,,1.14237095919264,0.913654534458222,2.01239848078379,,2.077694888508285,0.3812706432794985,1.1765641928097157,1.150367767445594,,,1.7493346281379525,1.8894016657474468,1.2454904890984229,,0.467781926300288,1.1700777999154448,3.2152926715796726,,0.9229538165868568
2021-04-01,0.3118226155718796,0.3396845304038324,,0.3081144990122809,1.8497951989074928,3.536402536089522,,,,1.432918967183047,0.6581008084494562,,1.1714399826734336,0.8034604943791344,2.002781500092368,,2.0989055612280048,0.3539961667897813,1.2244922279537815,1.138448822446635,,,,1.9438718637332817,1.3230482033622155,1.0433394484014666,0.5187312598843251,1.2445940234471802,3.350077394846841,0.3800677274573388,0.9826758910842261
2021-04-05,0.3778241704507374,0.484801856266445,,0.3246345052362599,2.1693086864707407,4.3608364547184495,,,,1.565722416317038,0.810628159013513,,1.4187334327881516,0.9868535856061672,2.362360868357776,,2.5806369915090297,0.3753768426288194,1.4583114093188383,1.4784124082629992,,,2.175340892630134,2.307287419591394,1.685371829374244,1.351770179570057,0.5672558018041468,1.6807248242431343,3.8154927446765607,0.5499477033803722,1.2344107074440844
2021-04-06,0.3654036930786579,0.4528014364796307,,0.2966769192676307,1.1599851326680513,1.6385756191311285,,3.281525522953143,,1.7081986722758102,0.8355899162108177,,0.6598768759741077,0.9036509415125414,2.4641971480003413,1.44687961480505,2.580541133687221,0.38982831013457,1.4241106020712375,0.8367181435683764,3.10628229656435,,1.0318046244620451,2.4766350200237546,1.852963331683677,1.5442377222700796,0.6209547053015918,1.0062201946355165,1.7224967058481209,0.3604741204871165,0.6027500794566487
2021-04-07,0.3772789639505318,0.4747205050864919,,0.2894595392150201,1.1373568809113386,1.6766045374370315,,3.278864308439357,2.4191952976287947,1.7821076046354876,0.9106534341397994,,0.6716775237068103,0.9632636268667828,2.611455965675707,,2.7182356754954484,0.3743555125177106,1.4664603652686916,0.8294760907434929,3.144527360176141,,1.0581625773460357,2.6135039013902643,1.9467913958989704,1.6071404057492351,0.591639612945252,0.9989380043455012,1.765322010986256,0.4435411929634071,0.6152711931381538
2021-04-08,0.4392191907732319,0.5028545031894482,,0.2975310822897533,1.1475820869789255,1.7047192538681042,,3.1714239367312915,2.5702441837834216,2.072706161580273,0.9378620962061344,,0.6383189031266195,0.9903140493269986,2.733857654840852,,2.79237453494975,0.3645586731435868,1.5637635608577432,0.8713280866338627,3.2074793641512485,,1.0734547290320406,2.745853000327925,2.0091695618438195,1.5060926916495865,0.6021739078308418,1.0340426475216216,1.7370332811531797,0.3271140487873287,0.628749827961948
2021-04-09,0.5562721750529056,0.5309063999970678,,0.3231993235011701,1.1883794725738546,1.751141858926882,,3.158099072025391,2.7818834179548486,2.1409179545675623,1.015905628112484,,0.6618711913580625,1.2964464688988468,2.802877511817211,1.5975096947225422,3.049658491904162,0.357638347775311,1.6637621107063911,0.9974823022211792,3.300983845935688,,1.0605769106228673,2.9548363153566024,2.200694226181385,1.6881858417958882,0.6418002712983205,1.1028475813153873,1.7461330357634768,0.3177277070353295,0.6478247970615976
2021-04-19,0.5474732182952072,0.6244681908084502,,0.355730519043222,1.4449353505401932,1.8971562495937884,,3.749851146514164,0.8822400445702309,0.8875067487945425,0.5069923067191605,0.4301453140876439,0.7777110628676545,0.6295072015349574,1.097015665665667,1.9193482163165696,,0.3538857638473173,0.7745112134121761,1.211697266463105,3.812745507734743,,1.2038119555928748,1.326005198602352,1.0991509345745858,0.7712814584634378,0.5986889492338426,1.385582370903397,1.9899455580021264,0.3883783492732612,0.7912628572345038
2021-04-20,0.5322550844175316,0.6443595860508403,,0.3494685491206907,1.3638631897236684,2.134094420634631,,3.816356255931593,0.8268121504307799,0.7851241250138017,0.4911851700661465,0.4175958128349938,0.8213285176732066,0.7005895599876861,1.2021231250547626,1.9310994020604555,,0.372097744334752,0.7294096963225389,1.1562861165741785,3.864505550496179,,1.2885361609985797,,1.1336805657617677,0.6712445212594812,0.5613939753883165,1.3696185651486867,1.9255499773857927,0.4001803502832887,0.7612386198136974
2021-04-21,0.537110770952151,0.6613233745086432,,0.3537244886492607,1.3928690019999912,2.4258232831267854,,3.85010480993936,0.8584615892574037,0.8096362084820798,0.5008088359994108,0.4631278923590746,0.8593984925303133,0.7346613054553639,1.2636280163415743,2.0275913538572667,,0.353733057112239,0.7953598068896319,1.2391039991398842,4.033891604829232,,1.2764776439053978,1.4518484703643235,1.1651803097857107,0.737376795606745,0.5653632498014166,1.4197868779759977,2.05626750261333,0.4204867398653396,0.8048544612509108
2021-04-22,0.5264415023777463,0.6344689025214506,,0.3643940505494661,1.3742102079981993,2.35572286945065,,3.8013759139088905,0.7901131569722384,0.7756956390667948,0.5170367784147056,0.4833520423979751,0.8429212890085757,0.7251410036974842,1.2267145222986944,1.9784916619217328,,0.3813527110528356,0.7667330662398584,1.2349339068655991,4.102465204551723,,1.187231722170046,1.4740823904878115,1.1896126302849102,0.730390950948202,0.577365062793227,1.3784589851726543,2.0113554617216867,0.4460838794178257,0.7916300490604613
2021-04-23,0.5528926462694582,0.6834255178924923,,0.374599836391527,1.4241869131911704,2.458855368569665,,3.892175850342118,0.8705167166788694,0.8664946289343269,0.4200840723283165,0.4957981651605143,0.9021618041800736,0.7662482439677433,1.2564466355935375,2.0159092229294933,,0.345845009097619,0.803287146977003,1.153705435226405,4.252162186390176,,1.185655219705765,1.5224523349320085,1.2407019919174314,0.7615168492413117,0.5829124731914541,1.4439226061672383,2.041430345321498,0.4629984422813804,0.8305526328875946
2021-04-26,0.5939684103247322,0.7410126101318827,,0.4113127711375994,1.477962163058006,2.551663224111894,,4.075381320053341,0.9216987232446772,0.9747311248209412,0.5472720271198219,0.5070766799032953,0.8971072228829303,0.7456122549223538,1.266063703617642,2.063268292034233,,0.3633486308345509,0.8390221114102173,1.137850495732052,4.390202752606617,,1.1401180529116508,,1.256521319290968,0.8273432726908412,0.6220173151606965,1.4517653227834473,2.1604621541530338,0.4553127121794602,0.8688902199234353
2021-04-27,0.5833669907052199,0.7626938234660133,,0.3957861211232275,,2.61810840973172,,4.067030169992588,0.948029153401413,1.0334818922447453,0.5531712116275799,0.5041820142944433,0.9221866130443857,0.7622341773144508,1.271286424138008,2.1230607293889627,,0.3432307110735552,0.8578954296722554,1.2117868123797233,4.244449047795729,,1.1820330722107604,1.519374845683646,1.3539176287443238,0.8691516731910135,0.6404105707052999,1.512166318091506,2.2759072687673454,0.3815359136778796,0.8729259449981857
2021-04-28,0.6276010636745035,0.6798388991850922,,0.4110591921956022,1.5095970850552407,2.722930047005653,,4.231557046354489,1.0047411994615143,1.0755616232294978,0.6019727716158079,0.577686878408659,0.8753079455276073,0.7683164064768276,1.2417831377245772,2.1287333712286154,,0.31566753547997,0.8963693483990557,1.2500652116492486,4.414786319037595,,1.1821105550462052,1.5625114751517304,1.3123047594102568,0.8328603117756107,0.62087134093862,1.524696532587431,2.5011166446602986,0.3798819118982582,0.8891062705553044
2021-04-29,0.5611261325319554,0.6212027530645252,,0.4073803531977079,1.708614867022328,2.857707110737033,,4.383318273101943,1.136647616802306,1.1532221806690612,0.6598060130934195,0.6538829214195403,0.9261700035231504,0.8776076351876059,1.3431674319552986,1.8591055272958943,,0.3021917094814104,0.7992380419366564,1.2461107463413204,4.619625588886123,,1.2736801876231334,1.648914793771569,1.4016712195593677,0.9549509779390122,0.6679067924745422,1.6395163406133584,2.6451929625154778,0.42432175140839,0.930696053809374
2021-04-30,0.5320117789669172,0.6383393717864739,,0.3831756638721749,,2.7989091246512863,,4.54841887511752,1.1355651210770827,1.1242178000522645,0.6339209324440509,0.6040716962381328,0.9116629196785176,0.8557939777038074,1.3324689708600654,1.9994535257039328,1.6063916146219892,0.3118219164734323,0.8178199740083822,1.283613229946521,4.643952440574116,,1.331837741264738,1.6392930726653394,1.4592878865595604,0.939157388557582,0.6948458058405182,1.6501223829693374,2.4606900887377403,0.446722200628486,0.9367700410606122
2021-05-03,0.5955445046912319,0.6752284567141393,,0.3417649394451313,1.7083331689299466,3.180518340559971,,4.948844186569728,1.1890957734755776,1.2180949216922157,0.7120373095930291,0.6329736316597772,1.090092974212829,1.0308382021683715,1.536434277128412,2.239779892074119,1.905483077368948,0.3010992528771061,0.8781906056269254,1.380926778872231,,,1.505995628309346,1.8664740450304689,1.565566305162468,1.013353550564953,0.7442079489793921,1.9136876178555315,2.7874867618715995,0.5336480578666336,1.0445667606787576
2021-05-04,0.5220578277633788,0.6445486529268739,,0.3434962755530887,1.676996193547077,3.307792512480845,,3.217269132030227,1.304431409461413,1.270522407626757,0.739570691916039,0.6284902842561388,1.1745007806884733,1.135350598253179,1.687729303625402,2.333027213816248,2.0521877266787274,0.3501765705794994,1.026386584901103,1.492788570693844,3.4579910729496395,,1.5497581581198598,1.8873444770403467,1.5507078545359434,0.9987512639222256,0.7500595012725307,2.002708941027806,2.9176244386401184,0.6256836194062023,1.0769179573987888
2021-05-05,0.5269799346254763,0.616132268065661,,0.331908163329312,1.84589456462709,2.267810736347752,,3.2234872990472527,1.442913023219021,1.0425116401560797,0.8014897277611778,0.5731872264344036,1.2014484982948872,1.1544579636265804,1.7366744559540797,2.5540510016355644,1.465534773843967,0.3302899890233858,1.1876047178146183,1.1374279662988034,3.565386642334272,,1.5295460110605898,1.9048428852783807,1.6425772469641318,1.0624633641842465,0.7026534467690768,1.3770396341021898,3.22020078017364,0.5632854623822358,1.131341360146309
2021-05-06,0.5613698235828456,0.7022562477335493,,0.3322310947229931,1.2067908664474043,2.4003972969170886,,3.3044014339205305,1.330694041509063,1.13519512548506,0.8561494640211988,0.6454101183517313,1.1462568042880827,1.2711279110746323,1.2837541001414,2.6961365562192725,1.4999570794849246,0.3072651154443422,1.177635830242452,1.1608205457120506,3.629429775260584,,1.1513692892799376,1.96438070168949,1.675470332055472,1.1494594431876075,0.7262290492084976,1.4452516681360454,2.0920041999491987,0.5933104748006979,0.8224783421619689
2021-05-07,0.588910648547317,0.7625131964863703,,0.3162481385531015,1.3108308065909964,2.2620477512967314,,3.312471850326123,1.3871957150650382,1.183564116958458,0.9611802801165684,0.6802044356104162,1.198048327838105,1.346321096602277,1.332298271020382,2.9002279035441174,1.5720374244889566,0.2900670658731482,1.2200509653075586,1.2073090125154176,3.687915992916195,,1.158562431651477,2.114910975291084,1.7435242675167837,1.4063414559678555,0.7954000425241694,1.5038966846691668,2.1838315981203817,0.6138734393288693,0.8637357831795055
2021-05-10,0.5709529598183908,0.7848012799189285,,0.3419051025412823,1.3342567553860047,2.38407155611543,,3.5429045560870787,1.4475563066629449,1.2317628274927448,1.0806631612834725,0.6437295087891413,1.2605902735504226,1.591676295857856,1.3955747080081238,3.236608549911287,1.5984614659017322,0.3401140123917039,1.3164951958721258,1.3015560862075355,3.975794846865441,,1.2868675507934673,2.4279021116450754,2.0709120858198293,1.5157278238637346,0.899972997453937,1.582838096523929,2.2424133836618343,0.6740175677032968,0.8864892228317124
2021-05-11,0.5672198732810492,0.8040378239759362,,0.3829463080804908,1.3164733274200422,2.347125456228452,,3.4826358162707574,1.3855067853926086,1.14356108103776,0.9462707761048644,0.6439732589740088,1.1780003154175058,1.4890782663072226,1.3992648107768426,3.2567345037444,1.615755699081773,0.3704937208926376,1.2724032805712695,1.2665493763932367,3.8964675488555263,,1.2817900260960653,2.453735792685414,2.0389795957959804,1.6564257486231546,0.888540792936122,1.4638121812944047,2.1115286826675512,0.6376389499371196,0.8389639691189258
2021-05-12,0.5622467105248738,0.6895584735255088,,0.418047743230069,1.2448846042445925,2.273152752330748,,3.533872785862606,1.3965589446472335,1.12340596959411,0.9434335655621068,0.6088027395854382,1.129634698656179,1.4582675631707722,1.409515793740769,3.67892299463413,1.6136256206209532,0.4568094218760695,1.2639307433308256,1.1293837981684731,3.818605545162725,,1.2966162656550957,2.600005653115858,1.9452273612845985,,0.873707281817367,1.3254830505546666,2.1726984964168783,0.6329590826672333,0.7970624435916819
2021-05-13,0.5957966819932242,0.7512451485310023,,0.3810897063914306,1.376164565965812,2.423864653182441,,3.63762319257684,1.4748546560482851,1.1749054045729006,1.0202978086096677,0.6824407737921758,1.2518145352447734,1.625429472487118,1.4781184578924291,3.900451873983494,1.686660745966087,0.4071360305429837,1.33502186592392,1.247259580117817,4.02235059843732,,1.391399452201291,2.849277457289044,2.1446659015578864,1.6454294493364323,0.9234668794113604,1.4527604451429774,2.2295839424932877,0.6489036196017028,0.8438598578579111
2021-05-14,0.6844968700429139,0.9199299913837514,,0.3726132010722551,1.407629669309196,2.4693196301302303,,3.646293199823361,1.5898762437328553,1.2922760788299676,1.247834969778637,0.810578463498916,1.3214763743311295,1.7404148166581934,1.5072889712010906,4.065908249125607,1.6575714149661556,0.3176137888708135,1.365947531558855,1.3008562593297897,4.104483770969254,,1.3771566499678172,3.033471292540572,2.372309411401907,1.8457791636983445,0.6775429305002186,1.431714423075175,2.3485824347656763,0.6465201622220766,0.9093087003800658
2021-05-24,0.3303130068520364,0.3975506325474159,,0.3936534972023126,1.6584459608134172,2.9174505054266904,,4.03571154264079,1.872395808733448,1.5040806087471323,0.7027805026848662,0.4266490650277717,1.509834080039935,,1.7530905623281583,,1.868006162245808,0.3165839619024443,1.5536994034624645,1.4820196136273585,4.739531926919164,,1.639369817180207,1.6044821258608073,1.2448427784920828,,0.4175840463173478,1.5287363901342468,2.5336558340580764,0.7472437737071012,1.0651708036090555
2021-05-25,0.332707693788152,0.4161747548275908,,0.3989005211446667,1.6804077927103953,2.9572426764306328,,4.079165069526385,1.860193026336651,1.4817959013283193,0.6947067989048238,0.4290613609005519,1.4746639181652053,,1.780012829729228,,1.7614446641801265,0.3098570999984143,1.5453466191756182,1.4826868877639667,4.802808781406744,,1.68363297870393,1.633820800165456,1.2545447802183118,,0.4562085850880469,1.585847008640051,2.462541514413987,0.7598410825388616,1.066108749245843
2021-05-26,0.3231935231070204,0.4075322545582036,,0.4053864704759244,1.6908845702586217,2.993307520150381,,4.156257796781021,1.8843460033213413,1.5746972430000816,0.7190754418501254,0.40776309076336,1.506778323515841,,1.7906125719274588,,1.730583167266757,0.2987004653364621,1.588739597627986,1.497853874223864,4.855553690723494,,1.7157138894315216,1.6976634125189995,1.2965475171094498,,0.4682233521219096,1.6576340803001517,2.5661330331958228,0.7796600632072522,1.0937721476471423
2021-05-27,0.3134726114743204,,,0.3951064644762412,1.7224720337356678,3.083239929573665,,4.224124741660214,1.9954083444247863,1.6641052379226435,0.7678556913113057,0.4017658167894165,1.6053210894557048,,1.8198520040510648,,1.6768141094004578,0.3187783495201968,1.7047144240329468,1.7159213552065349,,,1.602397406137861,,1.3807076938451623,,0.5039559255842416,1.7176963241251069,2.5328079682801627,0.7904932671934245,1.1674677923269907
2021-05-28,0.2979156849041484,0.4055516898576887,,0.3153008330037777,1.730600608809998,3.1528672400175832,,4.435148771274065,2.040206496100005,1.7132008081512051,0.7699538912390232,0.4217583697376661,1.691095318195562,,1.873319224295649,,1.7858106028368437,0.2997301457473874,1.7890233942489968,1.7312714042382709,,,1.6240456675854935,1.8501299736203691,1.392291610668282,,0.5209465575809207,1.7724728858518088,2.6594196298335238,0.7536827038427114,1.1783638057896137
2021-06-01,0.32829732087153,0.3895881557977209,,0.3271954056613622,1.9244154389243384,3.547856988538676,,4.842292708628596,2.332459773883994,2.077614593036586,0.984195343463919,0.4438394184295318,1.9156229776963307,,1.9366739001613305,,1.8421256212995127,0.3339800254703434,1.9933171327471209,1.981052349381664,3.3170886825901458,,1.7437591295057688,2.0095293324728267,1.509503759366426,,0.581216994781972,1.9096017431595096,3.1205338147895185,0.8354241438217024,1.3171903226216275
2021-06-02,0.3262583314300172,0.2474348468222503,,0.3109430304182412,2.011299858460033,3.7075819890301394,,3.0245933828041545,2.4067217666814247,2.182329567758355,0.4517282783534672,0.4939271097450008,0.9182222797238504,,1.0761155211874704,,1.9423831695185927,0.3167197319479142,2.0197305721237804,1.9964542142849515,3.3520918796720185,,1.8114043724171376,2.036397582938713,0.8456278852774092,,0.3242956919613055,0.8631929554204445,2.149339277596906,0.4264047763587898,0.6982816648556452
2021-06-03,0.3282902101797028,0.2542919323293011,,0.3041485619855751,2.128717067485112,2.251350202321502,,3.139228372544141,2.492012077112409,1.2018468609069295,0.4718497207592537,0.4853159358776054,0.9454463259148898,,1.1059483284513276,,1.117820565459284,0.335560433848662,1.2601161878297669,2.0098432555473327,3.406947444824969,,2.011872172216444,2.1717543956031378,0.8488431177554774,,0.320579378100262,0.8504594572107348,2.1743462998577106,0.4336132133973161,0.7097036298378125
2021-06-04,0.3441630427431066,0.2526609001090886,,0.3306081881061065,1.143210084200415,2.3385720223176003,,3.205168242097573,2.6086161078546883,1.2489628444228549,0.4606594930244992,0.5059520047309073,0.9279505416510374,,1.1199515671330442,,1.151553751504019,0.3192952036364022,1.2757900263961963,2.112205119877363,3.5197415577837594,,2.088414887672419,2.335574871271449,0.8698311653359327,,0.3183800254911073,0.8512404250926072,2.197663545375587,0.4192060495275518,0.7285837126806898
2021-06-07,0.3745206716084709,0.2626196425923829,,0.3390667014191989,1.174912973367915,2.459966284643896,,3.27277538902212,2.869714340876253,1.2410451813353174,0.4864346881581033,0.6231875511751345,0.9013209787354812,,1.1273835543519786,,1.1911566901725033,0.3232116809713973,1.2616505658952228,2.3716896407030514,3.584772175202773,,2.4087937940607924,2.607373185672395,0.8712701555085224,,0.3153264021711221,0.8634845200088215,2.2783304345073443,0.4281507821911564,0.742840568305198
2021-06-08,0.3860294011960282,0.2592627144381202,,0.3426189742809665,1.2069372791810242,2.534910589003028,,3.3548776295618508,3.0450695503900853,1.240716012109219,0.4986268174392972,0.6512767164157444,0.8893050176811914,,1.0738334071581737,,1.2185393329643737,0.3285218546325285,1.2896801483549845,2.52389283696308,3.626796599472341,,2.4200063965118708,2.6622050906189405,0.9185407325202932,,0.3171875416216169,0.8922491114073673,2.3390204272553388,0.4198539111324128,0.7475031215729703
2021-06-09,0.3973442730978093,0.2597807637718847,,0.35110235182755,1.202889901797484,2.606533497478856,,3.361250235768189,3.0932886471483387,1.2344316978137502,0.4727642982472567,0.7047522228099719,0.8563982735383968,1.7827439978590678,1.1544145591790858,,1.2626095596046163,0.3320392183145363,1.2442681849667931,2.564266241646596,3.6480544955239056,,2.551989104029493,2.76796915215,0.9147433491140708,,0.3136835447268689,0.8664399971906094,2.340746792808444,0.4264964753687265,0.7483345589741764
2021-06-10,0.3657222147138274,0.2557078259908991,,0.3691350849127458,1.31358180087152,2.654050143540214,,3.5451662187283755,3.217287815928428,1.1455857093406063,0.4456519545687076,0.7850816044175676,0.8465534544037611,1.922291446210064,1.2076211701737398,,1.3743656048707846,0.3085263995035754,1.1150454536606786,2.6813931532794357,3.719022224271112,,2.762565634805958,3.048241971009184,0.9614494420522344,,0.3112128166757603,0.867872298441654,2.383674140537235,0.4203571461721428,0.7502520798354941
2021-06-11,0.3774729294526762,0.2475208518174909,,0.3721395846320237,1.3033650041319136,2.647305870948367,,3.446449203115391,3.309705021328964,1.1894263740449813,0.4829116467979092,0.8707231175369515,0.8541464098211249,1.9375709122937592,1.1540666432669353,,1.3649638609976742,0.2861100701362019,1.0227231308004183,2.812711593448133,3.743981423725614,,2.869943195970428,3.25771714719524,1.0161973113441465,1.7165861697029463,0.3132665168013249,0.9164350095178646,2.394692845063464,0.3762889481543149,0.7562748577662104
2021-06-21,0.251403570874102,0.2852527805198998,,0.3437284235786551,1.3871527918575302,3.01868038391606,,3.9815630754597295,,1.147591364796805,0.5456385491375132,0.3068125095326482,0.814169523939785,0.6717189793944494,1.351423425578316,,1.54828376450138,0.303462847992111,1.077875075448008,0.8688132461305343,4.155095444177486,,1.1152829464670102,1.3192827089673764,1.0937734389375418,,0.3157202197628715,1.0178326224368168,2.7328256632385357,0.3862889440243541,0.8316853674153706
2021-06-22,0.2584871162232263,0.3036308026594114,,0.3358484799217904,1.4349020531756846,3.055630665764985,,4.066914322525118,,1.178099225348926,0.5471499812700658,0.3114185944482386,0.7914851072103595,0.6808689900085695,1.348990448992921,1.4883729376631665,1.5688637203859046,0.3109000352244289,1.097753770451582,0.8662254310549231,4.22347630804852,,,1.3854277368777776,1.1544984758991794,,0.3103221807175785,1.1279913903588628,2.844628586111952,0.3972113683575706,0.8487470575999803
2021-06-23,0.254711178938646,0.2991259199010752,,0.3241353101037137,,3.057769248532777,,4.205421428803901,,1.238572566609513,0.5681530088372607,0.3026821398697383,0.8179012740761242,0.6541891233650176,1.3781319283571642,,1.5825839821258554,0.2967591666279564,1.1056986124567707,0.8779540758023757,4.214150464738792,,,1.394074456669886,1.1781554609151523,,0.318253212128622,1.1245778796461772,2.8508045056879934,0.378097430607848,0.8568867872985704
2021-06-24,0.2534643995460313,0.3032210553747452,,0.338996359148145,1.4326694594596183,3.1584986299460422,,4.241368909368216,,1.3835343713696575,0.6129632994810217,0.3124926652153437,0.8782625446107677,0.702994891138103,1.422290016849339,,1.665353060277495,0.3079857946429322,1.2963221291045712,0.946853050211905,4.3148825192926505,,,1.3722480621097042,1.1894036765636369,,0.3562592317801512,1.1512361558110202,2.991052452837519,0.3621066832203722,0.9268890347047163
2021-06-25,0.2492619988034296,0.2937926848361801,,0.3702126469835587,1.4942662430175178,3.2377122144136994,,4.362424982571171,,1.3992283648516186,0.6513194214665271,0.3175660680110243,0.9865975779332103,0.791224860307579,1.502369226637439,,1.7886215773847594,0.2819019064102112,1.209943580188226,0.9993764883150515,4.508972922251313,,1.2765034725884064,1.4120422486057351,1.2049212384964307,,0.3566542827039157,1.2000280023928327,3.073696426277805,0.4012412118948533,0.9808474622811023
2021-06-28,0.2509318224150038,0.3356451956464046,,0.369816430949921,1.6025756572880778,3.456161776219518,,4.665712230839251,,1.5125226792080595,0.5896414813285987,0.3292705122517516,0.9301541979827972,0.8045569228152897,1.5998658000869224,1.84930645204341,1.9140627343628025,0.3209082564281667,1.3117861952391137,1.0034269645627494,4.913586010544361,,1.3729602948362525,1.5031392304499076,1.2531524620549634,0.7064300631920054,0.3652293322546462,1.3315585980777502,3.0910587945863317,0.4074235400349849,1.0252366669368962
2021-06-29,0.2473606862026023,0.3697837410743871,,0.3794965009378196,1.6428338667272997,3.586625902335945,,4.767367264983246,,1.6151476148754007,0.5773634744982982,0.333105640793277,,0.7802235749053652,1.6402883555167251,1.9446034642131176,1.9477487778748923,0.3282031223805559,1.3336410121625546,0.9883031351802224,,,1.3573065334721734,1.491254743150482,1.2880809525274952,0.8587596972832259,0.3382354241625799,1.453202183396462,3.143192122483013,0.4149786493600365,1.0619483435041965
2021-06-30,0.2540505783389205,0.3644449474522219,,0.3683041583864084,1.7421419445971038,3.715723621000306,,4.941559289185217,,1.7685481094520377,0.6259518971328036,0.3236390808226688,1.0085668314094651,0.8190921375055936,1.7385299651824793,2.0370871577700385,2.04512779492082,0.3006942295913309,1.4392820370523118,1.166188585296956,,,,1.5676078525708057,1.3171596187601695,0.8347660011374131,0.3587622270649331,1.5290052554777227,3.3221657411280083,0.4314333537302439,1.1442182782340904
2021-07-01,0.2552499183373173,0.3810087196954178,,0.3897641867156124,1.838056614881398,3.858307839174508,,,,1.7575095979114508,0.7007264579876402,0.3221494036278556,1.1351892497365033,0.9181493011310216,1.822481914419064,2.1074935611192545,2.177747434577699,0.2877118761203548,1.4411466602530207,1.2249694198173977,,,1.4860605484791032,1.5905533586805525,1.3979894138745377,0.9941115373892452,0.3774181353456116,1.6370740303565223,3.468383750795773,0.4676232206698386,1.18267332944474
2021-07-02,0.2783538146701562,0.4859899415767431,,0.4502146230387799,2.013629020460913,3.5682498893314984,,,,1.80155948648312,0.774331147581151,0.3548784797158177,1.183359893932791,1.0266445021714117,2.055541955844213,2.205405494601998,2.3419881416018367,0.2552629667371407,1.5622689020524094,1.2930084824015666,,,1.5770612207500243,1.6892240905930695,1.5091191076140744,1.114721814158624,0.3770701220501904,1.7235205079679938,3.6447899806231794,,1.251801479859956
2021-07-06,0.3150345553429696,0.58658704029354,,0.6085152007886815,2.11201859892871,1.9719367727113204,,2.9645440012462068,,0.7464071443364724,0.6889085055535515,0.444160116256735,0.5928767130646543,1.2267110367653222,0.8541741414774205,1.2160562597455646,1.623066315701493,0.3356928051248909,1.662412077592065,1.4051665178625832,3.342334053720476,,0.6480751327113412,1.9711319219663448,1.7561501109656217,0.5201817877453183,0.367247205120474,0.8633072810697985,2.215266022380181,,0.5957819421334264
2021-07-07,0.3368097064298666,0.6851607250308923,,0.5286593458973747,,2.041059769328058,,3.0012093214529205,,0.7442204457691138,0.7213838740545481,0.4970253467338708,0.63135503734511,1.3091716450826836,0.894032452549314,1.205503776139218,1.6271785444097877,0.3282757709296423,1.7565085959420284,1.5717924904239469,3.451547834499928,,0.6812517498587054,2.1067259703486867,1.9179406571826847,0.5192108953869957,0.3578697985098091,0.9248121272185096,2.2184326188330443,0.648681228147881,0.6410773994172948
2021-07-08,0.3438489582051066,0.6708095511063344,,0.5223733370556828,2.3596945790202053,2.037803188196793,,2.904637295654585,,0.7025118131017934,0.687360301483926,0.4497912934409896,0.5876649918361406,1.3345130214688818,0.8981969996897494,1.1996414922748702,1.664712250278786,0.2942683108363979,1.8276864724434985,1.5783766474467766,3.4609320893268305,,0.68991020051822,2.102521443432754,1.9063069507030963,0.5397399037173377,0.3671908650369975,0.8816007757005563,2.197707650175079,0.5592307214219356,0.6080341256619579
2021-07-09,0.3475711452010902,0.675027942586821,,,,2.1417893119542253,,2.9811752454320004,,0.7870213277572943,0.7467664914045329,0.4554587507394427,0.6715270391467191,1.4752258722566358,0.8908075997755194,1.2186360165321126,1.7034497122483483,0.2894217323286208,2.159185693829717,1.972653484566246,3.5906711086706795,,0.6909468515497146,2.424476113682352,2.2292111552354106,0.5375385112933221,0.3885875719172911,0.9335970215091456,2.3098912445916397,0.2975697909892111,0.6695912454661631
2021-07-12,0.3406343639989357,,,,,2.197794674425848,,3.107466806276904,,0.8947007574780943,0.8286578906882834,,0.7015882017886148,,0.9668334882107896,1.2500696427055835,1.755786428632888,,,,3.682007416500835,,0.7138008385712241,,,0.5657644482062937,0.473738665107383,0.95154156152277,2.4146733734289945,0.3117285726126943,0.6993080703608485
2021-07-13,0.3512261171544839,,,,,2.2095331305832624,,3.1442163547991298,,0.8414423350934732,0.7976182385745668,,0.6850072489270338,,0.95697110412746,1.3317289226185065,1.787936099241497,,,,3.728483673719423,,0.7126216096245358,,,0.568160858197468,0.4707624468111061,0.9242124846831214,2.446623790312223,0.3124227198368772,0.6999847825463718
2021-07-14,0.3811588093239267,,,,,2.2322179703166087,,3.199399350081979,,0.8383666519312516,0.8203680169521135,,0.7212788693474366,,0.9740033420322488,1.277109860960277,1.8144527421381804,,,,3.8944233893369056,,0.7528316221366037,,,0.5679761731434222,0.4679157664022238,0.9593630819598864,2.355742456260696,0.3168230159908996,0.7072854624299827
2021-07-15,0.3730963383888491,,,,,2.2797773380581416,,3.2734585199172,,0.832646290631504,0.8099143258095501,,0.7442159666665964,,0.934189985295492,1.2997947533828076,1.874577021320427,,,,3.9047381427091263,,0.8180743459482492,,,0.583597542794608,0.4801822485471443,1.0003879064712056,2.3499721057168634,0.3155281037466592,0.7177979451389886
2021-07-16,0.3619552237169713,,,,,2.2390794415394666,,3.399585618642697,,0.7703444508727358,0.7866870422949246,,0.8136295246343123,,0.9582975738100522,1.391690508525352,1.9115300941057147,,,,3.8890760506956745,,0.8683691536408193,,,0.5632221850776683,0.4345154623569077,1.0160514321673162,2.254636739805141,0.3367620778802805,0.6937252413348358
2021-07-19,0.3732568884905395,0.3060730509621243,,0.3036037688498328,0.915156047713254,2.30816903176267,,3.363645278124227,,0.7408154287107781,0.6997019998032397,,0.7133423877861481,,0.9614951220884198,1.3365647586652247,1.974070720028056,0.3887320951351806,0.8523223375414493,0.924781912754207,3.9631551504582343,,0.9062094005247304,1.2726699063213462,0.865894691233065,0.564619033888074,0.4296928908910713,0.9942617734557808,2.2175652664531755,0.3593160213515126,0.6704195422001088
2021-07-20,0.3825590451479718,0.2922851975302761,,0.2732731155126245,0.944856254364804,2.403514683580541,,3.42564945115861,,0.8170935122795164,0.8164392382602795,,0.685099757837205,,,1.3472801842454938,2.022507895300338,0.3387183326995859,0.9099672369937456,1.0755828155367635,4.186612563248268,,0.8756887417031249,1.2983100567598225,0.9972633474227032,0.5847598106228623,0.4397193356914517,1.121673735834206,2.340113442483641,,0.7489339963273387
2021-07-21,0.3729202635308897,0.289784617339925,,0.2725552469554472,0.9765057968466174,2.540112830020883,,3.5224426570385194,,0.9136482727577684,0.8964961284058169,,0.6904422299576465,,1.037674196453557,1.3022237000378958,2.0051611191120062,0.3339157927400997,0.9636844555712086,1.130422138719067,4.240922416216063,,0.8956604118617376,1.388256486201952,1.018187624956626,0.6019814545190133,0.4358425768584936,1.1430076094901518,2.536817693895866,,0.7791430577173554
2021-07-22,0.3839143064042823,0.3216268345530972,,0.2876052270964137,1.0517317739507357,2.5447401091392443,,3.564263677274946,,0.9095485120377628,0.8754059952925715,,0.6082473516793931,,1.0882622089338132,1.3604608874795885,2.0405509767489343,0.3322991299419495,0.9634097246557616,1.1554598585266185,4.292594236573505,,0.865821314228652,1.3966189902021986,1.1066378646364896,0.670370425693304,0.4273525978802254,1.1849202676501038,2.530918238697535,0.3644534570898373,0.7934630298997483
2021-07-23,0.385590589089234,0.338956693346047,,0.2827114186932926,1.128703072154916,2.615167746212856,,3.6368555101400895,,0.9320647331906176,0.9569889917922396,,0.6132125837109815,,1.1640337254885744,1.4534529026486516,2.1402039106734323,0.3282861826711348,0.974866576527494,1.1127444066093164,4.382184945493682,,0.9561313585066552,1.4698298693536334,1.2194354978296191,0.7483998185963547,0.4325295521072032,1.2706506750282158,2.579718291732088,0.3908361657036578,0.8196320642125587
2021-07-26,0.4050092520281891,0.3524191413990961,,0.2931189662485997,1.2445038604404788,2.820203395131663,,3.8166900785612192,,1.009971914544201,0.9895472377577056,,0.6711280791306251,,1.235834164118653,1.5169039409253242,2.206528044059235,0.3474366074631661,1.056468520901042,1.1784497306565338,4.69032012859778,,1.0264602476531586,1.566965943705457,1.2971051632285644,0.7056563013379791,0.4811466796487081,1.3332134469767465,2.8080776187030705,0.4126437823892301,0.8924144731396922
2021-07-27,0.3982553576997312,0.3606914823015225,,0.2892972177310343,1.2267791023935264,2.903473148252687,,3.9537152641962665,,1.022454355685721,1.006697076117821,,0.7006537233366988,,1.280735034544899,1.6352310930002232,2.252781533465029,0.3617019017471856,1.0552128091596698,1.2225350214699309,4.722961040958616,,1.0704245999029167,1.614693292568521,1.3787939205032762,0.757066203607,0.5125342200538578,1.3034662977566438,2.824407072078658,0.3522146011583164,0.8752539802603936
2021-07-28,0.3378275080918761,0.2961682609797115,,0.2753102302818009,1.2003385540333582,2.9152788767218105,,4.009735765030784,,1.029291802893038,0.9767437359029152,,0.6286171515957704,,1.311798998366403,,2.2989044132221994,0.311150903084963,1.0998372288589262,1.2622169514587704,4.75309620211825,,1.007894103259296,1.6058859672813577,1.3053956250532306,0.791101930245636,0.5039655708890736,1.3132177696912866,2.955844137156153,0.341092415927986,0.9063866451677309
2021-07-29,0.3134278807373201,0.2791126468255972,,0.2733197751632124,1.2485431279280588,2.9633784556085287,,4.112477940953786,,1.0831942769513716,1.0425882737343706,,0.6953183984006909,,1.3110242394206322,1.5830595124434197,2.301798407479468,0.3040434274951493,1.1605312599783777,1.3307512431355797,4.843055974595362,,1.0338861530618793,1.641214291421239,1.365301928404307,0.8539539868904304,0.5012505079216757,1.35054140562185,3.1069993200643187,0.3461701690341201,0.9409290879357944
2021-07-30,0.3183363409005498,0.2727324796341822,,0.2665062037909222,1.3044489228380802,3.024826221869368,,4.166175103486896,,1.074337372910455,1.0048955538932285,,0.7069618476387425,,1.354013454454335,1.5973506773780497,2.325625086994713,0.3071490931234312,1.0342928936342362,1.388641388123044,4.940817562581136,,1.1541064771449108,1.709800029774864,1.38407214949982,0.8793513431937706,0.4863091553062462,1.3982506093185716,3.112361110563244,0.3692919174385503,0.9436859804576665
2021-08-02,0.322364126368331,0.2809346496418505,,0.2709507585436146,1.414107743847561,3.268113393658965,,4.488816447974002,,1.194603319236911,1.0496733287999311,,0.750993813803532,0.8506007813157256,1.4844725155274,1.6918753353191114,2.439045711590524,0.301090773220306,1.063082765567654,1.4687640131881583,,,1.2283164913838391,1.8193707807931463,1.4127286282704363,1.014321175793928,0.5071086901000925,1.5026396562308189,3.4219499248303658,0.3903951096375282,0.9973521506592244
2021-08-03,0.3518989751159957,0.2869865123332464,,0.2737425688744512,1.429819416696902,3.521076087594708,,4.616275054610365,,1.2737235868523529,1.0821169921577247,,0.8171409555809861,0.9822627854653334,1.587280810488569,1.726931785040095,2.6529609842150776,0.3257886385394363,1.1815754465974406,1.5052442203874197,3.689169893196385,,1.3402992008916723,1.886013433263136,1.380142494996988,1.0563625348598245,0.4990498884364434,1.6323905467187627,3.554779567603317,0.4501108513659027,1.051478949377694
2021-08-04,0.3537443970365594,0.2955363427467988,,0.2945755393118839,1.0542066045395706,3.5919079912589003,,2.8471813604114407,,0.813898141261634,1.0995065143684717,,0.5520413847747861,1.0160956720485133,1.2588436202532294,1.7576775365396604,1.3772506021054898,0.3159749029806269,1.1531121460625606,1.0833248242374525,3.6554518783325527,,1.0075586881756535,1.2270445481683394,1.3362365478392677,0.9458506272409613,0.4927161834244866,1.6586628396076997,3.5709366039158352,0.430883629068629,0.663431411543503
2021-08-05,0.3530752221697121,0.3129446318264812,,0.3077353239962838,0.9776042202291184,2.3671863753780182,,2.867118584687693,,0.8553478637292604,0.6143167553387008,,0.6101095430481883,0.8673419642135037,1.2353805217721556,1.3870838393464282,1.4661651178365953,0.3086783148301896,0.7953062172895133,1.0845378295700565,3.6801441692809935,,1.0085809946420785,1.271274792621494,1.42839851109571,0.9771425573689284,0.5495209612852737,0.8927766626793842,1.8744720979312912,0.4391425029661037,0.6898364179480978
2021-08-06,0.3279124979772804,0.2990706677158753,,0.2978023428298115,1.1455315559624872,2.454453545638998,,2.8941665367469143,,1.007660928244568,0.6424438879420605,,0.6192681075719184,0.9357736419935898,1.2550151467970367,1.3894885043579577,1.4306299632411397,0.2863663164911199,0.8335249821864626,1.0982448213998004,3.7291347735754825,,1.0344651416952924,1.3105522513844392,1.4687132026037517,0.9986395937208388,0.5693753985439213,0.8788518840004308,1.8634242610183656,0.4288872661583192,0.7097057141536852
2021-08-09,0.3482248958323644,0.3171736835563483,,0.3071320459463504,1.0186005368140965,2.386267893697142,,2.9937102233752912,,1.069598519545701,0.6713801829742171,,0.6446386095573218,0.9693025552309956,1.3183955193614758,1.4355708455124738,1.440943027492041,0.2832575318276942,0.8486049566073506,1.1154056979727782,3.8669195361358257,,1.0552361609168686,1.348119243989958,1.604795913666471,1.0145572578271576,0.6236154250886619,0.9052779968671212,1.8824804595151752,0.4630019551248659,0.7308823707986886
2021-08-10,0.353033305756489,0.3130094365635021,,0.3194421693005366,1.025430681927153,2.429916975363152,,3.075452626852869,,1.1573847633015957,0.6423574310655169,0.7952063590825352,0.669061561372386,1.0308659818398056,1.3505523174114014,1.450847335159293,1.4534520650415812,0.2720583437216064,0.9474807216291796,1.19218580694322,3.956071770286735,,1.0776429242932883,1.3819621001360738,1.6352563321391735,0.9912094827095804,0.653710678639335,0.9437554284557949,1.9916735669307777,0.4647993731436294,0.7501736765173356
2021-08-11,0.3649840730150125,0.2996748935215306,,0.3145887097737864,1.1757657180923131,2.4940753046601025,,3.123587615561121,2.4185574777652903,1.2050728409194449,0.661590311805292,0.7690133856712704,0.7340772931625821,1.0186089996337426,1.365485630406783,1.517509238234222,1.4929283363097334,0.3754145589794497,1.1120660060406278,1.21439367379852,4.086368112956238,,1.109981485515647,1.4114395682742926,1.789859203520726,1.025285193133722,0.7169365039619453,1.0168077581184265,2.044043709174419,0.5090521297427891,0.7875471368892556
2021-08-12,0.4979342447588323,0.3397479244550236,,0.3260230912941516,1.2314884944290223,2.5360011163280003,,3.1702692117528173,2.660269213263049,1.2389523316243845,0.643972920815394,0.7070596312734131,0.7400485963535177,0.9956154343123316,1.4103023926782998,1.5590019377737054,1.5092066030174904,,1.0550737910507613,1.2182907056822525,4.139382787909451,,1.1277795779875068,1.4725235037155604,1.9665987025639704,1.007229525130667,0.8130111065026019,0.9960691378755258,2.0866979845772757,0.5161670651929825,0.804417204987353
2021-08-13,0.5229487817461825,0.4030537967323939,,0.3361040185128596,1.2552030599851354,2.591827759564487,,3.240190006235963,2.7259464603331978,1.2130191338151923,0.5961351584131526,0.799787111637398,0.7443792031139724,1.1953628280545827,1.4586321330535623,1.5987179735135688,1.5647068173189125,0.2584633536229901,1.0451302289173716,1.2288711728229875,4.176395878169681,,1.1472132520583085,1.4575939014541066,2.1515786380004736,1.0081623289664474,0.8411145241752845,0.9922875651404326,2.096279898611501,0.5675659927513237,0.8103241268857986
2021-08-23,0.4265038651071935,0.5131002424515281,,0.446554564551584,1.6518335634622086,2.885865898428832,,3.7783243451111126,,1.3456430249712057,0.5843718593937048,0.6586255481752914,1.0067019155361785,0.9590539183738924,1.7694768801574372,1.975375363717243,1.729061050942189,0.3004905537477889,1.0635173364729709,1.4138253216724588,4.64483527512253,,1.419499469385593,1.6934433324130664,1.0964449346372005,1.1880712634128945,0.3226026417426237,1.074340109759347,2.095710370630845,0.6480687744934155,0.947173797263854
2021-08-24,0.425788165812064,0.4994349218059656,,0.4480360725654845,1.761658302015668,2.9858465699786523,,3.872432698489261,,1.4531014796357753,0.5833197044162742,0.645830712302387,1.019385144626295,0.9434471761706448,1.7369711600916231,1.972132636502561,1.7166668420973192,0.3111217578572379,1.1460595891110577,1.458887835514092,4.755437835701204,,1.3981866915938228,1.6609523193321725,1.0462607230629837,1.2228982003643118,0.3346414727442807,1.0317802143879682,2.2314994487879654,0.6360006928595858,0.9618148278995284
2021-08-25,0.4021881036589462,0.4961563016367338,,0.4332856285496005,1.796706919690856,3.0670191531579705,,3.875898947823512,,1.5137508855159876,0.718184695620616,0.63801017402686,1.093131622591299,0.9335602080135011,1.729376788795285,2.0084538698211207,1.7011342471485833,0.2953133677817104,1.2312340990451447,1.5037622547024685,4.839177630751903,,1.4357287805448973,1.7065783979547924,1.0992730056991733,1.2349380270315171,0.3342381220405548,1.036605388534439,2.287971209696672,0.6241734474708122,0.9969508722050945
2021-08-26,0.4028590920602984,0.4776186069207538,,0.3961872970783719,1.8235333285341653,3.0798743281921643,,3.8958874750088985,,1.5429920673060196,0.7713947344506896,0.621249186478464,1.0759035670265775,0.9205577032804366,1.766090363999321,2.012512431602985,1.7197969822177088,0.3028218492685122,1.1680174097044116,1.5303336255955182,4.970120304842452,,1.4313585685341943,1.68497253614654,1.0604670613279028,1.1831961106874087,0.331073939084077,1.0292359782098612,2.266528958084794,0.6673645928416153,0.9866646601951363
2021-08-27,0.4098521721761827,0.4777856783016058,,0.3723030635025171,1.8398984280617456,3.1257993842580243,,4.029258578968297,,1.6715567675101797,0.8177243135969287,0.6839005326042928,1.0914953098119846,0.9470975103767288,1.777509268830787,2.034434204843417,1.8067915703962147,0.2814472484901963,1.2192947190118677,1.5993977210114052,,,1.4703323602910776,1.7349774783679173,1.0702889408529392,1.2241552762036394,0.3667190447152129,1.0725903396194307,2.41029738325449,0.6723374406721241,1.0304207618195316
2021-08-30,0.5550395023302432,0.5699827120393919,,0.3612416065143667,1.9346271354736508,3.4155763092422364,,4.353572589951662,,1.7244622858793723,0.7485090190999826,0.7082841205184693,1.0989472152973614,1.010916063192447,1.9434766614336192,2.1064045739602686,1.979961372579548,0.2879956248917922,1.2944317376592986,1.7142507350866567,,,1.6001215966865336,1.936426920157185,1.170096245190987,1.3289081029251566,0.3780173939641509,1.2354060962812223,2.583388987291304,0.783425465518836,1.114442403297007
2021-08-31,0.5441104908128697,0.5761951258337963,,0.3921045208519285,2.053535920141308,3.5352299895001327,,4.516193606967783,,1.7538147726573703,0.8163217287730625,0.6662906721409356,1.1811969628286751,1.0056245409623836,1.9714273346131128,2.2647153143151337,2.066370786285431,0.2784930101075342,1.3205024055053027,1.7647859770317365,3.473462713008519,,1.63997015216395,1.9825415145677865,1.2321087596046996,1.2599773719237626,0.4049316716103041,1.2619936540178875,2.66081851623913,0.7578551693279244,1.1532482635630492
2021-09-01,0.5710571920982271,0.5843120358964351,,0.4246728719741648,1.382526955550624,1.781298710633549,,2.7844635116216225,,1.7824595685881344,0.4039413771800927,0.7033549334823995,1.2069510634100946,1.0482076941369176,2.013339881650288,2.1914432225770324,1.4718171694520017,0.2727860821130217,1.2537288218705094,1.7930417559334495,3.4709508931876347,,1.6945146251745336,2.114460206273072,1.2411361171106223,1.289445753802459,0.4466685482300774,0.6498821971849775,1.027610851687914,0.7994157389802333,1.1676592432774022
2021-09-02,0.6222197820005111,0.5798913642051149,,0.3848839158570247,1.4021191054809614,1.792985313481389,,2.842452800944667,,1.038432255466562,0.3982220406836732,,0.8627174243428808,1.1802879577408167,1.3930335162550316,1.1339392974559694,1.5216504521657668,0.2801512603197154,1.4344385998492553,1.858457753401764,3.5190532292464742,,1.045940831063874,1.287909704568742,1.337704012016507,1.288268687560569,0.4011628109653929,0.6914761251003296,1.1262643346740204,0.519156845524067,0.6640699201571549
2021-09-03,0.6605479681330721,0.5945789074456319,,0.4207762953151737,1.51049013285537,1.85975893809,,2.903299130142379,,1.0231434934270365,0.3769174688085062,0.6398968418922508,0.8862672093982114,1.2362537954860806,1.4251366603323177,1.176925081146867,1.5875924577831106,0.2679035039445998,1.4373468945448633,1.8657742252003169,3.571811440151877,,1.0541190307070838,1.3069291546744792,1.369144070230927,1.3510636381110257,0.3967568100107939,0.7385490255350413,1.11500712388919,0.5121521982188705,0.664821376039524
2021-09-07,0.8586557131182432,0.6873267157779906,,0.4570877786320353,1.4398270474832366,1.886530230614434,,3.016929120049878,,1.0462303573558172,0.3870381607124776,0.7400211649229479,0.8971447576316268,1.4039322885720449,1.43439581460425,1.1407095486475474,1.550698139020967,0.2945743709349739,1.6160977773382894,1.9972414207036724,3.508367865076917,,1.133887284717342,1.3226281462634033,1.5290769100788109,1.5515519553992556,0.4542606238088925,0.7531877275846649,1.1621063000413494,0.5305468418922101,0.6680607281276113
2021-09-08,0.848378176364796,0.7176635692010893,,0.4372909371114855,1.486506143044335,1.898622230066544,,3.042201613854911,,1.025287674817363,0.3836339026121551,0.9216466673191922,0.9090768682145391,1.351268533727107,1.453551408765871,1.1023069767578273,1.551208791301676,0.294024946710386,1.654775077068449,2.177866664392805,3.630429208025976,,1.16916512338183,1.3465170321097129,1.6554010869076998,1.5299728103653258,0.4728931035666839,0.7862504184374006,1.1419581375020642,0.4649698493425917,0.6718919417400715
2021-09-09,0.8577447240335684,0.6845351320382558,,0.421891217479384,1.3599663862561815,1.9163100927801284,,3.06423922965622,,1.041301811685339,0.3948644188178478,0.912941330046072,0.9447297936871816,1.424131538607525,1.357796340565253,1.007138352213388,1.4814295244076747,0.2812045083352004,1.7379566249703549,2.276424951570737,3.566656915933456,,1.1594421646459314,1.3428991131092514,1.8583122386688589,1.7991070380653618,0.4873428949623767,0.80889153369082,1.1386747378249331,0.541048143607213,0.6688240814558664
2021-09-10,0.7448563752026955,0.7017257500297194,,0.3956684814324182,1.433852235404904,1.9195538456330683,,3.046247860016717,2.4242768249160336,1.04639674539652,0.3948101019756529,0.9252929983869388,0.9016282834186308,1.288274396447654,1.3953003670252553,1.0027723481511273,1.4803409185479637,0.2951007685071274,1.8215584851381703,2.422395472519325,3.592411588385059,,1.1797655190305087,1.450156026297238,1.9623592441474869,1.9412173274651237,0.4798858630449725,0.8331103555247004,1.1604697163355104,0.5263317091252194,0.6560952174296679
2021-09-20,0.4042280287162224,0.4303057986839363,,,1.5084825357500151,2.0930673413419147,,3.6112900157150767,0.8696424614745636,0.978773654002087,0.4873467128935017,0.3750756246854208,0.9563150752813392,,1.5109661790366011,1.0899481426159847,1.7615688319374665,0.3432958460807862,0.8090408177741514,1.0745607466491076,4.011438670980457,,1.3498315201675113,1.4164782032951224,,0.827769758360605,0.4939237445463176,0.9826841010299084,1.2934356665319675,0.5292941735893035,0.6882567847486212
2021-09-21,0.3930413163057117,0.4237880858207563,,,1.4823819454893727,2.0622797274323057,,3.66927127963532,0.8705207165877809,0.9605491965985185,0.5036853395413867,0.3648407483019019,0.9762212029880774,,1.570480322398631,1.13027195996897,1.827115015875464,0.3177983333047261,0.7820782637830994,1.0684070318304515,4.112543956728201,,1.4049967464014452,1.4366937208465262,,0.8772503800811908,0.4246508754673898,1.0418817251123766,1.3110212359626048,0.5089479608054844,0.6925025418595182
2021-09-22,0.4085371786484507,0.4404324058530543,,,1.5345797444938818,2.18642533082898,,3.737432392688604,0.9511737644362728,1.0651877509994945,0.5480294856181352,0.3619844085020356,1.0181464886959095,,1.5772464883460169,1.122291288876278,1.824444169743129,0.2970574683193988,0.7971729079671035,1.111939137182297,4.20428372503001,,1.4396789613344865,1.4704273666006444,,0.9381878251337304,0.407223269826674,1.0697451373561635,1.4890504831647733,0.5149653126317567,0.7490276925340744
2021-09-23,0.4090451927159334,0.4344340447759014,,,1.6597142375404714,2.3557761681052654,,3.849774802739813,1.1431148360025447,1.150127954468684,0.654554776598354,0.4324759156637243,1.1253464404689362,,1.6672017489570674,1.2217414421226516,1.905866698501296,0.2809542848537191,0.9107951429031792,1.208913878185686,4.392587266037404,,1.4907756153803862,1.4862163731935614,,1.0201967578994833,0.4310025035580476,1.0774811951617442,1.6797675135022807,0.5451836710897565,0.8260047927727746
2021-09-24,0.4136134209583932,0.4276307230855831,,,1.7607753850867698,2.4367157475371086,,3.948105107187597,1.2277052101126151,1.151045078990303,0.7105610633533144,0.4859491497089913,1.1236093524658757,,1.6931406810047662,1.2993600708167852,1.8817659062565268,0.2743133517626719,0.9547308207558716,1.209680317753646,4.444040771817763,,1.5375519518309968,1.510047667694966,,0.6700435054718974,0.4253293542825836,1.1337971590370883,1.7490648003436355,0.5024296436055224,0.8445002163588873
2021-09-27,0.408120049055905,0.4018009858701552,,,1.8128267192239016,2.7005036173532977,,4.297806102746719,1.5175671861562827,1.3633405915134391,0.7870040610254805,0.4798636793469422,1.2108374987830537,,1.7900622311282244,1.3747279062346676,2.0044865054507004,0.2833755464538595,1.0989609254340424,1.2763248927646689,4.8475962689701255,,1.5372682654256922,1.5986757771117992,,0.6171940079645923,0.4936831231813561,1.2919318632451375,2.0662378196571063,0.5375995203087122,0.921925052775109
2021-09-28,0.4130276797229353,0.4096357635361164,,,1.7825745919973004,2.727782765193467,,4.375019935872182,1.4897926151741,1.2719268998872777,0.7428573480099784,0.4652103738513102,1.2011705206149947,,1.7869536690978722,1.4319565180634628,2.071869791010584,0.3277811847545105,1.1644914439447829,1.2338169579300793,4.877279589172222,,1.5353830974597749,1.51995117723468,,0.5890325352118383,0.469159697521422,1.2001022339280571,2.1582105199807646,0.4507573744990026,0.8744735837193167
2021-09-29,0.4232240514731825,0.3968776173408869,,,,2.9703475722061663,,4.566194944557274,1.5373984590474468,1.2672398654201689,0.7120754270647579,0.4800517619672584,1.2721086180642178,,1.911060450723188,1.7478229737024746,2.1796570427468764,0.3258869284292498,1.125830412789402,1.2800802650875998,,,1.6459470341921334,1.6009337838813436,,0.6032097100428974,0.4445969801002283,1.295018389963199,2.273368671157619,0.4742490756919874,0.9200210744010774
2021-09-30,0.4136432362639179,0.3832038139541533,,,1.8181116706240512,3.0471686144467487,,4.64087126287479,1.4992516662044593,1.1734264680543085,0.6414379306741205,0.4481457800055742,1.2075487901418105,,1.865716889330586,1.7275242688021184,2.223134084758611,0.3351008349592916,1.0066481825248097,1.241597043155515,4.947782882084563,,1.639229478874495,1.5927049970235485,,0.5986971656462432,0.4217902059786748,1.1824526680303122,2.154662272581037,0.4256181232042674,0.8506013333097446
2021-10-01,0.399060783494893,0.4054452786352806,,,1.90976869922137,3.472698313013538,,4.833805661802683,1.6839771666797625,1.2132930501348775,0.7886572717123636,0.5789252177761076,1.2504902091328507,,1.873647230633009,2.4085856734981648,2.328635628662483,0.3221062471704787,1.06743395952012,1.422419213054098,,,1.6403426714182705,1.7189754527422818,,0.6437769096194209,0.5166480011179265,1.2304449062918978,2.450657060898498,0.5365860167065785,0.9396112590368727
2021-10-04,0.4163427587641691,0.4246261653158725,,0.3419272403253024,,3.904287780020028,,,1.871311986908158,1.244302862942861,0.8728172201214839,0.5459629026712729,1.3510443437622877,0.7549416883167083,1.9924882656816063,2.8743714498450843,2.5083523400769474,0.3633247939445987,1.1510129374522564,1.4774271430446977,,,1.817203157292845,1.937971626415096,1.7040405895875117,0.7403530314322584,0.5267369085886398,1.2837989153610434,2.804746513418821,0.5723206768692497,0.9926537829550165
2021-10-05,0.4075961430073873,0.287839874409071,,0.3181463253280226,2.163314099968181,2.7618509107180524,,2.7107820608491946,1.0653170195709298,0.962093193603387,0.938780230716641,0.5297050728830537,0.7601812955956383,0.8478286164790133,1.0434269377245058,1.186645402667264,1.2825479348272537,0.3460308240345345,0.6218153901560164,0.849483493730272,3.185475829670052,,0.7449227080352729,2.0443131630567795,1.897449697358978,0.8460964628133371,0.5557249598243488,1.4224150997679006,1.3387965411875753,0.7037560756340214,0.5471586116876533
2021-10-06,0.4374873780847374,0.2889977051382852,,0.3104167615982151,2.227944166190646,2.786713468431952,,2.749874361719324,1.0917715465322664,0.991132310908254,0.9424973154651488,0.5754208260169392,0.804294451002293,0.8901816839923383,1.0731909163367543,1.142451229715962,1.2503829960969488,0.35636785339979,0.6188447912258767,0.8854314956154419,3.205776961200912,,0.8141093023533577,2.260413223707395,1.99689679752293,0.8514986111579399,0.5951529685635369,1.510897055741983,1.3066226953583604,0.873611630906134,0.5547603520859354
2021-10-07,0.4707552997336439,0.2756148562694597,,0.3162946858802975,2.450756669034115,2.7969248256341093,,2.668292330848241,1.113054575477489,1.008336358168038,1.0224515427115688,0.7110970710202557,0.8689614537059124,1.0707662957176485,1.1123840953115018,1.217399902801196,1.241528015660348,0.3320028075978583,0.647245208876272,0.90816514194363,3.248404210578054,,0.8442190498419329,2.414176608674315,2.1643858346409623,1.0540162317552315,0.667760780612907,1.7946929747975924,1.3770447571971571,0.9128708520079496,0.5823685465311359
2021-10-08,0.4663300033925682,0.2713048608159897,,0.3028525278612611,2.6476197710673213,2.870813433510204,,2.6335220990035064,1.1332401686287006,1.019188967002518,1.1293180773952738,0.7337595970458834,0.8717621093524153,1.2228962696756651,1.1157522346561406,1.1906910187391635,1.252802647399872,0.3371399808509672,0.635464971840133,0.9005455287037141,3.2440798676231357,,0.8361817477208036,2.6533033046828045,2.334001333170424,1.2640165609054177,0.6811914313269614,1.854284809061996,1.4873480715002971,0.7785028483676123,0.5774075147068536
2021-10-18,0.2623349982609306,0.2613586406869828,,0.2574068786934065,1.3577882174685962,3.214053289753349,,2.859602799882048,1.1713086755637383,1.344183619036197,0.6814319499923767,,0.8291120815994135,0.6265926244552151,1.2434830946471318,1.1169547781066924,1.2806981391403405,0.3086277739302627,0.7335923365871526,1.086260678802722,3.918779813243849,,0.960745751358694,1.174024930706795,0.8309829258838513,0.419816409415954,,,1.7529946312418498,,0.6992350243338001
2021-10-19,0.27138096324098,0.2607312655743093,,0.2743476541443805,1.426918759322754,3.2634983710398666,,2.9452667937969967,1.2440458625914508,1.3318233271435844,0.6874104781655621,,0.8961264807769473,0.6138576063502003,1.3442732183936683,1.2530546402823008,1.3643496936230877,0.3059006427627265,0.7940806664793992,1.1064482690619923,4.005798823759841,,0.9149966565513702,1.2116636853922478,0.8495263393802993,0.4066533379268621,,,1.817171984565649,0.27731145037097,0.7372205823911839
2021-10-20,0.2751358595455818,0.2635014844363653,,0.2696818895875953,1.4741745150441197,3.315166160048888,,3.143227024486736,1.3276789889921523,1.3370236378329357,0.7425243834675372,,1.0033644812968487,0.7556440862878779,1.384209322534581,1.3766190187758989,1.4601789506431224,0.3079907182433893,0.8506493142142628,1.1475662501700965,4.061601917701245,,0.945636834425396,1.2727432023376306,0.8036378481008785,0.415375654796597,,,1.963502458077389,0.28809392225509,0.7530617840828131
2021-10-21,0.2742236712860624,0.2630195220102208,,0.2646141906868307,,2.779478777807971,,3.174688419430973,1.313133423121256,1.3421079480132032,0.7054741360062194,,1.0662979950783948,0.8009774130030956,1.376205851039043,1.416812453235066,1.4822446274045562,0.313266020550615,0.825310610884522,1.193172599221792,4.1150914449570255,,0.8871026254989919,1.282914643498038,0.8508874257380792,0.4683675945039257,,,1.9254099033316807,0.3182654606179392,0.7845010789510932
2021-10-22,0.2815981038589115,0.2701699603544975,,0.2798598497659235,1.442392233911017,2.8334022074564604,,3.1682539253108,1.4036626280190083,1.4342518745316315,0.8905147579821837,,1.1441573830516325,0.90287958761007,1.4325984220879835,1.450308787675571,1.5167347521661378,0.3136859020204947,0.8327737683191782,1.0874566333918143,4.152326692029393,,0.9605209817056783,1.296700558055257,0.8002567920050939,0.4959119867184798,,,2.0109378563940896,0.3114113864140364,0.7900490819545876
2021-10-25,0.2894643493993809,0.2837632000414117,,0.294097396507715,1.5608703014216994,2.9712520822083865,,3.3060762890325326,1.4551857172499056,1.5363938819034122,0.8537834899577275,,1.1787772654356108,0.9429386961849968,1.5114823839433584,1.5631407607063288,1.5557621851878956,0.325656502258806,0.90874262280381,1.1564357808174748,4.44321147411729,,1.011519155855355,1.34949412121538,0.8288709339324196,0.5259424482783075,,,2.191216407968992,0.3401175105665761,0.8514072377049738
2021-10-26,0.2933279459083452,0.2833867498005642,,0.3055078301344147,,3.0518280678001366,,3.451592794467216,1.5023202700455285,1.6260709021143511,0.8262992809947797,,1.169130976133272,1.050362930910895,1.5755923446764724,1.6345897439379058,1.622338725770505,0.3402634133458724,0.8636037993850249,1.206767097072446,4.567149584845716,,1.1205143059473617,1.4267300634376263,0.7909972219017705,0.5287662533499815,,,2.272385531413061,0.3247267595630371,0.8755453071601516
2021-10-27,0.3224002040434098,0.3021962360368716,,0.3085184237292647,1.68997796946419,2.978438335879989,,3.454902047329608,1.4210258759988772,1.5790680772517556,0.796332901820204,,1.188943855512389,1.0492403511140187,1.5664327607404132,1.6250967723511975,1.629392807605372,0.3038226531298331,0.8166277835678799,1.1412662081853409,4.440951918260099,,1.112659222878151,1.5381226523022369,0.9774116155850392,0.5013897927131745,,,2.183296620385214,0.3375079395756822,0.857836947668464
2021-10-28,0.3134965772501132,0.3016834679288384,,0.3203931027079515,1.732264940149578,2.994677095576882,,3.5593847619917294,1.5332547079265064,1.6518114689048036,0.7286870989351136,,1.2442964967619952,1.0744464615715486,1.5775505012369906,1.9783870105257813,1.6249444713153924,0.295315688931785,0.9846344140765568,1.2201376777557054,4.589017233895277,,1.157506185127808,1.6290749965930398,1.0597513783841583,0.5656003951176997,,,2.2648110130751613,0.4107272514675832,0.9125660772624518
2021-10-29,0.2708909287958574,0.3646784108148717,,0.3282642431768081,1.7395640770376373,3.139747152947433,,3.667660514286347,1.5470005153460833,1.6630353149679442,0.7250869056787185,,1.2962845755748358,1.1654524080957231,1.606507277584086,2.127071049232764,1.7009413777595317,0.2935535709434031,0.9811080841708764,1.2605397886547731,4.653705465784373,,1.1982804791749695,1.7073160568080803,1.0948290581362772,0.6442071164086884,,0.8146571629161123,2.451510877737332,0.3746792724914813,0.9458915120166538
2021-11-01,0.2760730912887233,0.3622779955218868,,0.3596333698515643,1.8999700175875096,3.290300320034945,,3.953418444708215,1.6767767658044144,1.82524193042228,0.7884909392047025,,1.332437379729554,1.186079239594022,1.7433868149290412,2.302703166947075,1.8928524532619169,0.2971244011975799,1.1097784528422432,1.3852915885707264,,,1.2836417773151718,1.8231728376161536,1.2997862410358192,0.666739898648455,,0.7925219367127153,2.628036280567698,0.348688507430667,1.0258051812940234
2021-11-02,0.275802274457196,0.3972104245434203,,0.3556851788472577,2.111142813392569,3.4314731236936,,4.006761547989996,1.71256636040812,2.021747528418361,0.7832290461453962,0.3685493590551882,1.3527204976608829,1.1790939507081313,1.896426544927704,2.444579499195642,2.0833013474596243,0.2918624686138964,1.1892911915392712,1.457160250672332,3.2671344264376097,,1.373090680970484,1.8671761409223049,1.30225807476393,0.7275301051224612,,0.8192041532812494,2.650186889539661,0.3580042406933365,1.0741004855346346
2021-11-03,0.2746020314411978,0.4071617548278146,,0.3626891663846326,2.185234611445233,3.692596326832112,,2.516262098686166,1.215606670391931,1.2291482725849932,0.7887447002074277,0.3588511694825883,1.4165464828078718,1.281948690554379,1.941113835945062,2.4726407580202343,2.270354421380659,0.2924668101990205,0.7383424558222543,1.5528212884094126,3.3460034861806034,,1.4725009717723223,1.88138877146635,1.3901887909965285,0.9121546441392904,,0.870700679909139,2.727425888265262,,1.1273160371819764
2021-11-04,0.2897507792458899,0.4471927122383182,,0.4263434384722078,2.145342141310792,,,2.4282620772807992,1.1644264834544054,1.1555335563261788,0.7400705924558638,0.3693781059810351,0.7041688473282927,0.4550213550435311,0.8398176051921553,2.730000039002152,2.2192650127785325,0.2948497349227648,0.7395049499246741,1.1324550643735516,3.2998289796654467,,1.440963826036968,2.0448564241174294,1.4945840171679383,0.9090279622551686,,0.7798352191046255,1.5127862429231032,0.2796955863442152,1.1587920484568262
2021-11-05,0.2802146912303794,0.4556969455452963,,0.4274700341918092,2.270109758595706,3.2610267344857,,2.517030863460427,1.1846276775913074,1.1695393923857371,0.8120524811046944,0.427304958445328,0.7103777345331951,0.4545567860092269,0.8417570732820917,2.0918091273915507,2.2744928872168293,0.3201905375868485,0.7668352438539773,1.186604260446421,3.404291653899909,,1.6272439983400495,2.137033941646093,1.5722196808263496,0.9527792782335476,,0.7512757829405151,1.586092648817474,0.2911330237274279,1.2263349214416759
2021-11-08,0.3126299453137194,0.5136558023970156,,0.516221082050333,2.544790946000401,3.822619284534106,,2.619865617145479,1.2538234766133407,1.2354841894778412,0.8865750632118348,0.468761277014579,0.7550160693447304,0.513010708758288,0.825687999667728,2.4616960757079003,2.5194630971941523,0.3450938594571691,0.9072433400648792,1.2576557305911076,3.502070938132851,,1.768232390708343,2.350434887949453,1.7411215472203774,0.8779105728904076,,0.7847470715719114,1.6343011618048828,0.3053053512700205,1.4138181849622289
2021-11-09,0.3085609056597597,0.5107344120619525,,0.5324925752500085,2.7514206507356183,3.5854920440443165,,2.6421272858333213,1.2614740437061354,1.2128212684494248,0.9153049171987384,0.4292120255389126,0.7218348858200414,0.5389040343736823,0.8588489353108323,2.5726059680231086,2.604781243198885,0.3517012608327187,0.8642157652104164,1.3008322671138883,3.548702333585176,,1.865654506745664,2.4711856326041666,1.8103469884596288,0.9306033905445352,,0.815407845686696,1.7265936620281612,0.3164496790790136,1.4586045163421708
2021-11-10,0.3219662151838814,0.4613295494601635,,0.4389232944731115,2.939442734146596,3.663857749147233,,2.73329059136396,1.2600099441143535,1.1785308936900154,0.9574824778986692,0.438950346140349,0.7700939356651416,0.5092704003788355,0.8910342891796377,2.855522194454877,2.8558656980117183,0.3383207752994245,0.8295345067659009,1.2798668090211316,3.645760706399413,,2.072798802296133,2.640701761426161,1.9363057587986336,0.8384500115827309,,0.7956933221804344,1.6691948640098406,0.5647503156283342,1.4868294176450954
2021-11-11,0.3042234497722778,0.4675837343474768,,0.4670793772800762,2.9540514106850546,3.918376111222646,,2.7428943929980854,1.2853585650178203,1.2087983537701557,0.9538130412936292,0.4016057690810164,0.7641368581240227,0.4919104925716862,0.891092862691576,3.022248851177216,2.954959147821593,0.3242470783182415,0.8686673581487231,1.2109429926641306,3.60898692968989,,2.184170783566953,2.8337194091124136,1.9158924251126963,0.8180575986333496,,0.7935026355994979,1.694386623431949,0.322129715324976,1.5591598202173247
2021-11-12,0.2919575427664347,0.5811771777087894,,0.5219852175918155,3.17514025733725,4.070406405470934,,2.771524590117928,1.2721570635513717,1.2508461108426896,0.966262164940965,0.414232350604348,0.7387739509134894,0.4952272010747108,0.9505707501547488,3.241254215934532,3.1482428812640744,0.3221099912439485,0.9024912531147956,1.2393991447115575,3.79170029948752,,2.33884431668005,2.9993314942675555,2.050925459160742,0.868843496003059,,0.8627652849099672,1.7269289102601566,0.3473385060558068,1.7206917968212032
2021-11-22,0.3230044713239469,,,,0.8257143367046167,1.3207149178597823,,3.151100789849073,1.4800430155680795,1.3854247966412527,0.9575792478222396,0.3824326482750031,0.8973398114479774,0.4233806128349793,0.9607743950379072,,1.018103552040344,,0.8937042033082501,1.424342945983633,4.316136138076603,,0.8991666044358747,1.197725505882979,0.9334201056346456,1.1377413276899295,0.5199942485651425,1.4870755451131583,1.9836625274453576,,0.8639639131606482
2021-11-23,0.3422374733403913,,,,0.9128159182609414,1.378487568213632,,3.2646304410110507,1.557954025915828,1.5274087986537803,0.9568594313553932,0.3878824122534358,1.0116467460647278,0.5006956515954571,1.0159708587539946,,1.0799635523922149,,1.0133040124805783,1.374963969558996,4.37623937206563,,0.987451868587748,1.2415730901533066,0.9752195714682363,1.1138118998072162,0.4878030427678028,1.5043552250468752,2.139084858393622,0.3999337110093874,0.8914061439722952
2021-11-24,0.3403908656038538,,,,0.934055235152942,1.3930768967828298,,3.3192337124772155,1.5759775296076788,1.4738166967199124,0.9761579739351832,0.4169319881260318,0.9618617061342872,0.5218347791492516,1.0157582549513084,,1.078237332000805,,1.036497051960908,1.3388706767440974,4.376389102170498,,0.9749763524950744,1.21707276241697,1.023674391859306,1.1414577118788023,0.4865507964803632,1.5830233207772797,2.233463527732672,0.3715472633371194,0.9233133128792195
2021-11-26,0.3792453250958813,,,,0.9333991232564612,1.3864417128077071,,3.499105596919715,1.4793432049990116,1.4138781006299357,0.7607758172529846,0.4669412908399633,0.8918515514134722,0.553072986263767,1.0500329765072594,,1.11137522763618,,0.9422015997084529,1.2890511974532486,4.490131534617046,,0.9976256596314792,1.0631441321120565,0.932411645988828,1.1221616936186842,0.5033225185036554,1.556005506284291,2.2151467878433,0.4213619028050064,0.826114603332775
2021-11-29,0.3360654421874619,,,,1.0799524701761969,1.6817769257569122,,3.7545004275246128,1.5853885756740054,1.4634386825654708,0.7583954999187658,0.4220745114311475,0.8547923748852071,0.612240866618241,1.1181816416363402,,1.2071223079777316,,0.893138958948175,1.3792700155815611,4.850693978897544,,1.195071643714712,1.2685689856806095,1.0001425050752348,1.2184296047908267,0.4826643274523759,1.735683366911014,2.394891432711624,0.4909127568871175,0.9582007911351489
2021-11-30,0.4086238166404797,,,,0.9932366713232874,1.6537266869506668,,3.625708852474865,1.5462071149586911,1.4165701774046355,0.7247873231141645,0.4186087113939686,0.7349533293973783,0.5669015693019435,1.0103867259994286,,1.0422723266056246,,0.9113401232428274,1.300124590584962,4.688730376791616,,0.9563718893855658,1.0734752596616053,0.8995335918911265,1.2473585503377973,0.4796611687726344,1.695024991612787,2.4086199191167066,0.496802725983788,0.8919737960744615
2021-12-01,0.4325021104825127,,,,1.1034822670621378,1.7077983948001,,3.636676395320122,1.5947648082852006,1.4634584357560043,0.7246025233265604,0.4566198264265884,,0.599743599670774,1.1408543372179198,,1.1970471103444074,,0.8799640579638326,1.2476760203921544,4.92393802037335,,1.1074542670176888,1.0482133190091407,0.939234033445096,1.2314695940267946,0.4821212107635074,1.7307168704990643,2.3877351725675355,0.5326301031890807,0.8767733490567029
2021-12-02,0.3976610568710529,,,,1.241240001829959,1.7527026631797726,,3.926855690595981,1.8154523077279083,1.6321587840700795,0.8476949564987183,0.4647187137430688,,0.6119645980621463,1.125167594147561,,1.196065355431959,,1.0210386896928896,1.43177016083206,4.980368816433421,,1.1630465130842167,1.1504404259391867,1.0711198046267334,1.3474610641790723,0.5371558961612213,1.8777313001824607,2.65623507544406,0.6329082174612344,0.9846098599068644
2021-12-03,0.4046926048155986,,,,1.349698565934586,1.920094926821535,,4.210359752092199,1.680541091541927,1.6126846733124744,0.8795367973517466,0.4654325227813075,,0.6878548638649735,1.2675422776753782,,1.3198853604938363,,1.1134876435080765,1.415177844386895,,,1.3487787945628718,1.3585261806069426,1.1324323747851923,1.4308010548521233,0.5666039516934106,1.931467638963945,2.6790563609020146,0.7339670754552112,1.0056335837430208
2021-12-06,0.4389152912540337,,,,1.5567250432874729,2.250789366835061,,4.676343655748716,2.001235343459425,1.9259036279349733,1.0492321338856168,0.5193414685517771,1.0391970350987283,0.8508866648565818,1.6139833568235158,,1.7704630604650513,,1.2958245509320672,1.739498814047388,,,1.6047312529455369,1.6906366987357802,1.467713285138617,1.5406594041680584,0.6643641809958398,2.320191010021607,3.1733543041203744,0.69640967649032,1.2434597329625985
2021-12-07,0.5110901331901627,0.667429673116993,,,1.0966868315799423,2.495304255737738,,2.2823564759520147,1.3129346886366025,1.3829212945533025,0.6844672824470422,0.5464169887746249,0.510166324452078,0.9064337425902506,0.9651851546289396,0.7242842193168016,1.8734200766342608,0.3813942028967073,1.476277950493843,1.804247533872701,3.083791564229438,,0.6512460761810249,1.7956033171698087,0.8845919035744615,1.6782312352570767,0.6586340424073965,1.5228556981797643,1.2189691909201148,0.849117747646258,0.8008566081825413
2021-12-08,0.6287749102938278,0.6781058050796279,,0.6704684609272433,1.0279541016145688,2.767546389182177,,2.280672001822608,1.2970120092642148,1.36769124456569,0.7133082120534662,0.5967124951036787,0.5579691978048192,1.056027517807565,0.9884760874881248,0.7488573887355326,2.1267495871193627,0.3583122437172958,1.5147942926488132,1.8147732141210395,3.0959559085958697,,0.6694701248715572,1.8328493472914305,0.8839474407771802,1.7116636917220878,0.7611197728697278,1.4881096825970317,1.2474619044630206,0.7804588351686679,0.7937747633630892
2021-12-09,0.689054642512317,0.6812300806638678,,0.6953067491455911,1.0856481993858715,3.0015981579296303,,2.261158299162061,1.302504291550484,1.404675398193184,0.7087881144988125,0.7001467076444273,0.5454966437210929,1.1878718472561642,1.016112039356871,0.7423144999988103,2.2289169601171963,0.3524126670132914,1.6175108743622066,2.017043115046281,3.145614204109794,,0.7131928993820336,1.913221880380476,0.9374737123428856,1.71433301521099,0.8047227631786785,1.4972880603544825,1.2499020073637657,0.8606844347650947,0.7982997426482331
2021-12-10,0.7960840301980864,0.7321182454515892,,0.7697125421106001,1.207539564558209,3.2196327604562263,,2.306258252192497,1.2914961759909664,1.3544076120502433,0.6864147305814224,0.7441568754580526,0.5632728829251805,1.3304307254585084,1.0549453442680812,0.7182543266027733,2.272402571280878,0.3327845729270932,1.6989873765173424,2.2564058848840367,3.192810933534321,,0.7383027415653172,2.413207211592515,0.9750009626608628,1.8953920446554533,0.8248937067863643,1.561705040468652,1.2641396052682516,0.8347395081792326,0.8281202905222804
2021-12-20,0.5172917681502679,0.6848380454741115,,0.5870275026592872,1.4631376943209708,,,2.979111598375193,1.3563616743510158,1.355532630943928,0.6037248823181584,0.5035247983519017,0.6356805459220071,0.9530468299942676,1.2505731993258231,1.041505943792607,1.2026479533125052,0.3671254626332737,0.537292762630326,0.9594074422589168,3.5300510630402413,,0.9359826567808228,0.95444810881804,1.0673919274423376,,,1.5450375505839788,1.2485189855233003,0.9284007568258558,0.8571724089735074
2021-12-21,0.5180976830887976,0.7580217403151182,,0.6188201504314975,1.5386102062241915,,,2.991423455005842,1.3824313849208398,1.4509126879347036,0.6621361099056589,0.5692418947719111,0.650506019302609,1.0013031401695005,1.2549771516341746,0.9964542099149808,1.2097209920164531,0.3390615931930885,0.5368646683465041,0.990441108093746,3.569911143612569,,0.9433759023436148,1.0042500902002736,1.1206399230158193,,,1.5590210854191224,1.32696491037055,0.9291673243326632,0.9106102926178418
2021-12-22,0.5469246266514294,0.8073175883739334,,0.6260537258387147,1.5979221424687846,,,3.0241364261229653,1.4193357535242148,1.4879046140179233,0.6821675751743601,0.5957520739606332,0.6323539606928572,1.0760836308290656,1.3020512034522216,1.0447506016687038,1.2321180917051258,0.328969000881406,0.5813748478520141,1.008086536107499,3.616179874535395,,1.0055409675854885,1.0502439658612817,1.1452696170910135,,,1.6606849574268965,1.3660239653052522,0.9460476521366986,0.9451649402021596
2021-12-23,0.5690029364893658,0.8377463187910484,,0.6794080216884553,1.6778591798059257,,,3.080857159095998,1.4837789521075857,1.5594584846087791,0.7273046608175116,0.59715175119706,0.6381852732649526,1.1018384243466206,1.326766689686215,1.040598886519189,1.3193160727503814,0.3113735872866408,0.6503028728435061,1.1058650147499196,3.7829210856552415,,1.0553846819274726,1.065510399474668,1.1833971052392291,,,1.6848867011340078,1.4023048609407494,0.9870792563890644,0.9826640107257831
2021-12-27,0.6549425174656115,0.9356220833427004,,0.7119762226276529,1.8775038673861155,,,3.3131887550129164,1.5858377667096255,1.6887118854423462,0.7752379095556007,0.6369179611414598,0.7026980671358528,1.193673521291424,1.4525369176750775,1.1643865999519234,1.4446983006143124,0.3153645852848341,0.6832725018554467,1.2208757457331003,4.08120164690147,,1.1811841383016315,1.2018465557675742,1.3077478678695305,,,1.9052246551926035,1.6172750541931866,1.09982327138334,1.0969144462370333
2021-12-28,0.6554440176150907,0.9646583461167354,,0.6948128477923695,1.977537013763923,,,3.397121048959778,1.6734511164440344,1.7388380530227705,0.7747161775354481,0.6468637719247269,0.7451763124663678,1.274866400777416,1.514308066895841,1.21364943268352,1.4957681662298503,0.313006285356029,0.6938685413307029,1.2250161139826754,4.22910318193312,,1.2402539933654475,1.2401396182897584,1.3237301869879996,,,1.9759577373848465,1.6410966387625647,1.134836136786635,1.1432234736958093
2021-12-29,0.6314484134954222,0.9917288010891834,,0.753918554635133,2.0092405870090686,,,3.400582674427796,1.690534915121709,1.748181148072811,0.7808260074913794,0.6733330967756426,0.7574091337920639,1.311564141007042,1.5890166848076943,1.1788606501586452,1.581536297574892,0.3021418553899195,0.7155410858566973,1.2779616632687771,4.409191354942653,,1.325147668554534,1.280395244922795,1.3704486491608825,,,2.0885657745474573,1.644898340382435,1.2019695547154297,1.1705970171953348
2021-12-30,0.6650001443274254,0.9917159204536564,,0.7152096517311353,2.0454574623404644,,,3.4711272873570307,1.722981603220053,1.7762126927120618,0.7912527065946798,0.6701246046644677,0.7458162769969978,1.3166132077031742,1.6542822609980137,1.3032915557557667,1.567723828232052,0.2935337659360819,0.7002914609142067,1.2873325280096442,4.4416085232196165,,1.3061523720118866,1.2857023489210255,1.3661166726546814,,,2.1097799830796053,1.6451228692219624,1.20934461008683,1.1873239221037961
2021-12-31,0.6733822317394331,0.9983248523911814,,0.7373029732532199,2.114937093377145,,,3.520724311998364,1.7662394209422152,1.7781220175180583,0.7891777963746025,0.6622607376255065,0.7533558388316818,1.3530643427235307,1.7031225008148765,1.2559808427638164,1.5687672316168544,0.2916420243458135,0.7185149364230585,1.3749290663050484,4.573664822113863,,1.351893750606652,1.3567841152469589,1.4246746500778638,,,2.2315235424143243,1.6825530335308714,1.2578960593597497,1.2150094779083773
2022-01-03,0.7753331488592019,1.023748371749075,,0.8213720206013019,2.2126851825734737,,,3.865858852070168,2.018351757545202,2.0959904465192007,0.9822404182601542,0.7939264499895822,0.7611832997162734,1.4339889058458928,1.817503461497129,1.3665742773386564,1.73654897314527,0.3016745287148212,0.7741907850317461,1.4125342856928604,4.896585199330279,,1.4354169248221025,1.4797833455550076,1.5476037060825074,,,2.299068190465274,1.932069453823554,1.281965907973548,1.3232208245054768
2022-01-04,0.7624929480473812,1.0103990193293506,,0.7382747904489783,2.039191410550119,1.7964715531068902,,4.131762607479609,2.302115001990174,2.3104954492178145,1.163942358778451,0.8381564928379804,0.9399254592730854,1.3680996990002618,1.8386162790716485,1.439349145986361,1.8405831855168904,0.2951071867011842,1.102835595700038,1.522056450758143,3.427506169877988,,1.5176845810838375,1.6728205851704347,1.58252956530239,,,2.4268309187328376,2.132229785679221,1.267615231140225,1.404204948843182
2022-01-05,0.7022105955461293,0.8725769009141882,,0.5536007530322539,1.2602802774785762,1.83715587190674,,2.6254223067266835,2.1952625108536123,2.2664594917803607,1.1625956715218078,0.3918482533105245,0.5219026357702587,0.8431349573764133,1.1718593777449524,1.6408177774070007,1.2736633950678322,0.3244115600653862,1.1796774525580862,1.3368367180778813,3.4396563855282745,,1.5883562319057187,0.9077273355540776,1.6107562267080746,,,1.4763443165887908,2.2385456716977408,0.9564941252816432,0.8524559267727702
2022-01-06,0.6626939650687268,0.8386266644344978,,0.5493949869679287,1.29510496331262,1.7830411574856633,,2.6315493574733044,2.2870806072615304,1.3904006929487729,0.3943660867202951,0.4035458138602527,0.5828146910488594,0.7349188181381944,1.1819990682705088,1.6905476080357795,1.2598139482253816,0.3452319005773127,1.2869683123726283,1.348368920241116,3.430816279173849,,1.5817586131706738,0.8974863896101485,1.7026649625484431,,,1.473580464579157,2.378720955985488,0.9242197177242966,0.8432672423927997
2022-01-07,0.6674994439504803,0.8875322621508558,,0.5276144765265924,1.3263463578527537,1.7693554295730711,,2.649554650223505,2.44232594200443,1.4159624279994554,0.3994382946044532,0.3856815668913778,0.6640036265155546,0.678620957259352,1.2703124498213851,1.89632466792706,1.3274295502076832,0.3426548753803671,1.3865026402245948,1.4476698341569696,3.527096108415137,,1.6329743050432306,0.8963715691999281,1.7066660598103314,,,1.3765313274551976,2.577033270864506,0.8595400817588043,0.8453973030423916
2022-01-10,0.7631807678190836,0.983734615448778,,0.6319441852267598,1.4161783786845976,1.8532906257465376,,2.705630723766991,2.758050614787237,1.4659554246147537,0.4131676826380147,0.3785276332405913,0.6739207531271074,0.7330124525786217,1.265234995639733,2.347585042127074,1.4302857644402676,0.3600875661702595,1.4622424022493188,1.4682842215290606,3.5487799646815885,,1.717198573433646,0.9356994866990848,1.86309747648686,,,1.3696277316002243,2.946805368208593,0.8705858938888265,0.8548943850465371
2022-01-11,0.8570044374107703,1.042159686076911,,0.7398710164886397,1.4509897855182596,1.802000439349588,,2.728661453606811,2.869489941559185,1.5129666792741965,0.4014227872658034,0.3810120671388771,0.6602326774619002,0.7651834016489646,1.2424484459749967,2.3900117583355858,1.4636761205973667,0.3471616447656433,1.51620056237679,1.5270692022634849,3.661358260799069,,1.6793442909220224,0.9469930384986642,1.883582972897608,,,1.384367938283113,3.2593727503039527,0.8997243150769062,0.8799644322798563
2022-01-12,0.9278045906094592,1.1773319576571168,,0.8258652485255027,1.454724085723205,1.846094909124204,,2.7537198871624256,3.167512008077419,1.4337772928985648,0.3993724832750769,0.3858079652571583,0.6317983353817977,0.8017323494620145,1.217973196626778,2.39707728853136,1.4771595963242552,0.348453190885243,1.683178532932866,1.5779194693709666,3.7274694701880096,,1.7728519036976884,0.9614662485059012,1.95627121352738,,,1.422888911224643,3.3930669064041377,0.9246712918351602,0.9025262264756533
2022-01-13,0.8217607736765916,0.9646378457478808,,0.690491379938512,1.4371848641820095,1.9167311453687497,,2.7843451055837107,3.423687194171692,1.464979719196652,0.401472191149174,0.4000643408304436,0.6844255516681361,0.751313768560825,1.2088259011233025,2.614127095315645,1.4905487136756774,0.3471998975823586,1.8850442821105708,1.617644239259009,3.83362899717732,,1.857126646333844,1.0104116901922842,2.080619434282481,,,1.421671583366104,3.552350204731466,0.8695060902748181,0.8903016612659108
2022-01-14,0.9863813568871622,1.1207208435771991,,0.7507675625169479,1.4631385306663918,1.9035057770020447,,2.8118905951566533,2.8887257647231928,1.3713916487879028,0.4012170388065163,0.4065078892851608,0.6744610822492451,0.7780568200783278,1.1959862603199105,2.8202768574125385,1.592651936167622,0.3517299476764008,2.1244466166732936,1.6105466077435902,3.825961348050643,,2.109354100692728,1.0547375522977025,2.0883944813989115,,,1.3152447570711463,3.9997424204052185,0.8324502203969427,0.8901275618939969
2022-01-24,0.5143853058550728,,,,1.4206636707033724,2.1044638247557828,,3.0769646916220457,,1.2011470987612198,,0.4323239600698982,0.8866079621687567,0.8592173345848467,1.2759597956506936,,1.6818808152833364,0.4476731443785723,,1.6304110713908606,4.27241752823121,,,1.136249476817261,1.1711581866060996,,0.4640620791880458,1.45380692627568,,0.8547934023893033,0.8930491020868088
2022-01-25,0.4888297058221718,,,,1.3749239038823728,2.3989160063857686,,3.2962212314080306,,1.2106149824065824,0.4664996822238004,0.4380693485878545,0.9701369642299336,0.8473214404618528,1.450975996427125,,1.6882692857267243,0.4655782030015458,,1.6319078656709722,4.383381930915573,,,1.1529334477137505,1.1398837353285656,,0.4703488976603953,1.4408870658029154,,0.8650523736017176,0.874327023324661
2022-01-26,0.4955737254082805,0.6990467789914259,,,1.333754041520466,2.356766355468926,,3.16229556190544,,1.2107376387291109,0.4683882255096581,0.4667681131911579,0.9669140786972228,0.8653894947251459,1.504051337459952,,1.6957065906996358,0.4309899593628534,,1.6303138681183238,4.257756963520047,,,1.162972476929368,1.1312011825551351,,0.4638546470629258,1.4097758638203142,,0.8500880961425309,0.8911553919157813
2022-01-27,0.5111435711689251,0.7331757460874877,,,1.3020299458272386,2.3438749776844308,,3.246466823429494,,1.2412677104760212,0.4546763236960993,0.4822098822538418,0.9135100701531148,0.9249509374720036,1.614425474786214,,1.7436175013309958,0.4179158448028208,,1.6722434650481468,4.394913759104536,,,1.180516985484057,1.15184527286019,,0.4810173790692532,1.442226402615304,,0.7403596941507723,0.9372059971020569
2022-01-28,0.5089594393518164,0.7821636682907367,,,1.3896748631150218,2.471835898324343,,3.5684524639650883,,1.2891227505387703,0.4652863897047375,0.607031867910401,0.8839360700216274,0.947329869965933,1.6365197173716308,,1.8771782028559456,0.3968194231748347,,1.7218303922172935,4.15303211491912,,,1.326595182498048,1.3049451439485014,,0.4731108990880844,1.5877973515145705,,0.7954885628693219,0.9661723140934426
2022-01-31,0.4949915646361846,0.854348005827195,,,1.478735431482254,2.6293581709888016,,3.875087506977529,,1.5138580039623877,0.4799988675771404,0.5832650114695785,0.9792265175279722,1.0754727901923031,1.8166743837583608,,2.014288753431568,0.3882031990158986,,1.9286542990307327,4.655650684766966,,,1.4656249497925828,1.467718280604769,,0.4966885633077355,1.7244241790187786,,0.896946997572745,1.091904384643653
2022-02-01,0.550151654390172,0.8674558747242312,,,1.484618524808507,2.828789361480937,,4.008726270354639,1.159735142969742,1.7073872472588347,0.5181114827399785,0.6800523841440365,1.059249018115783,1.061713703439923,1.7949342474289451,1.1381547872191131,2.11820035034831,0.3637442828494065,,2.013623700482305,4.894835691863492,,,1.4172475587974926,1.5098689489252377,,0.5002425974640508,1.7874349957520854,,0.9722734135276112,1.160398984389404
2022-02-02,0.5672096929847614,0.9486233235692936,,,1.6205740885332245,3.0042129322697666,,4.231688917598482,1.1693098781810711,1.7542552672050948,0.5280217331004683,0.7369215585117163,1.2863197486818458,1.2113851448619,1.935380700623988,1.1595382679484374,0.975179069006024,0.3721320382070612,,2.128579409693223,3.2374695815430306,,,1.5379378362745977,1.6365541722551926,,0.5095835773308631,1.933836523541492,,0.80737795864605,1.2440422717258315
2022-02-03,0.4416433857218358,0.4832204452711006,,,1.5766168278305948,3.1152546941901083,,2.5835198280231046,1.1386473370743782,1.0607229513361476,0.5078365607613942,0.7231992099595614,0.6218760264426337,1.3594722503024916,0.9165419027009412,1.042767950935729,0.9428319000825512,0.3961690302500042,,0.8407702589028901,3.1987951114567323,,,1.6402579125908183,1.6452534689942764,,0.5803006589762176,1.1660035903542396,,0.7957312215376945,1.2389372914187171
2022-02-04,0.4336879423529091,0.4822060215862253,,,1.6057483540231314,3.1797940688160726,,2.571721860938233,1.2592782035912735,1.142591840386009,0.5184951454470309,0.6714020808888527,0.5977826760411447,1.353726736913334,0.8988881803167837,1.0383882384832404,0.91567213159531,0.3540617636594948,,0.8258402979837609,3.136011365258446,,,1.6219951463253195,1.699356653685525,,0.5914607866776237,1.1412230602810634,,0.7511822137710308,1.240904662799846
2022-02-07,0.4370995024127402,0.466758347639388,,0.8384627848574802,1.788632927041242,3.5929996071487573,,2.628337110994199,1.2972231288945233,1.1624839101770508,0.5505796511159581,0.6949154002513074,0.6013434770109012,1.4904791595386435,0.9156847441086864,1.0064048835522057,0.985280869291614,0.3734752298380196,1.471826372366226,0.862832082517954,3.251920784599769,,,1.906242827027368,1.8837986309521484,1.351383909267627,0.7111071591924877,1.1438384731895106,0.8641510194467193,0.7520928835986364,1.4259412184698688
2022-02-08,0.4514936112638184,0.4654514466240085,,0.8510476399769046,1.898806043589364,3.743487660046832,,2.6499498166477484,1.385708067823596,1.202725366281133,0.6338537797122712,0.7335630924842268,0.6173804691922381,1.742491126890929,0.93662189256245,0.9742351288175582,1.291387223798236,0.3590860598755264,1.6540256231367418,0.9038744099119624,3.330213758938182,,,2.0797298046016817,2.0017767094139467,1.3192333816986206,0.7536211825062454,1.225991313849225,0.8091861101652592,0.7293310743732806,1.5623529216973218
2022-02-09,0.4528079359226101,0.4933623974589416,,1.0010767843371289,2.139375739680315,4.01838531939185,,2.753714385263223,1.4018108793817687,1.2541481164021389,0.6546487138650294,0.8408033780736957,0.6036993873448513,1.8929092113039008,0.9422410928479544,0.9574775744234912,1.225813003179749,0.3321724592537403,1.7546915900620297,0.9508246980203744,3.409271852969478,,2.001855263893659,2.0384380865740352,2.1072381960861626,1.5290461188351363,0.936672111346384,1.2540692232989876,0.8270709228469888,0.8125264361321007,1.7323437928810383
2022-02-10,0.4711518032206579,0.474205323215794,,0.9146345594357908,2.0256422860661814,3.8697160006756657,,2.743388754100584,1.4006229801204482,1.2516021071287582,0.6668239072157838,0.762844319004154,0.6239465680880321,1.81077575010474,0.9047574366886164,0.9814680933562514,1.0631073984733563,0.3871305356850403,1.8564805750390785,0.87730378152941,3.296334443938622,,1.962650456732905,2.1839213788067213,2.1237022455510237,1.5194331331329043,0.6884188568368991,1.1853326673280489,0.8006050249741156,0.7298383283846284,1.6690612472145094
2022-02-11,0.439898552996395,0.4853168931277728,,0.8855934296549305,2.0348517177839063,3.974338817778433,,2.846587626570882,1.391943594363424,1.1927001260607148,0.6446126811847844,0.8244770321891529,0.6529413796033537,1.782533812266396,0.9140512610121836,1.0036393041146263,1.0984135531889814,0.4364545073290061,1.9371214310836573,0.8152903454254221,3.3555219993910024,,2.147199932024461,2.182131316542156,2.1940069326641325,1.4011073838798085,0.6538963427463554,1.1739988298051962,0.9212531931109632,0.7516613600073182,1.7018460145419245
2022-02-14,0.4633856511060995,0.4803199584029807,,,,,,2.989893056279063,1.4184187557360155,1.215100208419886,0.6785514684905345,,0.6410498993365328,,0.8564693620432909,1.044521540266039,1.0893562506425738,,,0.8390043539350324,3.4403736871473645,,,,,,,1.2248261447194595,0.9044733691884222,0.7376095748839614,
2022-02-15,0.4787659256582418,0.4819201306180654,,,,,,2.98580945060817,1.4876272603188334,1.2597630288851918,0.7477665330169782,,0.6358750076852817,,0.917237904661462,1.1219755065180383,1.0430480856935516,,,0.8802582870989617,3.4484492450308637,,,,,,,1.2393729367851811,,0.7120207820733584,
2022-02-16,0.4734890423784992,0.4806039707857217,,,,,,3.0488371648757098,1.5289748226883029,1.2313046594926202,0.7295583193635133,,0.6564944779046592,,0.8996305488725902,1.1078694607419317,1.0721057617131242,,,0.8856498461609005,3.437958703509832,,,,,,,1.2208390899148176,,0.7299780888687366,
2022-02-17,0.4687943202521666,0.4688089316026091,,,,,,3.1160674916856346,1.464880534241366,1.127885681899395,0.7313691669000507,,0.6384668096608692,,0.8924166901572248,1.0715530862042064,1.0536659768614618,,,0.8199865120800776,3.1430405035510205,,,,,,,1.2308903168082783,,0.6928576179309218,
2022-02-18,0.4521516299428876,0.4532343203125243,,,,,,3.1590732092912264,1.5009437018357372,1.1126513739621005,0.7256320549095703,,0.6756793346506939,,0.850900402278099,1.0971721546236377,1.0529450966376095,,,0.7856104184171022,3.155286849618193,,,,,,,1.244549749840999,,0.7019708309961515,
2022-02-22,0.4469933634344703,0.4814612873336203,,0.548052592463443,1.4248651469633316,,,3.4717504064125886,1.6027671120567142,1.169111499494595,0.7556269276736797,0.5402233849453743,0.7013958359981977,0.5440161654833544,0.8474280353187154,1.1509610563724306,1.1409287378116562,0.4395959721072727,0.4588091333632889,0.8297498455920702,3.335729711583875,,,1.55302666236643,,,,0.9190843922263824,,0.6392823829796499,0.7269633415861754
2022-02-23,0.4325139132335615,0.4643621801963672,,0.5680683460268889,1.3005895051283731,,,3.4768930455561207,1.5332906045146502,1.1475782314102552,0.717016576806748,0.5195904203599423,0.6887122700658678,0.57486025612138,0.8694756224665635,1.1605611249173853,1.166995459411003,0.4442480907962766,0.4773600107654248,0.7678090376197682,3.290713261235371,,,1.5326063303348272,,,,0.8171849025212585,1.0271028882118949,0.7069812831515353,0.669040463183661
2022-02-24,0.434149629454106,0.523696835901551,,0.593285720732383,1.3433415399737476,,,3.444359789758089,1.42961065816249,1.145520754678023,0.714851183995889,0.5324938042888914,0.6152073483638117,,0.7929246825409054,1.019050183100976,1.1431035437229882,0.4359309340541946,0.4661402016414958,0.8802984702750273,3.3212275024356157,,,1.4706482348211554,,,,0.849593210687748,1.0235580178831525,0.6900928842011109,0.6499594370085857
2022-02-25,0.4348075694172696,0.5242977221058243,,0.5861713919111659,1.4890588722307732,,,3.7528491751921327,1.602503908933527,1.3029412303786545,0.8016414319394929,0.5284571177562877,0.809414693570274,0.6397904227800083,1.050271884180784,1.238540761706231,1.3430886803317297,0.4137968550630999,0.4368273652401443,1.062211487264365,3.802363444608148,,,1.7153982780914707,,,,0.8879093066518122,1.209533084165477,0.7988449675676712,0.7831023778911633
2022-02-28,0.4719337506662077,0.5793736937532791,,0.6922409398243531,1.57805536697172,,,3.9778671399727066,1.511668461419296,1.2631504602438846,0.8737650197849368,0.5536114556790304,0.7986218869466233,0.7042585728293638,1.0842568658044245,1.371167184303815,1.4165406221018115,0.4759878593799066,0.4762093813986616,1.175559971497065,3.96879465009075,,,1.7962911718835908,,,,0.9415365518755568,1.4633350951414144,0.765406186462364,0.8313153340316057
2022-03-01,0.4985810316188488,0.5982943780368889,,0.7468727682637137,1.519804863186659,,,4.087338807309829,1.401607789383719,1.1876614613380327,0.7070183729191635,0.5431839456464698,0.7206377914775883,0.7374375227465648,1.1162579329927675,1.4035192430285577,1.445830903735377,0.5252931226280994,,1.0540248552069962,3.8611469676319774,,,1.8309291324215495,,,,1.0902424530143229,1.79516013864663,0.7826295719738027,0.819587510906155
2022-03-02,0.5216662415667043,0.6098077527171211,,0.4968477000808831,1.695260494490877,,,4.298774223672128,1.4772594200530438,1.2853020943119922,0.681234766716239,0.4820762301651108,0.9149755336325852,0.8139416599167504,1.2027298279434255,1.4843103666757171,1.6238786784930028,0.4616968997755913,0.5510362414129015,1.1398732717606714,4.150962142950639,,,1.9176592655150564,,,,1.1964263811764917,2.048079102775462,0.7573144984177722,0.8706718519991494
2022-03-03,0.5271823044207451,0.5972696064665157,,0.4596734637846622,1.742840026709399,,,4.56301740198116,1.472327978022521,1.2589868585842132,0.7023288613047594,0.477112254942841,0.909353572040148,0.8296516255004548,1.32867375126118,1.5312550640754574,1.725718014746907,0.4660449105663796,0.57802659197616,1.220092011684149,4.322639331716829,,,1.9938551942291307,,,,1.1653353768484684,2.2011761941331147,0.8195918173190335,0.8943684726395575
2022-03-04,0.5227876589070977,0.5726008384437774,,0.459764879787904,1.8768895548073696,,,4.756767764205572,1.3812410686471042,1.2485184189266951,0.6518333708499185,0.4614951074566207,0.9326263855938566,1.0180517557548372,1.4253492072153915,1.64578596121524,1.8216783277281683,0.5028317018866111,0.6157786039299059,1.2438561266385555,4.364453470385742,,,2.06974841438582,1.2465694862108854,,0.6360211965550095,1.2120112242968148,2.3965608658586284,0.853833731287536,0.8726290225185055
2022-03-07,0.5380490147205843,0.5680427615909562,,0.5238773914456715,1.998880666533246,,,,1.3460645070009154,1.2920234157305264,0.6808696883151116,,0.9926153931201648,1.0182717354951314,1.758764810851254,1.7992894815392897,2.124835284124728,0.5939551256861847,0.7372453694594232,1.2338855544695513,4.690229187637678,,,2.139808420288646,1.1148647992450385,,0.6114094985145996,1.3380152023595075,2.90457722164926,,0.8502200876897377
2022-03-08,0.507478761586394,0.5543426042700216,,,1.941071669520377,,,,1.331103543364155,1.3517471391503424,0.6634723073078455,0.5271524782430453,0.973918001146637,0.8889286483198251,1.688756088062768,1.8597360174909536,2.113153248934951,0.5536623262071255,1.0217489074577375,1.2930245301891483,,,,1.917905987947677,1.0622336577627989,,0.5719398837955197,1.235395263893043,3.4884248985303428,0.6844085170415871,0.8341767993516026
2022-03-09,0.5600632262982254,0.5930184904507765,,0.4896646408346603,2.2309423586764163,2.731428823732077,,,1.6154864406662608,1.6327944512740535,0.7048504649196929,0.5132404323927282,1.1079968255186825,1.010094978061358,1.7715957030526266,2.055146884228394,2.220504151444488,0.5002574384261815,0.9920625082050089,1.3931032461146216,,,1.9304906974582412,2.018148969124773,1.0620770874401593,1.126564323449572,0.5591842213281962,1.3045432072123584,3.473171478828116,,0.9962044135849126
2022-03-10,0.4728317241098622,0.5666520835251316,,0.4830467903008765,2.146272839662996,2.790791919835998,,,1.563677590535387,1.596742674619199,0.66900586456322,0.4999387218350279,1.1531311982259311,1.1767540744753635,1.8900019922727207,2.1379462324235248,2.1923896670602843,0.4884619172139502,1.0953186225545204,1.3859278788903289,,,1.808942564188711,1.9549938375024896,1.0705696409131074,1.1191508122819298,0.5440968739574596,1.367880912030618,3.904167675005859,,0.998098893494266
2022-03-11,0.4611222371636596,0.5362630958835591,,0.4659076498765928,2.2990273445377105,2.916038504780884,,,1.448899517365454,1.6150553776537853,0.6681450033263251,,,1.1179107857206312,2.0051486393923144,2.494232656382484,2.418127421202144,0.5027179237593566,1.248587440425805,1.4227731038416602,,,1.7671675364081458,2.0846479223697605,1.3466611547083782,0.9857850742614278,0.5302959599708301,1.401815059804616,4.2063164929227375,,0.9946848692687584
2022-04-06,0.7123614108692453,0.7793866060604587,,,,1.335997128022157,,,,1.027501096571652,0.9671740055211194,,0.8784518975169565,0.9444671490641584,,,,,0.8721782049216686,,3.1148390792205527,,1.322670995528184,,1.0698385963814716,1.164693280416773,,1.0787524432708862,1.388052858547015,,0.9046180709986118
2022-04-07,0.7154073544932866,0.8177665392143814,,,,1.313698890615268,,,,1.0039110309571495,0.9913861495425864,,0.9512134628129496,0.9642552222213034,,,,,0.8764292278519106,,3.165504339041251,,1.3431023413631793,,1.1043382728590172,1.2051050272564603,,1.136931758765248,1.457859805870868,0.5242426164871382,0.9264546236160619
2022-04-08,0.704294690251381,0.7730810158984049,,,,1.2916228237808465,,,,1.095085200749349,1.0025131944300296,,0.9595658371667232,1.03911325544681,,,,,0.8963831240173369,,3.1808177900919645,,1.4029612493359458,,1.0773677731279507,1.1717120672142545,,1.2376464729847088,1.5371544725025064,0.4934235606231604,0.9451939732871882
2022-04-11,0.6941274795832327,0.7483915691703189,,,,1.30221903238848,,,,1.1274972342265934,0.9676344628220004,,1.0329898012186032,1.0343568497051712,,,,,0.9237364926870286,,3.332535329034437,,1.4452881095946728,,1.103166702600645,1.1263881400991502,,1.236104121052695,1.483717638989598,,0.9536457398794901
2022-04-12,0.7075767392521678,0.7031111551958504,,,,1.289127057438028,,,,1.1264637360145895,0.9507724186986956,,0.9854830022034932,0.9927871394165352,,,,,0.9362318925994376,,3.3202046387608446,,1.46605225372015,,1.0989773289457578,1.1903854332123232,,1.2421046526610442,1.5975369312384164,0.5142145589888146,0.9630231666662618
2022-04-13,0.7410600908068113,0.7672247924751096,,,,1.3179550492158545,,,,1.1524044104509423,1.0118955846531086,,1.0131821117911766,1.0426728163846657,,,,,0.964225834160972,,3.3122195917208077,,1.47810077301141,,1.1486199140328763,1.2534012150818514,,1.3013040551646624,1.6813822611511198,0.4668642046016947,0.9912872683299139
2022-04-14,0.7136255483918739,0.7008375779847344,,,,1.3346710793637682,,,,1.1589458474293572,1.0192019555375398,,1.0078230298429391,1.0287972579236422,,,,,1.1197691149911038,,3.338510725838064,,1.484540180121846,,1.1665308433343902,1.4130103485492758,,1.2545962223370182,1.7191685009129534,0.4485624637512168,0.9958485353444078
2022-04-18,0.7388504819339827,0.7220850690560171,,,,1.4261906306839054,,,,1.3085237231002025,1.1404978032778952,0.6142013539528395,1.1480281847305145,1.04417657825878,1.134069660560486,0.8262654079328969,,,1.2147563547992464,0.9833241624588916,3.436677487540408,,1.5461085465932176,,1.229175856752807,1.444849521911322,,1.25615164408211,1.867610023243256,0.4206185844144902,1.0740879985402076
2022-04-19,0.7983218657533356,0.7921045493628871,,,,1.5627781743243123,,,,1.400502966846906,1.1919043629608486,0.656780869633998,0.919630098033144,1.134603935238525,1.272760810879021,0.8257617803054804,,,1.273006517849175,1.109681508055353,3.722989234370986,,1.6478966221640077,,1.333723835448333,,,1.3810170070729908,1.8437782227476724,0.4526042141954438,1.0968668298285302
2022-04-20,0.7945716160316575,0.8291446657023976,,,,1.916700136709152,,,,1.4698612350374316,1.2451670708781204,0.692393946663825,0.9833544846967014,1.2026448698609014,1.306194816075447,0.8661920729250094,,,1.3323088790312998,1.1242451596173209,3.803819494440284,,1.759551370726106,,1.3521188029969529,,,1.4948544700582758,1.8927657648012957,,1.177685002118396
2022-04-21,0.8206862049874347,0.8322817998908247,,,,2.021479283562462,,,,1.4375980720954928,1.272074116818203,0.7266193489859349,0.9313152565601488,1.1550464355560977,1.3055075064154416,0.8679693002165755,,,1.312466143470513,1.1317968283502506,3.946037351386064,,1.73160627592142,,1.361650860488439,,,1.4720618675866943,1.6892522545928423,,1.1489089525935168
2022-04-22,0.8074734020889874,0.7981899853119166,,,,1.9735814263458604,,,,1.3228180689127251,1.1715630106884904,0.6603127661891457,0.9242156045690368,1.0977795504320045,1.2984940154676827,0.8228106284602412,,,1.1317863485854074,1.0441025706160625,3.849491791088592,,1.7001470718238378,,1.313369846406658,1.4838430410504857,,1.372028639994691,1.6154238312832063,,1.0318567279121522
2022-04-25,0.8218986079817634,0.8762228354606776,,,,2.1125821524474,,,,1.3690992381877083,1.2873396956054293,0.7029740296876078,0.9987918555588814,1.1719216749028858,1.4804219471071325,0.9059509647213836,,,1.152539086241816,1.126217090385821,4.053234670498227,,1.866597879826152,,1.4238837610357449,1.5229232011093954,,1.5008529072609338,1.593172926519917,,1.154406736961262
2022-04-26,0.8017350872075619,0.8140134681856953,,,,2.0528890157594515,,,,1.3064794841930425,1.2376249322542756,0.6915526203617387,1.006923402568208,1.1098239238101109,1.5025095843305327,0.8816712065990053,,,1.1070935654243546,1.072011690528066,3.899635267592241,,1.8345955554739173,,1.3867753469335782,1.3612033309346687,,1.498153986426746,1.603804560070048,0.7433074238747168,1.0937822408493338
2022-04-27,0.7897990897872639,0.8952471486579157,,0.6802438251767099,,2.0337471337272586,,,,1.3211146830854037,1.2371908154379938,0.7494170254138467,1.049001589554832,1.142863985676056,1.434134765728896,0.8972606632349341,,,1.1825520612110345,1.058286669274745,3.992628103228761,,1.85217177443527,,1.3859258900547506,1.4051589787353098,,1.5247392004312983,1.625455728700223,0.7187184263338205,1.1120021990749214
2022-04-28,0.8596950126620485,0.9608724258147888,,0.796903480593408,,2.1210504253482307,,,,1.406896833699732,1.3262742872332112,0.835528241873772,1.074311445253881,1.243517968203461,1.5076205656622397,1.1342851657537971,,,1.147337534243814,1.1604168963364745,4.24568458361071,,2.006231582450651,,1.5482489024565298,1.5999472186485528,,1.6940921429363616,1.8508167874257515,0.7752361758705232,1.1975503514743044
2022-04-29,0.7942051978247501,0.8931513148365446,,0.7130768431882034,,2.010940716193108,,,,1.2544298669556304,1.2419870200656344,0.7560280720812992,1.0391458880259128,1.1322252777920323,1.4610296293450125,1.198754748252876,,,1.1632675760022952,1.2483634393528495,4.207242612269311,,1.9861681123787316,,1.4911477682310224,1.6036217891461464,,1.5911365952985632,1.6872057159892166,0.8010029133572599,1.1427097329014038
2022-05-02,0.8549457079709637,1.021648991957813,,0.7713660624154316,,2.215057474367414,,,,1.4407477556010848,1.2493451668622058,0.7945440764002574,1.059809479444747,1.1214453920046474,1.5264479343685684,1.1812862591423876,,,1.2314353251261072,1.4503400432591451,4.63012676698444,,2.0574871279629416,,1.5588922685587774,1.749446517297536,,1.8031142524016277,1.920848057325485,,1.21913430754138
2022-05-03,0.9143572178242207,1.0016677519598651,,0.804232053920928,,2.24981853810446,,2.49491337088936,1.2176185176922156,1.5344105883488608,1.2879647345850471,0.7493565844709411,1.1406259081909498,1.1732993507786806,1.5621906942577088,1.1618863452549768,0.999081379704821,,1.3031286145116123,1.4665639503180856,4.864050536956629,,2.046827651347131,,1.5921072840230428,1.6657401504848317,,1.8388867627458472,2.077546754915207,0.9045661154851,1.2692674536317694
2022-05-04,1.022223975954176,0.7390998867492748,,0.6385326547406225,2.6123532119404795,1.35220383596219,,2.642143985628411,1.3186381889154806,1.711034953377154,1.456598118011112,0.8495933812334018,0.9052328234032856,1.0020822636051234,1.1734893168605098,1.141059291029506,1.0820293579327898,,1.5575727353955156,1.7682885957983676,3.841033250288702,,2.15079617855315,,1.8041653815460728,1.8313685692340416,,2.033816849888202,1.9065598709091167,0.977159771374846,1.4256539725908262
2022-05-05,0.9231248802185202,0.6973216781133835,,0.6309627614043414,2.545870154499665,1.3162819099645535,,2.61654790333686,1.2633954562932048,1.2023516833471968,1.3035413174900683,0.602257170462585,0.855514122922581,0.9400891398666036,1.115483997714868,1.144989666129744,1.0705927875620451,,0.9723419260772578,1.5662775185704256,3.651737603473055,,1.388193307505236,,1.7286933480390347,1.010858743716374,,1.246820858912209,1.8901607554352544,0.8993981262136624,0.8962362200321052
2022-05-06,0.9372105797463864,0.7112749059892377,,0.6208294178503235,2.5938645981712374,1.385533256656758,,2.6998160714171138,1.2712367016944823,1.2211990996491535,1.2601108004565351,0.5806958406143465,0.8694745106149702,0.998745441117052,1.1546954651140884,1.173310896547539,1.1201128059152328,,0.9761041516352904,1.563350951766093,3.78197179694481,,1.4560618898188478,,1.852705724897491,0.9340273869714748,,1.2097029573494278,2.027676068091909,0.9879145854620658,0.8847888857565973
2022-05-09,0.9676281171446104,0.669980542941333,,0.6477748167264757,2.8737499336784067,1.3579979652059686,,2.8424282063473423,1.2846160694696485,1.244875581052196,1.2659467183552653,0.5656120918634743,0.9004575736119937,0.9501242923972152,1.1838681303536565,1.1780519302952297,1.206967804052721,,0.9207116605527864,1.6922870518886863,4.0590526967918485,,1.4866857552998134,,2.005995933270718,0.9140862543849664,,1.2943191442169162,1.812098178422353,,0.892210694954627
2022-05-10,0.991124289998826,0.6855370006721514,,0.6554654494511881,3.117853122957019,1.2150193003441867,,2.8030389673836926,1.2247439071538742,1.2134416871166218,1.3110050845288932,0.5569111695902598,0.9162049148163718,0.9446235861040349,1.2002192850985358,1.2157627151204888,1.260839915765806,,0.8872868412487009,1.804600474296645,3.9965764489673337,,1.4916879552019122,,2.028947743281041,0.8811078174730705,,1.242097581761342,1.867991958926788,0.9593612763259944,0.8732812386073341
2022-05-12,0.8558131213532015,0.6380832762948441,,0.6448907025509327,3.2220379495570786,1.3361660972282756,,2.889676948686726,1.2205972072366007,1.1598214430773202,1.1441115595199354,0.5711375155609076,0.940926555775464,0.9103377144526966,1.2295840309483197,1.3794145166549028,1.3447681520159551,,0.8703186015377076,1.8911482077029131,4.000986501571199,,1.44882601549938,,2.21428943249328,0.8771905443599333,,1.251577377352789,2.014661218150152,,0.8326938898492592
2022-05-13,0.8836804403121693,0.614598801157352,,0.6395745357668714,3.69120946779693,1.3809462874671452,,2.9530686986976886,1.2579842941041128,1.2725356730193484,1.3748934810670674,0.5735664440497745,0.9630376056768312,0.9995264684891556,1.2320638783569289,1.379069066979398,1.3458305874137133,0.5984968034245959,0.902711039216464,2.0471664240677594,4.155458282714343,,1.5279411741391575,3.1195929475344,2.36739272150508,0.9568799563236964,0.9716259385673232,1.3522567751423418,2.1408258923155947,1.027118766732097,0.9045275523262326
2022-05-23,0.6390528859015695,0.6592592588139405,,0.6444040031582414,1.271088422036474,1.5095010872089478,,3.672839936217184,1.6516794991113877,1.602276922071714,,0.7236442212578771,1.0783960619884212,1.1727060726064884,1.5004464435418916,1.8011415139886249,1.673273539413005,,1.034586521427546,,4.509839694134942,,1.5351541055210942,1.5348787086732492,1.0750834586084292,0.9397369995721648,0.7938283091985792,1.3873149170329115,2.6061410978225616,1.1236482569239272,1.0257370768346934
2022-05-24,0.6310508712013162,0.6835405740398245,,0.6613212944999266,1.3329278872959458,1.6405650488140178,,3.886687814707289,1.750606182639118,1.6092718067684708,,0.700882151755057,1.1783030047608092,1.2429279494592391,1.593622054945451,1.883906174661209,1.7502402750475952,,1.0485262420939772,,4.621261894755696,,1.6484195420561938,1.6550950982937478,1.2388156283799496,0.9212016364218132,0.7323125650356836,1.421998910032085,2.681828510299441,1.0647304631111738,1.0333712655156362
2022-05-25,0.6283079820930163,0.7067017547641713,,0.6827334379882315,1.376849769728334,1.7055947682354633,,4.038389264134761,1.8035637263656097,1.6541222630543704,,0.710362771393982,1.1735834851135212,1.2864397825025553,1.5703245005906374,1.8853293444253123,1.8204827717413987,,1.1592211476329246,,4.757353113612157,,1.6084963795071152,1.6859016091862409,1.2535793003711058,0.9529907832304364,0.7895468937114418,1.543332287964299,2.8161002272937403,1.1487841733368056,1.072082554614094
2022-05-26,0.6166757337511662,0.7468955743253933,,0.6713488683902346,1.5147869920390218,1.8433414157243624,,4.101817382104621,1.8418965107193657,1.828547217953273,,0.7691487216279065,1.243852060254294,1.370751937384356,1.6261534390341437,1.834890761824234,1.8896002842102744,,1.2455172460840176,,4.986121062694366,,1.6899549576282449,1.7425424177841475,1.3552756356900435,1.1041199156206156,0.8505167525050725,1.7321644651020875,2.950218892643461,1.309700737707092,1.166308161869417
2022-05-27,0.7216843940248503,0.7894714334585032,,0.6689209652068923,1.6269125102874682,1.9763735161669125,,4.255480816421708,2.0247157890679324,1.9249742532713257,,0.8698613029622134,1.314969144764904,1.3979199741775177,1.6500389481505813,1.92795664955152,1.9431419331518096,,1.2971780195352702,,,,1.7940815129944696,1.8102649633201973,1.4604603361002593,1.2249091117273303,0.947925020209099,1.8263306068356149,3.046266674461513,,1.2775661214537242
2022-05-31,0.8396521612875002,0.9209435573131788,,0.7562559523203821,,2.220205913745907,,4.717627625112008,2.326527065728657,2.105929573130148,,0.9300227802215064,1.5348220028881063,1.490406344573397,1.828926335887004,2.1042577037600045,2.2168656372679623,,1.466145003624332,,3.5917878025150247,,1.980663649554709,1.9021711879764935,1.6466812361395078,1.4857727921537716,1.1175373093049945,1.955705146799625,3.25910767371262,1.4143066936313418,1.3941117660341658
2022-06-01,0.7462109469170213,0.9299281631453604,,0.6901037698078586,1.809765795332572,1.2295208859952675,,2.258931674703819,2.278966765618997,2.0581775375046143,,0.9143206128778698,1.0383169347159058,1.499381311007652,1.8586430420957576,2.095058811012581,2.2396855063693946,,1.5753202748852764,,3.5007687754484245,,1.9258764252609823,1.9325084625710744,1.621241434940375,1.5210294938769393,1.1073324671557163,0.9315008506317896,3.4335889446607486,0.6075827628124728,1.4044840325243881
2022-06-02,0.9005959291289243,0.9253031273742246,,0.5853546667987207,1.939035821899216,1.2386289849866154,,2.301110535213596,2.441093864356965,1.1595543758624778,,0.997604544567897,1.007274763499865,1.4930687709068458,0.8809635381298554,2.067851134810484,2.155513202486471,,1.6436198625753426,,3.566126181445505,,0.9599480894024016,2.044858789054714,1.6874592202782406,1.7579271664874514,1.1874674581770697,0.9831351278085868,3.5290422272190103,0.6039696198695734,1.4957542092515204
2022-06-03,0.8080593590424251,0.9464323971342138,,0.5510596046419783,1.9158453102874269,1.2978233255647496,,2.24842672662254,2.443038239312436,1.14979401220086,,1.0174198236159415,0.9881369652456125,1.4639001255957842,0.8731309238586045,2.141189013028239,2.2212079512171434,,1.772656195962892,,3.556805733865924,,0.9378323691007094,2.0444617482489176,1.6856058483559633,1.6977483386305583,1.1197441950448386,1.0075708863812811,3.7096070074556593,0.6150565220115072,1.5208449698637945
2022-06-06,0.9199867796794536,1.0193666290175962,,0.5478563480050874,2.1944123322331133,1.4046743596932043,0.4389048332845097,2.3752483473205337,2.722949136477484,1.2046523317905464,,1.1381043593761502,1.0600312782377812,1.7369602313697918,0.9016574518792771,2.4062757706309537,2.427271087079053,0.5119107628136365,2.057525470473236,,3.7052945362084166,,0.9455764999116628,2.303555101908195,1.88694343593889,1.8985170366970847,1.2692407278007112,1.0297743927398932,4.155275321274305,0.6857521298790151,1.6998140262889896
2022-06-07,0.9845023457186391,1.1428382406359143,,0.5607349793861097,2.3388786133818336,1.41535994358327,0.4060953749211337,2.4549456391339213,2.8692312291528377,1.222129161796733,,1.2313607994501437,1.1056656082659309,1.8731370859178849,0.9398903537237784,2.558612814985748,2.584661907652479,0.4883945218068398,2.28022035722091,,3.792661676158416,,0.994127405314973,2.456903965781112,1.9918869026507653,2.07214699078725,1.3000460863815004,1.011569797381612,4.522691204611235,0.6593806893627879,1.8473469655391275
2022-06-08,1.184215731398567,1.152021985278243,,0.563399285667245,2.354413372524089,1.364972525324852,0.3938845108478405,2.482563554284587,2.985066183407322,1.165948454366386,1.80345327619826,1.263234811582235,1.0784230374880337,1.927115522322428,0.9352443631492648,2.6191391593793014,2.6737713512985195,0.4986640080050991,2.4319583993688005,,3.729775634378147,,0.9997361713699306,2.5300605958509577,1.999390657419243,2.209437061539701,1.349150538624922,0.9797772142243226,4.819078771979186,0.5940619579396754,1.9085544302831008
2022-06-09,0.9231717590116932,1.0970979841752584,,0.5891333899779083,2.366182726920603,1.308141417327217,0.3999943275107137,2.439078851495508,2.906149295189204,1.0788107524266553,1.7443956429200882,1.1752699946339304,1.0036670873024514,2.0566437415907144,0.8647284143820846,2.6267252875858107,2.719309407434749,0.5247857435200511,2.38481650199138,,3.824991089553029,,0.9071694123662776,2.5533244886353423,1.995816742925946,2.116035796846381,1.2078538013474285,1.0229629177719957,4.947110439516707,0.5999777621318074,1.8873468680763088
2022-06-10,0.8258181922907188,0.9076331654553064,,0.5587547397808779,2.35051672098902,1.2751337900040625,0.4042491145926505,2.458953690747802,2.722829560757658,0.9323611594278466,1.5449069293675952,1.034339738833386,0.9896397909992212,2.1538264538962624,0.8536619267348827,2.720334906643719,2.861873982634493,0.5278309312766237,2.2629060361347504,,3.5410379366701155,,0.9369255871040588,2.664217886077365,2.0085953003860357,2.0131074782286213,1.0954211538996053,0.9492090575062612,,0.5100725777292197,1.7967080653590701
2022-07-05,0.3973132951075516,0.804030070034753,,0.465223750244701,1.5955815736512673,1.186168933074501,0.4699486273299688,2.885622196549164,1.5772846330704375,1.7476903863897328,0.4622719703627224,0.5056000050908803,0.5952406488873476,0.5161948094255981,1.1070097320424894,1.7743083592364122,2.08158172987685,0.5579685764724327,1.196709138668981,1.5366706988115555,2.224030878794218,,0.7377795887135546,1.9775445068158093,1.3971616206249082,0.6034542453729129,0.7928968145834511,0.6225393618040761,3.2526841879759365,0.4666003511774259,0.38147125714564456
2022-07-06,0.4140916530709834,0.8753982085968737,,0.4594646870398132,1.8318243590689265,1.213852699668072,0.4571171904959326,2.9298464836940714,1.5934592830896206,1.7525100595075471,0.4477623975091556,0.5123688524373423,0.6403866252486284,0.5244963336835196,1.121595274307662,1.8844318327844267,2.1185116978604874,0.5397193919591609,1.191177687904627,1.6567299919258984,2.2693780314011,,0.7681929758575688,2.0879319712854447,1.447303291009058,0.593869701188763,0.7669742374801239,0.6148822027831446,3.302634151591557,0.4665656964922277,0.3919944217694586
2022-07-07,0.4390637550436011,0.9477272179038884,,0.4505421437548003,2.0599260211090136,1.287207618548463,0.4237982886549192,2.842873846745374,1.8835150789681383,2.0303539149390737,0.4500251666165245,0.5355612797135568,0.6217566909613406,0.5359035330109143,1.1379883774128907,2.011389602082488,2.375183398624466,0.5008004828738782,1.5888764304430107,1.7811334259586264,2.304602391173688,,0.7759356185494055,2.1397717608170743,1.5849624527603967,0.6445724682514604,0.8335507329494033,0.6226890982307383,3.6960713401508927,0.4591946061819946,0.40177198341196324
2022-07-08,0.4372561837491739,1.004532987326884,,0.4365461760396896,2.221345003731529,1.2939281849824174,0.4134600110172797,2.853370754467294,1.963505689452514,2.03072611396891,0.4475791160278423,0.5464482063927718,0.6296226094553584,0.5451462564192473,1.14944007320098,2.0924576482433968,2.5924218433259747,0.4737945211113847,1.5416290105730464,1.8672674685524495,2.2897568719037915,,0.7410237096018292,2.299820770640495,1.7015944540944137,0.6349769731231861,0.7774624215207544,0.6215766917782937,3.91715880660176,0.4535473624978194,0.3935731085391718
2022-07-18,0.3193846356387466,0.3760402138449754,,0.4303226477128112,0.6942969112255165,1.379553215998225,,3.237925092391908,0.751931410315837,0.5428149006777876,0.4707906903586582,0.4572406299357999,0.4663343089065365,0.5649482683391341,1.2358188074024885,,,0.4951951090712972,0.5182811749496558,0.4744657613105286,2.609826927361139,,0.7930668975468871,0.8659446465361786,0.6898106125039668,0.5995380127222883,,0.7256428284967531,1.1053553650848762,0.5148984854059854,0.4018246729152205
2022-07-19,0.3005234708196946,0.3765570834376776,,0.442747005464103,0.7906301024351077,1.1197477113237444,0.4184562164066771,3.298418037904868,0.8235117229430101,0.6621645847911533,0.49685279014516,0.4839886306148467,0.5201102838716215,0.6437967015371308,1.1660480666566404,,,0.4850216247757692,0.572086130584685,0.5427762268533691,2.794363227608853,,0.8090459747534363,0.9304695787282736,0.7440094690569856,0.7050996974591097,,0.7885239247703242,1.2408259855130417,0.5356097076499237,0.4705328802455018
2022-07-20,0.299296900069426,0.3874726319677689,,0.4778600276789378,0.8030600949338146,1.0553600360484887,0.4156767039919546,3.22640128994039,0.8320063212699148,0.6938592827164516,0.4915114776609001,0.5019605840191158,0.5018443322890572,0.5779879470184089,1.1573240302733707,,,0.4793770550806001,0.5660961353016948,0.5603308487887223,2.8818784021645065,,0.7599859712952377,0.8770721942328763,0.7248905852417049,0.7566713820010837,,0.8172259609922917,1.3114361566468735,0.5524951098440622,0.46651292217671486
2022-07-21,0.3044113585609788,0.389742735774354,,0.4732479129234775,0.8450012061121125,0.9769617923444548,0.4021048702194387,3.1040464873332287,0.8551080424706083,0.7300527073517579,0.5148802604674908,0.5160362442949922,0.4595359310112017,0.5952865567794348,1.1857042464081324,,,0.4818315484367982,0.5806261746073419,0.5817561354972455,2.9700971736370594,,0.7590205515241085,0.8731790293968579,0.7130981442526753,0.7703745943240458,,0.8474886610325906,1.3006403668612718,0.6128130941684246,0.47858358149443964
2022-07-22,0.3153812278944406,0.3842558589574966,,0.4610337076896142,0.8424393333396148,1.040242887431964,0.4155143337162283,2.675405202413057,0.8383881198373981,0.7106677026549534,0.4991174595457128,0.5044614700454825,0.4580289389718828,0.5906584200002708,1.2252392940347154,,,0.4669985696023633,0.5681285996979778,0.5971985311269808,3.0277268524544665,,0.8395074825418278,0.8984207224263074,0.7265684546118667,0.7102647047361306,,0.8801569224725363,1.276344131435263,0.6134397051122077,0.46561247948024614
2022-07-25,0.3298552785278911,0.3947499175865945,,0.4612646432684033,0.8834697551822699,1.103497204587136,0.4350700900803658,2.892092126591854,0.9087990330497046,0.7476859783092796,0.5261611815648319,0.5312256084292521,0.5354064977780851,0.6626029869034491,1.3140062467484568,,,0.468542484439774,0.6159965608228481,0.6267673985180996,3.234123523476218,,0.9256028899016584,1.0041070460675532,0.7146144910122066,0.7511947208828326,,0.9185878465830014,1.4770012421505794,0.6633537377952718,0.5022704805561767
2022-07-26,0.3347366338445734,0.4175518571647105,,0.4733828193069085,0.8718651652251532,1.1063380676764203,0.4764244686704948,2.966364106846429,0.8678111579888733,0.6998995124500182,0.4865477311950524,0.538047112888353,0.54163605812096,0.6880401254920557,1.3806363363128342,,,0.4669366845295805,0.6337872172014449,0.6440260308566933,3.6449856653059887,,0.9528467516542274,1.0731603464793564,0.8173027762527546,0.6765291382510572,,0.8448648608764359,1.4741135890179495,0.6876626340222264,0.5011110996099828
2022-07-27,0.3267372850768638,0.3499874512555221,,0.472248184931573,0.9111049572491255,1.1720697445293802,0.4269833479178755,3.0321442640204044,0.933329096032964,0.7592267363513744,0.4861349127464743,0.4271539838759226,0.5126227924503741,0.715888660151898,1.396449432277748,,,0.4046624659427116,0.672149148213044,0.6665902694861525,3.635951478175342,,1.0031714362536646,1.081734470924158,0.8596677664782908,0.717028808391276,,0.8541177442056058,1.5636555383678516,,0.529614815104671
2022-07-28,0.3095353072482749,0.3919711780352847,,0.4575309763519474,1.013116908334943,1.1883085269157183,0.4406217926901814,3.198428921843163,0.9075483780130932,0.8162030138518184,0.4854316723067138,0.425989103583537,0.4621892590832664,0.7586348477583028,1.4769388804633914,1.172657501167739,,0.4039161927336193,0.7054138722287763,0.7857292541637051,3.792423585031404,,1.0983887011047648,1.1948745870465232,0.974901985132904,0.8589352878616999,,0.857553030797324,1.6297870741132785,0.4876771161793015,0.5713551316651451
2022-07-29,0.2853210358184088,0.4159912539292767,,0.4774650585772674,1.0009953166337562,,0.3428159080030007,3.380235799038247,0.9574543579506808,0.876810179622488,0.492023366393627,0.4388397533433121,0.4836933885493386,0.790977490909969,1.5035753099971023,1.164507267527662,,0.3892458138396538,0.9206084820248778,0.8470007780519796,4.070485780377496,,0.7769122505234246,1.236874866019854,0.9970567939742204,0.9811688594944784,,0.8882191794756175,2.166341119055721,0.4659605812575797,0.6474124076324383
2022-08-01,0.3080978922120471,0.4270813891645316,,0.497367601141316,1.0742906473215408,1.4775294079638253,0.3555819961542746,3.6576880935993055,0.976847629370562,0.9233203041559978,0.5221700079154019,0.4551792894995948,,0.7844327731805688,1.6000628264115588,1.196368029865477,,0.4305912662660048,0.9326979364521713,0.8930807805974635,4.396932317812644,,0.9932087155799004,1.3686961196438772,1.0872348265652645,1.0325966422262287,,1.0336661351340484,2.205907571987475,0.5086605899596677,0.672925299908922
2022-08-02,0.30848527147762,0.4128855538078412,,0.5221205733987342,1.066680790340257,1.507845774628936,0.3686233062681759,3.606808942592661,0.9237968245810764,0.8945545654492155,0.4942154859022409,0.4213320672922879,0.5012999212745447,0.8086982983013996,1.5738027755447517,1.1593872586736855,1.4531966473656468,0.4354689430581616,0.669221748139514,0.8408078909556909,4.408073430044763,,0.961966300997501,1.3157594934210828,1.040548384199344,0.9579392146635602,0.5056907718620536,0.9898900552208044,2.205464980920806,0.5204565475908428,0.643618090043055
2022-08-03,0.3422866397459814,0.4730817403403844,,0.5621169445055302,1.1820886249807443,1.5811664346118186,0.3617504277204885,3.710930413466918,0.9881756546800464,0.9849763628471024,0.5483136893460001,0.4319004705480229,0.5238150009596672,0.883278188545571,1.7209730470003972,1.183402859332768,1.2504920049224582,0.4033014702683692,0.6267211670421923,1.046942084649856,4.0250518270254565,,1.1102450200158025,1.381979642571087,1.0937458661493562,1.0692341066336608,0.4951672539808712,1.1806181082258058,1.2553929490501052,0.5709856034962548,0.7070414748474236
2022-08-04,0.336336891785779,0.4900691169915689,,0.5852345848837975,1.1773469458524743,1.321582746360073,0.3864566266612087,3.6471530896029902,0.9478939030712864,0.9812628743617084,0.5899754302366328,0.515379181936935,0.5751375629815654,0.8173333921220979,0.994737615721592,1.1984355339336172,1.24166642882727,0.4008321415124684,0.6454707250643311,1.0749098893836495,,,1.0125933408839476,1.3989588518724474,1.0825966323090783,1.101446420783569,0.4930649375802541,1.2141376464735325,1.187681937906752,0.6562035581960589,0.7191076343077546
2022-08-05,0.318558352818868,0.4731654353823203,,0.5652609552613062,1.1581481989767306,1.365250533233178,0.38136037702137,3.874004867356518,1.1521582631017837,1.0568752962791177,0.593701395259915,0.5442658633582246,0.5852273454912993,0.8454560119259399,0.977572235325868,,1.2634607726391194,0.370200659140674,0.6754830900116859,1.0812472969622546,,,1.0137713999556173,1.411060115884611,1.0791965121559952,1.0973153892258434,0.4839361572431832,1.2310930066054775,1.224498335495661,0.6113292414058701,0.7320912899670119
2022-08-08,0.3446317550236482,0.4935543871950715,,0.6093681306031391,1.301631529954622,1.4202179036598943,0.3862734589929905,4.282634804757612,1.197411301588497,1.183436043446708,0.6634988071402813,0.5578955007543184,0.6115320494266782,0.975465671918031,0.993879999728472,1.501768094968021,1.2990243026013646,0.4183917578879394,0.7593952771780476,1.1559039315277713,,,1.0606085057047523,1.5324678229320676,1.1349363302563993,1.231166449144575,0.5283549128222335,1.3117215571780654,1.2632784927372604,0.6644822571804121,0.8392771913292898
2022-08-09,0.3631924860261141,0.5471864276084759,,0.5477468096935459,1.3645561989298092,1.315136412065389,0.3878139536085221,4.530987273725546,1.3332694784361283,1.2777372287293165,0.7103287203843033,0.5224285519353783,0.6909350498438578,1.0247606739945985,0.9908370659200892,1.6900114596280758,1.3535677593281052,0.4390434285446721,0.7898411015226474,1.1826146279713088,,,1.061874981440997,1.6254020805147995,1.307099313465414,1.0739119401783717,0.5375607900557507,1.2400395091484455,1.333771748920101,0.6202559750380982,0.9104537377745741
2022-08-10,0.3952043953768704,,,0.5933315701463349,1.5455865910581834,1.38512125612388,0.379075624090438,4.812520095114838,1.6371862402954231,1.605571678028482,0.8459979994189929,0.5255897249383904,0.7287373133508412,1.0584042701432317,1.041433440831928,1.756711103403234,1.4106795855013243,0.3991162344139776,0.947423650328573,1.25191587059594,,,1.0972526544150016,1.7853991647814396,1.3953072377900944,1.2697814433810333,0.5876701909747432,1.310242202458218,1.366044035371397,0.703078928264548,1.0251921569457465
2022-08-11,0.3918644468782479,0.6659355362256052,,0.5881557901426578,1.594111379473004,1.4365136042074635,0.3818293960624277,,1.8188389429329368,1.8370400915188585,0.9118513692684196,0.5179214803134482,0.8095841526402928,1.0394806749296428,0.9523965826661764,1.781555177499426,1.3849527303172453,0.37811942793832,1.136840484997524,1.2635644002969082,,,1.092887677750057,1.7959170579764123,1.4026510051413763,1.418032934157543,0.5888814374944455,1.3370206598890806,1.4568583211275152,0.7309601853514164,1.1488034862652827
2022-08-12,0.486307078551384,0.7878992419513315,,0.6510850416711178,1.7898848703857253,1.5066471098736218,0.365598165565062,,2.1051142112230985,1.962372905007432,1.097213990303794,0.5537936129035721,0.8778218597601581,1.3039804078601989,0.9014172569390856,2.1648267557401706,1.395232925884304,0.3674229454356819,1.3672927173812666,1.3406552436097758,,,1.1446972271757203,2.018900135102198,1.6268879847283793,1.667531569328199,0.6669211785388589,1.3963235590780156,1.4986362410271807,0.8473405116049417,1.3083997176211355
2022-09-06,0.6061150139253328,0.5388005604543282,,0.5833870046896172,1.970414971312554,2.326237048421049,0.4558205149140958,4.665543200148093,1.39524400317082,,0.7400089542812374,0.4947226942177229,0.4399650585339905,1.1821517045153764,1.567324469073193,0.5958691324257875,2.3770613301280457,0.4941435389350487,0.5373524577858334,1.9067908388519192,2.7435238411233414,,1.516612465660181,1.2100251387071188,,1.284058824889765,0.7393146127893502,0.9836775529623424,2.597358207593168,0.6402040394870517,
2022-09-07,0.6327248064973655,0.5490079180794867,,0.5764629270993049,2.183109109243753,2.5156375337373684,0.4291315830381549,4.829121710616261,1.60617138034708,1.678138867146951,0.8699259825750572,0.4961681025375917,0.4377786453470553,1.259598769293134,1.675741022144466,0.6034701352303992,2.592450069944279,0.4748257833614447,0.53598164804589,2.1674234991747925,2.9896777702138206,,1.7259998480518868,1.2931943682419642,1.6207615440967915,1.5437576193757534,0.8421483915254897,1.0628688480575377,2.616547928269709,0.7326151442303762,1.3518885260175948
2022-09-08,0.5972532883629891,0.5500952293422616,,0.662478605032651,2.374848130992308,2.713774207481205,0.4208926063341877,,1.8821181995817888,1.9006245045063568,0.952150755150424,0.495914138413524,0.4477740056970506,1.373761205063309,1.8408908723585424,0.6125914925857198,2.726258688929954,0.4614730723962373,0.5452749513543664,2.1937020715093043,2.943708982922057,,1.809213653762331,1.2850187264839217,1.7608755595156187,1.6615157854696667,0.8612187362701854,1.0958534132269413,2.827517213249632,0.8080361240136362,1.4723686364770083
2022-09-09,0.7105564651785138,0.5943022026748426,,0.8713761073097962,2.599533977815946,2.985832712259342,0.3863898183012776,,2.085758014016577,2.160158993629376,1.271806769583326,0.5418028366307921,0.4283615004307347,1.4524587124240331,2.005069215881351,0.6102908629010891,3.0291003303736628,0.4898761874659363,0.6108849518092473,2.5955416082820477,3.2035890843410977,,2.0953730656910605,1.3087940337786843,1.8993085829059084,1.924040102561785,1.067721598492956,1.1101509574132085,3.299616048022004,0.8086663881628595,1.6486134886978132
2022-09-19,0.5055584968719444,0.5051706714072457,,0.4640648801815498,1.0540086115828116,1.273134524415911,0.4271167984689805,,0.7842660459138091,,,0.4712550143017188,0.4975944013431644,0.6838118762526421,0.9059343767708956,0.6767734403127796,0.7986123782093336,0.4560870110168241,0.5928815467132126,0.8175358136910696,3.267179916827623,,,1.3208957958169112,0.8781680185851158,,0.6296120181570816,1.021840444281689,1.1430232995160696,0.6547933402805457,0.6392162375272019
2022-09-20,0.5427155311385072,0.5136382529480753,,0.4729100063950691,0.9492198525392702,1.245512649163267,0.4366284787902623,,0.753870930803261,,,0.4702985749376515,0.4752527870963609,0.6808276126065077,0.8793928920473997,0.6588284682720431,0.7646939323203864,0.4615166395068821,0.5713132868845474,0.8061246309368002,3.315343190093352,,,1.308438681116468,0.865486159373789,,0.6145031185281428,0.9526402952691048,1.1448237350482635,0.6621071292702039,0.6224423783196911
2022-09-21,0.5341930913437252,0.5301549542874577,,0.4691376839433935,0.916684314804953,1.2211838586919193,0.4306398733095153,,0.6871818959666148,,,0.4492161621697444,0.4365824346970735,0.680953341301787,0.8637009204660858,0.6109371583699618,0.7174366669837267,0.4710204313352961,0.5282138424277862,0.7764939955053968,3.278613125854373,,,1.412076906983966,0.8273995715275416,,0.584701008834428,0.9570521454235822,1.1277706523166713,0.6177524219234289,0.5746533853859744
2022-09-22,0.5137148440199324,0.4987001532925136,,0.4590771104175046,0.877453016547704,1.252802376750771,0.4194485224307966,,0.6614636993891337,,,0.4364595621713688,0.4452935184715558,0.7016706334970073,0.9558662810705162,0.7428070063338655,0.7779559810483241,0.4594894470267939,0.5064649970574413,0.7746586408264394,3.3005033085657733,,,1.3216144383653683,0.7866738960640415,,0.5444456446735917,0.925668073755018,1.135087136665771,0.5881353476352689,0.5694614480298722
2022-09-23,0.516456425829712,0.5090321525487975,,0.4622061979810438,0.8465024469843722,1.1796310008435815,0.424465705716414,,0.6583446923581039,,,0.448281767276278,0.4472859821475637,0.6939418064239662,0.9896172226396242,0.7378894600457168,0.7922928338736621,0.472489998432786,0.4896441233218465,0.7639204194201976,3.292073960690358,,,1.3135672097581426,0.7585075215454107,,0.5364740859209794,0.971597757646096,0.9588794425381904,0.6386470538743124,0.5327740998375678
2022-09-26,0.5517307478208654,0.5503354124994574,,0.4899022071510276,0.8952308546781875,1.2678635639261866,0.4545274881480423,,0.6569315373581146,,,0.4538264530642546,,0.686126430353907,1.0315173001119058,0.7648007242884933,0.8260729975328541,0.5035095065411327,0.5195358749976908,0.7703323025007608,3.503692811969994,,,1.3447145695143092,0.7811690680134401,,0.5413417923341326,0.9840439516399464,,0.6306259969437705,0.5432712832449481
2022-09-27,0.5707133329947693,0.5352325430671715,,0.4921621235451461,0.9044143966897832,1.261152386323267,0.460494365353686,,0.6468814442625398,,,0.4421298386910743,0.4467436763040843,0.7241141950938103,1.0137973278044945,0.7520061266583081,0.8226162169459765,0.4950593594246716,0.522724813077718,0.7767883167298366,3.509863125937207,,,1.253941910467235,0.696491239199107,,0.5299629106917992,1.0226317988217983,,0.6484138954779293,0.5418853004512343
2022-09-28,0.5275123967142482,0.5454090832570386,,0.4822477939662482,0.975405138125158,1.3113027136453963,0.4470516124273135,,0.6673085032450634,,,0.4349026859205964,0.4574020242609271,0.7447597799943341,1.0892367368178797,0.7889582512855092,0.9155467722529562,0.4811142498093357,0.5366121590412122,0.8482260215164771,3.699571614269831,,,1.3338837180187848,0.6778351197300175,,0.5419656648631445,1.229519353353112,0.9941445812119768,0.6699273715620084,0.5879924210094144
2022-09-29,0.5019478161447375,0.5427142424080864,,0.4933544173295395,0.9285545953235128,1.2960592405095837,0.4628857943105048,,0.6534978946676029,,,0.4420742760138578,0.4730520298697356,0.7270395744185024,1.0417168689690113,0.7958753785184604,0.8939043209055275,0.5023843396276152,0.5352060613297918,0.7881229198305788,3.6402048007775942,,,1.3162399746176552,0.6480455761814801,,0.5417070057179365,1.1963473542954055,0.9945936786638258,0.6338889758039515,0.552724178249093
2022-09-30,0.4648898732667955,0.5168960030395011,,0.4701667929794151,0.8647072920270934,1.2163695077301984,0.4397133584573594,,0.6269224822252659,,,0.4195889262956776,0.4517422154740201,0.7240112812199562,1.0381003725946594,0.7785451280225645,0.8323034666595429,0.4896163809757254,0.5283253571991502,0.7072154905643339,3.6066994716973135,,,1.3127033286254626,0.5992247503561531,,0.507211756289241,1.1939788426944526,,0.6048419468824134,0.5065425899395837
2022-10-03,0.4636070240667506,0.5670696637943815,,0.4662000440467309,1.0554773221009628,1.40818973885234,0.4341408165615498,,0.6827519410965802,,,0.4474322146780097,,0.801315420659049,1.0840237784357172,0.9009747349694268,0.9995932119276096,0.4684183853314599,0.5838004123484747,0.8748154903403375,4.090355877711295,,,1.4425027381065318,0.6830018701661896,,0.5234788136387477,1.3797198268751976,1.248760239351145,0.7628782029325075,0.5962250875277847
2022-10-04,0.4775118298252696,0.6422592900500051,,0.5093952230635661,1.1991899135094437,1.593797736711249,0.4369115994794327,2.3010582209584785,0.8041741065461356,,,0.4830085982902286,0.5579029703696896,0.8673352889377681,1.1941033551550548,0.959076927829294,1.057063438139053,0.4510866654121032,0.6747712230779048,1.033960536500122,4.3730567368163245,,,1.4982972950458198,0.7553324677259936,,0.6004211061529213,1.525368532455042,1.4923411093185266,0.8387210676613557,0.716215693625669
2022-10-05,0.49490151597313,0.6712188401747896,,0.5207413403857052,1.2348252628265657,1.680828775588748,0.4418863162302525,2.283911507058753,0.7970648895822939,,,0.3677781453350757,0.5445844093456653,0.9014748088846944,1.2504024127434252,0.9774136836579153,1.1213415954466257,0.4589415003972794,0.6554749499668944,1.0418576047366142,2.152070106333498,,,0.6422525220274954,0.4336401009830544,,0.5964893842285642,0.6777090176279899,1.5655406623377155,0.4719904937994275,0.7507027955650617
2022-10-06,0.5035952454137467,0.5336670448398437,,0.5217889475906565,1.2170955978973772,1.5734330859823047,0.4577330807345955,2.095211137139175,0.7655422934360769,1.0133681110286847,0.8761822942628964,0.3674550433120134,0.4125302929614946,0.9228346869526882,1.1318440885306638,0.94057138638267,1.071542646351852,0.4762001066988089,0.6889391314207891,0.9970068536770595,2.035514087910937,,,0.5982143140802316,0.4221685820308453,1.1373369418218957,0.5977838367389474,0.6976377536187496,1.7239891013156798,0.477200482954615,0.7029910493016612
2022-10-07,0.4611909785025985,0.4912420745495034,,0.4993430370746688,1.081843345889387,1.4397595690486604,0.6054206533569244,2.001320276470717,0.7264715803350108,0.9847982817916052,0.8285127712190442,0.3703257233769031,0.3970369383514412,0.7988929342180672,1.0976895403082765,1.0037515730373558,1.0376803859372137,0.4583936008226721,0.6603161929621385,0.9134820397849882,4.13784341078228,,,0.582830426483063,0.4146249772709473,1.0027162247862345,0.5557466795482227,0.666318461857927,1.729044665080958,0.4675819782751166,0.6116492268989094
2022-10-10,0.4947487655601273,0.4938223534535581,,0.5166648727125457,1.1433759875760374,1.5673267883421835,0.6154336686732752,2.031604471714749,0.7878837829855301,1.0871195277363133,0.8815403534614833,0.385902865720983,0.4072246660311551,0.8432281817477579,1.2371065483371977,1.2869179955413306,1.2703149216911167,0.5101151232456743,0.7683035579340948,1.0258976539328415,1.972980755873334,,,0.5930013907331486,0.438064509352813,1.0789552170993015,0.5723342318681056,0.6777191402185416,1.786978251889452,0.4756284236136165,0.6692521201320826
2022-10-11,0.4829676589436978,0.4881877152968211,,0.5438172397384045,1.141376396893999,1.656962253311139,0.6263623221111532,1.977659306803501,0.796102152286644,1.0572006923699786,0.9191743668635444,0.3922865172870064,0.4307201997144489,0.8928673238677565,1.393110615763594,1.4743630414693212,0.5770746719578127,0.541369285746208,0.8126924760607763,1.138033052420996,2.019091831530461,,,0.6100777245922536,0.4515655266482651,1.208257851440015,0.5657195517716926,0.6855153027874565,1.8449623914032371,0.4757359241248371,0.7132997178896888
2022-10-12,0.5089275865532478,0.4895695737869708,,0.5809447518928001,1.1393909872733103,1.716242958032839,0.6348981358378452,1.9735946869714864,0.9108974686400052,1.1403241510393258,0.9689841512113144,0.3968376460768504,0.4616863667036706,0.8944794107801352,1.46288822235036,1.473847179843406,0.5907584205959929,0.5480805621450854,0.8161361095686215,1.159622519347658,2.059639512458295,,,0.6495931320050303,0.4707413700809494,1.3021029828681543,0.5890208272865589,0.6892628414693794,1.963309943125196,0.4937322948450592,0.7405345841501685
2022-10-13,0.5177585142823382,0.5126430371232035,,0.5199514306122887,1.4212199760970825,2.009328651780285,0.6131024277220263,2.0874363224533528,1.0256746658889824,1.3702138239241586,1.1284813144452872,0.396087661690868,0.5014950583978012,1.064751604439644,1.6960637735929582,1.7714598547674751,0.6206062083149525,0.5108766424876308,0.9109051744478214,1.387213310643935,2.3249212965757984,,,0.6860029109715063,0.5427427603809283,1.4254442082097172,0.614391654772926,0.6973836052866118,2.542121934059113,0.4736639475027622,0.9080506459938272
2022-10-14,0.4621111801073254,0.5081787488079158,,0.5108958245229995,1.4104056316047453,2.048390130265317,0.6093776761372619,2.134901647671632,0.9956756206726942,1.2177873442366416,1.0121831051120718,0.3942956379542132,0.4898801980231342,1.0995526753537217,1.7878159864322138,1.8981776569893205,0.6266465303650526,0.4784702105524204,0.7966641410152888,1.30953042903802,2.3400183236255403,,1.6832767687681358,0.6459189620205203,0.5180002205921627,1.339129125992678,0.5626273678659599,0.6628235278878238,2.4019081915221947,0.7167769390046516,0.843811540965797
2022-10-24,0.4928336852859685,0.6336506354138355,,0.6321750611076845,0.8671940659862145,0.8124983456837181,,2.3603858467379712,0.6886733580742314,0.5900530782742597,0.5258682679212174,0.4169189243094505,0.7237905451912,0.8769081777602307,1.0015633286183223,0.8891687260871918,0.8244917082760711,,,0.5532951545949789,3.0121339919117567,,0.6248965957703329,0.8929428587279511,0.6783278189471393,0.5084871875669614,0.8458865157345131,0.757726774386481,1.404054408741959,0.5248231797403997,0.5009988544225932
2022-10-25,0.5079843529121195,0.6577740325365219,,0.6903911904576191,0.9242583679724424,0.8185608273232491,,2.48599224536777,0.6843331886435088,0.5858035824241561,0.5919278067175064,0.4487537951138478,0.6827112882512071,0.873213139246198,1.013131035972077,0.9210921863262952,0.822753512304667,0.4650443454301735,,0.5759015458423624,3.053721527565628,,0.6699289958514658,0.9961435721776032,0.6960347839200665,0.5545860663715515,0.9137157036003676,0.8244334563222152,1.467582226835084,0.4652187051459361,0.5101312296928736
2022-10-26,0.4993620654713711,0.4693271578693163,,0.6344175124602598,0.9312401895477436,0.9145271553162588,0.7272325228999597,2.539919176018894,0.7129485452895176,0.6039610394557192,0.584092070783909,0.4225182641233603,0.6592352793455213,0.934565029758884,1.0662644083564816,0.9605111080319618,0.947141864727984,,,0.5899400699794659,3.381880419574049,,0.7025134702933965,1.0329537205372818,0.7071093205649756,0.5761065930056518,0.8620363014180865,0.8343877580166709,1.5667961594140982,0.4709174413832541,0.5362765310207195
2022-10-27,0.5223436044579134,0.453848939776025,,0.6276495501912007,0.9486068034076164,0.926489390280974,0.7625097784570358,2.5565347262584064,0.7254507593290417,0.6121174984863037,0.5894437103804601,0.4315491995506517,0.7347308772771679,0.900270096857899,1.1041880929158046,1.0330499949980645,0.9749040742968,,,0.6544780101376131,3.4677985366995667,,0.7202068388107303,1.0589147810087622,0.8397435135922562,0.5469614583805186,0.9296575415768096,0.8513314229826549,1.638356979338906,0.4806951104815417,0.5257945876070385
2022-10-28,0.4829506960458554,0.4876150374038953,,0.6565003888116291,1.0497886130119871,1.106268523585917,0.4767896396678336,2.8992815260175586,0.7592221027065891,0.642489580030504,0.6361361854353247,0.4630464076757655,0.800229850287206,1.0237432657122432,1.2119180280857722,1.1035817518226332,1.1218842645725686,,0.6086817834374478,0.8485961684710105,3.785764284189632,,0.8401979105554886,1.19519233714802,1.0197845476388394,0.5888325141276032,0.9834297492272672,0.9445288072949602,1.7034468275746064,0.5013584957481888,0.6414495540672593
2022-10-31,0.4868981841313266,0.4857004933230914,,0.696262440466748,1.1056920091718228,1.1782181777405485,0.4728694609442448,3.080439441025882,0.808803522917259,0.7124855213469602,0.6337553742513236,0.4571524568721296,0.9401341943864652,1.1063981032768635,1.2759495920198063,1.20357629271604,1.1167758811370534,,0.6045424049080687,0.8737540480361423,4.042975149045619,,0.8852381632501416,1.2000856902127592,1.0624190139329974,0.5971512211049019,1.0884496795027627,0.9790385674785496,1.872251417488834,0.5005180607931154,0.6499177934580272
2022-11-01,0.4665186519368498,0.4709695934520558,,0.6645524611731306,1.1275740062604227,1.194123640725381,0.4789019053119392,3.1598432550032696,0.901113835535446,0.7642730188216781,0.6127658059813488,0.4592889432740317,0.9287309889897244,1.0651994237289315,1.2649911004864764,1.1508693583970664,1.1951935031535743,,0.6297060349273973,0.8623670098726227,4.124482436786019,,0.9083015786771595,1.202138571655382,1.102245479812771,0.6292533066188698,1.0771130753206526,0.999361050790024,1.970025287540804,0.4931974360086438,0.6497694349974581
2022-11-02,0.434452811958319,0.435675784451936,,0.5919696756840769,1.0828242703484527,0.8968973005779198,0.4574177518483348,3.326726640286293,0.8688291803969057,0.8129445591213098,0.5638376408855811,0.404677009528777,0.6297878753346581,0.7271036099384446,1.2010093980850505,1.157177328778343,1.1692208945368352,,0.4828572170806168,0.8205303273605035,2.7525447538547394,,0.8408022473121001,1.136313976095806,1.0742904934836122,0.5641184275045446,0.9910583361639356,0.5763700427045471,1.4865176193730008,0.4011495729664663,0.6002922657383268
2022-11-03,0.4133164510706409,0.4305703040317765,,0.549017399887403,1.0500990781854356,0.8282382016221668,0.4566255005893945,2.166192482603837,0.8910333031582334,0.7939695515338479,0.4992155983075334,0.3657253055870362,0.6137146003223011,0.731817601671513,1.2586466978967965,1.139159228130426,1.1051202400066795,0.4035368627540462,0.5182681532178914,0.9287460118896048,2.787425564294977,,0.8212087860433386,1.1595543134837132,1.1661077796204589,0.5813031612198362,0.9212509667097714,0.5503414959202501,1.5516505321069465,0.410541771671514,0.49120681122129706
2022-11-07,0.4288475260169521,0.4925472659024882,,0.5665917695601003,1.3066332515507482,0.9725303588314328,0.4518552381485616,2.263186504986836,1.2127173214845255,1.1243607824282549,0.5875627194143859,0.394758756975786,0.6596452811482127,0.7593303921114609,1.5634845516610465,1.4334513597472076,1.583039119868123,0.414501432283518,0.6097955527292556,1.2544976778664818,2.992869301534037,,1.1911665146067405,1.44281233209835,1.4473942245777371,0.7046606737944059,1.131073056982138,0.6078878516754578,1.732954610802306,0.4143042788034037,0.5578001869696683
2022-11-08,0.4397401349179927,0.5090469144440231,,0.6119901599137524,1.3029465804165608,1.0480762592740502,0.459191276006504,2.387887042448468,1.2743629484128045,1.2057001559492275,0.6375680181043972,0.4083237243462067,0.6819485666061095,0.8203508617184972,1.6782302718639135,1.5937433072281273,2.121115209580602,0.4188832019161261,0.6294635418256938,1.388095297516493,3.086435623863265,,1.2676698765134344,1.5425408011846715,1.5702748168919292,0.7359874854019917,1.181063161947232,0.6254030110598727,1.7494842033343907,0.4361808994242087,0.592149620987594
2022-11-09,0.4793959800749304,0.5011755722919394,,0.591290893850875,1.3174663754361442,1.0050273238641083,0.4623200666818617,2.3920426038140445,1.225507717788877,1.20964069286317,0.5947976613245926,0.3855209016550825,0.6611094439059301,0.7536801255553257,1.6942763846045177,1.726277494737972,2.145264767335381,0.4291234689365663,0.6035281202626651,1.347113934955342,3.0937262344191936,,1.293644353570077,1.4801880867263175,1.630592048218717,0.7083819473948949,0.5822871852774372,0.6149174982144873,1.592811505046123,0.4280034326489552,0.5555202647121096
2022-11-10,0.443889568564945,0.663889714645009,,0.7612171825004931,1.564266742367317,1.1215449748877837,0.4750219950741456,2.5315978406224,1.660479120097104,1.639397998779497,0.6885336440835322,0.4361759848455202,0.6709059933348196,0.7747982529134422,1.871825206669221,1.819778217833908,2.3120543362879,0.4224276376432315,0.6400689825372496,1.692147683513795,3.3240149646533053,,1.6704256133343425,1.914346062166075,1.6612404007241357,0.953935388936616,0.6441525627543344,0.7834322838074229,1.6880426676598812,0.5108836167411026,0.6600412512884497
2022-11-11,0.4675155717923268,0.8069876453285548,,0.8154534690081647,1.56227935575577,1.193614596220068,0.4712094513239114,2.5573558482242325,1.7631529078903307,1.9303058099030967,0.70553392790705,0.4212586902218421,0.6333123105694636,0.6638335356480897,1.7082712532476476,1.547440404389185,2.2757210161375507,0.4083563429015517,0.6887489467828689,1.6882553611998554,3.554833790126102,,1.7622042096485242,2.125194529083708,1.6222387197893573,1.4610362704572502,0.9157460676009191,0.8165067417426355,1.847415548728835,0.4871171616988655,0.6570059031835667
2022-12-06,0.4517710776280151,0.6701520357038478,,,1.8209782227493,2.439973837556336,0.4049201351671977,1.5642471403743847,0.6695139496470136,0.9203567738016936,0.5590537918592422,0.6752770078587252,0.5944175679108826,1.2636578660223046,1.743967523658353,1.739296109450506,1.1997288313453034,0.4886843774143495,0.9047764174648804,0.9194142868530653,2.7672485672357325,,0.9310806918891308,1.7008513260482456,1.4805849247684966,1.2832249626262502,0.4035320860651263,1.3757954599055655,1.104392910555905,0.5239580075396154,1.15378755573604
2022-12-07,0.4483871194929041,0.6927508469844729,,0.699829613354298,1.8514300436456408,2.534160417838779,0.4098820830394575,1.628180713593607,0.6768893433926705,0.910802732078528,0.5876385550453068,0.6792950505158218,0.6009115985624766,1.4271643320493514,1.907344049182204,1.9490696016891,1.2286130717011785,0.4756675953268086,0.9294698038375928,0.924343337585938,2.8774799661567467,,0.956414614836596,1.814694418319545,1.5235281399846492,1.3872018629555138,0.4061680919180033,1.5061260770737754,1.1204895710420568,0.528293110153374,1.2125911353563368
2022-12-08,0.4487060282887029,0.682470900776725,,0.706412201068077,2.101431736275004,2.733087176133853,0.3981507332980565,1.629425791522881,0.6935700127948606,0.892232857958732,0.5525281882538672,0.7200815594491222,0.5908790254689641,1.5322260796605531,1.9790862569169656,2.139993144838015,1.2420608972328475,0.4725145441243787,1.0307002726315773,0.9278658117824116,2.8937013406753334,,0.9894983952259396,1.9591366662166485,1.705373484247985,1.653670357054712,0.3971429219457059,1.6700112471290116,1.1438697747686728,0.5245297586138388,1.2948740479912306
2022-12-09,0.4534474053522615,0.7447215905321231,,0.7457095485023112,2.113532257936876,2.867253558780157,0.4049049823336387,1.6868889170974672,0.685927033849531,0.917220241604662,0.5593656498088622,0.7369439749126203,0.5777457197879798,1.526430427540635,2.03660563771698,2.0908975377884373,1.1739490983440506,0.4908494526490528,0.9611057670603474,0.9308453855798592,2.9282978922658804,,1.0005076467786185,1.9801546603921512,1.7935568520781966,1.6066254870989003,0.4054506982561092,1.6749366463829356,1.0538614571647529,0.5168850806606511,1.3350206714910309
2022-12-12,0.4820218414423153,,,,,,0.4136580629070947,1.82712942658566,0.7482006404092212,0.980923216739319,0.6004084694837732,,0.6164648019063902,,,,1.1630752069784225,,,1.0024994973078811,3.071165939231384,,1.0666381645360763,,,,0.4221955643972961,,1.1156879690996335,0.5313730326579617,
2022-12-13,0.4753556989598276,,,,,,0.3874038509583445,1.8352508213109329,0.7370236045070776,1.0209609010922185,0.6047323774180404,,0.6151941974014067,,,,1.1477384766156635,,,1.0068340394614776,3.1447117445863317,,1.0785925878771263,,,,0.4024596823886234,,1.1901177910200325,0.5808808816444383,
2022-12-14,0.4584234981748777,,,,,,0.379992632439196,1.7931701007296237,0.7179725381822115,0.9780622144381343,0.5470627427481907,,0.6221672861589426,,,,1.1361178363727285,,,1.0247273658885094,3.114596460727115,,1.111833296964976,,,,0.3919954285321089,,1.1811663128347458,0.5024761585831682,
2022-12-15,0.4296761197207187,,,,,,0.3889944792446585,1.862753286369953,0.6670950298823795,0.8962711940061738,0.5160734872409313,,0.5954165502949741,,,,1.0771930255913755,,,0.9367205825405694,2.9662394620868704,,1.079986137151662,,,,0.3934951162093782,,1.1668630873206485,0.4716267460770663,
2022-12-16,0.414726222778103,,,,,,0.3808739126086392,1.8065695444257523,0.6448996323105748,0.868347900239589,0.4812436866001528,,0.5695943102505495,,,,1.0968960028523065,,,0.9492237847935056,2.9609651800427166,,1.066575236166364,,,,0.3892756188277481,,1.1469218542004274,0.4489343783005016,
2022-12-19,0.399509282162427,0.4654172191326685,,,0.960772306354296,,0.4061045282935452,1.8573739692590925,0.6782217460223275,0.8868627454408988,0.4784309246618958,0.3027973222801277,0.5954104168912917,0.9415164979731152,1.109746427923995,0.9688728754779148,1.114396078879062,0.3482805417034734,0.4599286897049341,0.9889491699934754,3.153078725569378,,1.1152249830645065,1.1636114834714169,0.7297772694686337,,,,1.186184663037153,0.4460111584188367,0.5268307804068093
2022-12-20,0.3963334890288569,0.483422166605272,,,0.9644738318791098,,0.3970310792089916,1.869979517247436,0.6939377982945885,0.8943077191204324,0.4817068867931236,0.2912401230923382,0.6322176912309054,0.9361758734701772,1.130534696136464,0.990570100700072,1.1183077807865538,0.3446842821126718,0.4744782382248655,1.0323460397704094,3.114869438719232,,1.128012720015245,1.1792703946136116,0.7515327028025272,,0.3999186189357381,,1.2708526648580072,0.4495685473413651,0.5408206137713617
2022-12-21,0.3996502653143488,0.5041206297322472,,,1.0171117269792571,,0.3764570210492804,2.0340704341725027,0.7266846897087942,0.9436626504571356,0.4816364202818006,0.2807813096864946,0.6963862886898139,0.989301898291382,1.1940750914843894,1.0641494841790713,1.154220846765964,0.3411681042201441,0.5175816847335878,1.1265778568179252,3.297696471692149,,1.1866383046927778,1.2638626542222204,0.7740145299342385,0.5121301719679154,0.3819316371788127,,1.338870817416969,0.4654146225165622,0.6109579663803757
2022-12-22,0.4055266431526839,0.4702239721096966,,,0.998331606877102,,0.4056221486679057,2.157849446625681,0.7099566423066692,0.9216025741827136,0.4845667762691458,0.3045261061910593,0.6972568536355858,1.005955040674237,1.2029103026933885,1.0812483224287754,1.148177397282073,0.3650658867910459,0.5060891065829448,1.101371088983847,3.2470413472240294,,1.2158872175392788,1.259575070623386,0.7609477646000428,0.5550206779643786,0.4032263157161684,,1.2977126856966386,0.4696168801785655,0.5752264954098913
2022-12-23,0.3945500247576561,0.4781296349398267,,,1.0256579289992562,,0.3913109785327668,2.2134696902509763,0.7219344036614742,0.9315357486675266,0.4919251147559363,0.2961082118454998,0.735824844102418,1.0208564749338838,1.2349114481729817,1.1262591299844222,1.1380085207736772,0.3429884596663056,0.5127395145752193,1.1263791404705037,3.2348529485511164,,1.2449742218393691,1.3200048385113636,0.786397500041434,0.5347519734347468,0.397717446244688,,1.455739435548277,0.4663473358411789,0.5875101624514748
2022-12-27,0.4114264426199903,0.4860966127109265,,,1.10406718298261,,0.4314271064614418,2.538438481414941,0.7818365908738458,0.9604028190834506,0.5165155732089829,0.3117707260588236,0.8031201536761288,1.109157731478989,1.3251948305327812,1.219991309814771,1.2309881476647584,0.3637914671256582,0.5821492252661075,1.2485834585952809,3.4819116494586604,,1.3826797181374595,1.4459766564122218,0.8401573047944708,0.5951987822618471,0.4266771925440201,,1.6428694624548272,0.4794777705422065,0.6519022599491292
2022-12-28,0.420816870701049,0.4745515643069511,,,1.0774210601952774,,0.4418297778834694,2.5186651883655844,0.8286590086470272,0.9664469612060612,0.4970001007002925,0.3192938635231364,0.7730249410626108,1.1187413836112383,1.3450352179793337,1.208154248599314,1.2344366691875868,0.3672865739811849,0.565141224996913,1.219786619396049,3.4489299833986324,,1.3465351248702069,1.4213662521877517,0.8350522091985682,0.5624821351797384,,,1.5873218806226337,0.4677267389689363,0.6131940943138536
2022-12-29,0.4078193001416863,0.5136389717267456,,,1.1399295198442851,,0.4098340310049313,2.6333664174414446,0.8503860697001374,0.9963867343522568,0.5230459774247914,0.3123355811252605,0.8526692309737012,1.1458076599223683,1.3888131844249394,1.218622785952437,1.2908256278080712,0.34695460075567,0.5569038217457536,1.2933165704435114,3.644113386727163,,1.3939705119405337,1.4833866362666306,0.8482433047765205,0.5940860279106189,0.418883510948178,,1.667656018346206,0.4813448274590335,0.6641949699283322
2022-12-30,0.4079097059743986,0.5118872221813932,,,1.1741399882701178,,0.4145800730276575,2.707971231176649,0.904316106110071,1.0304806526320704,0.5315120428622139,0.3180610044066345,0.8182607194260547,1.1866184766352823,1.3989642326862255,1.2514091329644912,1.275905733573928,0.336425814078788,0.5472477417049092,1.3166057298529807,3.7138337116281366,,1.3927977070403283,1.498880930692259,0.8256415438208164,0.5906734251453056,0.4207785897568389,,1.738523301929623,0.4608871254287655,0.6690220105904622
2023-01-03,0.4232166596139104,0.5553915840349788,,,1.367479972281217,1.1729312766140707,0.4378929349797073,3.180823937170329,1.022908245949067,1.1752230264005512,0.5756454067678294,0.3367869709458176,0.8448696622560468,1.173483201706911,1.6038498532576375,1.387789968665092,1.3836198407694933,0.3844282857424315,0.5898186829999917,1.4536725570634743,4.309012843601782,,1.5548477972036634,1.609780388922015,0.9296761098283048,0.6880939688814764,0.4385604519564964,0.793064771627129,1.7279096247350814,0.5143719648923961,0.721167712515643
2023-01-04,0.3922621387847748,0.469111168108245,,,1.3339347565117934,1.2184925758342977,0.4303974303130826,3.471041743010609,1.0868725366254783,1.2234540719178528,0.3813700830641535,0.3586386550887227,0.5881356055169585,1.0883566924248351,1.7058953041476348,1.4748776086333824,1.493367108061577,0.3584466596325436,0.6107167279667122,1.397201573377044,3.0861378750802,,1.6191003220450932,1.6415906126198228,0.6225347217371506,0.7596809067233989,0.4502579779557879,0.8176170753651572,1.4766422371114325,0.5909929417003856,0.7657522375649914
2023-01-05,0.3977081052955355,0.3785364653026078,,,1.2829995381519324,1.1861961087314177,0.4619832130029266,2.190186073654159,1.1197404188792297,1.1970326390529824,0.5804212055582665,0.3549387052348966,0.6408613560928748,0.970748283677627,1.7212710218478993,1.6260302990968791,1.3143417215692448,0.3497235990752611,0.6074933105089352,0.8158843918674735,3.0534633301813043,,1.602074347134984,1.622026818684138,0.599044676577788,0.7610407179664683,0.4508077399028034,0.7967180998860743,1.5532201686575824,0.470162009525773,0.7335578267913746
2023-01-06,0.3426580590089003,0.3641345630886669,,,1.5054736971541385,1.264493767520133,0.4026239242779617,2.27768668417554,1.2372790179128177,1.2767633852931632,0.3692668432086652,0.3826587956529559,0.691419659061167,1.0155731494257811,1.8383331136031231,1.7441260809543768,1.431894033772926,0.3472786048697744,0.7510843144180223,0.8975686710030628,3.2555901577357376,,1.8029103704616711,1.8045336005964,0.6784333388015839,0.9021668500796064,0.439601666666109,0.8072176397533282,1.6001140791670896,0.562236351614751,0.8733225547962408
2023-01-09,0.3484568429097004,0.3697137409828537,,0.4971867751221586,1.7540513090285716,1.3108814975932597,0.4234504779758744,2.227646652994233,1.372695673220987,1.5462343116314916,0.3788373425926711,0.4392588906213659,0.6709240290131735,1.16239959885828,1.8202353546270933,1.662280557832684,1.4114908644873383,0.3627214170005039,0.7948866056098631,0.940121036651784,3.4008225937387606,,1.9471559116785424,1.930356703776794,0.683344841819484,1.013718266086128,0.4595327504324066,0.8545294774840064,1.6275920619093265,0.5964439570030099,0.9677528104827539
2023-01-10,0.3461253456728492,0.3696440049789681,,0.4889883297681526,1.8659711854956087,1.361095821964704,0.4199591330528876,2.327126808875375,1.4882044674399988,1.6995226463015047,0.3755508576301879,0.4853354914183867,0.6778487398321271,1.1537290646846392,1.9579059644060672,1.764500507860595,1.468100857448975,0.3638762557911525,0.9145156710452468,0.9663974527439888,3.485041863802248,,2.0240502660983037,1.966773438656804,0.7009415736577159,1.108608148239872,0.4723719585033867,0.8656338976931794,1.6640841078312285,0.5649166848474368,1.0490839814045334
2023-01-11,0.3449572839897634,0.3920619525474441,,0.4914087015883361,2.032962769137535,1.3923930277661598,0.456076639645846,2.2612393814555407,1.6287105335623608,1.9281561270938488,0.3833967132775284,0.5299427178638324,0.7132416339171146,1.2623721784373394,2.041549690833232,1.88385388668631,1.4956602072149794,0.3621431556463386,0.9541688965427012,0.9884833348933256,3.578827029641072,,2.073374078827571,2.0565883438416663,0.706784026529689,1.2746298642473637,0.489187815214321,0.9563199732678832,1.6655462016110798,0.6310718007324704,1.1688095322879943
2023-01-12,0.3350596585899938,0.3834335454419048,,0.4734833304568676,2.1053150673453738,1.4127763695356816,0.357985742535591,2.3582912431150347,1.7220641755495285,2.143439049248224,0.3687208946206139,0.544319051069812,0.7143086590243384,1.38888971021567,2.116831084971236,2.0398611151216994,1.475697293258338,0.3207411505772393,1.1313083750515205,1.0549307373187826,3.6334793536616634,,2.1387956013267084,2.058714742686787,0.6888276466629849,1.331611594448208,0.5463615237879947,0.9724099153418848,1.7239988624989349,0.6859477195595448,1.2835917095286935
2023-01-13,0.3169013772882905,0.3677245096651643,,0.4402429622008055,2.2167798584078007,1.437146976675978,0.3419094862218416,2.405191018259221,2.0202722256032057,2.379815920712158,0.3612054622763463,0.560233177660071,0.766723533957427,1.3577437028517738,2.241174998637669,2.250234485201191,1.53130539658554,0.284892983329967,1.31035180434866,1.0671870162082024,3.6679398505355474,,2.3497438754404305,2.238078216530148,0.7164573473329827,1.4917300677879055,0.4893209713013182,0.9886296491723576,1.763541073974825,0.6595902953477111,1.3946832439455166
2023-01-17,0.3355270620380996,0.3922094674471695,,,,1.507200534343058,,2.4141196691885303,,,0.3532451794366438,,0.6268696777374101,,,,1.5875453144518947,,,1.0660512243313272,3.778474107299334,,,,0.827790322269542,,,1.014150801856092,1.9397794925127825,0.7017907479314069,
2023-01-18,0.3345774919966814,0.3812155757083099,,,,1.3916736108928291,,2.3357642018651514,,,0.3609408381243071,,0.6307799400342172,,,,1.5153808475881518,,,0.9295618246644304,3.624947381600424,,,,0.7372291037822111,,,0.9698969538750088,1.8876812656087687,0.7082545045883856,
2023-01-19,0.3455634913295847,0.3800327204015534,,,,1.4150281043283996,,2.414773335455225,,,,,0.6190489613584208,,,,1.4970217702863513,,,0.8840325048571759,3.4722912212793413,,,,0.7106172334206344,,,0.8543891080755349,1.967462940583964,0.5952748517380164,
2023-01-20,0.3276402625513506,0.3884923459343832,,,,1.443472964879135,,2.421670516195365,,,0.3613299778012685,,0.6186866455270891,,,,1.5467444007525624,,,0.9157285632713482,3.6275660215139545,,,,0.7853760680571661,,,0.8986046943757133,2.0547095796175867,0.7135800598576095,
2023-01-23,0.3441773552854129,0.419472785883448,,0.39588510352881,0.7965092800011785,1.5528018052175487,0.5187495754707749,2.49452840943512,0.7275417343818896,0.7094557911014608,0.3798311189926538,0.4520057529434054,0.6832327884988191,0.6715286096723664,,1.117456629356256,1.5731707642963133,0.3590094654917386,0.7506495566998946,1.015046759218274,3.981764924059094,,,1.1307765558004597,0.8424880216123362,0.8691833957489143,0.5915766984604405,0.953808553850806,2.165111329640241,0.7488648605935728,0.6130194579983113
2023-01-24,0.3559732259835832,0.4269479871342312,,0.3992145616998816,0.834333331574335,1.579281676001162,0.5290270340094648,2.6633491816445414,0.7717552379721663,0.7096743748267463,0.3746126402323352,0.4552153616038839,0.8449974031487791,0.7215146676980481,,1.0705238707214864,1.6080010347535545,0.3574158408296947,0.820628150366252,1.083575033654256,3.592463679922917,,,1.1746155484670715,0.8699501269269506,0.8367425112792425,0.5931643926034017,0.9983207788065188,2.2191703799386358,0.835527645964487,0.638274716464212
2023-01-25,0.3624942945688989,0.3389136146114682,,0.4034794169271971,0.8655859685321552,1.571269000870554,0.5405716384657914,2.711176784728332,0.7921122730336354,0.7312868846483646,0.3954585487900267,0.476802395301711,0.8156993929733172,0.748226937707971,,1.0880320167812665,1.5635933953626582,0.3117887864036763,0.8489895569075666,1.0906853553444218,3.5173896147394133,,,1.2191725529176236,0.9267068711670794,0.8472284030549978,0.6437616352024466,1.004473370889712,2.203916213136195,0.8226817667901164,0.63572660369209
2023-01-26,0.3597229993282788,0.3760436400293091,,0.4559389651120315,0.8923707905217846,1.330563208234357,0.525231672584666,2.740357727430114,0.8377830812063803,0.7956687715059374,0.3715381304339754,0.4528985281912042,0.8602752846902073,0.7369372234889442,,1.0323176187170402,1.5679179603610256,0.3073012853727354,0.9018100626234832,1.1703230119423895,3.639465913206113,,,1.244932931715343,0.9758651733596544,0.888227836532101,0.6687953911220992,0.9737367945405964,2.508886454185172,0.5135076160190231,0.6753532697305104
2023-01-27,0.375580011570558,0.3758469644085077,,0.4554390759935494,0.9321959463409184,1.367234138670347,0.5466939182328353,2.871070288563847,0.8610374479253258,0.7914613569554588,0.4775689955579792,0.4874002691523024,0.7603902706708386,0.7145307506368006,,0.9761829225134818,1.569592967128951,0.3042192841662346,0.9542225877827044,1.1686135347750393,3.841775356701665,,,1.2148092960751726,0.9575232064697524,0.8963320167196753,0.6747076027282992,1.0355516949496977,2.319790444814775,0.5283872864595972,0.7081979383835272
2023-01-30,0.4231088263391196,0.380012414921589,,0.4927489243043686,0.9915501396172164,1.5105754670011795,0.5986189478315795,3.183803523644947,0.8957959672125927,0.913784180657714,0.5332903080458612,0.5170243236946515,0.8490214543563365,0.764028969243423,,1.087673761709071,1.6877621791470996,0.3270116310154615,0.9918509938328072,1.2071950873142046,3.955923437704184,,,1.3450306277169863,1.01223505172566,0.9356638786845736,0.6878002705201748,1.0756350860500294,2.3172824774407985,0.5693389388857586,0.7246755581616756
2023-01-31,0.4190420064210024,0.4042259697060629,,0.5150666437358721,1.0463600501929988,1.5255915971462926,0.595823464877804,3.3658269407700074,0.9390716563793832,1.0533397054203613,0.5884963347106185,0.5414910180913634,0.899277649313534,0.8984155529776259,,1.186560809404704,1.7293691000115448,0.3165054734586315,0.8232932786469099,1.321036265166662,4.235625556296574,,0.73724646850533,1.4475166979766898,0.939309122257003,0.9873881415115712,0.7168904781296649,1.2708929965300553,2.389340810068311,0.8087693955267715,0.780505137451172
2023-02-01,0.4083297258960577,0.4382088075615552,,0.5421729587541019,1.0638896826839628,1.2925706547022564,0.4610224246456713,3.475006835941434,0.9453898366023124,1.264052864059799,0.6857154089863854,0.5521396400672078,0.7988624261929181,0.9160651627574942,,1.201727296946095,1.616270055554045,0.3334015220560286,0.7770777569151458,1.06319067031125,4.430082108451979,,0.7562801082080872,,0.9326594925497492,1.0854447054889078,0.7524157648146961,1.3786008519343256,2.3483135944791176,0.6317546350753929,0.8119853139036683
2023-02-02,0.478835815424753,0.5928061503300099,,0.590085755726991,1.165627928660264,1.3426655558004357,0.4463953149315569,3.620985624624467,0.943508325940962,1.3034831386227548,0.6867417872212428,0.5342858991225878,0.852637612008733,0.623632510723368,,1.0031686192660925,1.6344626600588128,0.3395236083667856,0.7098817439739253,1.0927208659546983,3.620108797704048,,0.7497274593841335,0.806342294752003,0.8893495576300671,1.110963783073284,0.8302184426694991,1.2487327956532797,2.327045954239016,0.6225300057213318,0.8258903056173641
2023-02-03,0.4618948449251511,0.532915714759236,,0.5509844780118383,1.1310727844858444,1.3727002676006457,0.379911516559654,3.681710483067436,1.044733675190731,1.3274833702187887,0.7699412822883246,0.5632884401450338,0.8704451275681544,0.6332970565564457,,0.9779989023520091,1.682853829110912,0.3341436665131655,0.7802122261749519,1.0232186245772863,3.500069718137971,,0.7619331983243672,0.7742529825746299,0.9436507735678776,1.0710939041895085,0.7886701492139457,1.2142436068269469,2.422345525140963,0.6078107462473982,0.82819966278654
2023-02-06,0.4498794726736021,0.5607099532856131,,0.5710665546692586,1.1669649713622776,1.4027453081135488,0.385275322754889,,1.2436255658134754,1.3860875864869513,0.7644336509616175,0.6041916464866105,0.9599965484169484,0.6635516364886226,,1.19063302921658,1.8981752287777955,0.3397905939941833,0.9520337352979632,1.0779776159374173,3.5828443820699447,,0.7583004875982094,0.838251053334882,1.1593848600870411,1.123155080574626,0.8026823609610131,1.2289281879254177,2.74539335996783,0.6838971009172031,0.9301615387669027
2023-02-07,0.4986563698861154,0.7664184316529754,,0.6271048373874878,1.2578980130561994,1.4107485134480555,0.3884293444997206,4.12857702598813,1.4227114667781338,1.4345308787346205,0.8101611733718316,0.6758043053676723,1.0186752149742169,0.7046469121235757,,1.374369071600951,1.9950588789660824,0.3528696535321574,0.9585316423342936,1.116304301991948,3.6444151548489727,,0.7275943617721917,0.8386375348855153,1.1876279802737812,1.1467891704849285,0.8491322494222769,1.208878236579173,3.1005804075790264,0.6244787547041091,1.0318532702900838
2023-02-08,0.4706179297221174,0.7920830706322739,,0.6257850224964262,1.2484528820230314,1.436891491221196,0.3998067249785578,4.360632768237631,1.4300213722786208,1.4620538248778054,0.8208972926417983,0.6864229744101279,1.006063441717859,0.7133391605990278,1.847107618645765,1.5297460832429457,1.9551247820287887,0.3528206471332766,0.976480024135805,1.0734750503149886,3.6177887898134102,,0.7025083586724973,0.8237080899270084,1.1113036927924067,1.06024633679965,0.8597092116177734,1.178028701272691,3.0578470733423844,0.5820075212663951,1.0264077528153523
2023-02-09,0.4817047416200202,0.777583401536915,,0.7417951480759815,1.3150350581122126,1.3507623596183622,0.4126777332774374,4.402050318137436,1.3615445882503912,1.4129855494144463,0.8392908199564341,0.7128478457465518,0.9593663644057576,0.7522189575040208,1.9135871098105408,1.6214998045582434,1.9846141097141288,0.3661118572490157,0.9466430083236324,1.0465698253730502,3.5392446938834774,,0.6700908318273433,0.8313884663447375,1.0855878698440204,1.0702240487808592,0.8171724179258335,1.1294180072063602,3.144248714770984,0.5858917981746548,1.0453919256635051
2023-02-10,0.4771178653570631,0.79071571583007,,0.6252225076645848,1.4219957067361042,1.4301546698499084,0.3977235190343871,4.768162914052989,1.4844732011113628,1.4579592208502554,0.8510840242003112,0.6871078807616812,0.9992831091996532,0.8357231607889205,2.005697464675601,1.9244499933352464,2.316742309094528,0.3564161793995642,1.044778910636103,1.081225891110771,3.634807300209667,,0.7049764909489435,0.8436097037561913,1.2296237185493917,1.13758440212075,0.7801982007768349,1.1574103444093535,3.5680231116307763,0.5693213753603841,1.1303208440021506
2023-02-21,0.3456909661557463,0.3562908256362317,,0.5118496147043843,0.9945962975244912,1.5814885090639337,0.3887402135012556,,,1.6463997415668836,0.8971019741186566,0.4333064913661347,1.1917883850879314,0.941750675246026,,,,0.3521531813993548,1.0310687608018565,1.1880462582179985,4.007583871561278,,0.9096840083768136,0.9907969596232472,0.839976951817288,0.782581976536006,0.7417546180949397,1.0578661819066992,,0.6143937035092687,
2023-02-22,0.3453330551685432,0.3436110880086321,,0.5136404278259452,0.9689144984803916,1.5815359870206938,0.3845769406370222,,,1.6690279365768634,0.9318261303511296,0.4305754483076647,1.2264372858869863,0.9425728415176547,,,,0.3444519031960857,1.0074936938365702,1.1720250394023617,4.086043082830753,,0.9214148632631602,1.02459310044685,0.847624008734681,0.7599192498491084,0.7632197550917371,1.089572320561165,,0.5463971275261792,
2023-02-23,0.3315144510101275,0.3368081037854865,,0.5119641667777172,0.9736784281374056,1.6108628126194786,0.3691617122764894,,,1.7366833600349718,0.967753239128372,0.4376816768128364,1.2194648806726112,0.9436497880396096,,,,0.332386993064662,1.027574470085655,1.2035810162795135,4.18078073173631,,0.9259006866963262,1.0523929898025357,0.8413336874721985,0.7611835216531484,0.7553275710918796,1.148909457324638,,0.5546309198969246,
2023-02-24,0.3189448320869416,,,0.5376575029525553,0.9239553179985924,1.627837200910344,0.3682682361173856,,,1.7789018063086457,0.955517399305306,0.4275289696716715,1.213590732842082,0.9181570591679468,,,,0.3243149639683664,1.0167655889568967,1.149533376019931,4.172883950915819,,0.9109390289400868,1.0475020712222054,0.781765851552191,0.7117097090075437,0.7323369820749694,1.1279076535992587,,0.4852773106691911,
2023-02-27,0.3295672326447896,0.3389609199337767,,0.5692860467490258,1.0090888153940705,1.7546052727761874,0.3729795880855376,,,1.972866255557334,1.007354610428869,0.4553537498340658,1.3171826225318175,0.9967258194037872,,,,0.323841038477515,1.1622902469600611,1.2616483466576427,4.545224441742263,,0.9750781861631324,1.1299708230667092,0.8605933385036983,0.7758777727175904,0.7867644705382407,1.195683755289305,,0.5644531955803185,
2023-02-28,0.3207741789481234,,,0.6082144844661552,1.0034311515670165,1.7705206198611445,0.3677614069732537,,,1.8200089015377336,1.0456408142974003,0.4487209632862434,1.4094511380115915,0.9051125869365956,,,,0.3191361870176305,1.2035615570589333,1.2677390070831862,4.666734522337665,,0.9401386311654524,1.1297505164591155,0.8963710818219256,0.7838206572750419,0.7757441144554638,1.247115675622375,,0.5673327281522735,
2023-03-01,0.3169517084306638,,,0.6079630934800944,1.0241444563081274,1.752926821926464,0.3782351962389497,,,1.7483729338901326,1.1332730311351658,0.4456722047814367,1.3983098285707452,0.9269477040589748,,,,0.3292796582772233,1.4034102400275277,1.3366225081891836,,,0.951206631127322,1.0962148852288087,0.879950440553321,0.8109174134460834,0.7499531337590178,1.1583273655966748,,0.5609849498179568,
2023-03-02,0.3130400559228585,0.3382130487791087,,0.4876299589814897,1.055767072370081,1.8472628304487293,0.3650467399633702,,,1.8428936500328568,1.155939162344529,0.4557818214809236,1.4050301044686644,0.978216629420848,,,,0.3426803677869413,1.4908259508661126,1.4142181982933106,,,1.10239893231943,1.2046104248255254,1.0180867403134497,0.8473569438510362,0.7715385473505815,1.2441804271094328,,0.5998418600329212,
2023-03-03,0.3318024145704054,0.3370481696001882,,0.4659011249717718,1.1950581835359335,1.9516815507285064,0.342210695504325,,,2.028788585980222,1.2847034043341643,0.5379156494880426,1.4543778226751043,1.0050249335916372,,,,0.3263219906177915,1.6123846168451583,1.5528690934508518,,,1.1855708642159295,1.2247688702023505,1.0872657810448438,0.9444740649724582,0.8843655437970421,1.4051146326655837,,0.7330149263540434,
2023-03-06,0.4041606263305772,0.3567145167076644,,0.4800592404140678,1.361123711491636,2.229814231849018,0.3756402145192123,4.309530001755803,,2.2934271189120445,1.4633240918030086,0.6783983683396647,1.6637341326048678,1.1792280112766564,,,1.796454753768863,0.3657668432677657,1.781214191225312,1.739352552776432,,,1.2792950910959069,1.495486936596696,1.2658969512111589,1.021403468084616,0.972676828210892,1.5826526883541443,,0.8434506880978161,
2023-03-07,0.3772234976142278,0.3660895361178119,,0.3412844042037135,1.340519911628297,2.2076584670892223,0.3766904216395668,1.944471195133054,,0.7484982619220218,1.415588245248965,0.6288070927839601,0.5473827387294011,1.1225589032508156,,,0.6421204654816235,0.3255525996565949,0.7776728533451347,0.7000142438742133,2.537714834745269,,1.1797483242857891,1.525320241259441,0.3759066828705117,1.0327495297126892,0.9389105565296996,0.6309095395613316,,0.3527314532596505,0.4030477376465043
2023-03-08,0.4061601633627295,0.3841353493778331,,0.3361398398651284,1.452142808063127,2.321976177252741,0.3736378478535676,1.919290070025369,,0.7762463095851618,1.4668941035021217,0.6353863877597598,0.4792482549166152,1.132935566002556,1.6130058314117048,,0.6465916136893308,0.3180167281437274,0.8124337751837772,0.711398999015953,2.548236128617434,,1.2368972599618309,1.6192478574338631,0.361658406226735,1.0993275342605846,1.0030079747960805,0.657245843619195,,0.7693382796547673,0.3971315320033456
2023-03-09,0.4174621011181341,0.4309879515052776,,0.3469029640413014,1.4894584965918298,2.3182889152205264,0.4210964601874201,1.8184525717132567,,0.7537175431837242,1.4361709538417011,0.6329047335411863,0.4903654158864629,1.06901531367159,1.600733235529476,,0.6256046318201416,0.3255274536259149,0.7469810795598593,0.6826849701143873,2.530156992842105,,1.2409972288282662,1.5910335410532466,0.3534523182298504,1.04172269794723,0.8823728057932682,0.6392593980485543,,0.3481134252061933,0.38049492481479824
2023-03-10,0.3987802808826173,,,0.3589875727997708,1.5105765528601591,2.4123821199736217,0.4273082804989434,1.8701833558022225,,0.7105303156584237,1.3048263215818512,0.587863916012674,0.5353453674519867,1.0893544185674435,1.7512278564344776,,0.6639757119528501,0.3544044400919378,0.6395844990339496,0.700770745021188,2.4298584040410285,,1.3812283766354052,1.6554086953155809,0.3677660811283948,1.0966660507410313,0.7944477141326572,0.6499384428554833,,0.3596135294870903,0.371609322628151
2023-03-20,0.3093282669739816,0.380694351777522,,0.3558884174263289,1.1639860150576786,1.1404957603093278,0.3521649979559368,2.2251689563876447,0.5499993515234611,0.6449515764285083,0.508273314419787,0.2934687277423967,0.543694638554628,0.6386061937721571,0.6624854999458455,0.6506182802332012,0.8458754542108992,0.3544829741184697,0.6239618055096373,0.7221896859599799,2.784954907613045,,0.5537874319405579,0.6728521594183028,0.4656986065414953,0.7656755589400466,0.4108386770900545,0.7213858712109249,1.0280346405981795,0.3916230115926687,0.41341582535149046
2023-03-21,0.2998098821196868,0.371974592955259,,0.3644852945304911,1.1551284036024645,1.1711564293287569,0.3367129255785312,2.298251936218432,0.5761602481233523,0.6695542080507753,0.5495791076948446,0.2978456827961618,0.5314474397348442,0.6646103037010186,0.6719328728070106,0.6358082118247563,0.8368444952233531,0.3348525996828981,0.6575283635668246,0.7372988011781175,2.84292984886764,,0.5351889657831553,0.6572148972295112,0.4452437986023455,0.8169062678246137,0.4262327391542658,0.7212058771917594,1.1461794783738126,0.3580852589995856,0.4312215670079364
2023-03-22,0.3173148329277809,0.3792660910080121,,0.3644642705481896,1.078201965526291,1.10454310614938,0.342153393307059,2.286232716355061,0.5384532023379082,0.6662751955775333,0.5450858804652017,0.2979104457918658,0.4866288845910961,0.663420290045965,0.621760903563164,0.6105327706496539,0.7802832136468352,0.3365039454725996,0.62051404357918,0.6776373782219868,2.769520863719753,,0.5316793379234678,0.6503021126510226,0.4261699553125294,0.5759852745443981,0.4180780435450333,0.6636710942717773,1.0827297588899154,,0.4043602350415444
2023-03-23,0.3093486614831554,0.4011647569408182,,0.3756629474900646,1.1171171778515487,1.105927258292143,0.3462684183472796,2.324338321132164,0.563980378933279,0.710160083207725,0.5888458047204135,0.323724970759968,0.4935880985444316,0.6345820750812551,0.6241151340053414,0.6031330662949828,0.8569892884926972,0.336886836288528,0.62970277198298,0.6818147241109811,2.790136113676612,,0.5418027388277938,0.6507111244747447,0.4567989829581227,0.6246724729194795,0.4319365190948386,0.6894308518581815,1.0558417434284304,,0.40551690082299385
2023-03-24,0.3157104606512098,0.4220650926783182,,0.3723132625207054,1.2054360283232672,1.1721153764920902,0.3388751798180016,2.4162636684218004,0.5277798853098825,0.6864384613248593,0.561086072870734,0.3115177893680879,0.4938148914940125,0.6754802372204137,0.6717713324050051,0.6278528015842479,0.9396025496253186,0.3296389055319606,0.6063920508778295,0.7116860042009676,2.765627655077403,,0.6173160519528876,0.7174024773324741,0.4812671856586306,0.6146689820582655,0.4180518744058957,0.6732644674397859,1.1100646639741762,,0.42153588186896374
2023-03-27,0.3068968194920352,0.4271829348496487,,0.3701237946880517,1.2680046408813073,1.4033283800119642,0.3354980073212445,2.619549170490764,0.5708945462367713,0.7149028506142565,0.5839260658078718,0.3042561030237404,0.4777482493813167,0.7373215960513346,0.7127061253123822,0.7153844505840911,0.9882362852037574,0.3135865783079882,0.6227087349803363,0.7252280622042432,2.966015711842031,,0.6086272797921628,0.7929141178700155,0.5228029811686935,0.5623082151784388,0.4225964356967329,0.6712891120657424,1.1991302888270712,,0.4500596477579885
2023-03-28,0.2902615697469441,0.3774574587312563,,0.371410475132006,1.286363601930496,1.4204061301385262,0.3288541124130189,2.6481614183939115,0.5692604918959067,0.7158139565116135,0.5486487959903833,0.2984668193865339,0.4768207903254767,0.6896571105715744,0.677885981366435,0.6656683405087702,1.0165552285373751,0.3195229870771046,0.6510813060415089,0.7338040690222297,3.059003596843636,,0.6283580679007744,0.8132612327559525,0.5654681186987804,0.5581983983629342,0.408266228288833,0.6637628814978827,1.2791587226611774,,0.4442699340129869
2023-03-29,0.2981592802917816,0.4024557129095533,,0.3935198525877563,1.393317303461972,1.469568512591777,0.3139200407361702,2.796218738069237,0.5543289914402618,0.7219583029234407,0.5948620525110874,0.2999211554254411,0.5126046097967074,0.6555121158513325,0.7308607535085911,0.64662642696809,1.0806215019924608,0.310950197413468,0.6829358195168752,0.7679954994815777,3.174553859776684,,0.649764302550778,0.8682309213632592,0.5857368733061816,0.6145630298819491,0.4297582987616392,0.6941564402828881,1.33591923838036,0.3306258169779366,0.476301173752613
2023-03-30,0.3120188313805822,0.428221043710891,,0.3815138088882445,1.4356446400343523,1.4676653269858215,0.3153877410588249,2.8983781933450885,0.5591713184980389,0.7365294540415566,0.5848675314813374,0.2961025797336794,0.5529991288593024,0.6849003500716164,0.7499886431894872,0.6933686360610051,1.1113056508498205,0.3250043229880875,0.7073451900367699,0.7432552071167293,3.267099285493083,,0.6765572467024847,0.8845366250111983,0.602140487189766,0.605843383151498,0.4512314411218867,0.7294482125605591,1.4074547721640254,0.3329617471911835,0.5027456431876183
2023-03-31,0.3069103580132791,0.4485081453536321,,0.3995152400079141,1.581446740225823,1.5788845154342588,0.3024370716677919,2.9970878086829265,0.5693407289070296,0.7858335239806358,0.6187351510471849,0.2996312651053054,0.5487695522394085,0.7111081640612662,0.7825205045408588,0.7184229253601736,1.1587743050186303,0.3137369114950543,0.7873097205477441,0.8280572038800602,3.4656208099062136,,0.7218757899178863,0.923395163837932,0.6411920184348562,0.6742387887334457,0.4916016240828114,0.8972615508689346,1.463141366400982,0.3767637834002208,0.5651504730717299
2023-04-03,0.3475889622818111,0.4625954329001978,,0.3820918401478109,1.6856925124705715,1.7416215074248598,0.3074516505878288,3.2998406258440327,0.5864687912158534,0.8259598143289837,0.6183437114590894,0.3409479836035953,0.5855076882664195,0.953807669900522,0.9373994996732395,0.8904754823962736,1.3132459515128,0.3197030719653448,0.8566096535823995,0.956252261090338,3.743340381755575,,0.8090912214657474,1.0302473763588125,0.7316672020322577,0.6794280805066277,0.5084043192997025,1.0133546880086086,1.83934031442293,0.3901725176478623,0.6450931025989772
2023-04-04,0.3560589942861193,0.4820761872785455,,0.3882857286627812,1.6366437013851405,1.7725084990441589,0.313400380892799,3.467134939161584,0.5812686792849246,0.8074339183499707,0.6277637481425684,0.3407792759486811,0.5498220685887845,0.9614252266493072,1.019741861192495,0.9067855466256416,1.4319088547569774,0.3275639306577274,0.6720867658819052,0.9149467052835476,3.6595804483073455,,0.8616919163118825,1.0427536086881706,0.74968989527123,0.772022925792877,0.5081950692836104,0.9859503936050388,1.857743030370695,0.3740099239382343,0.6375746527129276
2023-04-05,0.3354661517857029,0.4567227545537701,,0.3778340537208285,1.694839517078606,1.841206179059309,0.31488760803638,2.363357165407307,0.5921675711425481,0.8060460908830643,0.6279549842536585,0.3437552553783816,0.5861204904154657,0.796856249842129,1.3283610646966095,0.7221298031040544,1.60327161238337,0.359892396191654,0.6147488820402828,0.8866785371976128,3.76131496860376,,0.9361450051801532,1.101949131948329,0.7611806902630726,0.6855422289697937,0.5219596861344192,0.8804083855291206,1.9447402832663416,0.3429045620152068,0.6563133443356305
2023-04-06,0.3310611981196024,0.3235066654278627,,0.3488791689115941,0.8996201640199541,0.9960660573663382,0.2933482663896467,2.2691065109412536,0.5962881867386819,0.8297554674271201,0.5920599303488377,0.3102180569025486,0.4104708369710417,0.7715414777177052,1.3531525237515545,0.7385922264860018,1.641194519782301,0.3596578512708185,0.5420022265211564,0.9446545508586052,2.639908348071313,,0.9881122706736248,1.1563329182098636,0.5000855448660961,0.6645834842999384,0.5231254466168009,0.8912402002906208,1.9093413466464129,0.3906885832008482,0.669234110125399
2023-04-10,0.3350941550357147,0.3259608093237404,,0.3652495056659985,0.9406547187982676,1.057652965226091,0.3182892219032043,2.3628233702750943,0.671955553153738,0.9831305658939392,0.7073774406637786,0.3437045312846173,0.4358768391395489,0.8574284687776182,1.527855993808081,0.7786743632095524,1.87256740958718,0.367368858641157,0.7129134831829185,1.147130395178913,2.813511898920459,,1.0909104872952455,1.3333491332862557,0.5247534628261307,0.8230310650321785,0.6271250680825635,1.098275495681186,2.266246695986645,0.4043567701554863,0.802551771098264
2023-04-11,0.3273845024284279,0.3213898319152252,,0.3607272451907343,0.9101159820363568,1.0543072332058936,0.3277597801611884,2.4064557970535327,0.6962866149960065,1.0722574279713657,0.7502642031925861,0.381980433723822,0.4370292241714674,0.8772786123957785,1.621394815008977,0.7820589265358492,1.9745970638077628,0.367336043924354,0.861584585343544,1.205180774211807,2.965647060066092,,1.1200768156877543,1.379657493868251,0.5397623988336752,0.9273368537007036,0.6206749330022073,1.2025127635478043,2.41559507460872,0.4041410103152688,0.8647826446361698
2023-04-12,0.3074532788949129,0.315016819843873,,0.3495093581117288,0.892897356760761,1.006782632301559,0.3364658407004199,2.4077830435605123,0.7273881111536291,1.173220927430353,0.7540853499629134,0.3796923985354424,0.8106931437410814,0.8866934374431426,1.6780418831968202,0.8299754255010129,1.99495307075226,0.3663403179775355,0.8957015762666094,1.312836234030978,2.991383298598049,,1.2080513635569186,1.4687639457397754,0.5520748359051215,0.9904732838752428,0.5436869772301535,1.166481181869241,2.5828864070915185,0.4001717708832821,0.8882580228745734
2023-04-13,0.402025188218385,0.3136349774939997,,0.3709577958644373,0.93596301971526,0.9993409099279336,0.2956031414147814,2.4509633715594363,0.7681200773429796,1.285928133149143,0.8434206630243948,0.4884035936470141,0.4319431807123216,0.8911657900079731,1.9076803842153307,0.8880891383172089,2.2208063759663523,0.3469079796626448,0.9885110726066711,1.511528811411066,3.124478430096763,,1.3251884639903069,1.6124804227261909,0.6026568563418366,1.2158749642737694,0.678937075329938,1.286309657582214,2.861968143716368,0.4064157146024493,1.0388365551232088
2023-04-14,0.3842731552023176,0.3034881959376843,,0.3581220194264772,0.9352024271626675,1.0180109707803506,0.2775506198673643,2.473211269419693,1.2440417148871374,1.4278292279909843,0.8534182419837292,0.5380115172986254,0.390736074255494,0.847790648207171,2.03352204023454,0.8882986950503469,2.262984356326301,0.3341984696587833,1.105685775185447,1.6595401164379089,3.142772718905136,,1.3458104263590116,1.7242070365760942,0.6007792721526115,1.2574353087405077,0.6500476576768617,1.3664380404072052,3.075285492318497,0.3907503035065844,1.0640548308475763
2023-04-25,0.3028587099101792,0.3335866442798892,,0.3122843891340264,0.8125735424017201,1.0809658136279952,0.4354600373822342,2.6711012140820927,0.7827764985127273,,,0.3739907777767727,0.5015470098485472,0.8357927988015346,,1.0934264355466932,,0.3450455241566187,0.7191430007919714,0.8524220607423171,3.691331002598405,,0.999351760253044,1.108967191831321,0.7260679341310314,,0.7072741849270907,,,0.4336833464944149,0.6362444448648287
2023-04-26,0.2995212970172539,0.2878109051968042,,0.3044134712793149,0.7845135083176662,1.101920617838496,,2.6653121719757658,0.7296787555414032,,,0.3230066412408678,0.5007424461629053,0.7728465478524912,,0.9898278575426832,,0.3012585875133409,0.717969057486014,0.7588779464885612,3.669760698575712,,0.9576440839844624,1.1304945414139174,0.711889909785978,,0.6804525046011418,,,0.3879673141836909,0.5934405938139781
2023-04-27,0.3101803748022924,0.3134002336277658,,0.2978899410047593,0.7813070102225805,1.1749610105588142,0.487753279907176,3.0389437714585976,0.7748376704695369,,,0.3096500169672785,0.552032814050167,0.8503796828793194,,1.0759488810726765,,0.2806992682113683,0.6041068877329563,0.9191964371438612,3.915252026081887,,1.0400703791792645,1.1396546472762972,0.8030110028391353,,0.7650793269904013,,,0.4026522461939437,0.6495811054821949
2023-04-28,0.3190373018456893,0.3156663343042544,,0.2926939209486873,0.8559509901503564,1.16962797795967,0.3031988785563207,3.1121372808553804,0.8399707165883141,,,0.3387246920093125,0.5698018906869252,0.8723034714286201,,1.0989232267107405,,0.2650189717990332,0.6790125736326282,0.9657229390209702,4.0578965918319945,,1.055737420855107,1.1992967815357771,0.8383814725416342,,0.859038714691885,,,0.4804906791334767,0.690873143663764
2023-05-01,0.3505884732488025,0.3150846426695722,,0.3010342318042962,0.918651912500862,1.2448854553449595,0.325698807198959,3.3492926492331034,0.995915966896922,,,0.3558083701864088,0.661960301166036,0.9681951097684836,,1.23084564716019,,0.2836466225367425,0.704487366282821,1.0617400154043917,4.363415550814191,,1.1482222994860811,1.3012150915302232,0.9333422704429007,,0.9250816783553918,,,0.4282351658553963,0.7632721790395481
2023-05-02,0.3520854552971425,0.3300190589231735,,0.3059088181866949,0.8647610609552056,1.234802768166543,0.3220148888935085,3.2425430289214496,0.952722684552873,0.6134490198289863,0.3363448660236699,0.3213523834204173,0.6330951121748364,0.9763307212311636,0.7320623694185416,1.3474390965064031,,0.2867188813930057,0.6924580705068424,1.0217884747097623,4.279137432456458,,1.1698090299258357,1.3356630951084945,0.9811915337931923,,0.890774329342486,,,0.4320479057178413,0.7278388346187886
2023-05-03,0.3757427144258589,0.2524681859196059,,0.313730310131077,0.4765878896604746,1.162083474521766,0.3278047004460092,3.400980952618266,0.8822955115045701,0.5919256168991823,0.3300013965322326,0.3139355587037621,0.6258646511382852,0.9686579775100682,0.6895865595065277,1.4039379243218375,,0.2919287945299675,0.7201534838749947,1.0439797764905832,4.385560621168908,,1.1985821796234963,1.3333030543895334,0.9501965213678608,,0.9181982490053056,,,0.322405039925163,0.3947473490166375
2023-05-04,0.390212697779391,0.267487335466158,,0.3346692028007476,0.4830928042235782,1.1343618441047376,0.322127443219057,3.372530060605894,0.8580808488047633,0.5748533315046931,0.3545109187025559,0.3193832852052304,0.5714327104114514,0.7704131562601012,0.6822037874116242,1.0353352831292637,,0.3027468933823133,0.6622815061873006,1.0138879172464037,2.259172370301082,,1.2017430479721838,1.3697160055925726,0.985666390466729,,0.8442693960597232,,,0.3300915070125188,0.378091129752676
2023-05-05,0.3131285470222201,0.3459718058114418,,0.3101826893119111,0.4762072518356628,1.2511841183147594,0.2914762142920538,3.604916095823572,0.9414985635153852,0.5777104872342329,0.3137567672635373,0.378039648874385,0.580951579257773,0.7976749068087121,0.7074928611011786,1.0439112226622973,,0.2811766236261514,0.7296658745068494,1.111872797106748,2.3605082597344857,,1.2674935079358662,1.4503282393279613,1.0283486294577966,,0.9624875009695176,,,0.3075599293245973,0.4000572805021408
2023-05-08,0.326318722475757,0.2398320363044913,,0.3319738608925192,0.4975754130709601,1.388066469768917,0.295275194085448,4.043099279387344,1.049571752617521,0.5782122494812092,0.3190343139577327,0.4153501367294316,0.5659594202300673,0.8241069556750092,0.714809301301601,1.1128430612588165,,0.2889700896839887,0.7941106124394509,1.1989757515643678,2.4093472778949097,,1.3948928258295623,1.6395359163561742,1.168146570259866,,1.1705212317092115,,,0.3089002587880483,0.4128286738406524
2023-05-09,0.3016141122688611,0.2443302934503849,,0.3512501812438414,0.5141173023565785,1.2353798143065495,0.2893592549118753,4.193759228311563,1.0701366015391052,0.5745475863169733,0.321456590641198,0.4547299800880257,0.6475909698329999,0.8396749534182494,0.6872195692003871,1.093227675207655,,0.286692955801297,0.7944255982620106,1.2761429858263205,2.344586633949943,,1.3765873445809191,1.6345240609718006,1.2213237762140874,,1.1951637791160148,1.4036537531857962,,0.3112665456464331,0.4247433268696362
2023-05-10,0.3094393297573096,0.2414966818528819,,0.3484311107071525,0.5222168717947607,1.3658333911201903,0.2809541460601976,4.41754340328577,1.1184955833905723,0.5463840443076343,0.3207372288092714,0.4161133683155897,0.6183161564703124,0.8522290931521767,0.7059917830127226,1.1222975836803315,,0.2809130384453459,0.8112192761169538,1.3590759022515235,2.3740428893703927,,1.4790712293352737,1.7429505252948978,1.273423817037442,,1.195494668124743,1.4322085240481537,,0.3064975957169334,0.41586890223993833
2023-05-11,0.3203646641719062,0.2423367278952083,,0.3381173767006254,0.5070622687885021,1.340639105611544,0.2877584018535643,4.665574748132382,1.1535737817097476,0.5370672152815935,0.3185722915357716,0.4282918345803742,0.605650291979787,0.8232080278960013,0.6920502497258263,1.118578205808883,,0.2768622945100546,0.7369246297163708,1.2462717416958624,2.3967454596378364,,1.5747607349613864,1.897690665880913,1.283777520943394,,0.6689650934983984,1.4867738429724913,,0.3056969783561571,0.3918333742953749
2023-05-12,0.2984197697285741,0.2331192872222356,,0.3184160532710479,0.5364774503680464,1.6003218265715753,0.2773355449093366,4.992045646570706,1.063389494926606,0.5208734413149576,0.3133924420506355,0.4493864258683067,0.5997610993849974,0.8642314767589482,0.6979490897760475,1.1217842744390594,,0.2766035965639267,0.7408552621359149,1.294386521646754,2.39873877993441,,1.7757938747869368,2.0591291307255912,1.4254598146818926,,0.6485269809015044,1.6470282882621898,,0.2906772762249661,0.388096551746526
2023-05-22,0.2210069629388203,,,0.4826723150715377,0.6343094327998666,0.6948922724608855,0.2788085206932712,2.404257734468227,0.6574166409828641,0.6081703536785394,0.3149071018988413,0.4053707998524607,0.6515077180324422,0.9008053809420792,0.7107004772830227,1.2107423868313296,0.92177567514674,0.2561460118021044,0.3464056892126749,0.7119736194599738,2.8887157276126065,,,0.9878923717635052,0.6916032376978443,0.6315833247132933,0.463545444211861,0.6911190082466636,,0.3198341398384329,0.440910385597331
2023-05-23,0.2244747797034453,0.2622799005844093,,0.4852652892486414,0.6673236399293273,0.7373014080591339,0.2955443118885987,2.493058117650471,0.636120727721867,0.6026105655262589,0.3162415503670477,0.3590724936605838,0.6775765744464427,0.9215872344518442,0.7086742898439263,1.184041156212265,0.9611787856822064,0.27955517359395,0.3504367714625513,0.6888604464866993,2.886368688271869,,,1.0097144114137933,0.6601353602392843,0.5958240300735064,0.4333273865880462,0.7713891857930952,,0.3150003564237029,0.42447495513684463
2023-05-24,0.2338999875823513,0.2644497039887996,,0.5204132148572119,0.6305591519037975,0.6721197829084568,0.3054074926602548,2.47851739816284,0.6264204290946497,0.5855224329393481,0.3334807998699461,0.3475231908097143,0.5800575964095219,0.9451888581459305,0.7357344971757073,1.2222315140022628,0.9037767269848396,0.2936236840267455,0.3700113969597738,0.6431934472288799,2.7000445579140075,,,0.983378714456353,0.6615915914245991,0.5974472119419628,0.4301682386023366,0.737914041657989,,0.3333971660386813,0.41458523205517483
2023-05-25,0.2501245783984632,0.3166087569893908,,0.575926566788503,0.6955720194322939,0.7181107752090015,0.3186767497093337,2.3524069030339025,0.6244194120141233,0.6315023814411487,0.3351098555029272,0.3431277225144971,0.5291723939447965,0.939764832164686,0.6686553651170158,1.188526087387621,0.8406960039359885,0.287112014363085,,0.6490644988382017,2.739663473526754,,,0.9548681996522922,0.6634289150883637,0.5730560585406462,0.4118267086297797,0.6814007742855103,,0.3246906034745525,0.39190802343700637
2023-05-26,0.2560224698726761,0.345653431002563,,0.6243443367291079,0.789780912597323,0.8166897497284274,0.3144533769500623,2.413716428692172,0.6573790101411907,0.7314182568115133,0.3536677671340215,0.352304622214341,0.5003987711551833,0.9928329583258158,0.6712268718712026,1.1583430729556763,0.8066190353680253,0.2730446999740928,,0.6876606717338722,2.782754789083344,,,0.9626528137664294,0.6785398134656371,0.5720661465208574,0.4021313152065266,0.7683395140127044,,0.3432565220622073,0.43322585367261673
2023-05-30,0.2853226680378469,0.3513152071162774,,0.752193106927568,0.9185019278671148,0.9406089083272448,0.3321492745296146,2.683945657126102,0.7297517836173893,0.7724524162962338,0.3780435504751649,0.3540297369766139,0.5496568235225765,1.0870512746799483,0.7347132543177877,1.2049663048978425,0.9804800150049334,0.2841439113865733,,0.7816071132615525,3.0287689203549,,,0.9964181505917554,0.7127005424971137,0.5826169048815979,0.4192964483380703,0.8331385119164556,,0.34537302963743,0.4648379445205052
2023-05-31,0.3094433074056075,0.3647127040585686,,0.8808492321399345,0.8825755588777487,0.8969050911959043,0.326652110640719,2.907690926504323,0.6848619645733126,0.7272175840222709,0.3696613790045598,0.3460298312334061,0.4610914705473271,1.183636739068083,0.78391095464828,1.2894457781101176,1.0621851132043532,0.2764909144395452,,0.7149414681294787,2.8662251271656114,,,,0.7384193231940456,0.554866574728501,0.4195513238671583,0.7474281581664123,,0.3424810372559544,0.43141156748075593
2023-06-01,0.3072883672413336,0.3478351831753131,,0.481118896260391,0.8850860537731982,0.966919690926285,0.3074311496336211,3.0061911098274416,0.7414666968779507,0.6069272876010119,0.4140712912761611,0.3847470083626872,0.4913388224909045,1.3013577592349683,0.7618513974015264,1.3400710991897276,0.8750705242973619,0.2666985407217059,,0.7684195280604742,3.025242243757864,,,1.0907138820154585,0.8235781482042763,0.5139431821717714,0.4085500592211519,0.8253634463164837,,0.3559067747227185,0.4752697854386346
2023-06-02,0.3109480169736716,0.3500740400436187,,0.4618639382179997,0.9484441598484424,1.163443909493386,0.2908463788604253,2.865879294204696,0.8800345364547391,0.7091736924081214,0.5242143751719431,0.4176699718120295,,1.3901384030085864,0.9057725854745498,1.4808483271851602,1.0131913740401484,0.2560963634834686,0.4647906110128808,0.936692347874805,3.910789690710248,,,1.2524858772131868,0.9295421440967928,0.6131198413475819,0.4672826636439711,0.977433485140925,,0.417910437313733,0.6124649854979352
2023-06-05,0.3152694327044604,0.3784384063665325,,0.4665418723019535,1.0951964828900678,1.321280170550453,0.2983062764345987,3.1719057261347428,0.9135128247391038,0.7563633185938007,0.5332928865539311,0.424545113602852,0.618532486543943,1.5458663345560275,1.0778038574834754,1.707243046782621,1.272645789495532,0.2759661261769885,0.4476318659931943,1.0034878395101456,3.912662383480465,,1.1473833047416937,1.3691324700043497,0.979059829219213,0.5612408133534248,0.5283512292700284,1.0390985621808593,,0.4354754850046829,
2023-06-06,0.2034941903233018,0.2786686449378955,,0.5082907540124715,1.066364054945497,0.7004490668456378,0.2646439933934322,3.4181738654497864,0.3304764600686619,0.8777037229186726,0.430285799434345,0.4567919030221435,0.5352135105125188,1.4927507126195472,0.4764771046391651,1.5863715561196332,1.2914739982715435,0.2811583536682621,0.4588830509147835,0.999743335144068,2.000795819239322,,1.1098140377924215,1.3697443956841338,0.4545604575940654,0.5856409937728727,0.4722013622890115,1.1485868047247894,,0.2553884937618752,0.28402878782688773
2023-06-07,0.2073192960093985,0.262789437107581,,0.4563963308622754,1.1044856763783633,0.7515784298692142,0.2881837173427737,3.754596852093293,0.339856546484594,1.1451372677036045,0.4286494164991837,0.4192844518483919,0.507262984221337,1.474786293933804,0.4849409029197204,1.5321017928642808,1.3949498946850118,0.2751335288390441,0.6401138621641767,1.160249913492521,2.197687690462373,,1.187574823991535,1.420320340738449,0.4268901117275182,0.652788181942053,0.4840776399991442,1.365463000613415,2.52796675226096,0.2522314335519491,0.2909120358953072
2023-06-08,0.2045673095856789,0.2589787316864858,,0.4889498194184792,1.138705478868821,0.7583019963290536,0.2742754119545932,4.040299204323778,0.3331955906581917,1.206685207830689,0.4190773569356508,0.385091300796435,0.481580124090766,1.6554988111271618,0.5214442444197585,1.7576239522090713,1.4117259985049304,0.287445584568665,0.6088484489411937,1.1860027352566629,2.1998547772651547,,1.369497080535164,1.5246270998588578,0.4765963069725998,0.6223132866531533,0.4851790198496739,1.4210939001934972,2.6237199718962647,0.2623075624981415,0.2987578387419485
2023-06-09,0.2003219181031986,0.2663954490024547,,0.633920694815059,1.205313634449709,0.7849778210650818,0.2820520853161199,4.32376551284594,0.3410990865908488,1.2928551301078064,0.4142052898903499,0.39330245222486,0.480213791385685,1.8652801146608315,0.5188383078478394,1.9126652346460933,1.420073768182361,0.2681506389789221,0.6403755810592583,1.265431040617874,2.1661756377967807,,1.4642417499230034,1.6402569340679582,0.4862624843990003,0.6119906339497485,0.4744316833323034,1.392174506413381,2.7819783131483597,0.4779622279236639,0.30461260844940924
2023-06-12,0.2053671844207854,0.2876965143703768,,,,0.8387096716728222,0.2876330639713466,,0.3533510712724531,,0.4551523707025074,,,,0.5350776077308654,,,,,,2.3228559597504743,,,,0.5250444760268008,,0.5142631199564941,,,0.2648409710090737,0.34052038265402584
2023-06-13,0.2094120856617453,0.2986062869678093,,,,0.8798818789326959,0.2847050099089176,,0.3659888110531272,,0.4593190609703113,,0.6023314254895789,,0.5531022975228629,,,,,,2.396765754935553,,,,0.5304214046145286,,0.5362463708372842,,,0.2674271373814768,0.3470026568492358
2023-06-14,0.2031770192077862,0.3145427017465347,,,,0.8823925034816222,0.2842216828533438,,0.359195008529091,,0.5144099043921465,,0.5197695784851072,,0.5781630382224539,,,,,,2.406165068321488,,,,0.5372392157404701,,0.507573663968246,,,0.2578585408108639,0.33008743321848394
2023-06-15,0.2157527548988849,0.3756495390365006,,,,0.927474499876121,0.2825152166774441,,0.3884109549051743,,0.4560781022220683,,0.594591569511512,,0.6362617164638219,,,,,,2.5391369573477864,,,,0.5972121744299229,,0.5279767664975288,,,0.2704163476129477,0.3726572397091527
2023-06-16,0.2068697401518568,0.3479050939294454,,,,0.9039628504654602,0.2765413770988703,,0.3752448332702238,,0.4444063425856476,,0.6146594357561975,,0.6552450228247088,,,,,,2.607089419262468,,,,0.6145881871651753,,0.4954861505076626,,,,0.36324799224145593
2023-06-20,0.2192244211864827,0.3444675117482957,,0.3197974707513963,,0.9036919285677892,0.2836176347058345,2.3061539179397585,0.3836778964755997,,0.4346472870678425,,0.565894363305055,,0.6948622386342163,0.8753286024930124,,,,,2.6257831155534097,,0.6357454981396338,0.7431716729855767,0.6361390875083325,0.7892397730728867,0.4673158558783938,,,0.2686003290844654,0.3484573750690189
2023-06-21,0.2110487361571566,0.3243234067772928,,0.3126315034010989,0.6092409969953728,0.8486681580980925,0.2820114531424047,2.349472117042166,0.3834769881722121,0.4919016592743787,0.416360046622565,0.2321522904910349,,0.4339513084059086,0.6958103822969367,0.9124748201858982,0.8170661537636634,0.2689343979914339,0.3582791536416862,0.6131923302951926,2.6429012355057604,,0.6778587606694264,0.7822056747224755,0.6763693565361849,0.7997053160750512,0.4402467263937531,0.4969846746068724,1.1867190290556098,0.2603372928590598,0.3429575420494594
2023-06-22,0.221463568468918,0.3396069864876168,,0.3068928882409927,0.6393839880863479,0.7756375193038889,0.302210701056176,2.378304051604151,0.3572089837736202,0.4549138983929441,0.4306152819357862,0.2287836242535379,0.577548553114354,0.4326516984591323,0.7426114666575985,1.0233227276023436,0.86963326681865,0.2730050182444628,0.3315676378742553,0.6069270755418078,2.618076193300196,,0.7072619715836906,0.8228925109257319,0.6569709330060306,0.8108017699456312,0.4307592878495193,0.4987222902400033,1.1217571101164476,,0.33501087141848196
2023-06-23,0.2220786632230589,0.325484959003015,,0.3029210337138235,0.5716575453015604,0.729116893555144,0.2944390008475108,2.3704986858600865,0.3459895991021973,0.4276911242519695,0.43094468265027,0.2370152356994848,0.5560704056753435,0.4222853786128591,0.7511647912760839,1.0681794389317585,0.8167163426930962,0.2675357259368054,0.3213189622506254,0.6074310287353512,2.6818440891329405,,0.6600261800319406,0.7880531518154026,0.619280624942537,0.8040022974483892,0.4214679817793071,0.5000449287809319,1.0958436152188928,,0.31309345953687984
2023-06-26,0.2217154176611669,0.3156279167143488,,0.3046481347164075,0.6341212584091861,0.8356768869622011,0.2969969615288737,2.6041367895239387,0.3708092894431832,0.4360930349499728,0.439497642054513,0.2324150579556528,0.5731144772277672,0.4549507046545825,0.7461355494753238,1.0731086867557356,0.7974229920785086,0.2600490659395034,0.3420716892111751,0.7155571937861755,2.796457957190931,,,0.8339242775786065,0.6357591503157398,0.9029125865566192,0.4589415834469185,0.6148214708130718,1.254824516461599,0.280397523044218,0.33441919840662604
2023-06-27,0.2207826301283043,0.3330202446986604,,0.2977509829551254,0.6726212027775267,0.8832569686378962,0.2900843786288373,2.7282913989919986,0.3730303638749343,0.4411127294152794,0.4521489339432154,0.2273092226568235,0.5557468276580786,0.4823107271970851,0.7455033043565852,1.1124191693990424,0.7987466456467945,0.2616429279485577,0.34914717080122,0.6921665035589608,2.663079853904871,,0.7777583589810625,0.8405323455323841,0.6861657072077507,0.9484605524697576,0.4745971847744891,0.7056008045802519,1.262673980387667,0.3086786047926426,0.3541289463825834
2023-06-28,0.2329019526928936,0.3361902737499335,,0.2983983297207033,0.6834529018030703,0.8809752273899486,0.2964401891534542,2.8452523057943,0.3802792545573542,0.4579180451234321,0.4828836715290401,0.2322644405479321,0.5054692680083895,0.4779395425363738,0.756435045330248,1.0842933273443027,0.7719183765104884,0.253739184982443,0.359446470270404,0.7115631044595627,2.7872704741090835,,0.7887599176645067,0.7894305253759554,0.7167095029544825,0.9536416404581362,0.4682707763062354,0.615123996274807,1.3352828608596146,0.3047983337502432,0.3549531035984271
2023-06-29,0.2393553322625449,0.3346544113981898,,0.2949176351188975,0.7347217918851726,0.9812101133967231,0.2848148992741516,2.950868655878031,0.4355027085946298,0.5143366506893166,0.5201457857703556,0.2895214770401612,0.5599213087260217,0.4870639619782322,0.8067003824479462,1.151022244901796,0.7745960309728223,0.2444504052826788,0.3741135353686194,0.8335096711240509,2.884137036315542,,,0.7600839781002199,0.7646095981415123,0.97341861028912,0.4773650075564911,0.6397710661930645,1.4033759295973474,0.3400135543416949,0.387368996724694
2023-06-30,0.2705116877827254,0.3535097396755884,,0.284112473605793,0.7461394955124244,0.9863267420466896,0.2584561879233211,3.0467176340520083,0.4701810598516197,0.4992839727885999,0.5488727281831624,0.3181033904744196,0.5909734623791706,0.5013677477777995,0.854472628337722,1.2570041320078402,0.7942392313923716,0.2339155436957556,0.3842000235731448,0.8724676613692482,3.0209921932155965,,0.8758940258723946,0.8049580639243354,0.8498270403520183,0.8036411590913797,0.48769401507533,0.6833097321723838,1.4763141124840533,0.3600973689066175,0.4318015487656651
2023-07-03,0.2751698506744651,0.3600604043516195,,0.2920508948096574,0.8834513249951284,1.0564628275327488,0.2748734717845355,3.2929763152954643,0.5176285463830119,0.5642911455387819,0.6222968952528766,0.3470184623368696,,0.5155101338702165,0.8414874021262645,1.3081423957386102,0.9398749821663672,0.2272177712988829,0.4077318234215118,0.9472032578728956,3.361480184852786,,0.9767472345186192,0.9000061946920902,0.857777861153094,0.811098071614065,0.5765344217358515,0.7283776805646469,1.585464982556901,0.3686900975296289,0.4727802162801599
2023-07-05,0.2741744117292228,0.3796872983957672,,0.3211715449691365,0.8912241994782478,1.1487356628574488,0.2804576123853508,3.534308007669259,0.5248203360829196,0.5527498843532845,0.5956288561899841,0.3916505683343507,0.700689514452003,0.5162097782889769,0.8698625747213078,0.8874427513915549,1.0055846347658342,0.2439196367635721,0.4027597136633456,0.9574288934234728,3.316303411434384,,1.0246353850047083,1.0137885094490242,0.93847421734157,0.7578363043002164,0.5775142008189263,0.7767340957851575,1.6419643179427954,0.3368650002714339,0.39296043301228356
2023-07-06,0.2870306379241232,0.4966331830885794,,0.3276702479976789,0.8692005983345248,1.0810286181990756,0.2916660376374054,2.269751772189486,0.5171833325897065,0.5244310860841543,0.5581028304438136,0.3933878399730257,0.5963402240078177,0.4284937045784604,0.8437516450551741,0.8408449404711962,0.3599674600016994,0.2555747738478206,0.3831114212600958,0.910701715590098,2.275185785788523,,1.0497254984741078,0.9786744997838348,0.9218704001296242,0.685316643893736,0.546140089881917,0.6355736823747258,1.5329153281686796,0.3463113558046062,0.3701568533376361
2023-07-07,0.263072916456118,0.4830758738944166,,0.3255441499515069,0.8793350402790887,1.11235543995362,0.2700477692370725,2.099114284127536,0.5554334734706712,0.5426212012872178,0.5411628251030814,0.3614205895289407,0.6669555762664425,0.4101372304756533,0.7728744526475074,0.7695866304297754,0.8550639063102341,0.2484242170168372,0.4139635154317224,0.91200475382379,2.3795665707059714,,0.9310550161986622,0.9141386996894384,0.8944980764037702,0.6679223113689434,0.5404837822992012,0.6568868516922616,1.648542792362763,0.3384894696308332,0.3559513037576943
2023-07-10,0.2759104450518758,0.4741165611528538,,0.3552973039013384,1.0515212674522163,1.2882172183012537,0.3048057319650704,2.0755956983974566,0.6568229251189189,0.6028554914340221,0.5830101801322728,0.4268978330369926,0.6201453117867942,0.4206901777666618,0.8618966271401587,0.8222190228720058,0.3806160423244538,0.2630886941253452,0.5128568114488129,1.1894965177224197,2.450846779518538,,1.0498266679531936,0.95249398753497,1.0727115655495798,0.8015019095590243,0.577029351043337,0.9160979729294488,1.915089234164418,0.3484397491482442,0.38355379653763017
2023-07-11,0.2727828100512539,0.4709939806544207,,0.3574418241595879,1.2145439058476033,1.4464808657715174,0.2962871049030466,2.075415646489189,0.7602715055523058,0.6738512068295863,0.6261213460909121,0.4964582606868999,0.7297078560179348,0.4205678504489182,0.8712453694716964,0.7910652845998728,0.3875575440720217,0.2808380168382537,0.6063391140378097,1.2882495844698052,2.74401831028584,,1.043970019057661,1.0261079090529766,1.125942424753295,0.935441612638023,0.6783069828892208,1.0423268986617953,2.167251085695302,0.3657385240916488,0.41197078868869813
2023-07-12,0.2755446931202831,0.4960912146957013,,0.4127758778033691,1.0433241580948895,1.405753080234678,0.284485082440017,2.0872771431435893,0.8217449357303265,0.7742412976716624,0.6249717903820463,0.5630490360239211,0.6447872530863775,0.4001615556870143,0.8775293377025816,0.7598681208140389,0.3908576738206692,0.2715887390584103,0.6277679791309613,1.338512163277337,2.745019469049314,,1.1451903424145726,1.1373159947373523,1.2045175369030914,0.998402549122382,0.7513671782904066,1.190157586395748,2.3660280513576377,0.369888006881387,0.4243589066798859
2023-07-13,0.2906074407293258,0.5313491954403217,,0.4617521294643495,1.246552725843098,1.5497323743068998,0.2569280028757364,2.076336530941137,0.9011143844106504,0.8419352705698687,0.6252764440784379,0.6059420437724906,0.6128267431433886,0.3918917494707834,0.9526324482096856,0.7245117251660661,0.4138779438714355,0.2655762504296423,0.719219485791778,1.4387226101944366,2.838014745366104,,1.21636648675283,1.2826405580752571,1.259811949914193,1.05343568231832,0.8096053397022163,1.1758948118092347,2.3813325352704857,0.3875368174085775,0.42410969777925045
2023-07-14,0.2957070435179664,0.5587095598189274,,0.4408694174562318,1.0771639737429546,1.623944354686892,0.274548010056018,2.0083195161193697,0.9209626456252016,0.8080634894079012,0.6126960577944757,0.6403219222782889,0.5864268494895337,0.4572845351101658,1.0803531325148126,0.7665531637036977,0.4111759505307539,0.255820467686955,0.7462353365285571,1.3984689689208565,2.8692157445960955,,1.3724278515638535,1.4634775220249778,1.32736287324488,1.1399731914002882,0.7215340187334713,1.3088867096346484,2.249155303078421,0.3941685752591327,0.4367769925305846
2023-07-24,0.5085711972947854,0.6303565041092419,,0.5633834564395481,0.7222710463597161,0.9259292430613252,0.4404120959439822,2.377728518257616,,,0.5845943884873521,0.3850599444193224,0.8686984214099588,0.7323531477837535,0.9004267779286952,0.9486812039197872,0.5321935740079037,0.2916130240461791,0.4520111257396043,,3.4973384985884786,,0.854201276329402,1.0198151799188833,,0.8649812206905849,0.5538339899386365,0.8190478970199252,,0.4403538179033638,0.632126173959104
2023-07-25,0.5359880183035606,0.7134036747374127,,0.578715301820588,0.7665395450307944,0.9615937023197088,0.450667246382819,2.460290125679862,,,0.5650721880423727,0.3824565271029075,0.7931003550186686,0.7685717121695491,0.9329679291616734,0.9124757232099954,0.5310832119669159,0.3179470341285531,0.4705924935426729,,3.911005188914349,,0.8785321852064091,1.0261023522692017,,0.8581971498451819,0.5505298070586923,0.830455420179583,,0.4871668262807453,0.6467916604908371
2023-07-26,0.5567089922119459,0.563241086434585,,0.5798466286053715,0.7403152445117829,1.0221267794541224,0.4456113028531415,2.5412768038686155,,,0.6010280554210253,0.3087368493641637,0.9480569067827878,0.7519219274340095,0.9667642671893374,0.9104462608636122,0.5313393224583064,0.2602923057634467,0.451215817860328,,4.189675389275451,,0.9080849645817076,1.1142630188135836,,0.917335821827117,0.5574616400839052,0.9114851963994456,,0.5167793435456746,0.6749303126073337
2023-07-27,0.5406473841290057,0.5021917420065816,,0.5729321738090074,0.7351144085622227,1.1192249989026724,0.4466491700295052,2.4570958125058926,,,0.5295579361903121,0.289472717299942,0.8696453495211186,0.7481075639636872,0.9954650281301444,0.8400229042232201,0.5538474148116741,0.2412823598754562,0.4620737325426834,,4.158005559091486,,0.8552012375806902,1.0817678979913068,1.0134559529935552,0.8700836156540237,0.5501691279828097,0.9228034699627936,,0.470547147467065,0.6487724013529584
2023-07-28,0.5846259931751036,0.5689679053621527,,0.598937543503334,0.6790274563053593,1.1652126577454789,0.4298650561940498,2.605971551476054,,,0.570188405746477,0.2852655743981581,0.8603582815523022,0.7368612380908812,1.0768171671106093,0.899126614913534,0.5515993949903576,0.2576485783828659,0.4775960341903693,,4.310873537154348,,1.01686353483422,1.1178626891929495,1.012950815644915,0.9210456464274795,0.5760160062377514,0.951915565400588,,0.5682072567609701,0.6802210617932997
2023-07-31,0.6468615226756971,0.5770485631084852,,0.6119584321046942,0.7406337617636715,1.291597326342234,0.461962595403638,2.8051041689703515,,,0.6937100769201783,0.3309976988874259,0.8798239152312988,0.8241472352533891,0.9245775700291824,0.9915652188241384,0.5597831426085853,0.2688146312134841,0.5491833226021081,1.155630743892968,4.623491204283001,,1.095202308251081,1.1319965665863227,1.0834957375595349,1.069652899585117,0.6875121945779243,1.0673558032074726,,0.5169629507947757,0.746524974072119
2023-08-01,0.6467881617204883,0.6115387000673175,,0.6330220878028531,0.8002759438650747,1.2872676029155905,0.4856574537252208,2.7585584736772666,,,0.7306183181912722,0.3677784127154054,0.977287624066542,0.828835841401586,0.9988203826991068,0.9124029618692032,0.5379263506507717,0.2606757005510305,0.8182419016656549,1.167396426124086,4.703978638382994,,1.119592744766755,1.1672851464898435,1.072894638473914,1.0496840738567763,0.7102768750972686,1.0684965576223573,,0.602387933692745,0.7791502883850089
2023-08-02,0.6292187157496213,0.5848468445671413,,0.4503738371146352,0.8171258944727355,1.364764286299787,0.5310799551104892,2.800770966714884,,,0.6829692774081718,0.2752725830333593,0.897125223190537,0.617476297451349,1.046743391048584,0.9562914579329252,0.5355706157305576,0.2648325570221797,0.8279349506264949,1.1849432639238908,2.502477848471357,,1.1687442818363705,1.2147862617699126,0.6907775120793844,0.9961566635379676,0.6792926749339998,0.6844744996622042,,0.481476368953655,0.45961806244896536
2023-08-03,0.6324654865583155,0.5401459652275051,,0.442706775134143,0.8937879275523739,1.4204537185046522,0.3843997242322092,1.54830324115616,,,0.6825012614560875,0.2850272007977039,0.5485030159961182,0.6233384467735831,1.11912183628908,0.9898342781337792,0.5526272570242945,0.2609341558047008,0.7405452870775048,0.5627249746493946,2.4517033599064657,,1.2143738644210418,1.220222273761005,0.7152432107777623,1.0932104724028835,0.6614080415200885,0.6988096907186921,,0.4636809391649513,0.4612057706791851
2023-08-04,0.4376943847967278,0.5838989521070024,,0.4372737668889641,0.8734985037579948,1.454347899760534,0.3050069327684489,1.4918572710215152,,,0.6742202930731418,0.2875988585556072,0.5501125326092468,0.6132974495608514,1.090658537394294,0.962441365733884,0.7375424323774032,0.2577354624987809,0.6746812316545652,0.5463466807406347,2.38386020666883,,1.1927469061182816,1.158569656210776,0.6687329184127496,1.1227019086179593,0.6968764721763384,0.679228635090778,,0.4894913123198911,0.44581063566414075
2023-08-07,0.4120872678540472,0.6163889940932072,,0.4509942989023895,1.0194220152874272,1.7430105829214018,0.2988228053209382,1.5395222777317683,,,0.8023061408936394,0.3039094425790727,0.6318364568030201,0.6845666699159184,1.4382814126975871,1.161701906947339,1.12754439726251,0.2883004831923721,0.8594689412309175,0.5648639698724345,2.473975409764274,,1.421033376573327,1.3580331486832624,0.7434882813847029,1.3596978610965988,0.7906799823996454,0.7219771446052028,,0.4702657129911032,0.5012504062454816
2023-08-08,0.4488471964764394,0.6031333474792581,,0.4413822657138306,1.0665875477868596,1.8075042387895888,0.3045802872494028,1.554570037001463,,,0.7944079644880165,0.2975321251819394,0.6103150205640633,0.663037056784697,1.4812012495211748,1.2402574640177932,1.4494926585914174,0.2996345124026584,0.9226833285120932,0.5393526245787084,2.443834211822613,,1.4973771237461266,1.3937598355906036,0.7364874055712417,1.3762197272011514,0.8722613401689325,0.7229051452111733,,0.4561081984684335,0.48858996791763676
2023-08-09,0.4302176795628112,0.6064237772193746,,0.4409265852990672,1.127998871512027,1.660358340756121,0.3038554999066078,1.6012894928636434,1.399453421302699,1.6207070664452072,0.7561891954202629,0.3058247019743115,0.5875373318230823,0.6490971111792228,1.5298071439599703,1.2810778678480352,1.4844774686112598,0.3075969717109665,0.9980561376193255,0.572268872715455,2.453230703821909,,1.5606735958901825,1.4859709191390644,0.7307365476413564,1.443536205974799,0.8959778205187117,0.7333754592046406,2.18447935518582,0.4617852217574287,0.48605919981506734
2023-08-10,0.4282135606434162,0.6168803458322806,,0.4361818142131907,1.247490944426553,1.7661883850072844,0.2929863448128766,1.6553466466799285,1.4617071502129866,1.6566694375416686,0.7878271332355339,0.3075499561923014,0.5907864964638971,0.662438102128967,1.5920395352217802,1.2850625158671602,1.6417670292957465,0.2768984820631388,1.0419012619743844,0.581072679424128,2.501666197323074,,1.6023906782232424,1.5449033845055973,0.7253121071213375,1.4782756416574758,1.058851694771003,0.7469069166045355,2.355107076825062,0.4926021278259865,0.49192573652501914
2023-08-11,0.4389018571595618,0.5877024219829605,,0.439532039528145,1.367678942883492,1.88463436233628,0.2828824049914144,1.73643273946403,1.6051262028201236,1.784690350601143,0.8804354723566037,0.305048515967346,0.57052872291752,0.6982497322291665,1.7738559793837292,1.5566266833188764,1.781447486896644,0.2289443989152112,1.143537977251788,0.6242111937782173,2.565252924719936,,1.7658835257468188,1.685327203598778,0.7477759728706729,1.4971085624749294,0.9259256416204276,0.7740848081320871,2.73445897434868,0.4906937969240851,0.5084562154482771
2023-08-21,0.3052904532059091,0.3599858516936357,,0.4945763623382695,0.7637765325804564,0.8438535372060297,0.2785552326473443,1.9768588403683025,0.7236608973839322,0.4781609345957894,0.4288687413266492,0.3286435389465177,0.5278081623277472,0.720967916169711,,0.9841175900876804,0.9615080147854695,0.3258784020378422,0.4672882922126056,0.6192000270810085,2.6201828037995267,,0.7674714377465063,1.1251273423095405,0.7338722264191557,0.916002373101782,0.4483876302129539,0.7791501312677401,1.1249373498300586,0.5265548806957402,0.4785084419875125
2023-08-22,0.3428119240625324,0.3665315067936466,,0.4958703769131252,0.7782377079325911,0.8321754522466273,0.2835928345759694,2.047649341198026,0.693180497276381,0.4565897054103053,0.4114304618752287,0.3436124407130635,0.5046521868937777,0.6973589012175295,,0.9263634089184712,0.9287060785293884,0.3243619640951046,0.452014582060735,0.6060601172941835,2.630866214474466,,0.7818154533366694,1.1181041166551524,0.7481042195195531,0.885741064815082,0.4520120595796214,0.7985999369130722,1.1007587289726162,0.5518521660746434,0.4737228214534803
2023-08-23,0.3633984087703373,0.3890117797017558,,0.5168733105530737,0.8386741615113936,0.9170223302002256,0.2781301338867056,2.0939690437271405,0.7228144381274982,0.4756930888764,0.4123522519463877,0.3610658418229123,0.5228515485777435,0.6623742693517342,,1.1353976889441078,0.9429504674024788,0.3278050475482993,0.4767689306437313,0.6376087892138146,2.720025370649992,,0.8419499223042053,1.158281714273497,0.7825930196573442,0.7865492209845917,0.4477454104862908,0.8287478935210693,1.125515874588051,0.5755292565078137,0.49917562167147383
2023-08-24,0.3228887766982283,0.358904289546614,,0.5134461836275698,0.7797493662489919,0.9329773666650812,0.2884608617581702,2.173786976572758,0.7298949440515836,0.4623635215481829,0.3945990221140465,0.3421065062129955,0.5567309202487404,0.6746447214394425,,1.0714627983290477,0.9313410864114824,0.3049708384826712,0.4450652124226445,0.6029648323170104,2.766815727045073,,0.8307685920154998,1.1684991635327484,0.811490275868781,0.7403215145526209,0.3880184019417198,0.7891451659771742,1.097505946866918,0.5274509640314821,
2023-08-25,0.3310238207435907,0.3456693856955223,,0.5314744139667829,0.8356556983995591,1.0210110676713295,0.2593667006297509,2.221303570878463,0.7296328533130797,0.4373632110897392,0.3846266193887958,0.3691957916852394,0.5973776938979322,0.6827513155546566,,1.1293885393573837,0.931070505563971,0.2923058545961433,0.4650421298932581,0.6300128651138679,2.8378421547206245,,0.8844917091009832,1.2099703838939635,0.8645939525644043,0.8014965105376056,0.3860016992131,0.803590496911707,1.1552341150406165,0.5155136054866368,0.4968659940319886
2023-08-28,0.3851805273835431,0.3605127399145095,,0.5675125605026482,0.9600100656089512,1.1358578486153572,0.2553461474135568,2.434158380805694,0.7941418620641565,0.5097890907216487,0.4079443647543829,0.4028243498514318,,0.7589187182372998,,1.1517836441297675,1.0192560714314822,0.3172187124130587,0.5153486448383174,0.7177846379996407,3.477398060734711,,0.9636003509575666,1.3311437759816227,0.925573704300644,0.9064942476828314,0.4182725888618485,0.9238253879354204,1.297167773550002,0.5558917311347695,0.5613113378985242
2023-08-29,0.4412166142005339,0.387161224416517,,0.5682176783335098,1.0204305827814706,1.1788175319178946,0.2489266160029637,2.756925452726084,0.8534136460854929,0.595569000076108,0.4247355890638349,0.4297448182444712,0.6300538068061763,0.7965763944596033,,1.221486052363313,1.1299921775368036,0.3165123916968089,0.5945744618764648,0.78423190963089,3.677807932348845,,0.9966793683414132,1.3559770810221194,0.942967901207302,1.0309990386556838,0.4171638036497568,1.0190995030503045,1.317767199899356,0.5892458415138776,0.6251249884201104
2023-08-30,0.520874304641567,0.3564427671022707,,0.5720446778358184,,1.2579118593294436,0.2443622238028976,2.609878224932336,0.8763589579542955,0.5828718361886243,0.4271456080169966,0.4522623287826114,,0.7671194208276106,,1.2852142988271436,1.0737071909924676,0.3122922942320937,0.6405268999552505,0.7732727700538389,3.674649794334326,,1.0291942614945973,1.4984972188167205,0.9923276186068694,1.0638955674180322,0.4134909870527453,1.0549754567747205,1.3506500696051116,0.6021042413975419,0.6738678498364541
2023-08-31,0.5291431443200125,0.3707556108601743,,0.4846994361797794,1.1616671957775984,1.2638806369629032,0.2393008282819275,2.9938182477541786,0.7970274683464286,0.5790187581275105,0.3835313287809714,0.4469349631866045,0.613256448848663,0.6474185811991137,,1.238593377841543,1.106708274793556,,0.64588495147835,0.7756705315133808,3.983829595626037,,1.065570172591577,1.3750233167220256,0.9324650611086288,1.0835924632013714,0.3957290507934834,1.0937892070052095,1.43590392712264,0.6560430998771761,0.6441755543596628
2023-09-01,0.5679591483226476,0.4100082522945698,,0.4705549912213083,1.2485108024110771,1.3571756008424771,0.2264362588094917,3.045936966249817,0.834411599494324,0.5728070222980016,0.4142452148826495,0.4953756403609327,,0.6404485354552807,,1.3486854607312675,1.1488402126693424,0.2930025054284548,0.7404702330058796,0.8040579656345415,4.137852974617979,,1.1093946001954584,1.3477221543109437,0.9665460052337316,1.1548219617993316,0.3717409948888104,1.1646525172871192,1.6345576028678266,0.7288321350478444,0.6761919987676452
2023-09-05,0.3932753081611224,0.3625485522303703,,0.4219984746000287,1.412166691020063,1.0108149491884253,0.311308176066274,3.4580246042010243,0.5806223709040162,0.5969241576186477,0.4851384025364465,0.5219447884714841,0.3816414101755766,0.8207388734753285,1.2477795771556175,1.421751783814225,0.4394737373298764,0.4005624057502725,0.7058525547564642,0.8302122134995422,4.929637294825658,,1.2045292733124664,0.911693688412681,1.1009990499202735,1.2431247588596717,0.3887663024971842,1.275031795444379,2.0487008608796127,0.6098280353552544,0.777106798515969
2023-09-06,0.3559570257111082,0.3446472336205987,,0.4500858690121423,1.4674237012517768,1.0207859702909794,0.3143653413856462,3.622201403007491,0.5567417620229063,0.5613844023143665,0.4480255690470882,0.5759430482775314,0.3933910113051021,0.7859550586113093,1.1684720652557488,1.4028493919113656,0.3916485771159479,0.3931984291260447,0.7235497717162891,0.8069374648759987,,,1.2529744787075892,0.9223439379511916,1.0450893137399289,1.2860657704216183,0.3866770105090577,1.2998650834544945,2.1647765464981217,0.5896743956325933,0.7605424796866487
2023-09-07,0.3335696661170553,0.3390051795592034,,0.4551512580168546,1.490253367328267,1.0182614484586223,0.3153654614457912,3.690106588082759,0.5616969097431977,0.591254647131331,0.4131042163428235,0.6229159738305545,,0.9774801120584876,1.3444418787509538,1.6070080194759475,0.4489737850358021,0.3707745099630991,0.7262842838774252,0.823647300016529,,,1.4095629372088283,0.9068709776854348,1.1889172973492268,1.1799962290341606,0.3836305506385251,1.4249531849670292,2.2935009586697563,0.601287806087881,0.8033435757752453
2023-09-08,0.3257211522184148,0.3686289474028145,,0.4745759108108088,1.5722133541076635,1.0280714137754825,0.3136941750135067,3.84412243642098,0.565681705174329,0.7131025379297673,0.4258370560916117,0.6678198373193257,0.4310114637984713,0.9663410666565544,1.4771492281342644,1.791782806562771,0.5122578367573102,0.3491019075633867,0.732279307935461,0.8884194906203884,,,1.4569126047095755,0.9143628541709312,1.2855944837039122,1.230478824745992,0.3928899896219436,1.5300234132128625,2.454488748707058,0.6274664470620113,0.8858350371178704
2023-09-11,0.3385783358416843,0.3890443243495518,,0.4975823561761238,,1.084102825218573,0.3257188956100773,,0.5856321236772885,,,,0.4959737313813864,,,,0.5493562373876238,0.3597984427864544,0.7536839734384754,,,,,0.980633585250614,,,0.4087502988714179,,,0.6660324219139461,
2023-09-12,0.3135741720637056,0.3626835637666744,,0.4630439341454648,,1.0480712981753304,0.3213878672063296,,0.633120769794741,,,,0.468298368872408,,,,0.5387359699755225,0.379746097095674,0.7587472270304021,,,,,0.9582776244720304,,,0.426142412956473,,,0.6157403615307335,
2023-09-13,0.2947361060270501,0.3736026430744374,,0.4380117479278515,,1.0675516647778016,0.3481458344878592,,0.6428108267298426,,,,0.4654419665360914,,,,0.4997575879226263,0.3658895147065074,0.7138091672042953,,3.402804719244892,,,0.98224313631496,,,0.4236617676969936,,,0.6067293946287384,
2023-09-14,0.2941109492806582,0.3860870544188965,,0.4284880112686909,,1.100477539524782,0.3071136050714109,,0.7050813762898042,,,,0.5709317837001844,,,,0.5612144247811124,0.3473563671419554,0.7843754208227671,,3.496046113611112,,,0.9978724977946792,,,0.442832946549803,,,0.6383229087090091,
2023-09-15,0.2960018635738582,0.3520127488235946,,0.392797408590101,,1.0729236892989271,0.3181009179564891,,0.7081400466136526,,,,0.5215933673883696,,,,0.5475448955471176,0.3429743302437204,0.7585837632116997,,3.4852747490315417,,,0.9822744303214164,,,0.4792226824476092,,,0.5887248427054723,
2023-09-18,0.3294189684950197,0.3428019883083707,,0.4248493024152986,,1.0998870347321876,0.3237043774204858,2.236226688008643,0.7468530007553255,,,0.4247935289897117,0.5991742816078143,0.3730999372961537,,1.0177253354005564,0.6042587730912974,0.3463428770191644,0.8144757009868245,0.995591218686697,3.651327366476885,,,1.0473769042061385,,0.5328625801918826,0.4804853268576045,,,0.6249307961955374,
2023-09-19,0.3459449966129857,0.3500703028206736,,0.4342342758505181,,1.15524577271881,0.3241294502229876,2.2194693564232666,0.7486819244752084,,,0.4225965478278317,0.634722013316279,0.3645921991035509,,1.0267746122070125,0.6308154445819447,0.3521781408457389,0.8113779678264473,1.0225448084804012,3.635832276033945,,,1.0556216639061156,,0.5273722013100756,0.4080926137795932,,,0.6394862796632649,
2023-09-20,0.3248033596608692,0.3349166810944947,,0.4198174812550884,,1.270857153211557,0.318377768569649,2.279927575823065,0.7555237034877508,,,0.4105204186536846,0.6728063350829522,0.4101736182282252,,1.0282999235076358,0.7532079053003916,0.3381585519153816,0.8113414314401632,1.024804568300468,3.638593028261886,,,1.089945770777179,,0.5264847314911756,0.4273160604861915,,,0.6067201763120217,
2023-09-21,0.3184381437979575,0.3500081604006044,,0.3935329724537136,,1.2198945694295489,0.3241429996167378,2.263471655673397,0.7306040283228252,,,0.3663818533163165,0.7165069815319565,0.4743409429621467,,1.025629537447519,0.7402481375339971,0.3483424010010318,0.759318726757548,0.9799612649743444,3.586724827532874,,,1.0536874517413644,,0.519687889227939,0.4503065914321016,,,0.5647421429644828,
2023-09-22,0.3343131213030642,0.3364779043315405,,0.3780752526484749,,1.2296227087185316,0.3144784439628565,2.3239173200420287,0.7061759807985569,,,0.3524149867901681,0.6857235284070242,0.4995653518600384,,1.026987450988766,0.7192242888996079,0.3345569045521631,0.7848054628778603,0.972222559872992,3.625864088919738,,,1.0573485728332357,,0.4966672317848495,0.4175277049017895,,,0.5646659081840266,
2023-09-25,0.3558875181391762,0.3468958014452828,,0.3900685501053777,,1.278433030516509,0.335849318023818,2.4376655299081373,0.7643743492419346,,,0.3532083108237831,0.7462727914587947,0.5442491301795318,,1.0686691292200698,0.7419756851257135,0.3494584641847915,0.8438140412266097,1.06044705621181,3.689809847881293,,,1.078003224496707,,0.5286929810841693,0.4270061724519588,,,0.6330221654161556,
2023-09-26,0.3396786671984924,0.3422641404731167,,0.3818863881589321,,1.2089588901366193,0.3506395490059961,2.416577802252616,0.7447380887457838,,,0.3367610146378356,0.7165738945344796,0.530679754722898,,1.0546901895535132,0.8047369558171688,0.3579398608454476,0.815431860390087,0.9968168139771924,3.707935805912846,,,1.0705934092970175,,0.5425001542979442,0.4209919485327219,,,0.6137039799553254,
2023-09-27,0.3211922066732103,0.3353312197021781,,0.3808403619273091,,1.2327343753727042,0.3447741968625498,2.3728186014278445,0.7783492984061733,,,0.3308463354657238,0.7081852851614522,0.5294796068609305,,1.028319764456893,0.8195431060576999,0.3504551922394531,0.8583067368433336,1.0132540717045038,3.7528257559474048,,,1.0346176611041218,,0.5346464749910316,0.420722258713564,,,0.5842180306028426,
2023-09-28,0.3169610102574615,0.3305952619633961,,0.3764109210918296,,1.182193568955137,0.3285365392608371,2.425626272704175,0.8263827908410136,,,0.3411593457113334,0.7231216673367173,0.5726543389930797,,1.052907486463428,0.8534979007769853,0.3403941885002814,0.9148849775040568,1.0054765102327972,3.8144128146689233,,,1.048835265864595,,0.5546650910487416,0.4222512548651521,,,0.6945267259019372,
2023-09-29,0.3218701267388682,0.3289049066174236,,0.3669883752546549,,1.17481761394946,0.3158550356231322,2.503003384565963,0.778835568180557,,,0.3283582785014644,0.6925601336639574,0.5420873670255514,,1.0403134621575405,0.8265555864538321,0.3298142088715253,0.8921770683247224,0.9625789866605136,3.926008047647509,,,1.085790414511106,,0.4626853000118915,0.4370049911722234,,,0.6327241973642456,
2023-10-02,0.3473583867192083,0.3777612072562048,,0.4024643483033395,,1.2917337535115228,0.3346904757875217,2.549747629249932,0.7895717546999373,,,0.3556381530072277,0.635740894455038,0.6538317496217995,,1.0687343670496483,0.8420849635157648,0.3313332594561869,0.9370154962368183,0.9843547399570292,3.976960501025221,,,1.1127880584651837,,0.4579860406527439,0.4843319326370831,,,0.6741838151531864,
2023-10-03,0.3672148435169952,0.3775947433762334,,0.4010447064580478,,1.3226103404647842,0.3641132951281524,2.6774239764045973,0.7974985208118855,0.4516346831927852,,0.3678660134728286,0.7166605146329204,0.6430960236436304,,1.071210211924509,0.7616761604614319,0.3504857057137684,0.9429369887642346,0.966129595674497,3.943469430259367,,0.5283799766968891,1.104229345994216,,0.4863317309871753,0.4605633115389623,,,0.6387853792320911,0.26881711148192894
2023-10-04,0.3594249265560472,0.3620211421133693,,0.3952108534229314,,1.3862086614380738,0.3712531905201895,2.65010283908215,0.8060387965788137,0.4508016782281029,,0.3758860504346665,0.7054413822818791,0.6476786041259197,,1.10496051457323,0.7308384185336074,0.3386628463927836,0.8803997751228402,1.038914315865885,3.993224228931672,,0.530343542974456,1.1305676211422837,,0.3704396606316683,0.4390285984781414,,,0.3608504828978252,0.26589116641211125
2023-10-05,0.3778738860020167,0.387698333836351,,0.4031185210729121,,1.4178910544673229,0.3731167667557951,2.7800742492684205,0.8493597148627979,0.4533832508508617,,0.261942863969409,0.3977887133491237,0.7100296963574636,,1.216957933936197,0.7344942500831284,0.3384857505031798,0.8310459063622703,0.9831551009278244,1.7546438151200336,,0.5008835228614795,0.8875359226418768,,0.3675934211093166,0.4797179496796419,,,0.3517615866396257,0.26590462676806736
2023-10-06,0.4023091004085873,0.4271306865231248,,0.4548988276994868,,1.4959956004498312,0.3581896988329021,2.5093747923882965,0.9848687307855362,0.4541646893164349,,0.2577492956627978,0.386939203650515,0.7979048967674245,,1.2744667397240264,0.7619982620539735,0.3202691825766351,0.9559118296121156,1.153342112276788,1.8034560875743584,,0.5161902732228225,0.9840366377752824,,0.3750170163619807,0.5498502569818903,,,0.349427401176285,0.2810281947036529
2023-10-09,0.4772587231796472,0.4970834236805495,,0.4912034012306397,1.2106194903610688,1.6938991239326555,0.3610920399887748,2.961597220281747,1.0361787627147088,0.4616915715082025,0.8689320227808259,0.2623221836634102,0.3943027479139716,0.9222527337520792,,1.4781133139311369,0.85243603837357,0.3606582935868337,1.1612484647037495,1.3701051363183243,1.8997102321393853,,0.5064533768854004,1.0662754074775205,0.7720130929206621,0.3803054606643531,0.6972219962862677,1.2891414090906406,1.964504790839164,0.351127222871441,0.29842436687416846
2023-10-10,0.4833921808660392,0.4956500673227733,,0.5010074787932187,1.2557368729812806,1.7774832962976694,0.3546404935361943,3.266053083373242,1.1187948977747215,0.4630827323076177,0.980639707802494,0.2634657246622892,0.3805543222588343,0.9791994759312578,,1.4738224282307413,0.8521625876259957,0.3802197768626204,1.2504512672496408,1.4335039275642183,2.017422939257681,,0.5277893476608567,1.281814097853904,0.8329384512083774,0.3859164555179488,0.7422027694515075,1.4570574587764846,2.054971948722415,0.348656606246959,0.30487409731948095
2023-10-11,0.4889828677442214,0.5387405558927608,,0.5022734379496169,1.2955769653215092,1.9224834066631007,0.3537754925693329,3.320003653402884,1.1864176466855616,0.4500227101815724,1.0362133026820737,0.2549101873985506,0.3772187801464357,0.9912479391097944,,1.542241963534525,1.0165865956608648,0.3505274344602744,1.3197720815258165,1.5646924118294268,2.040702121141268,,0.5014107286719338,1.2818493503802135,0.8530114735637326,0.4022482242099534,0.7650522693647474,1.475378446307264,1.8501795612600156,0.3556151138982085,0.31275907783514956
2023-10-12,0.5771337819589175,0.5814789468517159,,0.4915025860152518,1.3924660355163083,1.935535969426641,0.358073668947608,3.3047573593732738,,0.435576136835108,1.074856270686365,0.2598475789114254,0.3653577383108372,1.0412364283769586,,1.6380927258972076,1.0510203890561378,0.3408697923554395,1.3061412117238351,1.485560464194491,1.9799157765086692,,0.5090622280424455,1.2030101634032715,0.7232737448234234,0.415504739040603,0.75814383414808,1.4286649107755631,1.962213324511614,0.3385579234003838,0.2961683204477819
2023-10-13,0.5721689742390592,0.5584663669091976,,0.5157092150459128,1.4776172976090551,1.9076146198172363,0.3776696586315057,3.456492456924824,1.44318930131556,0.4468080629038615,1.1148587582689078,0.2793832416467838,0.4102467411959325,1.3065016902648967,1.7511385200707923,1.782083035634751,1.053998960294121,0.3590491140769542,1.3597714027755805,1.600542334305867,1.97841754709074,,0.5502841535783015,1.2997964395816826,0.8487090360188858,0.4448011146791602,0.8174733719173848,1.4840759279569942,2.279380334290533,0.3444539850749213,0.3089386624597299
2023-10-23,0.2763412386441302,,,0.325771659722041,1.2063577684680522,0.5151756945357704,0.4136933530922473,1.1051389761233377,0.4289063050841874,0.3747675229511873,0.3000924522458774,0.2935569342405658,0.3484374639053517,0.5267042002199003,,1.0200186932156745,1.0603256200495113,0.3613197544065223,0.5746320460719717,0.5980039303569089,2.0797116013194508,,0.700461738462828,0.6114193956873653,0.4717357236809363,0.5791776891473563,0.4422498244636268,0.577136505732905,,0.3688508922617703,0.29154729465768386
2023-10-24,0.2728799202997775,,,0.3186165580970733,1.289344095765861,0.5265732719815972,0.4131917385378074,1.602523990809973,0.4094524755558572,0.3530616266900684,0.2699713843949807,0.2959221699380996,0.3253236762916491,0.5530137614730393,,1.0228031809792788,1.1163993188239218,,0.5768387867121654,0.6196526476904307,2.4639146566649286,,0.763130830911459,0.681345297305383,0.48579437525109,0.6548071043739041,0.4440962174234181,0.5662603609038962,,0.298121083005216,0.31423285784912414
2023-10-25,0.2852637455235891,,,0.3277664727161387,1.2700378279578932,0.5464625689098621,0.4882078392867577,1.5176739742028271,0.4178623673759163,0.3654606227991891,0.2854113022721722,0.2539576439927763,0.4179352281018753,0.6029469065010966,,1.0564086535549213,1.066883003382349,,0.563104836454573,0.5696459487219255,2.4514566240238813,,0.8050950674365307,0.7616926913664972,0.5130123506462538,0.6130791107805963,0.4567659785931311,0.5631163197577699,,,0.30335891723501657
2023-10-26,0.3071507255430026,,,0.345363148126217,1.2110941684924927,0.596682677105503,,1.7015308887651217,0.4309264537479207,0.3776681080796147,0.2930794360320072,0.2440749132634852,0.4199093747694039,0.6036995474305432,,1.1590564870300646,1.0393266336548284,0.3453653045301465,0.5597325931299404,0.4944836255171282,2.450504066588811,,0.7926870246271173,0.7403191339471498,0.4916217375027041,0.5261526304695237,0.4696335283448303,0.5577393743027341,,,0.2792535339983209
2023-10-27,0.2985442803274949,,,0.332646531705893,1.2659220025484883,0.5588301022771629,0.3192692816512206,1.5339892885849864,0.3725453617504196,0.3663149494796257,,0.2326567134838702,0.371928624697635,0.5881105968025673,,1.0683809700377718,0.9353078858356552,,0.5428381501403758,0.5139785929271079,2.393878072962412,,0.721497710625225,0.7124033724838383,0.5206904425861091,0.4848749434265426,0.482154403758864,0.5543716014875264,,,0.2566286815937457
2023-10-30,0.3009766137991428,,,0.331326731016924,1.3615810222023004,0.5738371507271895,0.3039940196328106,1.9257256582439133,0.3909864171342126,0.3991411251803935,,0.2369697941231297,0.4546928420871508,0.6616680461853222,,1.1375686119056625,1.0387294409017864,,0.5630643832784257,0.5777498099399881,2.7765433772594106,,0.8455669252474751,0.8446597047345881,0.5276565064057516,0.6139948170949339,0.5004677019082931,0.6122773670196925,,,0.3012618321931775
2023-10-31,0.2974150460691218,,,0.3146866720855238,1.441198619356982,0.6594701352467909,0.286694612349391,2.0692826816316896,0.3932629406013892,0.3973560470999199,0.2817124864646346,0.2243031810608705,0.4911736392202727,0.7114006720947754,,1.1699061231652634,0.8607097629282549,0.3112743546645675,0.3803071527484675,0.6668555412748001,2.977852245995206,,0.8996628615087204,0.9183617735914504,0.5606158186147868,0.6516827177250923,0.515084487697687,0.6462761896587685,,,0.2902346713130656
2023-11-01,0.2275434679202763,,,0.3110046462045319,1.4827607732423085,0.7187445717099485,0.2698006187333664,1.2861728669963737,0.2691539560012311,0.4036162073306087,0.2769691807546232,0.2223600976253372,0.5331846529755213,0.691448323187214,,1.2060613906944235,0.9935876075060402,0.2882000375825672,0.3669867649738515,0.6888017749193088,3.052929968284858,,0.9006835967276202,0.4519517849352903,0.5588643014103931,0.5779735834774622,0.5301524321014294,0.6686971145156907,,,0.3138866528100933
2023-11-02,0.2324651649657422,0.2566705821397119,,0.2995763526098274,1.5797116813754164,0.304136407825738,0.2562887673681348,1.3550320199691923,0.2655785815551197,0.4522348229749456,0.2650086418145534,0.243024058971039,0.2604406649751908,0.7487346680396363,,1.2329991399114173,0.561181931560215,0.2692307410120911,0.3845740755510558,0.3505317354946743,3.305696055646065,,0.9955580807901804,0.4795794860012094,0.3060666367608441,0.3022321597024924,0.5158834064863544,0.767913865901217,,,0.16199283860403826
2023-11-03,0.1949653759830382,0.262797307224873,,0.2882903065017099,1.6602838984911836,0.3195110958160762,0.241189735260203,1.382146324733272,0.2684903809352525,0.2827518608455657,0.2792258389590381,0.2426967740919388,0.2486825325170661,0.7089244864836757,,1.31396602902723,0.5982261763601809,0.2578720525160762,0.3845764551443731,0.3685618615822521,3.550355435049608,,0.9710105720580258,0.4655085307606609,0.314064109572615,0.3082872318810589,0.5551625566222569,0.8012611573033778,,0.2637871227537737,0.1685960270297442
2023-11-06,0.1919324703526097,0.2992582268186177,,0.3088893092805493,1.9072101851844192,0.3471929774653682,0.2434775819575015,1.3976741899322422,0.272864542550978,0.2822440840659176,0.2986337827701317,0.2588620580768084,0.2666471272483152,0.8301961189022723,1.352670973063899,1.5399789098822656,0.6613556454060061,0.2786367278929709,0.3872124328880006,0.3593319043672109,3.9943037100434418,,1.1432866327596922,0.487838457719572,0.3311341058157716,0.3135974340853836,0.6262755218669512,0.8865438347557872,,,0.16496338473558572
2023-11-07,0.1911047960149876,0.331131165040495,,0.338030684260047,1.97657910577064,0.347123318353525,0.2491277699190374,1.4317908396867294,0.2690436029415253,0.2848029107994017,0.2933447808095938,0.2716935626156798,0.2678214800554193,0.9301958988012454,1.366680812346445,,0.6341633810047883,0.2886357063891303,0.3650203170878509,0.3477410261856618,4.157319267319824,,1.164873650618292,0.5051006882258621,0.3291221090462806,0.3301732452278365,0.6726002001022329,0.9191073790671304,,,0.16463706980740822
2023-11-08,0.1894309311528543,0.3559705017255264,,0.3395101032509893,2.0604180261897502,0.3393336111834806,0.2454539479967019,1.4461545348004927,0.2707233925773759,0.2831380780936265,0.2966572223617518,0.2669384681807346,0.2586729834036814,0.9674119020677748,1.4774583985774905,,0.6845268960191362,,0.3706078835661816,0.3252765759225434,4.247798935327804,,1.2017910435603654,0.5056977178935654,0.3208405647991266,0.3324996298115119,0.7056919493612032,0.9841353447007386,1.9103201199533697,0.314517075749916,0.16220945112954244
2023-11-09,0.1917355408885376,0.3527873325160151,,0.3285178112051474,2.0559661781988496,0.3452164651047938,0.2435542656386385,1.4381127180677775,0.2743221601665436,0.2843054702989906,,0.2504089461664961,0.2640265827520369,1.0471155972638166,1.2984548631522848,1.6307362151668814,0.5733189809354577,0.2981020553909577,0.3751396958205513,0.3300589587253782,4.417197477916647,,1.2733428409188332,0.4833057874678027,0.3192263875360272,0.3276280243463955,0.4506762363341496,0.8794056177841815,1.9813683658411103,0.2927774760986205,0.16847500693233924
2023-11-10,0.1897696915296161,0.4695137305561647,,0.3398070086716732,2.27179402008614,0.3865429125235807,0.2434996415392426,1.4679753010287098,0.2771301007430168,0.7552632615020017,0.3224963296387459,0.3054114153096427,0.2646422829777998,1.1385907606676402,1.3897426137076003,1.652806824908727,0.6085166965893536,0.2863552849997857,0.4072617522791636,0.3546216165891726,4.90220359319952,,1.432160913786164,0.4877256434243527,0.3246043418883694,0.322004662448243,0.3786624016223387,0.9785625170345884,2.192266373549584,0.3055389763216575,0.16531327769988205
2023-11-13,0.1975340984976313,,,,,0.3811628262296764,0.2527340102069871,1.543206935940376,0.2825934823230452,0.2896020600013551,,,0.2787955306566879,,,,0.6151337191816709,,,0.3668878572196989,,,,0.5185775499451799,0.3441588486372016,0.3197085868301976,,,,,0.17528624740741477
2023-11-14,0.1938550169663563,,,,,0.429181155720006,0.2501637798388807,1.5673775452728222,0.3028061457167669,0.3117172382291051,,,0.2630301923281171,,,,0.6673094940814044,,,0.4090176186136577,,,,0.5327911000307995,0.3630331158358674,,,,,,0.1909929403583874
2023-11-15,0.1944733248270256,,,,,0.4929950994600985,0.2570813154382432,1.6138696147731777,0.3164435667974373,0.3054471763715722,,,0.2692077582840194,,,,0.7181889275001113,,,0.4079039327420534,,,,0.5438725176820463,0.3572801861231282,0.344382970137904,,,,,0.1956380702150697
2023-11-16,0.2042278233303424,,,,,0.5077101405417588,0.2567629387983569,1.6760987686299302,0.3348740071533751,0.2961635380079827,,,0.2937674350097796,,,,0.6995033123230623,,,0.4295421774014981,,,,0.5423169085983649,0.4281021554466583,0.3458297372287325,,,,,0.19147824134625888
2023-11-17,0.2012350069578183,,,,,0.5108255414159977,0.2534174947953282,1.691279234988239,0.3498808746421163,0.2956325560614466,0.2330587180565981,,0.2771524586153041,,,,0.6361299255857847,,,0.4399431510873374,,,,0.5638173626243944,0.4246586940132241,0.3405737280047885,,,,,0.19008709663574652
2023-11-20,0.2015626893840479,0.3936850334387872,,,,0.5761301151381885,0.2475224978062719,1.8817705807822989,0.3583295425563461,0.295955764316579,0.2374145393193009,0.22006155720795,0.2777690682141503,0.5931098409958073,0.6292894272219534,0.7494383407771364,0.6723106678210095,,0.2951177272261009,0.4587559601479261,1.9014973666999408,,0.9543872081871864,0.598661782938343,0.4936955134372816,0.3351566191942803,0.4405668036224441,,1.051060931117744,,0.2033921655073395
2023-11-21,0.1957637159827044,0.3461526596990369,,,,0.5605539572177873,0.2518311808903321,1.9994178881018287,0.349161742648608,0.2911290989303158,0.2344223950031734,0.23846266602625,0.3195815352404517,0.6424611934695197,0.6597249925550193,0.7375336238498302,0.6336759399991984,,0.2913053634332637,0.44925010152341,1.8604582736492328,,0.94564213499146,0.6653308005187143,0.5138156782328542,0.3349732011427044,0.4198884824757877,,1.0374056764899602,,0.20171967886347988
2023-11-22,0.1925349040222401,0.374796404500816,,,,0.6110728692891525,0.243955635040054,2.059324337224456,0.3489643603398336,0.2847022068345733,,0.2431683327062854,0.3390209789459146,0.6861030331529283,0.6519344969612679,0.7192558614283635,0.6670520978990893,,,0.4692071516229248,1.9925589013085088,,1.0124389149268105,0.7172270338689888,0.5498466073441345,0.3230612987957341,0.4333187487801009,,1.077243943068325,,0.2139968219906459
2023-11-24,0.1900624546055944,0.382037551052654,,,,0.6315856211658002,0.2420532088247223,2.250073185777172,0.3615712092837242,0.2888530695186191,0.233701684647851,0.2546490106216654,0.37193978474122,0.746861526275024,0.7394102945825267,0.7560050406065549,0.7034293557318587,,,0.5061967314802802,2.1474457603137997,,1.069917132263286,0.7528370096391933,0.5934888293874189,0.3188779700428983,0.4873221103019685,,1.147881082341744,,0.22437304496199614
2023-11-27,0.1934648596923788,0.4290808388142266,,,,0.6978626045590788,0.2554998711841719,2.3213402196785915,0.3784762993905626,0.3048591882724077,0.2417901674317062,0.2684798247194477,0.4370451056431604,0.7671979305818957,0.7515309253536869,0.7857850770510992,0.7285276974247514,,,0.5383149315016295,2.4083394943554284,,1.1584298468896084,0.815148327015202,0.6186989940756786,0.3327887034069782,0.4865513648683964,,1.206234490670148,,0.23231552019626087
2023-11-28,0.195542374676154,0.4612423845585432,,,,0.7222617306837167,0.2409558036445325,2.4139330346826706,0.3814285904928756,0.3067093609207055,0.2505655369606672,0.2605595315222973,0.380536001381093,0.7579605432301836,0.7979628412251796,,0.762488781287535,,,0.577825488709924,2.6016360318572884,,1.21087636355817,0.8650998522866881,0.6202732730574518,0.3570721202468513,0.3971485235671449,,1.2865352020605172,,0.24436555218923164
2023-11-29,0.1997513054620955,0.4561652424456947,,,,0.7890636132350869,0.2425538816623608,2.499271430847209,0.4213477900555273,0.3327892197820529,0.2655652577300333,0.2780466340263893,0.409263548316517,0.7057846049195222,0.8256235295000732,0.798299677265441,0.8189899348026329,,,0.5964050848883808,2.69278401377167,,1.211336010709701,0.8446436769692346,0.6140762806392808,0.3581543587220293,0.4059832699875434,,1.264527604743983,,0.2748453469884726
2023-11-30,0.1968239933649968,0.4506271236971934,,0.2995703582654753,,0.893031231362468,0.2354977851777249,2.7262151329321567,0.4685337950816148,0.3333106950153623,0.2943238415988093,0.3020685781803897,0.509970539882276,0.9028680358402036,0.9546164134174716,0.9066065937621116,0.9037412291776984,,,0.6599655780654886,2.803719883408664,,1.315413285969871,0.8703643399361575,0.6690163520073578,0.3560268143013998,0.4157909447741417,,1.2619914184412526,,0.33107329386735973
2023-12-01,0.2009545651817997,0.422406533172332,,0.3578274264460255,,1.038627740852054,0.2274659976103567,2.861661891131365,0.5059576962049646,0.3636257841900631,0.3344910099072677,0.3127049742421467,,0.8942022159300147,1.1310328641135377,0.9915470491705544,1.0136471942222631,,0.3336277581432908,0.7250693182829823,2.9863060361492453,,1.332581561993451,0.914293218937416,0.802142748797935,0.4396171304668056,0.3922657050768102,,1.3724131208541384,,0.40108195699858945
2023-12-04,0.2111058546872966,0.4118311878952482,,0.3288487782595694,0.8118175681333392,1.175153013988261,0.2608140395911998,3.139855855386472,0.6149420275813509,0.4097271825647193,0.3695039442148453,0.317665667453412,,1.0141425509539015,1.296284070410494,,1.1635887849250126,,,0.8359313518873849,3.730492680945349,,1.4986790588396617,1.0428450021867246,0.9136189165091873,0.5736716119725503,0.4218348406413082,0.3939208044069922,1.5558461018302503,,0.42571719313832074
2023-12-05,0.2423115881446837,0.245955579397781,,0.3178878277964727,0.8161898016863917,1.2470623119005717,0.2505782597668375,3.431727767515776,0.6357490518375797,0.3746711242741158,0.3418860142091999,0.1869823101070663,0.8289623856495747,1.092161892039695,0.5361477539109346,0.3409561265445151,1.1243051909760022,0.2708621669813829,0.3730791625017196,0.8275565403736648,1.7321131577429318,,1.3118352243976157,,0.967194036356996,0.5847456907150212,0.3919543891272683,0.2780290013014293,1.4747606206669024,0.2299051412377381,0.22216843680095624
2023-12-06,0.2322998678215037,0.2393930998286962,,0.314046494322483,0.7996518207138392,1.2514714403202256,0.2505540027068249,3.543021314391827,0.5864980803556507,0.3863858765218053,0.3276059403060603,0.1854338116248549,0.7023946111426814,1.1442176961266366,0.5003535293788848,0.3341173397990273,1.163872483863173,0.2815213978231402,,0.9167014991117312,1.8364334316990545,,1.3580102144432014,1.1651008692099651,1.0064003347984734,0.6530162404913191,0.4287051134581706,0.2857096363972346,1.579298126656428,0.2401305858973464,0.22004423370154724
2023-12-07,0.2406302948026993,0.2382546077351519,,0.3172992414524518,0.9281872729191418,1.2914161682230971,0.247644420566841,3.756187526795259,0.6247667995132954,0.4017851798557345,0.3413555073520135,0.1867474104680562,,1.1750490360214216,0.4752529145049846,0.3079811152320424,1.3011054597512692,0.2799459422149729,0.3810664312946005,0.9869941707387976,1.848196553856952,,1.413620243651824,1.2389144708751314,1.070667920584831,0.5908774271847852,0.4838458391170248,0.2858677064584881,1.6120043659701997,0.2487091320234313,0.22358534553077475
2023-12-08,0.2474806757076985,0.2320868771426775,,0.2988053095347306,1.0263848807057754,1.4839246276698277,0.2393872935727043,3.933800771805342,0.7435956863786232,0.4230993229095239,,0.1815173965268162,0.6813596419714673,1.2894453217155384,0.4595055847488475,0.3096693183939473,1.2796059466224825,0.2658156095390713,,0.8439762552818155,1.873477527499496,,1.445976071168635,1.2799581691615698,1.0836650241588666,0.6603597167899056,0.5254279750817922,0.2830463027538619,1.8772382690158769,0.2394341767921493,0.22589284194128054
2023-12-11,0.2413047566438814,0.2361707205127383,,,,,0.2446842772595645,,,,,0.1858242011112376,,,0.4867729896813265,0.3218184776491061,,0.2989309605869307,,,1.937840878816781,,,,,,,0.3148891374103926,,0.2479690432084849,0.2447826593393856
2023-12-12,0.2427251511652975,0.2332913481590699,,,,,0.2375652330936974,,,,,0.1924912267320213,,,0.4905755481125384,0.3212572712323546,,0.3035305802542368,,,1.9244831100272712,,,,,,,0.3207232993414334,,0.2521132669709797,0.2553740878626836
2023-12-13,0.2662989827905961,0.2381646211261643,,,,,0.2342655031191768,,,,,0.2002363364766459,,,0.5247615558036216,0.354673880360114,,0.3123609656470432,,,2.0539668711090706,,,,,,,0.4058409363189244,,0.2958782883137053,
2023-12-14,0.2751675367360985,0.2544946891597967,,,,,0.2434986359023033,,,,,0.2011036091752389,,,0.5421471519404621,0.3593731505402097,,0.3412636836786007,,,2.2073046230442093,,,,,,,0.4823408421229961,,0.3253087004816014,
2023-12-15,0.2674952296890138,0.2254391685203587,,,,,0.2219868389162699,,,,,0.1888447545882337,,,0.5074258147597115,0.3685967513009871,,,,,2.236939093206576,,,,,,,0.503014248950883,,0.3506302001619852,
2023-12-18,0.2640664339347261,0.2475473310562005,,0.2619991765035128,0.5295869685167631,0.5506831749456297,0.2437501905934285,1.373998908623827,0.4304973161635823,0.5182132922421661,0.3472933872279851,0.1992415389919903,,0.7184513212575554,0.5354024399882155,0.3665547952352526,0.4286582514969709,,0.435113020953383,0.7457806280280087,2.241568503046635,,0.6107471787442025,0.593748193639417,0.4380522706290085,,0.36555635633631,0.4902790147947093,,0.3317730552117353,
2023-12-19,0.273076338725329,0.2500144959657719,,0.2582023103021279,0.5369186087087511,0.5257567023972336,0.2444533628980185,1.39463695595788,0.4739885689521467,0.5674721881894027,0.3864004288026462,0.2051882174846325,,0.6922727803917124,0.564629658383918,0.3671013998913131,0.4563844425527349,0.3913725018687181,0.5077000517817645,0.7294475640539484,2.2875443789270804,,0.6194084324140485,0.5860164434893436,0.4492034682069705,,0.3907787153438421,0.5072763123760254,,0.352352024569346,
2023-12-20,0.267791097275399,0.2606906670404051,,0.2612974406600529,0.5068378438956835,0.4994067504377719,0.2513130441328172,1.3595859976993192,0.4551147968994262,0.5414674064611812,0.3403284385452195,0.2077520849105742,,0.6730378080297006,0.4967894322537798,0.3544893617273751,0.4484630275543125,0.3426059308527407,0.4914875563956104,0.7241427012479681,2.1865146029540163,,0.5490191598441073,0.5119750102677709,0.437081164345367,,0.3642952639261615,0.4888644679154195,,0.3249488870957821,0.323657526335407
2023-12-21,0.262931142735152,0.2505686907268134,,0.2726054305761403,0.5083352110107923,0.5180285399599366,0.2494590887574537,1.4102122353049833,0.4749079921777661,0.5742462307064409,0.3786595746227922,0.212126512479954,,0.6984495984969245,0.5385781842461691,0.3780704771065423,0.4768835738988555,0.4682208949071458,0.4922670224421957,0.7459084713869047,2.384060933613496,,0.5753736946069373,0.539253586632746,0.4692985292222772,,0.3707081758697627,0.492127034781475,,0.3414189180568134,
2023-12-22,0.254893834881432,0.2464981846707402,,0.2611014957881423,0.5496225873718746,0.5675639108186598,0.242229592568598,1.4281475710766962,0.4703453911262197,0.5807784833289035,0.399504469484542,0.2066163154690725,,0.7104050471612898,0.5562764161426584,0.4002173910862057,0.5271191558803697,0.4059320059625168,0.5002931926912445,0.7802103575968974,2.4864376919744795,,0.6325806525731298,0.5706060636394822,0.4711930769230669,,0.3505160475159991,0.4929470264378757,,0.3447721376395455,
2023-12-26,0.2626467458878068,0.2515787749221317,,0.2693569990786669,0.6045638029759246,0.627389467254663,0.247956249325834,1.5535777908338104,0.5223253846818823,0.6246052176955346,0.4315492133879725,0.2133965807487867,0.2683423279700976,0.7572853979068216,0.6038332446762563,0.4180571397790397,0.547431496997983,0.3955336040239416,0.5774832863327554,0.9026277541750002,2.735504414052752,,0.645296615366513,0.6221566544551318,0.5198021127045899,0.8901147931515534,0.3684867628395712,0.529353689700777,,0.3912883708896124,
2023-12-27,0.2673721265133448,0.2434924027733995,,0.2653160209098382,0.6445002973859641,0.644807001829484,0.240393271666304,1.554674699244641,0.5495344794293009,0.652441470849129,0.4764060084452817,0.2063481341840793,,0.809664271758218,0.6663370279641174,0.4095352272199581,0.5896014910513433,0.4671198264387798,0.6303429687221006,0.937998211257442,2.8614890503361763,,0.7420053197830236,0.6569390896511698,0.577221445888687,0.8726419423071969,0.350947851025139,0.530738013670434,,0.4206094324035896,0.42186350313712867
2023-12-28,0.263831095720297,0.2425435002959778,,0.2553559546504805,0.6545122679597628,0.6535672320947579,0.2320026218302518,1.6222195987977253,0.5675824794986352,0.687636431670939,0.462119647165576,0.2046866778146589,0.2816520400086134,0.8261159318687652,0.6624866602300071,0.438405438157404,0.6153985965051749,0.2922138532694907,0.6173784312765438,0.954989833890194,3.001938399088224,,0.7313913612112263,0.6801239764224951,0.6117774990063095,0.974605627010804,0.349856583442591,0.5095906264461275,,0.3945904487067662,0.449461347675029
2023-12-29,0.249939130793718,0.2380340536226419,,0.2482855378856429,0.6364132461572811,0.6645043352886243,0.226600280424169,,0.5811473538211733,0.6774448541619849,0.4632496980038352,0.207142503895578,,0.8602614260830566,0.6646139937379962,0.4405124467231857,0.6127671027543472,0.4186807491082958,0.6070372487243983,0.9857710962012324,2.983352069692769,,0.7658810653358051,0.7136237769182444,0.6129568760599763,0.976827883846468,0.3420694491632173,0.5013246615014795,,0.3868520367694322,
2024-01-02,0.2255586482271967,0.2432671688795964,,0.2691587601327654,0.739350744905054,0.6458239858895035,0.2386304644679517,2.040367438777617,0.6891093420652028,0.7860508858084692,0.522666487276239,0.2179749672116345,,1.075305942478752,0.860050223214594,0.6844387203882201,0.8761748434441766,0.4039630643465222,0.6442513493901787,1.0682936193664443,3.4564414152647966,,0.9037254571233468,0.6176116232644835,0.6868069395261636,0.9587095813344902,0.3773450765950204,0.5261733531381411,,0.3704510345212619,0.515312683596198
2024-01-03,0.2940785221944867,0.2467809754581727,,,0.7499287123982791,0.6084901915078778,0.2397298188706194,2.194110247456562,0.3788136881534857,0.5038203726124688,0.5039616569896608,0.2124747761192896,,1.1145826199045228,0.9258479281635124,0.7835726467081886,0.9789134139601396,0.3738690767120756,0.5324841249286314,0.987250985715834,3.3338519691349826,,,0.9041009845349238,0.5421654796117633,0.8711943839181094,0.406985690093221,0.3798387595790872,,0.3386025986279933,0.27111990431788213
2024-01-04,0.2865061289638823,0.2344987087999073,,0.2771654972666176,0.7206782051177942,0.3254131434036151,0.3297303164433778,,0.3948928689208538,0.5159576378804891,0.5380626502072835,0.2180063480818755,0.2371592051328702,1.1811398525724035,0.9606332307208996,0.9435233032741448,1.039396583956642,0.3883063940635588,0.5714449110479601,0.6911013760022165,2.716033701672988,,0.9698970085593386,0.6302833477563611,0.5266109423570529,0.825951019614484,0.3766635866874103,0.3850077056054295,,0.3352720420613707,0.27556573390593603
2024-01-05,0.2760692211108947,0.227940172398584,,0.2704193086477279,0.7304115919137788,0.3187287382166281,0.3219015618193443,2.540868578495496,0.3990983347522622,0.5393005385906572,0.6073846028466346,0.2106789185856018,0.2359201468556536,1.1447980467228982,0.9693243952249648,0.9656536357158522,1.041310763452954,0.4010821055537579,0.609197257303954,0.6707175896219051,2.7313025736332976,,0.9429029378651748,0.6412600478821404,0.4922384707673894,0.8143042709588999,0.3795777430290632,0.4071935252363055,,0.3339272662360817,0.2741358668507278
2024-01-08,0.2988174705233786,0.2533304026428324,,0.2861326711395466,0.8621607436287082,0.3334781576569847,0.3258666282417232,2.8687657128041057,0.4021254557356147,0.5576271238329745,0.680597584006338,0.2399581766621118,0.347364202840016,1.287460083650131,1.1297292851849503,1.085024499254848,1.3778771507917011,0.3944729416436894,0.7587216609865338,0.6906519399276327,2.826935720018755,,1.0865045768959596,0.6828970983226861,0.5334936508659982,1.0038960825333634,0.415858526438563,0.4532615813032521,,0.3469565416764974,0.2912983894525783
2024-01-09,0.2989748692068564,0.2459896653754225,,0.2815371800863027,0.8215069197937993,0.3316158583641257,0.3216279314879489,2.600585613511401,0.3852493295557101,0.5365814125991981,0.603293598209969,0.2463243364103833,,1.339321383284541,1.1907372962468734,1.2246979769540274,1.3503172289630467,0.3817114857954948,0.756564127050898,0.681909875732224,2.8820424597472085,,1.24927173086747,0.6723309913756764,0.5331304712145563,1.0188326187889785,0.3738920150699177,0.4406553481804191,,0.3405586513639279,0.2794734177034686
2024-01-10,0.3052419510325627,0.2862800081041607,,0.2993233327815272,0.9263794187025852,0.3404027619956635,0.3212079102291265,2.806046962648401,0.3954284015886755,0.5294385026880868,0.5914717216240063,0.2701025475461768,0.3798029475072382,1.4176980155109098,1.2563655993188787,1.319062960403852,1.3397013161789908,0.3694267420241219,0.8428844860320944,0.6991058534330339,2.8803759594979743,,1.3197948055347413,0.7130295646692075,0.5862165800124265,1.1230350261514075,0.3690831126784972,0.5277374387163759,2.118708234767198,0.3449674844703869,0.2938864742750467
2024-01-11,0.2994478649320782,0.2936337493217233,,0.3260313730918729,1.0063176825297202,0.342393514007149,0.3220104370923207,2.6289779607811705,0.3851307138369153,0.5052217661320296,0.6204226360903718,0.2696764485085405,0.4062248549455149,1.5197012890478996,1.281313167426697,1.3556421482089398,1.3543759213068045,0.3489169224845931,0.8440642982561145,0.7136287214641924,2.886425998918877,,,0.7028949199132694,0.5741722555906849,1.3656518081763551,0.3567293810032193,0.5313758421460533,2.2705808779096563,0.3362456522273918,0.29294619830423646
2024-01-12,0.3019141565166842,0.3088174391879229,,0.3202068191885014,1.0503000067764363,0.3809336478739595,0.3204115617366359,2.975509678929239,0.3360037139081961,0.4867835276085656,0.5334139066899432,0.2553314516763488,0.4313065474132557,1.3425121598660723,1.424637037190161,1.4711689486325128,1.5640281012802215,0.3410850474072598,0.8401435868301715,0.6917283008156604,2.9312880989261907,,1.5186348651194117,0.7372639518359786,0.5727242139643776,1.373968955905524,0.3821432312920769,0.5263426899656799,2.5412154952848995,0.3602892779856664,0.2823146410751729
2024-01-16,0.3085544953317855,,,,,0.4202265597104242,0.3383885274875403,,0.3368949014793542,0.5262437374696941,,,0.2522600702793262,,,,,0.3602053730828625,,0.648230713124336,3.128186007772956,,,0.7527940978425257,0.5981160692856132,,,0.5931930392760926,,0.3699612578094559,0.28420099712178326
2024-01-17,0.3092664071272171,,,,,0.4129232286426897,0.3446451978680873,,0.3347542627351985,0.5082566585288277,,,,,,,,0.3663220252245338,,0.6860227348035747,3.0948044372896475,,,0.7617749812805731,0.5905690718132888,,,0.5683921824073151,,0.3809464867949214,0.2829778581513387
2024-01-18,0.341913293540848,,,,,0.4189967845281216,0.3409930577269769,,0.3234546508338355,0.5080175254762153,,,,,,,,0.3752556777588199,,0.7351776734605225,3.129105453997917,,,0.7767188568287944,0.63582055821566,,,0.5913340581999881,,0.4095234299399384,0.2909131498242695
2024-01-19,0.3615677983120807,,,,,0.4662940862912959,0.3399924079708714,,0.369325293000789,0.5551845393023301,,,0.354375434582376,,,,,0.3748292477369555,,0.7488697771219944,3.2523296367522305,,,0.7747851225378558,0.7303344434610455,,,0.646762033800034,,0.4011496712038034,0.33790625290671295
2024-01-22,0.3996678101990054,0.3685304292854093,,0.3054013960298772,0.9841242264323392,0.5123787168676204,0.3634625341593425,1.5762933303694198,0.37833902940049,0.6176854557966087,0.3201468071631083,0.2759087684139255,,0.5264671552747092,0.8893411157557325,0.5423049837505374,,0.3831949524646069,,0.8285666043921961,3.4134595673009978,,0.4649958178468392,0.8150052527913145,0.7281711722070254,0.5239891044730856,,0.6176573915211296,0.7618755196218855,0.4233815424426427,0.378401171120091
2024-01-23,0.4126889106435972,0.380528582849456,,0.2932272473072188,1.001657979964071,0.5332000593367371,0.36595202441815,2.009941507176856,0.3553351871625931,0.5699395137612664,0.3181686441667272,0.2716219372765225,0.339128536396504,0.5467338743680599,0.8261992912909181,0.5622617495542053,,0.3762571885590577,,0.8786411578027447,2.7653571670623265,,0.599809872106191,0.8194742080274472,0.7466379242979446,0.5689350181305353,,0.552496675115529,0.7495789009616525,0.4156191493601925,
2024-01-24,0.420131946565524,0.409827599769329,,0.2996429969008191,0.9569075378808848,0.5721524376445504,0.3781726377995175,1.9063848615920875,0.3869626060697123,0.5626161062655887,0.3246826464359254,0.2789297511549843,0.3389761130418526,0.5461472964522761,0.8067186674118831,0.5490783108521562,,0.3872834258412966,,0.8094720275810213,2.696713982288832,,0.55447727169474,0.7754962756777586,0.7780779808753794,0.543567663901249,,0.5186993580159532,0.8622031242461514,0.4205876015125433,0.3543175590563226
2024-01-25,0.4168811862920857,0.432462466114401,,0.3062807951836229,1.0812231409461586,0.8878284157317934,0.3914286377891746,2.068113929281667,0.4439493319906762,0.6207512191588404,,0.3010902096635933,0.3423477532015363,0.4372935932671608,0.8541713034514004,0.5979573375595848,,0.3802367275436182,,0.8946273891917961,2.898079039620292,,0.6737438686102176,0.826047429829921,0.7488488349619808,0.5450524069379002,,0.5740304825545011,1.0293888464413845,0.3423852184323443,
2024-01-26,0.4050901760111833,0.4148448164331285,,0.3055744872770267,1.094160258127871,0.7774835972335167,0.3982351450406108,2.10683099503261,0.4314229642014795,0.558311002747253,0.2992072035177803,0.2072034598572742,0.3443873422503925,0.4812945286471488,0.8628698154050697,0.627699711863728,,0.355139272810791,,0.8889285095842742,2.977149215700691,,0.7705928721213147,0.8351290877115474,0.6947479926263707,0.6283650121463332,,0.6315088167002503,1.0348940593559788,0.3321207399328488,0.41693478517278704
2024-01-29,0.4371854254001386,0.4694718211097091,,0.3575984769290509,1.192204759968147,0.874862147873054,0.42442980443154,2.2316681225516546,0.4718678034257283,0.6305790987223207,0.301881758777187,0.2616467799518953,0.3648872418673142,0.5288368249166953,0.9107641787964272,0.6905199823964852,,0.370513476396403,,0.9447130507128384,3.137903288159619,,0.7715437506220836,0.94789154628769,0.7606251792828989,0.7338392352184284,,0.6937828302350261,1.038710940624272,0.3785832676939645,0.4678973487502664
2024-01-30,0.4127962059610071,0.4924063096621273,,0.3640055254628208,1.2291619678371977,0.91269763105152,0.464362731328647,2.3996397633904705,0.5841451150725587,0.7267750953563077,0.3194567740685906,0.2938799359222597,0.4211918749318288,0.5263019759154002,0.9244288735175932,0.7196932415371542,1.1066459775277164,0.3778192218049661,,1.0981306005053697,3.2610488260011192,,0.8488362199614865,0.9941194454510752,0.8249634161669153,0.7670597745016617,,0.7300756040220836,1.2045968909536484,0.407341001923321,0.49164371687074016
2024-01-31,0.3691595479165437,0.3391283615148498,,0.3354754198305378,1.0700797043515515,0.7900004636596367,0.4625811317985807,2.6385626408651963,0.2944380772959579,0.7023104291526701,0.3102869855007205,0.2653372428718022,0.2962778826857862,0.6086710288353125,1.0033078613066002,,1.1267574094637507,0.3337476342828374,,0.586042773063446,3.2893375454989684,,0.9066194633158584,0.9740641983116372,0.7869759068330636,0.5526189241620453,,0.6876578950435271,0.677025251993793,0.3824840291391573,
2024-02-01,0.33579896807323,0.3473439166368687,,0.3743170608321252,1.0582541403207042,0.9487848757738268,0.4680877987705598,1.5244824142013251,0.2893138454308403,0.4361130975794091,0.3114420259686653,0.2971794613879099,0.3033734009102072,0.5649585834697418,0.9082329370621066,0.977280959583437,1.2314879185864105,0.3021971602173539,,0.5605908969319634,3.4018881151654607,,0.5125770501668715,,0.6617141049580023,0.5478787832310621,,0.8114914640857213,0.6930038150625358,0.2368733169408413,0.3151068548048317
2024-02-02,0.3518862344174457,0.3850463029570554,,0.3800424415386665,1.1314966228038428,0.933517305771747,0.2444842970340834,1.498266183215074,0.2942162204758558,0.4578738659677177,0.3379049123497208,0.3006543197556423,0.3365949379562539,0.6084880341843887,0.9314056175480157,1.0052125901149775,1.245342906444988,0.2929067334655897,,0.5151452740458823,3.543560901076497,,0.4882617211682782,1.1572361307830177,0.6702357045902871,0.5263144613148288,,0.7890075014653706,0.7963521582800474,0.2410678925180164,0.3331429429349782
2024-02-05,0.3711619209062788,0.3944445212936856,,0.3984066578183046,1.2152133651843005,0.928537085135994,0.2443552484998973,1.5975310987392468,0.2991508190059687,0.4424722516975725,0.358528778888967,0.3025430483269982,0.3226164269522756,0.6048369328845263,0.9348384059815384,1.116084654243742,1.272071870639267,0.3217869729088894,,0.4791581898967705,3.752056161963339,,0.5464540904988633,1.2674984392339752,0.5734683519879754,0.5191518026079723,,0.8357345878240117,0.8068984514273305,0.4287122908674036,
2024-02-06,0.3915776496734967,0.3909719885039032,,0.4004347713375188,1.322002139961392,0.9727309163230085,0.2394538220136028,1.5601749659093391,0.3023670393250263,0.4555776462012997,0.3541524437156259,0.3272368787935333,0.3206349438563516,0.7155639621962956,,1.2149094725069778,1.210906313425082,0.3123810722524794,,0.5165692721537003,4.033399405996275,,0.5531669344835201,,0.5488692952337914,0.5918826018016623,,0.9043312115196838,0.8230497566290056,0.2406454635663908,0.329237815174095
2024-02-07,0.3909403989853715,0.5218496858203783,,0.4032378077641483,1.356652516858171,1.0770658277155287,0.2343227761831669,1.5055768667099263,0.3018735333360743,0.4770491564826668,0.4127882384401958,0.3882332193124934,0.3306109326887662,0.8757269257661582,1.2289957165157477,1.309830937968996,1.0135535754187714,0.3090927650769953,,0.50168183039316,4.305974379245397,,0.5674490254353346,1.2946377667062094,0.5978880372283093,0.6297732366360774,,1.101069610963623,0.8388971765257881,0.2451384462407058,0.3503481081673788
2024-02-08,0.3798130680318109,0.5335234510917868,,0.4175924205050869,1.4585046364137482,,0.2364564275942026,1.4928970587516583,0.2954820872436171,0.4607681947960983,0.4541694921343081,0.3405565616306315,0.326830390249873,0.9317662826363682,1.1651232413008754,1.3249773670740386,1.0120624825917734,0.2981775044063365,,0.513131747613787,4.444004063252582,,0.5561482280318953,1.438808235316765,0.6603839658954821,0.6314995382008853,,1.1563208305779016,0.8670666746564603,0.2429058067892268,0.3536462410664682
2024-02-09,0.3916374538864569,0.6658730402738797,,0.4309608177799783,1.6096134127593813,1.329754739389563,0.2378886600039612,1.4334727310121944,0.2960983553580278,0.4420584366846728,0.551197578428445,0.3566434526566534,0.3379007734850871,0.9367394918607356,1.3494161024863425,1.324271107179289,0.9753669983251144,0.2845497119896426,0.5757049974561318,0.5235995031972118,4.71158526981798,,0.5128241550034777,1.4455004375556195,0.6278316600034439,0.6644859196034297,0.4393645537343568,1.2274338098424935,0.8027769545799385,0.2387054885080994,0.3475305484827286
2024-02-12,0.3930681231225016,,,0.449226458915964,,,0.2503921269820057,1.5862138823073544,0.3230844828766255,0.5599594054265045,,,0.3863672748724426,,,,1.0426452314696966,,,0.6288849384868149,,,0.5358728469602602,,0.6459490767477201,0.7754227898951526,,,0.8759883400429122,0.2585800197007316,0.37855017213383896
2024-02-13,0.3805276056169295,,,0.4565062294630407,,,0.2599643753752488,1.5755690555574635,0.318992232396318,0.4567537516630106,,,0.3836010068811412,,,,0.9999900625482152,,,0.5029899081826148,,,0.5054494154614886,,0.6433445100869795,0.7384391192312891,,,0.8302110724161299,,
2024-02-14,0.3675557340748867,,,0.4728090500954126,,,0.2483518302443566,,0.3252464288398134,0.4468089878335187,,,0.3939862462954916,,,,1.0240176320466463,,,0.5648680961387355,,,0.4918297606580704,,0.6572885436968441,0.7811413208667721,,,0.8539177850046223,,
2024-02-15,0.3840314989535959,,,0.4828806612721473,,,0.2522606359521481,,0.3774820476139185,0.4990226938286278,,,0.4272696692648771,,,,1.0211852946350706,,,0.6498817796783993,,,0.5550016625363949,,0.7159343185279423,0.7710035743221424,,,0.999589218457251,0.2458528481624921,0.39215319029039936
2024-02-16,0.3574368938757816,,,0.4841800838919929,,,0.2594286434578762,1.7387987055711345,0.3630354348127604,0.4931288558048572,,,0.4049525305103165,,,,0.970248274688276,,,0.6393931901787825,,,0.5834310024869492,,0.7182393993323135,0.6968189056155576,,,1.0187772670080224,,0.39131398197907263
2024-02-20,0.3801993067468462,0.2889398114573963,,0.5179574699226251,0.6354974535143466,0.6027019179473376,0.2748817805829481,1.9376722129635973,0.3930159559831451,0.5243823248895022,0.3391904385637074,0.2322615524025166,0.4767465505814808,,0.6890670628330653,1.0452171743672354,1.039201536880085,0.3733567329020553,0.3286678253721395,0.7354116892691578,1.622661115099607,,0.6852550060012774,,0.8121353197530483,0.7701877049742717,0.3644583543473096,0.5300760698633588,1.0555790625134087,,
2024-02-21,0.3903829170545415,0.2893026478790252,,0.5169302892349386,0.6651199404492354,0.5267969668453661,0.272809205460587,1.9833639369610367,0.4161248983646647,0.5615515570437071,0.3278775989567301,0.238284214462383,0.4434592893953949,,0.7623782299407982,1.0899720785338174,1.0392831964584048,0.3766098995443542,0.3349471516394426,0.7297719578488614,1.618835211764932,,0.7181793173954848,,0.8248417798172649,0.8136966737871255,0.3368268904252915,0.5443403941203924,1.155202761069704,,
2024-02-22,0.4071594477523325,0.3065110337135944,,0.5322847363847067,0.6686579556151472,0.6384894909907733,0.260213884531607,1.8960731506526385,0.4534015727612877,0.5955170683008398,0.3533429724095536,0.2929880455167244,0.5850737797777434,,,1.143242032799747,1.1130101644425117,0.373431477512289,0.3426337930019463,0.7646443864921889,1.6887347879488552,,0.7413090397490989,,0.885909103974786,0.8450559522288538,0.3337193170604607,0.6525519628290114,1.1710393315965388,,0.4725560182511987
2024-02-23,0.3560445013720456,0.2962184335793338,,0.543804909213654,0.7085213025940729,0.6785724858898242,0.246687729149789,2.14156613997138,0.4715085618694676,0.5939663253334401,0.3536170830590056,0.290364212916723,0.5336678081333673,,0.8610901184630981,1.1720345110473045,1.2155121582060513,0.3041056738917113,0.3360401716718073,0.8255458799935106,1.7886833582596235,,0.773961747923908,,0.946082921345044,0.8929107754928371,0.3340891920439154,0.6438224659324582,1.1698186593012552,0.2528463711031089,0.48929989203019586
2024-02-26,0.3968151503396424,0.3017323487831943,,0.6315727318862355,0.7147235440413438,0.6853993635361838,0.2579255936379709,,0.4809188915175414,0.6151401716089356,0.398563603602121,0.3128819648873143,0.5767882436125166,,0.9075077990597178,1.241383567819083,1.2637340119637712,0.3520099814167764,0.3588176697328186,0.8666860536583509,,0.3056309068873831,0.7860668742484613,,0.9986965606195806,0.8287239603444576,0.3474428698253275,0.6988582409584254,1.2371552332518505,0.2736416793589479,0.5240281289338061
2024-02-27,0.4300859071159346,0.2968631832503641,,0.6529699393569942,0.7276972947153457,0.7018486500683662,0.2466270558420057,,0.4930424452441306,0.6368557048100565,0.4201858216246482,0.3068915808589397,0.6016574725787295,,0.9126366621360502,1.2924536293569555,1.1402447143170822,0.3430389503974739,0.3594411088421106,0.7644031210994384,1.9669988434623569,0.2952008048757515,0.7203985535272871,,0.968088195188343,0.90448717699595,0.3812494022562881,0.7471387820295128,1.1875808591815264,0.2967940759482664,0.5183314551835367
2024-02-28,0.4198161310954139,0.299792849740084,,0.6850950954922601,0.732173919674019,0.7566790737064697,0.2501852363460758,2.198911672680624,0.5304039022526532,0.7103624030047915,0.4295792744817006,0.3465328104323344,0.6144394307604117,,0.9343616050888538,1.2813174515229326,1.1545582179308358,0.3936082345092961,0.3802881028237116,0.8085306992256704,2.041778744933859,0.3002530321749197,0.8419949588501824,1.0445344351417092,1.0032464331836526,0.8980790593259574,0.4127774818051947,0.8296283366921705,1.2151735348828991,0.3122191647493841,0.5006639050991779
2024-02-29,0.404304398043268,0.3270952727062245,,0.511300112420718,0.7452137711888897,0.7453438391874341,0.2270918013412515,2.0908289472428847,0.5743428321839029,0.655691148625799,0.4359672811613569,0.2992033680524792,,,0.9945489502403188,1.2770417575720203,1.1094109786150663,0.3721222758235744,0.3894194376029123,0.929500984399432,2.059869232617608,0.2471451355944149,0.795295157567183,,0.9682892499839358,,0.4216633817957618,0.8933886393705693,1.242571823452937,0.3217170342503248,0.5524150084044585
2024-03-01,0.3977696536924534,0.346161658447129,,0.6055565574111268,0.785030926621666,0.897829596486595,0.2309723245823427,2.332562293883687,0.5755659462555175,0.6877383385902095,0.465478386754429,0.3223347940944382,0.5409312749547254,,1.1117639220596205,1.3150252338511148,1.273394239785711,0.3603892243351632,0.4259583248071814,0.92347783741262,,0.2543146967960615,0.8879814127125277,,0.982143625486494,0.8597462143805548,0.4507877711289724,0.993097664754723,1.319315803440127,0.3385015675007968,0.5828986136026282
2024-03-04,0.3764138290089249,0.3805708696095612,,0.6891088064322155,0.9997008030257593,1.2026427319844712,0.2488333564761694,2.849143672731716,0.6982209587553655,0.8760881829971937,0.5071128654720908,0.3225133812364483,0.6627235304205239,,,1.3097492718797146,1.418177181730805,0.4403541673370931,0.4828423630057993,1.024812279092285,,0.3193525199783473,0.9560292663443616,,1.0876617771256207,0.8233538838100154,0.5762572326495694,1.0335925643079162,1.2561358492867043,0.4275310666213403,0.6458457918369651
2024-03-05,0.3336966827385539,0.3450351897746441,,0.5000692839556801,1.0297299531539017,0.7576696749875236,0.2597172520739203,1.216485500073904,0.7269517969074193,0.4309265135126595,0.4903324157219759,0.324868363158725,0.3905279331499556,,1.1215372954394125,1.295424036660049,0.7358771708968879,0.3894296382558667,0.4568953386550108,1.0169405956702218,2.5034593447918025,0.3881110152544907,1.0180494901724837,,1.167704403691067,0.6802351833337701,0.3779572569231315,1.039255597635642,1.3601603998673004,0.454192917050512,
2024-03-06,0.3255642660928791,0.3488333241433572,,0.5463677431480721,1.1087031084585406,0.8308093690261668,0.262561238230414,1.177158905166157,0.8712710947842223,0.4299945514755631,0.5371071719635101,0.3158775060709961,0.3818186320058515,,1.1326456054273857,1.4227500500904446,0.7281859100913262,0.3500784529884653,0.4910568090510813,1.2103862906449605,,0.458759025429433,1.079640578598117,,1.272562138723301,0.6676986040231111,0.3531611781942083,1.0814693765425465,1.3728889736459533,0.4877734716281429,0.655688251470656
2024-03-07,0.3198481480419814,0.3723615337056067,,0.569042621265596,1.1346587464761382,0.8427273137836145,0.2626449017372547,1.2211757342487837,0.8928927727529186,0.4256008222198454,0.6946524780236707,0.3195528462787152,0.4083461021859295,,1.2332437946850423,1.5135865693019552,0.6985952379497367,0.3815933244096915,0.5528690722802083,1.356732539103939,,0.4555572768422563,1.0896112079130995,,1.2997793663903452,0.6759813644272279,0.3505475951837024,1.0829744643641586,1.5122970400542268,0.5239250381141803,
2024-03-08,0.3365363699005926,0.3547584778231166,,0.6084342609683029,1.2907255979787229,0.8372202999971379,0.2592383905375345,1.1715632773728346,0.9462364795367848,0.4218150219990391,0.7313219600771391,0.3320854726826035,0.3944393083032929,,1.357590760689937,1.5922477925502805,0.6908142197623085,0.3943886035177256,0.5373742201444857,1.3956545314208844,3.338214806477598,0.4325100132560672,1.1823415652584783,1.2580756490572285,1.4128314716654442,0.7012561272704538,0.3507674887925296,1.104748801330074,1.6819766694387166,0.5090268770205836,0.7477073658428984
2024-03-18,0.3480960018512087,,,0.5293113309748768,0.6419180816641197,0.8757128456210028,0.2519982616594595,1.3980550303499135,0.617889025956833,0.4262043810026287,0.3331815109802824,0.3916248250130192,0.48357726396411,0.4585151413989383,,0.5906400800624936,0.7484588602578234,0.3411848418338987,0.4074433071115638,0.6728899359059722,,,0.6209966510033345,,0.6145610041387882,0.7567574073663611,0.4087543341144193,,0.8631349987532303,0.5445437510445508,0.444923156688982
2024-03-19,0.3714117638172245,,,0.5251309116793853,0.6423050685915057,0.8940995496518378,0.2395519627231344,1.3840432604338804,0.6205962951250832,0.4440485111135521,0.3271277235407209,0.412272924653816,0.4821127582770566,0.4995932967351946,,0.6150407085638205,0.756271516816876,0.3334622830563638,0.4106231463233606,0.7077729866754043,,,0.6990360563009871,0.6484230337854203,0.6740756987401019,0.8340450108382701,0.4146753336615805,,0.887084867476842,0.5205052170518226,0.4712421228518419
2024-03-20,0.4020609695910997,,,0.5774336855182306,0.6923867721706929,0.9317330831603554,0.2363434957691783,1.4343984854257947,0.7003869482681712,0.4835104975097621,0.359747565953149,0.4438045902367333,0.5559181881232516,0.523579053649352,,0.6912808735961924,0.793879363810362,0.3377743619815246,0.4237277154969576,0.7457845659004324,,,0.717792440208346,,0.6928507897626981,0.8569194913041525,0.4488863755782993,,0.8182265288440981,0.5849662293803386,0.5256305353159328
2024-03-21,0.3537341366561451,,,0.6014939118500083,0.7177313783472397,0.89672753468984,0.2410813026993228,1.5443785923171325,0.7468967596022276,0.609718571929101,0.3773728027011985,0.4427937587273663,0.5472607873020979,0.4948267347336484,,0.6656941712006013,0.8632038177989367,0.3489281837946801,0.4791334104889918,0.7828794058171824,,,0.7078834926695469,,0.6975180667841139,0.905942114450465,0.4636854161033811,,0.8604553186237878,0.6417653611486267,0.5540024655414806
2024-03-22,0.3414987848634913,,,0.5917725088230633,0.7172620476470613,0.9315528392446836,0.2383193689407933,,0.7313511155863697,0.5619839167545773,0.3598190487957535,0.3961704984700073,0.5076444474127714,0.4949902711691612,,0.6595621840784597,0.8511590121694803,0.3084866913592154,0.4489213401518702,0.7685790523076597,,,0.7016572756384742,,0.7019615620127706,0.5265008586371245,0.441247096019102,,0.839805746672147,0.6261660476774308,0.523438055319135
2024-03-25,0.3397181961999665,,,0.6402144205183788,0.7674125585145994,0.9012399694674366,0.2462863412524184,1.690130025007986,0.7517985420417705,0.5789053093822573,0.3886482487243901,0.3949400240365253,0.5834698436303788,0.5069159335910645,,0.7709175674942066,0.9959449492599548,0.3513860198305835,0.4449756186473795,0.7923520430568581,,,0.7220199762194955,,0.6829151858725201,0.5510643127811343,0.5477147805212234,,0.9616736618700245,0.6394671129247226,0.5391752479346511
2024-03-26,0.3296742267176778,,,0.6287462295325734,0.7508519395043112,0.954376119231552,0.2486274459745864,1.9232625590012875,0.7655204647959984,0.5837134261998858,0.3870779021755443,0.4159026283886245,0.5782171969507605,0.5573161217922661,,0.8121484778884663,1.017181566112427,0.3528859721486811,0.4610900452511705,0.8297545716465308,,,0.7662467266747972,,0.713850285281435,0.5118679382359903,0.5735121857436213,,0.9685498614713092,0.6420117707235461,0.558804525008319
2024-03-27,0.367809030121288,,,0.5746063965757474,0.7958174405176951,1.005859043836289,0.2406786523250539,2.038233380305662,0.8249240415211098,0.6798181457492344,0.4134823689370144,0.3681490897573679,0.6690626657552242,0.5508803100703343,,1.0115598555086824,1.0932076651582343,0.4178004820469467,0.4995696115826794,0.9153864785545808,,,0.8063792204530092,,0.7440192269045978,0.5634158694506293,0.6049932622206919,,1.041385697627221,0.6911568517188605,0.6032135222647641
2024-03-28,0.3409330033213602,,,0.6053840788767132,0.7966595445721961,1.0295739600757106,0.2240204882302486,1.8106704326105163,0.831146200449712,0.7312178690343313,0.413044347447794,0.3899493180556538,0.6934414606105931,0.5584570769179638,,1.035686394588201,1.0969454114535604,0.2735839646676074,0.5248780942990268,0.9608572043984972,,,,,0.7890910972761529,0.5506736065032376,0.6310432542084787,,1.0842042027848806,0.7186677067587355,0.6160609533807375
2024-04-01,0.3532296994957846,,,0.6437589821336509,0.9463157805321892,1.116105278705798,0.2456246638352023,,0.9457190119702442,0.7338380187893663,0.4494100384340251,0.4097333974772319,0.7035693660436383,0.5931889998254536,,1.1146142418917706,1.1817051007480737,0.3439143060932576,0.5439519501370301,0.969829468847058,,,0.8002532704116869,,0.8127112119385583,0.5536948170650261,0.6630555139943453,,1.2085354171007954,0.7210884286592487,0.6542209764061003
2024-04-02,0.3509781697991475,,,0.7019266426374914,0.8598257163640635,1.1278501109844323,0.2567178379086415,2.3915108594110035,0.9304488857629212,0.7379914819954966,0.4538217247989268,0.4465442234685112,0.7442929451799263,0.4778264993534662,0.6023276968105439,1.1143421566717175,1.1061957762761652,0.3488300585894954,0.5635605662055335,0.9073852501944788,,0.2258006353434479,0.8226075522329579,0.904482733141012,0.8067594469216549,0.5009539254573341,0.7668995889480636,0.6816168740118456,1.2972985996770934,0.6625349068098526,0.6289430088730954
2024-04-03,0.3654581288742283,,,0.7223924698667049,0.7998132938365747,0.938556806289622,0.3419173175692161,2.5144208045816527,0.3928831910018021,0.7821301410399495,0.481205118908144,0.4579568366832138,0.8028742919680307,0.3242212718373944,0.5679291098589457,1.1549424894526636,1.0918209662799911,0.3436996851869141,0.6981887667133393,0.4268556133083283,,0.2306122890875658,0.7549520622854796,,0.7850405992790954,0.4806935901165435,0.6821583941353095,0.6418268070387242,1.3728277211983726,0.4219295168932999,0.6457190827812226
2024-04-04,0.3767701695701119,,,0.3924833118051807,0.7337633903197806,0.901549942114582,0.3478053523035258,2.411381118089741,0.3952751506960495,0.7383097121450661,0.5089711567382953,0.268816272381423,0.5055813594607623,0.3247811928055035,0.5073336715239317,1.0722023576900894,0.9985610441731444,0.3685194328033133,0.6677455921712959,0.4148255374427189,0.5663053837219663,0.2382957885740405,0.719896068705549,,0.6725654411813506,0.4390400074582539,0.6709055244915216,0.6477966070896615,1.4768225454741244,0.4160423617599715,0.591732623143799
2024-04-05,0.3755630228267193,,,0.404111855624116,0.8146589844946103,0.9158126427659372,0.3536664223221863,2.496042585087752,0.4097480677898873,0.7726388890219726,0.5134359301982003,0.2813818212373765,0.5368899649736409,0.3258981744781817,0.5371908485463969,1.0912135785961008,1.046642897341746,0.3642893275258986,0.8125153819675985,0.421880196130794,0.6246338302377668,0.2354719023949776,,,0.6258509291426382,0.4311682985789446,0.6764555128047897,0.6424889646446483,1.5141876528343985,0.4032031872873861,0.6528567104864542
2024-04-08,0.3920775011244596,,,0.4228556689870458,0.8838090347251634,0.9687005610608004,0.3615425377622023,,0.4357821204562342,0.910160761212233,0.5917926920262161,0.2890035400827124,0.5831285173653448,0.3289073528743468,0.5226333591216633,1.1414384078566977,1.131273372501032,0.3689938332616705,0.7930982288658829,0.4396363168424592,0.7466576427095554,0.2435436407108101,,0.9165395733793404,0.7316761661063251,0.4660351684518965,0.6841547430634747,0.7054474281509221,1.6900551402091193,0.4579929233489601,0.7319288561607016
2024-04-09,0.4204582553307485,,,0.4193944710984238,1.1883480805347697,0.981908301731023,0.3619922931936709,2.511603884466602,0.4208918611698215,0.9518478333952812,0.6029314618908588,0.2868921231202724,0.5020073134940876,0.3218241466949577,0.5432225961174326,1.269100840329864,1.2246152208563188,0.3545670195121148,0.8249593185629179,0.4477750348974898,0.8189923791773912,0.2424848762646062,0.927877205145592,,0.8288863740203312,0.4843069998355388,0.6813787197805066,0.6983736533003354,1.8259538297381837,0.4439025203098858,0.7666808032920296
2024-04-10,0.395542237116505,0.7127290416379,,0.4125888248353462,1.0886132655953886,0.9408022746442726,0.3671270254584376,2.5722728678512525,0.4162826501376814,0.8428909135138534,0.6220756163981339,0.280142626448325,0.5124174037523743,0.3328305736462979,0.5112973361181379,1.3050536819052867,1.1930319981834807,0.3576222672332811,0.8764325549678347,0.4264815395622386,0.7670188449165792,0.2595523495854122,0.982262099792562,,0.833338282828625,0.4502803079731891,0.6420626765578974,0.6206738796851677,1.9505620233652916,0.3912736014430563,0.7151357396096697
2024-04-11,0.5937351314132124,0.8037102470548685,,0.4019325545271469,1.256596635722362,0.9347018300397316,0.3679098184329702,2.582336671383119,0.4120745083919815,0.8360619824630734,0.6457735238635885,0.286323532960768,0.436612725829279,0.3397086505235679,0.4758153058440068,1.3320391776359086,1.3580978656132765,0.3547834763261435,0.9134770021332173,0.4357024477607034,0.8692534273674007,0.2541174665922696,0.9602964069116312,,,0.5240092826737609,0.6892549813655507,0.5991880087081576,1.9910324844489613,0.3906520814378442,0.7669719959700343
2024-04-12,0.6940247808681218,0.787206572239582,,0.4006769034872032,1.1822899869409222,0.9182233618287856,0.3850705267483673,,0.3041070746962886,0.764985629537875,0.686219361566796,0.3042073915236513,0.5174291666496845,0.3512356415379272,0.4714180502034405,1.387371368136389,1.3766306938300958,0.3707662888181292,0.839236465365654,0.4424968722808717,0.831813341682263,0.2708072971257937,1.0178333311556989,,0.8568605971431041,0.5412288914443864,0.6764643291267668,0.5899909504873606,1.9469262578254007,0.4036728139993555,
2024-04-22,0.2943403498439499,0.3730079301613502,,0.3441071889905026,0.690671935405079,1.0261721266686832,0.4120972945373912,,0.3266053292981412,,0.3097748762296915,0.3002038960053874,0.3848115392879595,0.3542825261696776,0.519838939065601,0.6569019985817992,,0.3583455660807463,0.5498086317409201,0.4722700266091812,0.4172922150233742,0.2865758687876271,0.4420607479728833,0.5120517016317006,0.6563413583894911,0.6270574319105434,0.6993567353120071,0.603509135889574,1.0400869019634431,0.3965185376103042,0.2544673620238955
2024-04-23,0.2886104384308844,0.3888457427967989,,0.3491493790647337,0.6961739313877958,1.0450505306452178,0.4142726969847808,,0.3439799774287454,,0.3401403936282089,0.3131724666594209,0.3922056871860653,0.3423115516144748,0.5466699637632816,0.6523198025119281,,,0.5662525513360998,0.4829081091660701,0.4255232099773212,0.2752883525766925,0.4621414793082566,0.522952093220709,0.6690205591055359,0.6793368101115121,0.7610108732401464,0.6274637631370362,1.061786660152552,0.27891474425901,0.27209994622684996
2024-04-24,0.3009628789548119,0.4064337497911296,,0.3436479864918352,0.7138011007731506,1.0964965297814389,0.4342355683912569,,0.3588209609326462,,0.3406416709996616,0.2627289566130711,0.3859935605366402,0.3433116709883448,0.5270614349359793,0.6688309850275952,,0.3091968616939624,0.5708583587689615,0.47237756194692,0.4178201286297598,0.2846847980722634,0.505957326086108,0.5898829346006362,0.6917091776306526,0.7377339695319126,0.7809883828931945,0.5805541176652702,1.1103777911155253,0.2682145587683144,0.2614933595526422
2024-04-25,0.3113051239213336,0.4440073724367404,,0.3409897437520809,0.7200975340603114,0.7044013977630704,0.4614586095195354,1.6951841814551587,0.3656170693696106,,0.3224473827462661,0.2630637866635807,0.3881122345562619,0.3658663402463,0.4832524121376899,0.7453700703269873,,0.2912213763847224,0.3812728044838996,0.384989276057573,0.4215122903284187,0.2909371835949141,0.5074709404852399,0.627372896485455,0.6723104567350433,0.6838401970855602,0.7539483177465929,0.5728847358705981,1.167973999152843,0.2740752396814065,
2024-04-26,0.3161618986209615,0.2870275236315929,,0.3215626222708162,0.6893252531785677,0.6444710606449703,0.4527974759710411,,0.3589459236548399,,0.3037853734816303,0.2500332981532143,,0.373801042795762,0.4805479486195786,0.8181247556216134,,0.2895352337480569,0.3811418537718263,,,0.2931312827464569,0.444690841931578,0.6201167658745526,0.6689523668404725,0.7245659487745113,0.7529211324361743,0.5946869520409569,1.2217229224085842,0.2708272735024873,0.24657904719797774
2024-04-29,0.3419924190329792,0.2928103983219452,,0.3539430623171167,0.7576363662705717,0.695664083410245,0.5137493253493101,1.8569489406657016,0.3808624095154559,,0.3591813030934435,0.2470270847634387,0.3957025557877849,0.3623925612028083,0.5032080178127492,0.8262305992297132,,0.2915552915266767,0.4435084289390728,0.4096969526714872,0.4900180710941462,0.2957442446965924,0.5055748288713379,0.692350374733349,0.7293852733735309,0.7308579529431168,0.7957818604844981,0.6696227196213631,1.3289456189737547,0.2924629227428554,0.26801351287801023
2024-04-30,0.3694633009323526,0.3116073746292371,,0.3553780725977178,0.7316516116536416,0.7030960832649861,,1.954708208871187,0.3749684724053888,,0.3216519323971851,0.2423865082374965,0.3956702839735565,0.3492841505995148,0.4493511237469233,0.8202099869607774,,0.3197671447168247,0.3855677527472602,0.4054829512817597,0.4074947878763468,0.3087015029412644,0.5650663811613614,0.6909727703108315,0.7361585046992617,,0.786210544400815,0.6652254491189428,1.1811540044975648,0.2760267671915991,0.23705455932341826
2024-05-01,0.3695055420345577,0.2942277366968728,,0.3483606601673573,0.7405466808036428,0.6156345663842493,0.2958260352586494,,0.3739975759138729,,0.2926897164106194,0.2275896295142182,0.4326614268044584,0.3621550706475954,0.7048934874040339,0.8232989609325736,,,0.3581124119493964,0.4643606280760226,0.4084267980758527,0.3235205129066693,0.6116012221632009,0.7183801772699493,0.7766993941709901,0.6295252512881518,0.808218407495388,0.6628552311479475,1.0882395741116782,0.2835944629197007,0.2504171399818672
2024-05-02,0.3544490324787972,0.2819704529880543,,0.3457630015000448,0.7519864755432506,0.6346488312659522,0.2691060874273978,1.7941129365313735,0.37386145783258,,0.3003629810057635,0.2200539648594935,0.4555074887873785,0.3965544487572081,0.7059697710685313,0.7962759122328882,,0.2882200055201191,0.3603933466882077,0.4242314539324298,0.3732021352110436,0.3342434625812918,0.657050620645509,,0.7370534163439098,0.7404648896306555,0.901319122752781,0.7097238984182092,1.2035617847967888,0.2827809214707971,0.2589862102670248
2024-05-03,0.2379400339045117,0.2754652740278182,,0.3396077283208175,0.8087023319628598,0.6882909566100813,0.2438578517499913,,0.3318805372071242,,0.2639691177848886,0.2072493286547863,,0.3754223026841399,0.632958158243788,0.7958185553970792,,0.2709513635429962,0.3432779349480709,0.4596371219161965,,0.3273958187959622,,,0.7037773287163237,0.7426281730080719,1.009381340010311,0.8119088702892213,1.2728325159249432,0.3137391308261737,0.3101762677132514
2024-05-06,0.2443306181270298,0.3234391906433085,,0.3590034129025693,0.8885170881861287,0.9437791169067018,0.2535006085693235,,0.3600999758874696,0.4252169843792129,0.3113293149506432,0.2541607705858318,0.5562687606609894,0.4149415406096072,0.6827592795826799,0.906015401498736,0.7587296939670181,0.3222428470145521,0.405679372047689,0.4817915105492513,,0.3753113660440032,0.7849177951877524,,0.7819855722195839,0.9178424824492236,1.1759411414104304,0.9353184716606568,1.4936485474063992,0.409913513873918,0.35196369553799667
2024-05-07,0.2225435481493061,0.3029044648316434,,0.5233405209654015,0.931759594549687,0.9644318297219908,0.2342033374519651,,0.3722784096579331,0.3735915175079667,0.3145915089631685,0.2489309571700757,0.4549717976564538,0.4824595875042647,0.7053284741742654,1.1431874330136176,0.7898552670023966,0.3203604960125585,0.4294154838558514,0.5524862299065464,0.3606918084370431,0.2372482364084521,0.8591354199668421,,,0.4067925621457787,0.6480851882304735,0.924468666530817,1.556574024707424,0.3519931077918516,0.3689713242492158
2024-05-08,0.2172761331668435,0.3143039542068497,,0.5193492799168307,1.0569062183908642,1.007584549016989,0.2336629949142196,,0.4811592439857559,0.3930303268755423,0.3314281213054995,0.2445591078972337,0.4294377697724012,0.5240423333605126,0.8106792204974806,1.063876330115518,1.0044959802860334,0.3186867939959701,0.4366572122401574,0.6204145642910585,0.3782303599015495,0.2439984302783489,,,0.8088279654664863,0.4058218955752326,0.6671870510054595,0.9593826672563184,1.664956667614255,0.3397345241894537,0.40702389295051505
2024-05-09,0.2109272250421925,0.3171806906276115,,0.5198112078532966,1.104749373910823,0.8820373629674316,0.23041407211225,,0.553011709334879,0.4365381571115288,0.3922930740763503,0.2505413548170738,0.4773867356128246,0.6005759992188655,0.8356352573344564,1.2098296837404925,1.2972070642172089,0.2808890028650663,0.5272800149058345,,,0.2437833968527737,1.0372726921929214,,0.7987452137411646,0.3924437092235804,0.714292146739981,1.1737429806367046,2.0007281441161204,0.3686738542531349,
2024-05-10,0.2140416179942167,0.3332847314701119,,0.5203417960575877,1.200456421068592,0.9948154553829408,0.2212841640885219,2.9842575178009287,0.6486351458178284,0.4262185656440333,0.4765052778941154,0.2567989073083417,0.4718029412889241,0.7177549984937968,,1.2880017335547145,1.2651889960065874,0.2748900911634877,0.6042950051360779,0.93438116750482,0.4195463307652601,0.2412445688815902,,1.2773314499507362,1.0960327976601965,0.3551729791995949,0.7335315515510288,1.2059515265390828,2.0271715642567165,0.3454319171973476,
2024-05-13,0.2173283971700208,,,0.5627323502259456,,,0.2294901359811448,,,0.4420412501755554,,0.265893938596726,0.4681925787006233,,,,,,,,,0.2480096329102273,,,,0.3970791584874318,,,,0.3505997304200883,
2024-05-14,0.2078077313003477,,,0.548480227145897,,,0.229755312345763,,,0.4684735889940691,,0.2499121184513595,0.4895310501219312,,,,,,,,,0.2478187133162015,,,,0.4029992766269109,,,,0.3364012641338557,
2024-05-15,0.2004590838876712,,,0.6164372196145094,,,0.2343715191065605,,,0.51583800133225,,0.2796947997199865,0.4423496052967196,,,,,,,,,0.2433417516396299,,,,0.380650755443798,,,,0.3238358678688622,
2024-05-16,0.1965344274403545,,,0.598534156441126,,,0.2310669451947073,,,0.511352520253805,,0.2706060871745269,0.5231729142611111,,,,,,,,,0.178587093164569,,,,0.3795208929735729,,,,0.3243303480203121,
2024-05-17,0.1936322222902557,,,0.6290262574925335,,,0.2211509142564472,,,0.5026588594331274,,0.2716426269068265,0.5220135020659593,,,,,,,,,0.1750754398491198,,,,0.3772419544896851,,,,0.3016975146379242,
2024-05-20,0.1977706355514902,,,0.6461591400489157,0.553227256312664,0.5368404587932055,0.2279300926561409,1.3825824371882678,0.4640239890911546,0.549621298673721,0.4588143651136102,0.2745440129345058,0.4911461558737453,,,0.6560822934522096,0.7134939955051216,0.3031199905935989,,0.3694163001555948,0.5312352435119206,0.1756372668308944,0.5700200887556165,,,0.3789582800282418,0.3745841974328906,0.3417492308525538,,0.3261842313650865,0.38845396135388477
2024-05-21,0.1974779759190263,,,0.6300477811465054,0.5659076532071076,0.5820403129497786,0.225376991099239,,0.5464681551093165,0.5685233537037717,0.4568869668292215,0.2668693853061097,0.4995100702727632,,,0.6877727935354847,0.7473267378157803,0.3113233393401775,,0.3551968618490259,0.4803542392319023,0.1825291874781851,0.5733571514055471,,,0.3972018912049253,0.3823056360746412,0.3325563524467012,,0.3186615476148858,0.39783171706239306
2024-05-23,0.2202568635579599,,,0.6113830435468531,0.5374850662692476,0.5623804286921203,0.2274781751673891,1.3729012038110495,0.5004717077883213,0.5046184693039847,0.3964109475767203,0.2512081231250802,0.4865408849888612,,0.5679980771790333,0.6943421525751687,0.6603376051532945,0.3147885086450774,,0.3138111708499257,0.3914571702092936,0.1786592468666311,0.5166594842889541,0.5143348738810702,0.4385261774874038,0.3821320321868417,0.3353381774850288,0.2928621370034615,,0.2870636468434315,0.333316082752742
2024-05-24,0.2128230160189473,,,0.572951390520473,0.5158458099675318,0.5866380756466968,0.2149447369172975,1.544987945847221,0.548037970972956,0.5456830738481955,0.4273577584662895,0.2432587328306681,0.4871457735267777,,0.4811808761727438,0.6502943581370864,0.6560461560282915,0.3070551740723797,,0.3186778491382285,0.4207390186875165,0.1796478935301786,0.5104230477703993,0.5281658729000994,0.4501288714937659,0.3900130335730686,0.3444781479804272,0.2865482457537159,,0.2908930006825811,0.3357903372751701
2024-05-28,0.2372145445438705,,,0.6053018628502042,0.534836395658503,0.5962534479231333,0.2287416359628902,1.5289420547947965,0.5998312370847318,0.5823488295304811,0.4030421578585873,0.2436319675261944,0.4966786229150565,,,0.583594125861624,0.633234550112486,0.3150957871981265,,0.3359418717029209,0.4070308083694327,0.1851006698519295,0.51932692745575,0.59425309099738,0.3976734293958351,0.418348825100969,0.3932776318541898,0.3199146342141633,,0.2960650914622663,0.33610295278913804
2024-05-29,0.2476752041807765,,,0.6322051630785005,0.5436243902080249,0.5403215012770564,0.2393544058026154,,0.5815431380944011,0.5505193080985329,0.4364394060689855,0.2387366813027738,0.491233802357341,,0.4879285517661328,0.5750755258870214,0.57765687473548,0.3222579257610127,,0.3207568170069517,0.3901009298027861,0.1957148622506508,0.4870061110689639,0.5721548274572619,0.3689261096181148,0.4257697034711354,0.364140040567992,0.3164703845401629,,0.2784184483633986,0.2673225270166663
2024-05-30,0.2601696219296568,,,0.3729356126383897,0.5721082313663723,0.5386154090812683,0.243771953870662,1.8521118745023808,0.6151522899224512,0.5615974717839808,0.4210501707143214,0.2549232376418185,0.5456855674824751,,0.5221487274596062,,0.6555228283998144,0.3134010684980756,,0.3760753239206656,0.4109160071299154,0.19815863291744,0.525139837510544,0.6130784253072292,0.4136760775704707,0.4681749371815558,0.3826078391481397,0.3462872241058377,,0.3174627397575957,0.28312998401495737
2024-05-31,0.2539047457457364,,,0.3464456210305622,0.6144552104037978,0.5550535541445843,0.2446042832937304,,0.7217106723783053,0.5866452479451392,0.4878147212669798,0.2583328828144154,0.5846400908757892,,0.6077349641959798,,0.7670102585749627,0.3012395395658965,,0.387916172032988,0.4558819520904719,0.2004842973253767,,0.7945327783129202,0.5187083160395669,0.5359681897256638,0.4563257301097864,0.3923538302420172,,0.3283573786920785,0.34346876921569985
2024-06-03,0.2714828218665917,,,0.3473946590238306,0.6817124499228232,0.5585144374605129,0.2472561261208577,,0.7147136201355528,0.6164381037028946,0.4707253458987634,0.2570926964015297,0.5391639533044377,,0.6701147139640794,0.826954090219857,0.8447477050923494,,,0.4237885135117277,0.4785705153067537,0.2166920544306014,0.6387637456372177,0.7591829098691937,0.6248599326249799,0.5388396524896084,0.4464071614038471,0.3562452399154602,,0.3288319896876039,0.35376690034233765
2024-06-04,0.2656399422444519,0.2336422729002724,,0.3297959401923096,0.7574132902168049,0.5775145642000892,0.245078081567787,2.118632382089105,0.7076937244503793,0.6315867040781655,0.4890550475697122,0.2731552327311496,0.5341752230032666,0.3220730431989228,0.704431008920401,0.7730339284357417,0.8516404225886456,0.402950992650649,,0.5387010716861524,0.4441814100947071,0.2418813262864006,0.7497950287954024,0.9046414755439632,0.6957896460766875,0.5526016464230127,0.473171625583671,0.3558958506415508,0.6935206579778309,0.3593063138546138,0.3822249636841821
2024-06-05,0.2771509127713848,0.2380775127977778,,0.3234239703679517,0.372277801496812,0.6241789900033374,0.2318957154905092,2.1626442046161114,0.6526377846184105,0.7032683913213753,0.4597414666035269,0.288211102551525,0.4411316675523782,0.3185625957502602,0.6314035550911993,0.8352748983466091,0.8762372021835149,0.3601494413526587,,,0.3436867202185019,0.2664612880178571,0.3905708101111821,,0.6703415209381773,0.5447811400338437,0.4197397958081276,0.2872649237213739,0.6770443354768763,0.2343405365896294,0.39570291837752053
2024-06-06,0.2786894068131917,0.2421236318470864,,0.3671528818024752,0.3755221792701473,0.7111391542653585,0.2321438605500922,2.347184852958472,0.6553508625410653,0.3438101074802657,0.4767176648312698,0.3154186182535493,0.4741388391841399,0.314342031189316,0.6818708397231321,0.9075463137735096,0.3925339507835291,0.3079084168793077,,0.5754062195209249,0.3382087076718112,0.2729805045776176,0.4700330411639739,0.872424852937075,0.4729384519054521,0.6254890365621765,0.4208050943096075,0.2943903267989589,0.6945445103234061,0.2278368147658558,0.20659572668910053
2024-06-07,0.2780275864775285,0.2362710000995735,,0.345206658527695,0.3519670231628848,0.7345729494741974,0.2211274218310606,2.244727394480542,0.7508416007136005,0.3357841200583157,0.4401957475503436,0.3304787607612879,0.4676994641946662,0.3148409684491953,0.6533206398600385,0.9322848286109072,0.3868554951534479,0.2981513488184373,,0.5708674168675513,0.3701178231154715,0.2254880963490852,0.4200114431998753,,0.4163155794069634,0.6870458179048988,0.4411567279142627,0.2820339110363472,0.7007541645583103,0.2278251083662353,0.20014396371983434
2024-06-10,0.262218945771041,0.2466404925827495,0.4501285277227009,0.3617327846100983,0.3611256511757564,0.8608205954240804,0.2280903896949493,2.417915974383237,0.8334555578780614,0.3428978336047504,0.4931034602465501,0.3166562739420441,0.5030256376897428,0.3296423503340748,0.8019599257897807,1.1093443255285635,0.3877234775022295,0.3148623228871231,0.5418519403647744,0.745593025828835,0.3760091765248045,0.2833886974585067,0.4536253462731667,1.0469291741486162,0.4213304423805309,0.6813378856284535,0.5324586108571794,0.3043920802686926,0.7653525849868444,,0.20857202076954767
2024-06-11,0.3342303368998787,0.2638583794256029,0.4353364944837811,0.3726563403766602,0.3636534979715134,0.8567529920939109,0.2264374714533878,,0.7365428193697394,0.3352332129625153,0.3813044101609247,0.3221789825861665,0.4417115392185125,0.3300549564999334,0.792212584032254,1.191896452053476,0.3688095894736996,0.2996334973807714,0.565461753127235,0.7371124839140042,0.3887159372533542,0.2753936650476948,0.4668032766346526,,0.4223592992924932,0.7213073115880153,0.4651347052913457,0.3222098142977881,0.7536674527745687,0.3175356115865032,0.20440587178374395
2024-06-12,0.4431939249543301,0.289197883984284,0.4263633094666356,0.3293029262168378,0.3626570089471439,0.8500534484618021,0.2270575589850021,,0.6237527191400776,0.3429745963083423,0.362376063078116,0.2843175364615216,0.4776270900883996,0.3334927459844968,,1.1614646238632151,0.3609620649874296,0.2877129839819176,0.5746206627750056,0.7335955045898348,0.3799363380608394,0.2512525834203409,0.3973594199364897,0.935324182264522,0.4171906657474726,0.5948761957729978,0.4727655271371433,0.3502878714108327,0.7074737897754193,0.3121420876708015,0.19621644631961696
2024-06-13,0.4361573603644793,0.286344486810799,0.3749400135138782,0.3401833420341811,0.3489866839925549,0.9290128764637628,0.2365981590143766,,0.7198218998757508,0.3416057041390218,0.333268154722939,0.2929793617013677,0.4583081138421629,0.3402455762376408,,1.1412485350331147,0.3561620958696836,0.2872405233735976,0.5612518757071846,0.8091502149956329,0.3860372241389493,0.2753513188670456,0.425654372419974,,0.4045228814527876,0.6467754646514824,0.4431470680029561,0.3811199779477854,0.665165431417756,0.3496387846531971,0.19291967189641285
2024-06-14,0.4255977006135437,0.2920748889732787,0.505843421197467,0.3069510306103753,0.360532090011084,0.9695969892290864,0.2240510330495757,,0.7234853406159747,0.3502294218990081,0.3719109645679757,0.2858931461904873,0.4135916729035228,0.3378599263226819,0.8849870853208769,1.2207774948357126,0.3636447935381781,0.2944077451903952,0.4835383637326802,0.8091335137109661,0.3815549828599054,0.3088805813229802,0.4632005570401616,1.003441715199185,0.4293598786474849,0.5964686268137145,0.4542507964819242,0.3771049717895505,0.6963620876001756,,0.1982051506500844
2024-06-24,0.2381879574306228,0.3364770904635723,0.574653886134737,0.2884920798753712,0.5306698394126003,0.4835143410196476,0.2552696690863167,1.384017292457125,0.3609891099317721,0.437314283255069,0.3440816676873234,0.4030265539701067,0.5941249719992046,0.3511587350931597,,0.9630897797517756,0.5394639112384049,0.2950535491963649,0.3180300563478628,0.656903962598932,0.4547035354035047,0.225305163549443,0.5543023529450757,0.4743419674391276,0.5688636676327433,,0.4369943883417377,0.444012574833183,1.0002920120935572,,0.2822684336253045
2024-06-25,0.2305026051524966,0.3595142794403064,0.5358170780699585,0.2853742536020802,0.5653049446576554,0.4428133091882776,0.2560447378832985,,0.3627189763650891,0.4267904988871655,0.3423504675276309,0.3758453364809959,0.5184781342389115,0.3680709721944832,0.4309947900395459,0.966804248643396,0.5772296658866829,0.298148483786724,0.3001682089274439,0.5933149523569379,0.436123100424107,0.19823320799208,0.5385542385103441,0.460919562063725,0.5481208460608947,,0.5288627261247433,0.3591031070495951,0.9721490235325232,,0.2515682874411418
2024-06-26,0.23345486316558,0.3708402344438549,0.5368659976716086,0.2916940532859081,0.4890412518094645,0.4292219824275915,0.266167684033374,1.4284704670917932,0.3797334788673634,0.4318586867036629,0.3513372421272461,0.3593423168927529,0.5578870698273048,,0.4348402267016127,0.952989202263912,0.4909086366237877,0.2946433539187749,0.3054196922595618,0.6122745887848463,0.4395965484818397,0.215171601352253,0.5664231653122785,0.4674268910888443,0.5499317564149789,,0.5312166652150885,0.3801453200432556,0.9244262542693902,,0.26235384540774054
2024-06-27,0.2362307849169928,0.3925618020416253,0.5201868902907816,0.3568591617142013,0.562008124869697,0.4156496441217482,0.285028212734325,,0.382073136186089,0.397054098355273,0.3419318772423633,0.3170331522781869,0.5575191167071218,0.396004287422841,0.4239763942968812,0.8913224333132779,0.5260093265177412,0.3057853803091409,0.3077421637226809,0.6378984242410777,0.4388748078560841,0.2093987181714446,0.505209035938596,0.5047557235343516,0.5742835684726857,,0.5997356130094903,0.3832609088463536,0.9637829454210752,,0.25254370392186687
2024-07-01,0.245291681709224,0.4479007968418484,0.4820779106632431,0.3894343404512644,0.6139006016260986,0.5315334354139348,0.3038424041553788,,0.4972359811378228,0.4784543307154312,0.3920267694590907,0.2843582398884176,0.5613212277940417,0.4269040454283515,0.4584081646617627,0.967149924884258,0.5185434590683443,0.3186349091715736,0.3268217650803124,0.6072306821496727,0.4372979099175026,0.2029542708933582,0.465551081067019,0.4791276023271039,0.463385602341175,0.8918711440295349,0.439918725352624,0.363818184336424,1.008838818025686,,0.26048559094816703
2024-07-02,0.2535506433248612,0.4488622559890274,0.4595470104871471,0.4023071117664317,0.6254346572558974,0.5981030297120628,0.3217237855774965,,0.523639554573404,0.4913989624346689,0.4026268961347912,0.3320530238908527,0.30113244638242,0.4461119924011577,0.4601881960036528,,0.5214402041166061,0.2824294233460576,0.3139721967408993,0.7334431897444407,0.4604908300575812,0.2138479438405286,0.3741407417584342,0.455441387263488,0.4508089139733155,0.9379463346859408,0.4320705032598649,0.3603355627330543,1.0685873820368434,,0.28239646844001776
2024-07-03,0.252836081126903,0.4683920479930676,0.4884988551562839,0.3012933171306829,0.6577644480062781,0.5573307705162638,0.2968523331694579,,0.5170732274977199,0.5052037977827729,0.4086232318149254,0.3534901311812155,0.3044541854547907,0.4780593548351426,0.3005994873668512,0.8353737724834593,0.5182794674458818,0.2988571585246808,0.3253825432060535,0.6389676678904523,0.4820934032796215,0.2180913407149522,0.5434718788516099,0.2609346453222171,0.5026926896001702,,0.4739281466695594,0.371368725079856,1.1310353931978547,,0.2041214159592525
2024-07-05,0.2834995715959345,0.5757346256144925,0.4900032168861151,0.3120585063483621,0.5662086916106477,0.5945730860289337,0.3095870161848811,,0.3439660026879881,0.3277152082404733,0.4346614330250059,0.3864952778752175,0.2962627816162126,0.4961942470663948,0.3166786110358589,0.9431385427303496,0.5557468980153109,0.3279493702999339,0.3239156968112611,0.7614357323343978,0.4797483247367549,0.3029691169259415,0.3907656052156098,0.2684783290032868,0.3065136751204553,,,0.3809192947546866,1.043027299250918,,0.20907206711529944
2024-07-08,0.2899781924807302,0.6281416194438001,0.50269556045779,0.3090196442885059,0.5913652481051908,0.7159612300002557,0.3555413689820857,,0.3541733321840033,0.3410947843130206,0.4899788037606032,0.3628498643880085,0.3221372365193676,0.5516852963617227,0.3185446291291618,1.0313405169531549,0.6222194898319265,0.3488347183915731,0.3359798426711848,0.7848431334184458,0.5191825954729232,0.3129526091046843,0.4371022391807344,0.2688173052700778,0.3097271373166328,,0.4960417620136919,0.4100774904808935,1.1960079309434624,,0.21818085010788446
2024-07-09,0.2907477012225299,0.5860183462324295,0.501631276609982,0.3059965849895379,0.568958289041509,0.7068945477630486,0.3482212584752159,,0.3780632008238139,0.3657739162044519,0.5372141257834715,0.3713050267516959,0.3278075077638904,0.566157611763661,0.3439897642681864,,0.7207913140790706,0.348401865971681,0.3310780394197531,0.7837811445266901,0.4778328447483663,0.3363659909083065,0.4288838395235815,0.2651251771330943,0.3100384825783955,0.7545923034992038,0.5824787955989098,0.4059312529205285,1.1795423170349832,,0.21758631951384588
2024-07-10,0.3087485797585242,0.6833407738987501,0.4965650076368982,0.3143871472604148,0.6597308284970451,0.7731556538615851,0.3581245518648294,,0.383614753255613,0.3762253719898128,0.592059925068639,0.3156133322183821,0.3467430944334884,0.587309132452783,0.3783381012227009,,0.8738921978156498,0.345976047794241,0.3540016151201903,0.9892583627327414,0.5778466906411719,0.3754140617038943,0.4243539083746509,0.2748216645819648,0.3185200827556073,,0.5969185461691103,0.4429432841068312,1.3346052191566655,,0.24193938830696754
2024-07-11,0.3010392963120492,0.6214448054847344,0.528434732957218,0.3109649432522154,0.7655240743553162,0.8604137552332315,0.3752875425858124,,0.3832329107501288,0.3878438052448269,0.6055295331631988,0.3394435350974161,0.3595052123071531,0.6315709258089127,0.375466198436936,1.3057923211805802,1.056648840198619,0.3451908616405649,0.3690240773098325,1.0349492586550604,0.6382420766697524,0.3628670089883533,0.4364742293457423,0.2865822161505479,0.3214529625235278,1.069871269466094,0.4941719981530429,0.4851045717234714,1.4873227731827845,,0.47244722349068113
2024-07-12,0.3046310716171311,0.6305461320839141,0.5366797763344977,0.3023670758946636,0.9259316258765484,1.1529472562047955,0.2490333795899444,,0.3276900748566415,0.3819871108328176,0.6328594171225685,0.3818917676335487,0.3670646010824051,0.6226006684842986,0.3790500244792922,,1.2647047986745772,0.3385859285181395,0.3986990378281752,1.135899683464064,0.774670471774639,0.3299111551428682,0.4494024696694633,0.2930811520571343,0.3229279325188377,,0.6525961724505231,0.5241425327730503,,,0.5451574891378902
2024-07-15,0.3368363968703589,,0.5161947558848805,0.308422868051359,,,,,0.393439843760923,0.4034790266366656,,,0.3991895769509833,,0.3745987582029285,,,0.3528299953975395,,,,,0.4501957305247324,0.2964004030196283,0.3255940501261092,,,0.5420266387914714,,,0.2904759523874005
2024-07-16,0.3307843143210623,,0.5032606940155167,0.3106424429020455,,,,,0.4438389094942517,0.4573779872279723,,,0.3982232370475352,,0.4133491910877808,,,0.3573473981067618,,,,,0.4858946962633935,0.3284539717849702,0.3571218993495824,,,0.6053451244306574,,0.291821723763324,0.3513760606984648
2024-07-17,0.3254554305963303,,0.5093056642291012,0.3154604385593525,,,,,0.4947118140019337,0.455399344757932,,,0.4403531698517556,,0.5153404215283167,,,0.3792743402865783,,,,,0.5976591553217524,0.3772630182802921,0.3920389641485793,,,0.6463324656858205,,,0.38612910500281505
2024-07-18,0.3178089569773968,,0.5230762773500649,0.3135386322642936,,,,,0.4216760952446393,0.3885537808415451,,,0.4917452010027792,,0.4982107921865135,,,0.3751295784175842,,,,,0.5479779619004654,0.3843193851201773,0.3883684242684176,,,0.603897278148668,,,0.35269073487825947
2024-07-19,0.3183693794436901,,0.5258581220614242,0.3229230246978845,,,,,0.4202302785530201,0.3838212887240935,,,0.3005115158920524,,0.4795011168459506,,,0.3784618362991728,,,,,0.5376468292083858,0.3950845257285501,0.3755174336476585,,,0.5883945296075157,,,0.3167626533559986
2024-07-22,0.3195934823710156,,0.4963621331054257,0.3322191998532139,0.5073113926300207,,,,0.4389753012574899,0.3976657230975017,,,0.2903883375462023,,0.4836026771056937,,,0.3807460788004012,0.491843401155557,,,0.3188839732729182,0.5709748500792978,0.3838291337991884,0.4026674856492408,0.3703074662252871,,0.6315654623760619,,,0.34658241310338495
2024-07-23,0.3291796807776575,,0.4906701469537642,0.3398694274163034,0.5079497619331389,,,,0.4353163357310717,0.4298636940678167,,,,,0.4384645230681788,,,0.3795142039892493,0.5118678305132482,,,0.3229770517081011,0.5644482091950345,0.3612032857044668,0.3760157383088358,0.3702966176568681,0.541973657068535,0.6032669283713635,,0.2472952875863479,
2024-07-24,0.3271290810071054,,0.5406763466911235,0.3418242614751617,0.5829548872477686,,,,0.4324891839104647,0.4311117218707637,,,,,0.5630631439085215,,,0.4018285837457291,0.4871593864804245,,,0.3314112214049677,0.586982208685158,0.4216392439062747,0.4032230396390636,0.4007878655095939,0.5478681205257502,0.5637607034097514,,,0.33079846681776653
2024-07-25,0.3388075024032056,,0.5353408471651481,0.3619215742141707,0.594759309411547,,,,0.4461177778197809,0.4606204266490201,,,0.3425206347705357,,0.7038907701607319,,,0.4085687353168799,0.5391093233024811,,,0.3329859628841596,0.5836906561192156,0.4466337908172624,0.4052402304910213,0.4024951235783112,0.5452141672525129,0.6051418597465338,,0.2721116280659197,0.3361168133821667
2024-07-26,0.3310295147737095,,0.514726587708251,0.3830870198245255,0.6154913208768283,,,,0.4964365587530306,0.4975445011916748,,,0.3923079684213864,,0.7225239431234602,,,0.3942411351006003,0.5734967322602864,,,0.3320161221329079,0.6690146094155193,0.5023788456483091,0.4300456997955511,0.3825647084476705,0.5540222124071129,0.6529224760641935,,0.2852744294079665,0.3904691418952
2024-07-29,0.3465263548231889,,0.5408336733080463,0.3737473491137335,0.6582802052278558,,,,0.4929546223894078,0.4837206713723209,,,0.4181166696945937,,0.6640863888319047,,,0.4201862806377407,0.5853324112366851,,,0.3494605773103202,0.7369942382400952,0.531989197339656,0.3965826193106678,0.3960292699627113,0.6379500993709784,0.7047544340842963,,0.3083598231395111,0.39879150065213176
2024-07-30,0.3580163291947822,,,0.3817864259745362,0.6762600150999858,,,,0.5923409067095251,0.5827690046621188,,,0.5318873914584524,,0.7731145651191936,,,0.4296834775599959,0.5848217628572264,,0.6008158592832573,0.3500030459780621,0.4505390139510957,0.6107571044957291,0.4451065649561556,0.4012628439543301,0.6956002588962055,0.7501627107066653,,0.3148977869152502,0.39728086150150593
2024-07-31,0.3715957104408046,,0.5437694729032095,0.3635898960619003,0.715437281160292,,,,0.5559773312217557,0.6401687794649071,,,0.4736115913289268,,0.7039559772123153,,,0.3644483408658588,0.6313987757823408,,0.5644849682512404,0.3444516350924411,0.4171496891673872,0.5406464201082244,0.4202908165565917,0.4047817006404601,0.71295595637095,0.7991670725683109,,0.2964004758099604,0.46458859383942186
2024-08-01,0.3834579831048698,,0.6388322437939966,0.3828178883276374,0.7339788507409328,,,,,0.5840094257822162,,,0.424164422565443,,0.827306961226345,,,0.343703671041042,0.5628452373677917,0.9375450058623764,0.574047354486056,0.3854240816341554,,0.6805534242237968,0.4974958232867317,0.4110869917015155,0.7169707002531479,0.7459461126663046,,0.3092664418373474,0.38537329783969376
2024-08-02,0.3289355359810861,,0.6870082984106936,,0.7303007814028667,,,,0.4050006781190892,0.4582795884833979,,,,,0.9162110932463652,,,0.373296556518127,0.5630697876935934,0.9304593024659636,,0.3966389765510306,,0.8025904896784518,0.6677262337059918,0.4239677128502687,0.7129815979432926,0.795643098700144,,0.311027124254385,0.36575452578833006
2024-08-05,0.3966614720270021,0.43044576450176,,,,,0.4368217771577891,,,0.5263698793377568,,0.3703717567159269,,,1.014107907623848,0.994764658700641,,0.4644284897852966,,1.0067570086053506,,0.4801153603922058,0.8446605989332082,0.8560118393936258,0.654283728105109,0.4770816967445781,0.8381799774552795,0.9147282347607716,,,
2024-08-06,0.3557269814237433,,0.6829306941445187,,0.7908785463427046,0.6551127833326837,0.3534590227500289,0.6985273809394011,0.4709466025959014,0.495394427255446,,0.2287598300384664,0.4489962792870945,,0.9404077287709188,0.46200615785372,,0.423591698772646,0.3327186706424733,1.0137994449047802,0.3340058887444113,0.4481621706793944,0.3663491916651688,0.8571416749461468,0.2776329388984551,,,0.8821165638746133,,0.2758625563274366,0.20208463296971127
2024-08-07,0.3461928085906967,0.3717701971030347,0.6996053696527301,,0.8053692924374872,0.6936566316157349,0.3498695294932931,0.7084247875380454,0.4905293081578276,0.5532421774802337,,0.2400051306416407,0.4726082631189326,,1.030706382173038,0.5086334374051468,,,0.3510364567978698,0.9706555603122908,0.305814879175003,0.4900760943091194,0.4382442541621477,0.94211905234723,0.6508370042543579,,0.502852790269359,0.907867960544776,,,0.21529873032081234
2024-08-08,0.2988451371164973,0.3389327704364773,0.6518005144013127,0.3938825816069293,0.8686004806195334,1.0546170585643209,0.3055982357991361,0.7148401621729948,0.518649202098324,0.5839649132709,,0.2216265592133759,0.2612675871574964,,1.0651465003200968,0.5083812155546411,,0.3641212212936481,0.3216275432896221,1.137649867868887,0.3108055503076091,0.5160078159232118,0.4169438090643609,1.0306298528527464,0.2753166969710809,0.4390166439585469,0.4087482923735422,0.9462243901426024,1.6238024359249057,,0.20632070106746506
2024-08-09,0.2623319560354223,0.3182256463457342,0.6397814068847643,0.3682616565692766,0.8715481233010907,0.9787875608352228,0.281604018938936,0.7419786833576101,0.5439572668304473,0.6181033039042304,,0.2055921534639342,0.5222974557135155,,1.186708254225406,0.5158660831828749,,0.3279375359227657,0.2999759913016083,1.0102224329620428,0.2915101780995925,0.5182937673778115,0.3891973664765475,1.0678893196871282,0.2584087404876594,0.3918984216851533,0.3911508633908521,0.9764606942214376,1.6665184442427077,0.3121767780147453,0.18876391717400495
2024-08-19,0.2457014391333301,0.2476149020611825,0.6410063974254511,0.4689428342947121,0.3468617866589276,0.2640912135302994,0.2431164402934273,0.8049676220595153,0.5052923354752067,0.4282502521632656,0.2526547916213077,0.1667617898543472,,0.4775025868051646,0.337647372682946,0.534824899650936,0.5185339693214417,,0.2654082805934276,0.4558106145238285,0.2819870286118883,0.1806045529168823,0.3867202050369759,0.350778727708621,0.3365152794548723,0.3969338497868906,0.2912985256459288,0.2919909239408474,,0.2155645011601184,0.2240058315232879
2024-08-20,0.2507827789786056,0.263522571139831,0.6931776771506689,0.4770814541622036,0.3667938745850978,0.2650307925888027,0.2482294826413476,,0.5011615031480254,0.40399974738012,0.2579790202853823,0.1775974219094126,,0.4942063578809512,0.3606226765291558,0.541848844123247,0.5277761083264648,,0.2756113108328101,0.5074021549179335,0.2980714559650451,0.1848799523735063,0.4384810950157699,0.389173296683928,0.3280722978309134,0.4143567681555389,0.2825381690651155,0.3270419226814078,,0.2348432995033864,0.2335344224624389
2024-08-21,0.2515200732608671,0.2623255440596458,0.6677662205077141,0.4789601095127413,0.3890717339032475,,0.2533976361679239,0.8969103571749328,0.5341197797313111,0.4060464892373422,0.2563067849536217,0.1849927036845836,,0.4956732404510329,0.3857755680394233,0.5862451744605853,0.5371419710490488,,0.2721812278718999,0.515882585542257,0.3305295831606864,0.1890379514096631,0.4263458438356953,0.3947950455129994,0.3590503393612357,0.4209089919408691,0.2917924473085505,0.34206669054575,,0.2361284741427758,0.23783391560637315
2024-08-22,0.257883105233992,0.2662225247774393,0.7533691428626172,0.4990510722513705,0.3948949754631092,0.2859932174638638,0.2721988564160057,0.8589778342278401,0.5134200792743155,0.423398362413145,0.2629854329698653,0.1906886246893717,,0.5125863240483114,0.4396911792037358,0.6313232464388341,0.5024801824993428,,0.2771528585461235,0.5099878789360853,0.3250757554672006,0.2040926994011635,0.4606545863450608,0.3834960394223294,0.3679958121102814,0.4149182473425572,0.2973330077879281,0.3337549316266801,,0.25034684574699,0.23572591902769538
2024-08-23,0.2541295040715499,0.2487328809698613,0.7019591593419174,0.4898042468716704,0.4069164757470274,0.2776658293485355,0.2530971601023833,0.8984694321924056,0.5777781486087397,0.4583245049996975,0.2530166365557741,0.1762657480107335,0.2249429081953905,0.5403116990036405,0.4238173370668485,0.5911245970045699,0.5351650103468725,0.2608912821559755,0.2784380686713535,0.5642025706697456,0.3303035545359664,0.1861678579951332,0.4207085565880017,0.399384919569841,0.357407485797849,0.4111195426031975,0.286901431699104,0.3738799235759052,0.8895383414707669,0.2390092589540323,0.2567193295082611
2024-08-26,0.2743872168723534,0.2585772987543581,0.7357689551485451,0.529027849149913,0.4367659590495356,0.3059485585093312,0.2615715416700967,0.9992170579338968,0.6667118256713312,0.4849638724286106,0.2750779136604305,0.1910340684245713,0.2406074511352094,0.5695056240218226,0.4826966945503944,0.6699248783389693,0.5522894149749177,0.3074094240731426,0.3151532686239903,0.5983184416353755,0.37726076379779,0.1947830213874336,0.4943698003406886,0.5034226607056248,0.3695787235150061,0.4412376263465408,0.3186173884211363,0.3895510011510695,0.9703311030977384,0.2453755736463327,0.26941380354652666
2024-08-27,0.2779700576563989,0.2564562037304196,0.7516609483937066,0.5359266996471788,0.4288931010318474,0.3087256970811645,0.2718901538524128,0.997446078158698,0.6768790611901941,0.4987653207875226,0.2766076059652327,0.2017155255711412,0.2491658123542784,0.5970360371047222,0.470884941835678,0.6675054441363453,0.5509298611222603,0.4197323002456889,0.3000803279602881,0.6485931260273408,0.3675655287910474,0.1979362431817795,0.4373356456677299,0.5559495570745592,0.3762203159109244,0.4769374543221032,0.3031957335678081,0.3834190877362919,0.9211566370385166,0.2470682436588297,0.2781407015022936
2024-08-28,0.2813760248727505,0.2659199708025681,0.7043111976410584,0.5530250309499257,0.3839363093486404,0.3163632943058398,0.2831321652955049,1.02747389166005,0.6753022877552721,0.4562531307574046,0.2996264490222155,0.2092168179578946,0.259850920260298,0.6048570887564726,0.5132017087643247,0.7170220643471841,0.5920467045970234,0.4765179339457664,0.3063658717330889,0.6608054246958862,0.3808277921562466,0.1973181453840158,0.4473864156527253,0.6647159610829904,0.356784209813994,0.4152130626938947,0.2962264760084286,0.3783881991995109,0.9728020908311168,0.2506619835604785,0.2794828132233208
2024-08-29,0.3037556667390449,0.2550881643536559,0.5331707525551148,0.3244397015182729,0.4290878567772248,0.3030361613171081,0.2721157316820072,1.0077517893764467,0.7002428629742947,0.5289743060926148,0.3105566926159456,0.2194748007080417,0.265642932769467,0.6193720132943195,0.554706873875434,0.7519011010571875,0.6136457645098073,0.2157234431191273,0.3108981578856644,0.7064003358046141,0.4152890456763211,0.2027257037186534,0.4769927258681895,,0.3670650974290211,0.4212310495190332,0.2995284304419658,0.3593816446060144,1.013330253572194,0.2530843814139892,0.30476949502521067
2024-08-30,0.2776562124610083,0.2370361167256277,0.4518787096605523,0.2766353031841831,0.4230056883459286,0.3102523827099135,0.235462687628894,1.1691530784795137,0.8121127628326189,0.5335694188097334,0.2941363633006705,0.2084189017977465,0.2594943667261541,0.6270877207523174,0.597046556670129,0.7454222087854003,0.6502711348871281,0.5062166766371035,0.3094658273425875,0.7222596007840639,0.4433360292373811,0.2030628528245303,0.5150416049900723,,0.3608188755095127,0.410419075478478,0.2852399242662441,0.3502816989007913,1.0373164300119986,0.2573800677493996,0.3017215678658482
2024-09-03,0.3035329201719388,0.2742401318990913,0.5745989953660635,0.3284017931944015,0.4599859417619052,0.3615490988920308,0.2866664465839031,1.5257452899154238,0.7531468144996121,0.4761183102267459,0.3267439691110121,0.2638907606328374,0.3091613338605113,0.7771872183213913,0.7156194799861679,0.8281677589129649,0.6658118512055115,0.3720786178147401,0.3252786215975642,0.7351310397298109,0.4314528294823632,0.2403251546469956,0.7590940067693304,0.8359250043915557,0.3989504334590757,0.4256720357806371,0.3358445321106195,,1.0042228602866097,0.2795506813658691,0.29971729487747556
2024-09-04,0.3050383274875636,0.2808210809626029,0.5672152794867785,0.3325889348197484,0.4343665671709471,0.2821133784281728,0.2765803819301381,0.7595668812287429,0.7676375298681382,0.4991488071810678,0.321289278896661,0.2698908676975906,0.3513486930272149,0.8347765560933922,,0.7743377527862229,0.6962321405344131,0.3865431704536659,0.3289983275374253,0.7605886603021416,0.471838836524137,0.2045274152169178,0.7324910861506593,,0.4362246080265119,0.4204119472509746,0.2973389329206872,0.388121243467255,0.9062943224412018,0.2321254593421958,0.31239925875445407
2024-09-05,0.3158810620662351,,0.5475550545202758,0.325304964630423,0.227722930674202,0.2845665007399064,0.2737661290326444,0.7397070308049781,0.7482248671741436,0.3618642697240682,0.331967648809618,0.2618291578061285,0.3742004050450327,0.7753877026358051,0.631363283423962,0.9458102109996128,0.6282110451900556,0.3892501529357482,0.3359321569783764,0.3073848884254167,0.463150375521783,0.2022015453356658,0.7574539380318824,,0.4440291811110626,0.4161866530185552,0.2942638780178965,0.3815677321215229,0.8965679303304536,0.2306596215192095,0.1825274342438334
2024-09-06,0.3381349338200512,,0.5896298169476022,0.3387971346708595,0.3744812805358443,,0.2941873248759913,0.7408838378951692,0.6263682012377428,0.3611855226907482,0.3223614552130996,0.2759449181925976,0.4233995300398728,0.8072411770567468,0.6358653818854305,0.9025445037504092,0.5902981534742794,0.393827584532511,0.341714225899941,0.2890779395395515,0.4259624806091321,0.2045108885657412,0.7663119650592679,,0.4605566782899563,0.4106568994095109,0.3033359334155995,0.3781888393074992,0.8297169041380721,0.2403534367306899,0.18139918182730635
2024-09-09,0.3275613506285157,0.2835097421466834,0.5535905148641282,0.3538547564808634,0.424682486281032,0.2990631064115731,0.2741001619221443,0.9408464198621634,0.8798025005358195,0.3741773452803404,0.3479344011944116,0.3547905975840935,0.2687620399944218,0.8838591532001465,0.88271182068147,0.8784397313558023,0.748940079957852,0.3946189993170954,,0.310770386848778,0.4443276336712486,0.2080494362459704,0.891363537696203,0.9124174191834774,0.5295013130313975,,0.300579554755553,0.4165623272638561,1.0407302645008976,0.2373561111100545,0.19192001978876622
2024-09-10,0.3060356789749283,,0.5336657112029931,,0.424179016495639,0.2952377340914717,0.2777275767127579,1.1012870183912864,0.6063111863818303,0.343397705495757,0.3589381747182026,0.3552471175735713,0.5833506988446462,0.9989642032928908,0.9017797244488016,0.9202094276331376,0.7987403431758917,0.3903623763359972,,0.3041976335202166,0.4887760829417725,0.2265401911078967,0.9941192786326094,,0.5812415254708954,0.3989524687440474,0.3013047282681803,0.5050100183132231,0.9417193035418904,0.2514728541783884,0.18587712313767651
2024-09-11,0.2838150869457072,,0.5168372844031067,0.3378694201925708,0.4471949350538602,0.3186114407096285,0.2673556122482391,1.0495585826807767,0.6095392891396402,0.3367700324615096,0.3775971849291472,0.3138205187122815,0.4489190095445451,0.9030785520776928,0.8190307188368837,0.8479654262981706,0.8760553467597799,0.3831746776884877,,0.319097474289513,0.4904105168168554,0.2162973824963626,0.9371136215138304,0.748079727704488,0.5556287483782205,,0.2938282075116494,0.4778051258138379,0.9383135837937916,0.2442991521440165,0.17691930166829545
2024-09-12,0.2933886290342957,0.350821658818306,0.5170856730820587,0.2752957896364736,0.4811701133807343,0.3409695337979893,0.266170607524257,1.0688187747365197,0.6704940272219889,0.338069097859572,0.3749965916527312,0.3786793699398074,,0.9725615295186248,0.8576195629185965,1.020600565048511,0.9267899040103584,0.3932068719908826,,0.3187208603279358,0.5507738702141786,0.2297962332391742,0.9845069917249512,0.8461700442708896,0.6323815432127008,0.4058656792344653,0.2944642477109737,0.5535432045028342,1.1424811185266384,0.2590135174237402,0.18020218939748994
2024-09-13,0.2730822027097239,0.3754130724653846,0.4925816151374506,0.27664775644082,0.5511658449604246,0.3651823141494127,0.2586458567413587,1.1781009278961028,0.5835199460629619,0.3422156623248752,0.4003678955034599,0.4199948106475064,0.6533937775341783,1.0995972814113226,0.9424436792787364,1.1581759126663271,1.0133709106615378,0.3941316093637622,,0.3056554260970849,0.603254518867015,0.2413267678309662,0.9953326799986498,0.9409766108529654,0.7728423507613831,0.423463885731172,0.2974974851770966,0.6706315207398578,1.2898142713086227,0.2542042419608593,0.1946447437778938
2024-09-23,0.2316058456095946,,0.4399167521579434,,0.2387187937306819,0.4217070504239615,0.2447988207030759,1.4456303035916065,0.3495215973198574,0.3835587498956916,0.3632557650038142,0.2417387178781447,,0.5836238634529191,0.4993722991003646,,,0.3726958422217155,0.3142462481207046,0.2908745488994659,0.4590071862160536,0.2558997724605886,0.5957793494257427,0.6271652711099658,0.3084718884462227,0.7497526099541578,0.3065357735855695,,0.7807012701980298,0.2693540696684279,0.23800567105008003
2024-09-24,0.2261218500361264,,0.4370291801086363,0.267936371058339,0.2371027825290447,0.4366469830830416,0.2436858974412273,1.532668391674222,0.3534007400631235,0.3842287633254321,0.3834739887435417,0.2018067733605464,,0.6130600392389457,0.5215810014861076,,,0.3635429954941855,0.35715373622433,0.3122301762423672,0.5027754523360678,0.2655561523963625,0.6409713469454174,0.5996854907020024,0.3263617931768462,0.8288208730480687,0.3133135622707964,,0.811107776659176,0.2659453918941954,0.2405382312442135
2024-09-25,0.2357615356616131,,0.4438688959606927,0.2653380450374862,0.2428596608445533,0.4470165037092155,0.2461745107941136,1.48954609657885,0.3579307336918226,0.3765093244496729,0.3689213344159773,0.1955208719501552,,0.6183327231287231,0.4685287465547671,,,0.3889767888700424,0.3288656675769342,0.350519913959173,0.4847671199788734,0.2908292067187113,0.6163503689391749,0.5959540393353451,0.3295029338743585,0.7640627180054542,0.3285756782030678,,0.7154752835347216,0.2793837587266981,0.2255309663055883
2024-09-26,0.2313651065583768,,0.4435072874947539,0.264355917884125,0.2507323545224057,0.4789087990876983,0.2516490413574671,1.4342763716561109,0.3580875865492371,0.4184432438563515,0.3821623074581486,0.2007756054402213,,0.6459583424950809,0.4858370137690324,,,0.3782761716249866,0.3977462874400317,0.3450290070835223,0.515953689949093,0.2656196905607224,0.6449595500921119,0.6065275314425268,0.3624598096524388,0.8280081743659471,0.3484968730064945,,,0.2994781295779338,0.2437188388568176
2024-09-27,0.2388757869275726,,0.4528112880908946,0.2672746974855976,0.2544284293077762,0.4424050986844536,0.2479425352663901,1.5263323128140431,0.3588827865382416,0.409692644101053,0.4037366752137792,0.2014915889353387,,0.6973640095972481,0.482080852393826,,,0.3882713865809935,0.3924167074139088,0.3574623296902395,0.4918660364684803,0.2594509841466169,0.653878131028805,,0.3623400799439214,0.8645314940089581,0.3703619793100317,,0.7791271520490846,0.2922116569781445,0.2672454539974325
2024-09-30,0.2606823155305254,,0.4425499238631227,0.2791946904385111,0.2635633554014164,0.4659807567926914,0.2623954609094567,,0.3831259942373534,0.4208375752579466,0.420056235431489,0.2029188056368244,,0.7433694784867385,0.5382704130843071,,,0.403820744827261,0.3911666549052823,0.3619884857931271,,0.3036598348789409,0.709218917365866,0.647329577260625,0.3954406705495453,0.9517302618560252,0.3797880669507836,,0.8533327826306134,0.3016177841879643,0.27121630430731614
2024-10-01,0.2523897288312831,,0.4705375159761023,0.2934833992664343,0.3488966243630005,0.448063998697728,0.2680367662335707,1.814916930473268,0.3823554820959671,0.4483628854189668,0.4285580444057506,0.2101900829590901,0.3149795099666922,0.7608448599521362,0.5681597798323005,,,0.4080809511876629,0.4187352031924477,0.3692234930473795,0.5526356435744157,0.3295890482662605,0.7598572159580039,0.8205524734135609,0.3838439520093289,0.9957464665480632,0.3488067916447168,0.4840761678026991,0.9667431215162472,0.3052523758512395,0.2796075397436489
2024-10-02,0.248423586546047,,0.4803817760018445,0.2908258162788945,0.3405810468308652,0.4616589587434229,0.2702389141166278,1.7807068142550102,0.3798945350148922,0.4392031536499108,0.4496471876973568,0.2126997014408593,0.3213859620221678,0.8538495051943874,0.5689088111538011,,,0.4051284965187557,0.4244294227933175,0.3387732240958331,0.4755845899160436,0.308152520781733,0.7163274817235644,0.6995144222529934,0.3980240003655051,,0.3538408282945625,0.5023170360876377,1.0433791842586064,0.3478576946472525,0.2936787630341185
2024-10-03,0.2478822098242907,,0.485847532312655,0.2926335384602729,0.3409991135956856,0.7068432025694925,0.278846621720743,1.2698763427283362,0.3895188897299062,0.4364486534157178,0.4600201411165558,0.2327417287081267,0.3241077639079947,0.8800400922741741,0.5678599313573129,,,0.4754930512435256,0.4123928062184041,0.3309261323392933,0.5132168989234639,0.2618345884312083,0.6810162585997664,0.7611792685124064,0.5109988110208501,0.6226191907078101,0.3523308983703975,0.5128275542680228,1.1610324488069188,0.3403211823350236,0.2778869942583641
2024-10-04,0.2281293264345533,,0.45702796176756,0.2783102556415833,0.3308668198921075,0.756298900221016,0.2577929073776484,1.7350108769124006,0.4150745731977894,0.4623485943918293,0.4902134315056799,0.2245447290062431,0.3303603468409678,0.8793610126874329,0.5635111553817199,,,0.4648094754817231,0.4655804033523086,,0.5448306792932343,0.2610870381471183,0.6584734380943263,,0.5172018420274009,0.5655979993475687,0.3626276477439376,0.4955337076474383,1.1312810828022186,0.3262267493563652,0.2991045293325425
2024-10-07,0.2624855375418192,0.339393504217353,0.4841776248962269,0.3305224647056827,0.3507646312325846,0.8053563781497257,0.3010022570805776,1.937396574110973,0.4836971770311882,0.5430929720318503,0.5397734432322355,0.2429314771371282,,0.9382867179827226,0.6125210292016731,0.957980345425504,0.8769083140277778,0.4858648436946895,0.5447121824894209,0.3643686099363104,0.5240745962320168,0.2633738926801761,0.6740840425747978,0.6512325546406285,0.5318986350290373,0.6428296908549586,0.383322599374615,0.5103201076689948,1.321504965835439,0.3404260070771228,0.30109018364647533
2024-10-08,0.254350378415794,0.3517404536978037,0.4755086103089539,0.2904583971880912,0.3508872811832353,0.8486344908923527,0.2745596855531746,1.164204503982188,0.492136230059961,0.3590421129719099,0.5124921770005233,0.223827687808235,0.3453294310990373,0.958082142930781,0.6395259661279403,0.9849049603380448,0.9049021765937592,0.4916405993875813,0.4458117568988964,0.4297219343110004,0.5624400661092219,0.2576499038597076,0.7370191216045423,0.6862729404961165,0.5289080724553779,0.6207818077089614,0.375836356452532,0.5403042812418799,1.2476102968613338,0.3462355988187242,0.31224514061123
2024-10-09,0.2538214565009286,0.3696473012159492,0.462448054720642,0.2780524643072365,0.3653356392117224,0.8906310122032638,0.2622001254145973,1.4853468547235489,0.5265861937621521,0.3603136661035377,0.5533019437590324,0.2338947708556559,0.3369129985295487,1.076017114350553,0.7047668794952775,1.231127962039319,1.0802619179097668,0.4748571900853842,0.5194888593622484,0.618691017091505,0.6572928188311761,0.2555722402696744,0.8151807087635237,0.7300936725058378,0.5497462913935091,0.7740655837933453,0.3949263881573047,0.5544311009087173,1.283379272524054,0.3584643032627984,0.3652414005249644
2024-10-10,0.247733838869255,0.3479728853608046,0.4775881532358369,0.2870924736223471,0.368278469068179,0.9006820355067966,0.2535497453653821,1.2538905249352046,0.5214345296125822,0.3550706706172708,0.5634788837954321,0.2377691219261282,0.3340170424190555,1.190129171073692,,1.1310919754374995,1.098201090327348,0.4805347489551486,0.5459606242415675,0.6339801695411327,,0.2520266888556156,0.8387601097790108,0.7481724306447085,0.5650712153740528,0.7127912283600482,0.3615259823482032,0.5242676480237684,1.478930853230279,0.3628528453074707,0.364527894950528
2024-10-11,0.2277285464655858,0.3311414960022639,0.4569490671365386,0.308821635047157,0.3881052674898629,0.9002798782274835,0.229835471609338,2.008094378195306,0.5874854259959629,0.3402549958370096,0.6241569469192499,0.2397487403913878,0.3422949107344837,1.298470670178265,0.8031868874933797,1.2812625395516417,1.3551944621417016,0.4925482143427099,0.6453526470275438,0.7046915527453935,0.6192321087555427,0.2469894725887441,,0.8448820010127923,0.5629578075330229,0.8104317510750291,0.3755964690170399,0.5312517609415414,1.6113470763947424,0.3593338936283196,0.4451149299216855
2024-10-21,0.3648328873829189,0.4044228962862634,0.5077273619649239,0.2940866763793647,0.5024394380096028,1.0527924352030211,0.3737679197632307,,0.2858402963781927,0.3008690338319036,0.3235348970384882,0.2547672517725394,0.4141957727751311,,,,,0.4809039257186759,0.4772549078864876,0.508749832971228,0.6948781294777668,0.2673557574278756,0.4966461983157481,1.042226096448374,0.757018259548743,0.7419816945302499,,0.5651702187341606,0.6225476312567763,0.4015021760747111,0.30773131000510734
2024-10-22,0.3645017529190171,0.4434301083678726,0.5096791689072278,0.2937254782518908,0.5115819602176676,1.0968140154603008,0.3914842648420815,1.245598834865845,0.305407476507699,0.3102994670811721,0.3277095306405465,0.2608017210879985,0.410169832823024,,,,,0.4712584116086584,0.4841252620312132,0.4960500449738773,0.4843990283568687,0.2966936365663778,0.5117392763804663,0.9507593055255036,0.7974036585120243,0.7181905891939625,,0.5473026995360251,0.649638841796557,0.2702621744572653,0.2993940332431848
2024-10-23,0.3585300119131744,0.4489307018735072,0.5065629103621763,,0.5150601533948401,1.1149146441441171,0.4139439732190357,1.4195169100378908,0.3112195274106654,,0.3334278206944053,0.2691050135695155,0.4054965120245652,,,,,0.4599791972359637,0.4849807421644482,0.5129477385790447,0.4672611962337082,0.3211589064160668,0.5563795388671022,0.9320108667248788,0.6456381086497351,0.6702946473326687,,0.5454410672828742,0.6487585446829988,0.2699315593205312,0.2883552524021638
2024-10-24,0.3816263341638148,0.4590067459210837,0.4921999976444998,,0.517749894122923,0.8358843001049687,0.4109025983015471,1.3137768432580894,0.3170968536959769,0.3396196845356152,,0.2650763547525161,0.3876175220027103,,,,,0.4250650344886049,0.505218699804417,0.3340560958154532,0.4253490782694125,0.3199467516664055,0.5081487257454654,0.8397133540516764,0.6801605254438139,0.6670477703312085,,0.5622646633269126,0.6665214589561228,0.2627960411181457,0.2962186467310809
2024-10-25,0.3419968205227668,0.4749557248101189,0.4826595023205342,0.3049052866088373,0.5199525840030568,0.7947982016639459,0.4217901102219042,,0.3152018230494432,0.33596777367139,0.3194868509318602,0.2634530240565771,0.3557364712781357,,,,,0.4323365118645326,0.5163805864112307,,0.4013895177545937,0.3053471980076842,,0.9199819303295814,0.5902828175767864,0.7684604117967908,,0.563895606930066,0.6869335566472687,,0.2750166158490582
2024-10-28,0.3815498554555314,0.5165001908912223,0.4899836502955085,0.3175279334991219,0.5257549256706656,0.823569533225539,0.4558195578746619,1.4387175792370974,0.3444215362497171,0.3684915040511616,0.3467760663818451,0.2909608675746496,0.3989080648807578,,,,,0.4397700882708428,0.5472790714229168,,0.4750960904056265,0.3261982104168319,0.5893182813997051,1.1740772440245704,0.6668091591811991,0.7722143390053093,,0.6365348509589179,0.7188321859396002,0.2709085469023415,0.3129585724701376
2024-10-29,0.3928755894144055,0.5543636392082724,0.4936547921344299,0.3212889475374352,0.5661448873650567,0.7818950818884074,0.4644130900285763,1.4557944330089283,0.3341308698507799,,0.3376008979511487,0.2926809941282221,0.3846145854120657,,,,,0.4425671178952275,0.5862110042919806,,0.5226931195991603,0.3136010421388034,0.5392660817391132,1.0272488099379955,0.6185932922145234,,,0.5981391693726484,0.6915975397749659,0.2656656176397419,0.3172045553392817
2024-10-30,0.3885954469257848,0.5558546108309796,0.4887918137018294,0.3245840749788323,0.5973132333136476,0.7070484905979382,0.4839369011128007,1.3287295278744014,0.3583069118426335,0.3872115230877769,0.3660933097733002,0.2449997354479824,0.40588318430632,,,,,0.4115881020614526,0.4712979991089949,,0.4772912672081755,0.3177196143465723,0.5247552125433903,0.9826689352269112,0.5955324064312113,0.6096275691359551,,0.6119336075362897,0.7016562614935138,0.2776099417431247,0.314429990705028
2024-11-01,0.3155067181231433,0.3401312832669029,0.477951995869841,,0.6538556495603285,0.8210380341677965,0.2968020494875146,1.583482430380627,0.3781991324065746,,0.3819629955298831,0.2697305400247133,0.4013271969117331,,,,,0.4509256394826149,0.475583414178316,,0.469078700771775,0.3476762273297955,0.5039092450746911,0.9719665244732556,0.6444991117872099,,,0.6492095435000704,0.8168070078218168,,0.32886299404667707
2024-11-04,0.3231194655436987,0.3727802861628425,0.504296630958742,0.3601266962582627,0.7667364524298401,0.8445745318602682,0.2865799141139967,1.708422346979606,0.4216606365629659,0.4610081371939193,0.4042547604321157,0.2863886069465577,0.4199891289020142,0.6276955538782849,,1.280368239624053,,0.5125802396280951,0.5233408530820363,0.3991876383164457,0.4953074518502722,0.3809253949753656,0.5569847573467455,1.2208063926033794,0.7247973328690607,0.8751143828000713,,0.7754970545599762,0.9276564675751846,0.4028343473529949,0.33712549632519834
2024-11-05,0.3247487244396726,0.2455972801280921,0.5567704900219662,0.3770920489535365,0.8127391616622429,0.9294630239472608,0.2438159528919696,,0.3400468878243856,0.3608376923839917,0.4321601530184013,0.2820134964954636,0.3525211315041516,0.7348989469805456,,1.3283144295408054,1.0171988025736751,0.4418963797664484,0.5667992450034575,,,0.4192157340180606,0.4104448618116855,0.4923123685592049,0.823971490382894,0.9839581613818305,0.4091256417418887,0.8324916164136166,0.933191118532994,0.4057834858104174,0.3823636518441179
2024-11-06,0.282944732958967,0.2298172302213797,0.5656646884481339,0.3615166767635713,0.897779819335713,1.1844577872462114,0.2437161356281009,1.9129412888958817,0.471940335265183,0.4835530043791163,0.5453364188067775,0.2912153960281094,0.3927923626786657,0.7685385194764497,,1.417947065625609,1.0355388738629985,0.376168498567377,0.900478240722279,0.4885549446990693,0.7811366730518129,0.352155933983282,0.3278372200557992,0.4652534809602769,0.7745581234564936,0.7342866680785516,0.3753447330710397,0.6998777618853824,1.173378698811265,0.4364237849602043,0.3226320088982148
2024-11-08,0.3075620969882763,0.2256319704523577,0.5035553946715396,0.377020886762681,1.01915663752418,1.2874339106061938,0.2317776964498796,1.957805599787488,0.3844776235621265,0.4338346841212754,0.4319569189047781,0.3089044861878073,0.3781505138287117,1.1548630393167283,0.9082205759371832,1.7279617747681777,1.0841022199381447,0.4931768849130896,0.6315503073309662,0.5664383650880276,0.9100379093918906,0.4654966073657916,0.415679031974195,0.5056092057142655,0.994175154017492,0.8095035629140513,0.3658221784070362,0.9096778107384343,1.265944452420365,0.4625630257408756,0.33457647255366885
2024-11-25,0.19110360053888,0.2211410741164131,0.4304415473903147,0.487524404323136,,0.5870560409153129,0.2816944757696277,1.706785033785506,0.5960386374390935,0.5888876139186232,0.3798895612005722,0.2095424350560424,0.515971506528587,,,0.7185929696095877,1.1176891631434902,,,0.5617518902259886,0.4235537028465677,0.2481216383062562,0.7360032908723079,0.6047320726125063,0.4372729836480531,0.6846895552799205,0.3969787823422032,,,0.6545036107998231,0.47789725671306793
2024-11-26,0.187424288464457,0.2223307062856265,0.400599279259613,0.5022653834006771,0.4810948018569982,0.6399148569550639,0.2689984259343631,1.7949681345930757,0.6004374930454824,0.607797978845374,0.3808204347300546,0.2133324348216101,0.5408440802770597,,,0.7963738761426873,0.8383471047114273,,,0.5450215848349426,0.4109266049334301,0.2675085755040918,0.8013925964889511,0.5979975525255292,0.4512598150163336,0.6770494227179537,0.3361550937369768,,,0.648039491996757,0.49700758720358246
2024-11-27,0.1868207529991084,0.2189675813728543,0.3874041229492512,0.4830472678718024,0.5274958950869769,0.6184662682451048,0.2658828017451322,1.8042718936388995,0.6012694062532792,0.6148841189287134,0.382103002061646,,0.5934918139452361,,,0.836313812491231,0.8545525168342601,,,0.5324153358330362,0.4413057125349884,0.2727676043534398,0.8478218531079843,0.5600572293860259,0.4325840482935789,0.7001132921957559,0.4429343942763122,,,0.6710121904142249,0.48940780413688467
2024-11-29,0.1861701481452398,0.2258960307547741,0.3935772933557619,0.5117393804385746,0.5383805161944842,0.6732551962222191,0.2640585595554441,1.896698229928961,0.6176390182410785,0.6755912023595522,0.4174799538258888,0.2465878945329877,0.6559533319695384,,,0.8210626432116312,0.9390863523391292,,,0.6424763700458457,0.5178141267520976,0.280424836302465,0.8712842269888746,0.5298893318440712,0.494377478222026,0.7605752631765813,0.4790798969306844,,,0.7285548484978888,0.5255159870170386
2024-12-02,0.1933361401359198,0.2593227676050406,0.3944657851304076,0.5239173308174062,0.599178298992682,0.6712723723098825,0.2637778087286486,1.9694495717135057,0.6245702927292166,0.6815490513134279,0.4006784524443465,0.2559448759971298,0.6295389129387474,,,0.8221027352130829,0.9249199420193752,,,0.6773760273605948,0.5398573494852525,0.3078508557181066,0.932339120152734,0.6257214204453861,0.4623748409873398,0.8183628030107302,0.4771218644313248,,,0.7348767986123018,0.5549438014782561
2024-12-03,0.191783673992238,0.2599606222934685,0.387010621859172,0.5427551515447522,,0.7534832846951057,0.250901981463961,1.30173652510802,0.6284052465175666,0.6888712237387914,0.410549909793831,0.2336132437973517,0.6475068302512828,0.8122819765484897,,0.9193977404998522,0.9674347462711388,0.343552262406118,,0.5821248943183681,0.4659933479454179,0.3379401137438818,0.8628925224639025,0.4218316634842545,0.4992706775658341,0.840047190204436,0.4737011570533275,0.498524161314195,0.6278266235002755,0.7420806498969963,0.573440690227732
2024-12-04,0.1891656885602736,0.2948478270745242,0.4420355396984554,0.522106090658197,0.5920762800872503,0.5266793877860086,0.2556312730052398,1.8973718911718032,0.6106639363615414,0.3381052888288408,0.4049672385324984,0.2180694079182223,0.6311157138593367,0.8232355735649347,,0.8737815253675335,0.9815912111365116,0.3425382180423241,,0.6832747712680106,0.520023166661345,0.3688327901970666,0.8399512751808024,0.384287295450347,0.5316955185315136,0.8467286501024923,0.4270616542657094,0.4805193015647517,0.5780259446160753,0.4388892756629982,0.6021000144301876
2024-12-05,0.1854009179819536,0.3114082060420943,0.3936234529807753,0.4342474728437883,0.6212281894863416,0.5441628756162528,0.2496958011908129,1.2416948196024484,0.6888831771661781,0.3429085241402997,0.4054461707921582,0.1995710531005663,0.5125087591054632,0.7036155852393546,0.7314672783150167,1.1822796668822235,0.9319204338357692,0.3522942463936701,,0.6170489607677795,0.5298505689006261,0.3185277330251991,0.8912715111423176,0.4175329902013711,0.5272439062909066,0.8974000218481809,0.4194062639947361,0.4841850110069555,0.5745949546602007,0.385124682159774,0.3171877207494739
2024-12-06,0.180799328858233,0.3445822906722268,0.3967461450440238,0.4325886833008567,,0.5629477075384679,0.2491147162611016,1.242093718799355,0.7103289479694052,0.3432972430749531,0.448118523858854,0.2042763320457145,0.4899328608384677,0.6321617910376478,0.7463064302919004,1.1133672632802831,0.9269583677884944,0.3424234651539637,,0.6427686627303671,0.5164779457220616,0.3234823182913235,0.8385167219566843,0.3956827481335151,0.5254383525258541,0.8991516361483561,0.4717833446429784,0.5048439486318983,0.5057340701457111,0.3944298667676635,0.314517877446459
2024-12-09,0.2057933875659928,0.403021872533327,0.4186018505724745,0.4055586364309374,,0.5129253040988807,0.2647983006172871,1.2696442293591736,0.7786286969712595,0.3483606576875826,0.420946947689179,0.2074287025229043,0.4555645435110068,0.7039598693666367,0.947721042202796,1.3660933813592426,1.1749289420818665,0.3549613871894135,,0.610923494614364,0.6379889979310407,0.3052142811921547,0.8225041106555732,0.7186665119954806,0.5545945844699969,1.0990349034016906,0.4027016301823941,0.5115806589166755,0.5691228250828715,0.3512440868462293,0.3127945881929238
2024-12-10,0.2105902204872841,0.3849519767606407,0.4199158874906646,0.3988908292715806,0.7642741141445695,0.5523696294845143,0.2636574668266697,1.3000982475040368,0.747702732867977,0.3412099364737975,0.4863309046910356,0.2169011331778019,0.4606356920325222,0.6970934483221585,0.8759081206536677,1.1122270020609055,1.1513046542784695,0.3656893223935983,,0.83314158202506,0.5830379461096151,0.3228667542388163,0.9718040993685524,0.4439864373019561,0.5707392292678941,1.0504885694572734,0.40579174398884,0.4857517298303445,0.5749151993575169,0.334045987197316,0.3122411851911228
2024-12-11,0.2125657318735392,0.4653607063173108,0.4176213161562647,0.4255730364453328,0.7134402365555288,0.5306506655950889,0.2607289916232592,1.2682303309121543,0.7763040423909209,0.3495992784765319,0.5257257692435949,0.2234117581554763,0.4289374107153111,0.6148786675943734,,1.087908223628453,1.1689036763528018,0.3499020531376792,,0.9056661836624212,,0.3332730178715175,0.9451778901858467,0.4296056168446315,0.5472921093054448,1.0233226117857177,0.3980845775670554,0.4900135456821342,0.5371182438862954,0.3579348820566038,0.30401216967322287
2024-12-12,0.2189429337021426,0.4883779049779966,0.4161198090769233,0.4465647655306635,,0.5539071023591516,0.2618910899777353,1.3029410860867354,0.7640707814455656,0.3525165106371776,0.4715098470417216,0.2257525887205218,0.4102034213439824,0.5472824330648791,0.9333561458050884,1.2293891671811674,1.242142275346071,0.3566305157036315,,0.8798102264939347,0.540923362500525,0.3183693937338363,1.0464303611126595,0.4755946065007529,0.5402149244531705,1.1432316659919326,0.4187667736446833,0.4430714317579061,0.5317049069806342,0.323936482025892,0.29253829313027224
2024-12-13,0.2046499144403747,0.4760634127998613,0.4284579472563483,0.4281846621925324,,0.543791000016299,0.2593839308434587,1.3298054331088598,0.7836400068704568,0.3418515998859588,0.5213051264391135,0.2240297267670443,0.4146851454025497,0.5512121550219798,,1.3203525163443095,1.2121385658642203,0.3528204998665218,0.6886118838177481,0.8736003982178032,,0.3155551931694043,1.0670028169323285,0.4556432949725897,0.5444225650655684,1.1142143911673426,0.3885071628760734,0.4660408278507852,0.5147054233370373,0.3073231785290217,0.28184327917829666
2024-12-23,0.4624178578187772,0.3265211338798268,0.4436597110133828,0.4192252217693025,0.3446705567546704,0.4965834534032516,0.2618491832261229,1.2762981471544146,,0.3435803771408467,0.2927459445178578,0.2430360426213906,0.4634887355262712,0.5319217403474243,0.4509956444786299,,0.5075314875904837,0.3500151065207756,,0.6235533762897724,0.295491610723788,0.2689657892868845,0.7320640374862346,0.4729808177156747,0.5963858444452761,0.83112893437354,0.4187746790895379,0.3582665089477941,0.3721081692209751,0.2650769046001389,0.27432887669496964
2024-12-24,0.4725343587007092,0.3196157291427348,0.4380090836506132,0.4115242756132739,0.381924754249866,0.511623524142139,0.2417405545338709,1.3026646637807486,0.319429570838554,0.3457117799697923,0.2805493123088138,0.2491001154835688,0.4267504810266971,0.5398483758551305,0.4552936110030514,0.6923460578399827,,0.3321455367507098,0.2820400997161392,0.6369028632783541,0.2707207097706747,0.2964390569195678,0.7305800993454713,0.4872543249091317,0.6142978815777178,0.8347553186667392,0.4500120555531005,0.3698444575603911,0.3643008211280084,0.2434959027974174,0.2756326264654901
2024-12-26,0.5398517750590055,0.3253604864033432,0.4154847466870989,0.4144550011695027,,0.5585708588570379,0.2519688271578292,1.3665406594223282,0.3296283976252263,0.3605463520955758,0.2944021226268693,0.2560067405914206,0.4525669521106149,0.5750145781720081,0.4661581969951063,,0.5332519192194697,0.3549094674157177,,0.7250716449884209,0.2926008901267559,0.3151120740301302,0.7995030094161005,0.4955706213469566,0.6562117084718796,0.8655588516912411,0.4512895660042234,0.3540596428837989,0.3650422052573084,0.24572305566837,0.2916118948249643
2024-12-27,0.4249681273268783,0.2844600565168368,0.4273244878169365,0.4001833799621622,0.4123350959209969,0.5341084534723447,0.2566591335196015,1.405612815932478,0.333387716673356,0.3632409092997993,0.2870121427468757,0.2569995252918302,0.4401237167071797,0.5722482964642313,0.4646433305108937,0.7942328083338969,0.522744347164988,0.3515409221841237,,0.700147170863333,0.2933225568158148,0.3083090288766653,0.8206297932583583,0.4957430109128461,0.6605003493456131,0.8741340659674254,0.444506975362468,0.3871401349012349,0.3814251163191672,,0.2735706374185523
2024-12-30,0.4875293815228286,0.2794365939677593,0.4477911453282398,0.405730729036684,0.3784992415993813,0.5178014216540701,0.2591657846911574,1.452077570404822,0.349067156356495,0.3813176473080916,0.2959503387623796,0.248423044148681,0.4984051196163641,0.6317282798970804,,0.7126631959007245,0.4735471549446365,0.3685298624458037,0.3070659019600022,0.7133524026436489,0.3020895297937433,0.2868508979497508,0.7965677124975455,0.4769277850728131,0.6342655570682615,,0.4537764147698681,,0.390632984244098,,0.2674312639919558
2024-12-31,0.458597458806817,,0.4433954964645955,0.4122590440013814,0.3933391874442334,0.5351737034494933,0.2662347208817003,,0.3507366892067089,0.3851235784893465,0.2931279203087708,0.2553957184564483,0.4416425692366169,0.6268861002777495,,0.8099964585822893,0.5223741026373284,0.3654090599499228,0.3089478517068377,0.6520623074039832,0.298558566857064,0.2884728393736496,0.8502931454369544,0.5380115559201696,0.6413245621772966,0.8448866725775127,0.4811909406400395,0.3528621167062431,0.4156147314471005,,0.26020387542074513
2025-01-02,0.4096405649693151,,0.4590522258324419,0.3993776035158255,,0.5667188607229926,0.2695656890798634,1.7018578492807783,0.3751232523587534,0.4081275343183347,0.3077843342506188,0.2581384698281827,0.5131222316296213,0.6430615581676136,0.4966556828465079,0.8562928989116637,,0.3681504784256476,,0.7075299581646259,,0.2849172630520962,0.9008785088835182,,0.7445805105139437,0.6996157175005697,0.4641932047064834,,0.4634042487229885,,0.2669835764698661
2025-01-03,0.3948980284562592,0.2568558540150231,0.4511998023336666,0.4155436952055585,0.4045106464428398,0.6177519626596085,0.2485716520540275,1.743328675143585,0.3540294574463274,0.4090645207665409,0.3022089032286651,0.2379629670299291,0.520584844740731,0.7000339172058254,,0.7652821292908438,0.5564674163869494,0.3337998079432077,,0.7513841015943318,0.2879263265786676,0.2868161391104796,,0.5372081807465311,0.7942312318650333,0.6714328463015137,0.4912974917856393,0.3494359797301901,0.4781814932358099,,0.27372597135818505
2025-01-06,0.4783284988911297,0.325753128672317,0.5538120310138692,0.4360689418067816,0.4370933067401668,0.6443685466005792,0.2703445632499998,1.8714128798942864,0.4161882443928636,0.4828479483773625,0.3188726669801819,0.2447078171956591,0.6067694053112817,0.7906761541446587,0.5221101602559127,0.921908586525067,0.5436913182246512,0.3200129245394347,,0.7250041529430568,,0.3361653292381684,0.7771620763184521,0.5082375929851696,0.8507843988867116,,0.5355688895948468,,0.5024491484164555,,0.3094573293968941
2025-01-07,0.2566028730778918,0.311932218932665,0.476366419239068,0.4023265691651193,0.4549477949317915,0.7109826668805573,0.2726547099344309,0.4765018358198408,0.4339004786749341,0.501471294387675,0.3762728116298944,0.2185241713147791,0.3798586549082868,0.637566098437876,0.6461411054571975,0.8117075675907104,0.6602887433149308,0.3580322238302435,,0.7568380622330901,,0.329338325235567,0.7871325723876273,0.5253244258055574,0.3049907057153974,0.7080527641698611,0.5936509834802253,0.4040458654263074,0.5953919706101654,0.2997320269871422,0.22255162333675077
2025-01-08,0.2546063984492333,0.3158899793548664,0.4514517155259218,0.4016525364433636,0.5054809333105923,0.7392227436828596,0.2649912985302763,0.483392038275184,0.4334080744774797,0.5035290871984645,0.38409548002997,0.2229525584248179,0.4275310957026249,0.6782575711198727,0.5134286648517163,0.7787859007553645,0.3358419823824753,0.3453409898015227,0.3179239505725189,0.7848371267886584,0.3684803844044763,0.3666925768043775,0.9011718484840058,0.6074980342524167,0.2983397015917569,0.7984978134264773,0.5362888404815436,0.4315980646144744,0.6340408856892472,0.301327814489315,0.22172472573198382
2025-01-10,0.2595451114697195,0.3124853715939229,0.439533156752354,0.3649263021132658,0.4916080755427077,,0.271997693576982,0.4791579824799861,0.4407250691751966,0.5401341074861257,0.3657943082952449,0.2270670376783059,0.42432194318536,0.7002343481930546,0.5571161573410298,0.8031277257907088,0.3404725957572948,0.3430450213854966,,0.6817688785957735,,0.4753319102075536,0.8514879637383935,0.6214335661438031,0.7905736049953531,,0.5622531075951029,0.442152024377334,0.8565103768749314,0.3076721993820097,0.2026978720416947
2025-01-13,0.2616680561233487,,0.4660385961403435,,,,,0.4975441334384812,,,0.3739046455247609,0.2330980935598287,0.3945240699620601,0.8023048431376477,,0.8473099440904083,0.3588174788831353,,,,,,,,0.303123557779701,,,0.457575366922362,,0.3236889590056423,0.21907392590252361
2025-01-14,0.2587428793340705,,0.435509924843128,,,,,0.5059866701974342,,,0.3945885305022211,0.2328666612577286,0.4382176367587162,0.8185970561041124,,0.8019175087442253,0.354120787374575,,,,,,,,0.294460339648672,,,0.494713246397626,,0.3310213784193281,0.23294591444824284
2025-01-15,0.2439235567446836,,0.4121899601310926,,,,,0.4863723614108494,,,0.4306710431007296,0.2192076169046939,0.3957775760490143,0.8207537073182549,,0.8645307182053862,0.3419292758699723,,,,,,,,0.2896026317350589,,,0.5550231786971587,,0.3350880032504442,
2025-01-16,0.2683711456229847,,0.4037396086672651,,,,,0.5177155277926763,,,0.4142782037238759,0.2163935069056758,0.4397879822254493,0.6532316874564813,,0.8358793469029355,0.3412750313571386,,,,,,,,0.2866199961437483,,,0.5899311440009938,,0.3664017309738722,0.24278738131118988
2025-01-17,0.2553634704979896,,0.3813376848916724,,,,,0.564804308235907,,,0.4117561209320267,0.2137374771426765,0.3926162031641299,0.6606218093739131,,0.8106248474860955,0.3423202261721549,,,,,,,,0.2846900845662712,,,0.5867866825194873,,0.3579536401380205,0.25556158547804797
2025-01-21,0.2871292947833758,,0.3923875498921155,0.3861464318314577,0.372478467057546,,0.3575379373602558,0.5744731748742994,0.3406414681582187,0.4066638416531979,0.4723010625036756,,,0.7670832661848995,,0.838971116696494,0.358242360556472,0.3339386419681364,,0.6995675089272908,,0.3354873825520179,,,0.3020980707583,,0.4761613343977943,0.6876034921187123,,0.4135546452774978,0.3040559528010213
2025-01-22,0.3039863048804581,,0.4047416819688829,0.4181285433604073,0.3997925697881105,,0.3728131324039904,,0.3404963591292339,0.4081964915478274,0.5088933997252294,0.2199089763622201,0.4664503234797955,0.7282749587383601,0.2044559195567525,0.7960757947923535,0.3642723994441237,0.353251443296577,,0.693321220304857,0.3477211160591923,0.3419479610500439,,,0.3042751676914276,0.3819589673980263,0.4285044699776685,0.6392106876792113,,0.4015905926434076,0.31271020957550866
2025-01-23,0.3031824993737207,,0.392640496521723,0.4179443561808907,0.4344354555281791,,0.3681748541167889,0.5969868967069805,0.3747501079784772,0.4242908950073519,0.5062663101259741,0.2292102948575844,0.4005775062258019,0.8478858742081677,0.2090960451415261,0.8312477898185885,0.3746599739290276,0.3569229066520074,,0.7438710064574254,0.3923430048756463,0.3501120649839085,,,0.317181315322095,0.3893005165469478,0.48191494178037,0.6689550234953329,,0.4116022382363475,0.34169603249437536
2025-01-24,0.3111244740605349,,0.4037364450922255,0.4227177198567607,0.404493069320709,,0.3665586792754379,0.5833055545628628,0.3537683934906545,0.420945471963279,0.4521218741138407,0.2296040311046426,0.3734121812256392,0.8631602356037984,,0.8042988491095497,0.374457101459578,0.3273313218690802,,0.6967996698889635,0.4417619531130733,0.3626106219102802,,,0.315177727375214,0.3833126974408357,0.4725362983100888,0.6880235979929725,,0.4108586046053707,0.3258123620756067
2025-01-27,0.3217484923815263,,0.6234582348243666,0.536311167361299,0.4151496480841293,,0.4169928830054884,0.6951334313220001,0.3976801849935107,0.4406685727300223,0.4619336214484285,0.2549833952646513,0.522032374621258,0.9464409808456148,0.2341795952658147,0.8917553334291919,0.4119051420673923,0.3897519024373324,,0.7806232099578719,0.4921154434699183,0.4148517642423723,,,0.3418602134512293,0.4555478811694538,0.5057833244705996,0.800266064623676,,0.4731174716384001,0.38721513432057314
2025-01-28,0.3244834094896919,,,0.6376270871059602,0.4067902115538341,,0.4300915366884577,0.6961088407991883,0.4088707567959392,0.4627119275720521,0.4770876637128552,0.2664445234739037,0.5180682602219621,0.9631358352148688,,0.9255347467822366,0.4185520707609437,0.3260213053729092,,0.713104259364316,0.4602427579930631,0.4289446927168577,0.4200791062610573,,0.3667369080947595,0.4289536461961789,0.5166416770453497,0.7837158360399639,,0.5053799247526749,0.3939721562603185
2025-01-29,0.3249036946486806,,0.5633705197078063,0.650882808268565,0.4489377968449516,,0.4572640648494681,0.7379345112117192,0.4095841401632776,0.4682369209284944,0.4867612727928204,0.259342100569256,0.5633002379876556,0.9767832964845063,,1.031966691883114,0.4056529335868134,0.3138222642866963,,0.7436333372687705,0.4735753407700014,0.4381339642707513,0.3859821788768721,,0.3660300455182536,,0.5427993319308515,0.7537140676066898,,0.4784814508757202,0.4164360550011221
2025-01-30,0.3217420958198034,,0.5794424221395967,0.5420765977659028,0.4374446633577917,,0.43257608528232,0.5844770929711706,0.4374253677519912,0.5051272230095346,0.5036030605286418,0.2722220891481249,0.5118967444840306,1.0273046280946354,,1.041142964788788,0.4380345742117743,0.2992489042192012,,0.7974816374804071,0.5499802788903946,0.4635030205597235,0.4221279788448949,0.292369567256774,0.3761687016994608,0.6832563355199724,0.55310897046318,0.7825811577197549,,0.4470786498449288,0.42161335239581205
2025-01-31,0.2444214813865182,,0.6255512368213061,0.509043590395513,0.440107741373841,,0.4329643506332785,0.5892010401612213,0.4314962311603395,0.48471126925813,0.5109851979313809,0.2183920857041064,0.4768081516656088,1.0734824849148883,0.2292169250770388,1.035916952434617,0.4577580029407861,0.3048807232140608,,0.796507340379271,0.5263463176718548,0.4542928725079406,,0.3011248165745596,0.3712879147461664,0.5717958488904794,0.5727923812205925,0.7667824359281497,,0.4156857518491735,0.3905417210176811
2025-02-03,0.2725353071919168,,0.6138109914951282,0.5577063260434624,0.5027131392326046,,0.4786022837896347,0.7191604708292788,0.4600355064367287,0.5021291074417323,0.555483052842309,0.2490877655209267,0.4855167111132837,1.2193692948589347,0.2446574260987552,1.1350884146682998,0.5195103576920349,0.3242848144430797,,0.8772105745271807,0.4664617507969791,0.5289713267667447,0.5027143653973374,,0.4123185568658153,0.590036361328086,0.6049597558201224,0.8014372701202858,,0.4356457255545392,0.4169508441375131
2025-02-04,0.2435353907088982,,0.5481400322416039,0.6082284109815074,0.4937273934481143,0.5753398429152835,0.4821781144779427,0.7176041853526877,0.4791971058010575,0.47408846687664,0.5466839715215827,0.2393808895407879,0.5711998576251606,1.2094903206926575,,0.7532993972669088,0.5293732922564879,0.3080788874909214,0.4247571234352293,0.9035562148079288,0.5741882647075145,0.5641563242878407,0.4770346623920482,,0.4024252840671175,0.6132891166021406,0.5331051101696249,0.8492365292541341,0.3529178484294485,0.4049065688792421,0.42035917915565013
2025-02-05,0.2393073405996179,,0.4887741433083252,0.6266796833872916,0.5505092747891276,0.5465096229182026,0.4931614882853257,0.781496028350095,0.5813464966534307,0.6094649119967831,0.5872629729108444,0.2511763260885075,0.5505474737808119,0.4905820018020826,0.2609755633865543,0.7299916087593825,0.6981188248192888,0.2999727262350797,0.4096880388051916,0.9132980960570264,0.6134021109785069,0.6292673228954012,0.5420777149251435,,0.413218661060085,0.5288260653646051,0.3954562331682932,0.76776735803439,0.3517374404851377,0.3774407926422576,0.4734323165984023
2025-02-06,0.2216684360789597,,0.6137329322837479,0.5352249568553912,0.5467067311295839,0.4781580621226202,0.3865386863130642,0.4590400236078494,0.6336029517285187,0.6463177901653081,0.6008296810406761,0.2482467027064878,0.2894660970380321,0.4725488056975206,,0.6245479016927822,0.5308556780010805,0.2984108444089312,0.434081066256446,0.6121540732799385,0.6079797238725604,0.5699215202230837,0.4174654950581006,,0.4346899563108237,0.4345150752982707,0.4306553224122877,0.7875491789398281,0.3407416391709483,0.3889829049245665,0.3676563146197194
2025-02-07,0.2472429525825343,,0.6368331221855749,0.469776452892181,0.5632816677641546,0.4840772550005879,0.3360018669532615,0.4556297877076066,0.6525248824292269,0.6451822217946913,0.6015570184066642,0.2536785211761986,0.5615107230381604,0.4679057907651302,,0.6340627472531238,0.455692302797327,0.2983981000171572,0.4380638600339312,0.4766950412961707,0.5122415006318174,0.5083435095932937,0.4076092614810451,,0.4599252226592001,,0.4016504900065442,0.7410677821116948,0.3528607277914392,0.3792149660521321,0.36165311175305576
2025-02-10,0.2484695098843753,0.3460625521562346,0.6134197320038102,0.537881632748241,0.6640555337164415,0.4744923007350679,0.3550427642018034,0.4679033860633814,0.6176203313698864,0.6445650698108488,0.5945397022286554,0.3042185349995998,0.256386270658103,0.4834154172294811,0.2414060104513659,0.5965879468779176,0.5391933797607353,0.3071820231294503,0.4364407710814955,,0.5716181387317109,0.5920284487090154,0.4381466641289585,0.3655780387175621,0.6105113522915728,0.4288194881045924,0.3968158142755655,0.8146462477897078,0.3873848681655304,0.3752214064267279,0.38315375209965447
2025-02-11,0.2408501439975407,0.3582018299582267,0.6137389927711551,0.5356603353340714,0.657698121038683,0.5172473225481348,0.3510546984181297,0.4961287049513364,0.6569785699564984,0.6424461903324127,0.5803768661484623,0.2960458952642541,0.2511533555789517,0.4938268883898092,0.2699009469108323,0.6230814163750464,0.5961239813407805,0.3118001125273938,0.4374273508720901,,0.5917282604579727,0.6007466624529129,0.4120651766710951,0.360284708441362,0.6678300821108873,0.4408564561869506,0.3866324010457865,0.8268991865724643,0.4088677601371207,0.3812597914072884,0.39830068240419036
2025-02-12,0.2339041636167519,0.3395109730122667,0.6093912619773593,0.5513791936517107,0.6708218150598044,0.5363435655386818,0.3400242818063451,0.5084483563919543,0.6936558975810672,0.6424017514376126,0.5565973408670921,0.3034018504713028,0.2522703734463082,0.4890480807033781,0.2611546646769467,0.5808008588227366,0.5496126745444845,0.3073542329481231,0.4045071824350048,0.5325766501137105,0.609904469816375,0.6458427221422581,0.4325341096001535,0.4591858117242276,0.6790868720858922,0.4683428450193717,0.408752591105095,0.7846305504761116,0.382114602312973,0.3649387909462906,0.3882719566888774
2025-02-13,0.243348008215061,0.3394295633150559,0.6237501096378569,0.6340535333045593,0.5582914236427854,0.5761298019098549,0.3286441052080232,0.5545684587335326,0.6895607599153324,0.6493034498866621,0.6077002255930763,0.3905683679078953,0.2612293560326374,0.4959040477048754,0.3114168594509088,,0.615841950641294,0.3149369019180331,0.4011321306916839,0.5984591390718889,0.628446200371094,0.6583555451478679,0.4831789701304727,0.5540011800037103,0.7463616570745774,,0.415343812818538,0.8239076898670259,0.4006271455791306,0.4084351335971969,0.41225272875903113
2025-02-14,0.2478066416311307,0.3160930022951816,0.5913254429252717,0.5879540683860475,0.7172403012904159,0.5817470738876692,0.3201961667710464,0.5701422213605634,0.6911099224399266,0.7163512596732792,0.7416677147833124,0.3746714526154997,0.2367160104276922,0.4618852985409856,0.2667518301881016,0.4650531410980702,0.5046032224507385,0.2675880838161391,0.4051089362880823,0.4912203696444991,0.6309349210436987,0.6130501299312009,,0.5078586444171034,0.7502565519985201,0.4540476677023542,0.4622800832926657,0.8273633112120216,0.4080462213344281,0.3703605846630662,0.399236848769707
2025-02-27,0.4320164438404124,,0.6949715436824123,,0.6534997296747568,0.6226615194411167,0.3820694444850953,1.041081193190117,0.6630274433205763,0.6402594262433465,0.5834501238652744,0.3866497858378606,0.3478639227677579,0.4073625092504023,0.4209659035360702,0.5357857244678524,0.4574916644684894,0.349934174009562,0.4163208835013369,0.5314969687186777,0.4369672118333293,0.5753682084904367,0.6178116149824598,0.6046175150708858,0.4318753439806557,1.1099863608675218,0.6174039180565314,0.8430093544198226,0.5200189843642671,0.4526537311950784,0.41150989389051035
2025-02-28,0.453311884750514,,0.5877344115330038,,0.6212140756986209,0.6278688474447842,0.315308119734019,0.947154123166985,0.7325431297642679,0.7308214987456333,0.6005047633937356,0.4524048285865546,0.3966932558559418,0.391512392280929,0.4711234987616722,,0.4565748819214191,0.3176975744041194,0.4087643985055768,0.5358214378863587,0.4981850586698989,0.6404736537953976,,0.6875718056984732,0.3888935111196085,1.0372175275470157,0.7099912050537366,0.9000446661940888,0.5435960269044824,0.4966393925346946,0.43876860174037513
2025-03-03,0.4706122810474404,,0.6936220029974578,,0.7851648844675628,0.6571948306675317,0.3883948423623249,1.1630777295762116,0.7552084854827855,0.692211423763418,0.608987874130162,0.4664692802056104,0.4790584842545981,0.4063080182731056,0.568627588933835,0.670487030497425,0.5167480817700406,0.3611306439736542,0.4263053721079067,0.5927104933564781,0.4856209804807059,0.7302048980659377,0.7377106460576354,0.814914869764902,0.4071149115190783,1.143341597933497,0.7732675299084611,0.8919868554204627,0.4987844039363754,0.485104607796772,0.45589339750506824
2025-03-04,0.4713647282053531,,0.714453258607778,,0.7500043130144046,0.7394154458539298,0.4069199576105644,,0.6413423135616123,0.6411550906130529,0.5660189626190105,0.4192793174181297,0.4151871225411137,0.4437098631773585,0.5508354570487333,0.6128324015390727,0.5792222280373557,0.4119575974069128,0.4290417513278514,0.5522206188858351,0.4208951493475707,0.6529070590585899,0.7015353483297547,,0.4409941601233102,1.088487212368122,0.6235734909297148,0.8635115823808371,0.4970526402997605,0.5128574080830224,0.44206887861399535
2025-03-05,0.4549547057978348,,0.682680322228389,,0.821142615340575,0.680690896870326,0.3880174002238024,1.1340234106248226,0.6430191808974574,0.6653426057340375,0.5840314806288709,0.397251446411839,0.4032299129862436,0.4208873094922026,0.5145619495223086,,0.621533809522138,0.3738992804766389,0.449889159445187,0.574665476307345,0.429165134848162,0.5839971710701072,0.8252834703819351,0.6185121111487132,0.4779162722063564,1.1171170266574502,0.7372939864985782,0.9410260822921712,0.4802998928215214,0.5561229962821145,0.44633510362204504
2025-03-06,0.477034970760269,,0.6851587072360026,,0.7565464693594688,0.7013073513380821,0.4218258052164628,1.3057160885443968,0.6305187385153066,0.6097852559027113,0.5376143639465861,0.3973802816752131,0.4601719834568633,0.4627175010809184,0.5894264562789475,0.7221324191671429,0.6826944379393578,0.4292640734550993,0.5146017372324332,0.6511844326187508,0.4379036667295297,0.6313515781219005,0.7935298615202858,0.7545562253810629,0.5138167551933609,1.1647653436078227,0.568794808861685,0.9209756824615184,0.5338960974522878,0.5888462791779294,0.4612858906675049
2025-03-07,0.5079112400505174,,0.6492845633663039,,0.7186655273909777,0.9357029276134788,0.3954604544000225,1.6560804320370257,0.5669249348257188,0.5599596284063932,0.507383542346759,0.3638780727477617,0.4471018721550845,0.4647052603123496,0.5946861441671277,0.803596944064036,0.8153601741789701,,0.5658185501226729,0.7195528590415583,0.4257190586589324,0.505923939430931,0.8504840803007785,0.81765450907534,0.7100907637340863,1.0452890009726763,0.5344952057828933,0.8451708742758984,0.6115200931891,0.6427061049021958,0.45151423555609405
2025-03-10,0.5167536648299638,,0.7516588005789417,,0.8175196190056864,0.9810279424619112,0.4914284189671246,1.945803404085423,0.5820549117602022,0.5888271145082302,0.5561457297491536,0.431199684309731,0.5894345131282319,,0.7228182893950602,0.9802845128645936,0.9523844638578894,,0.6293382335289203,0.7884851762064545,0.5562811621955934,0.5334559460797342,1.0073038088322186,0.9726822635122326,0.7104188526171926,1.3146351557918636,0.6194693751845548,0.958085258697409,0.7502490606605214,0.6854551454970618,0.4595440067635486
2025-03-11,0.453261040050826,,0.7277537021915793,,0.673100223062149,0.8916021600980634,0.4656844695273321,1.49549294553142,0.5420196070480277,0.5740248780404001,0.5019546609884527,0.4062185601323368,0.5354904721247621,,0.6720460631546217,0.9174697217054032,0.8187194211599751,0.5140621177954171,0.5986228197073397,0.7617505300099201,0.571972645312087,0.5011569712593238,0.9161312482432852,,0.5837211501427734,1.1948149520344975,0.497282906163086,0.9284707678381828,0.6592404843903563,0.6711883278102638,0.44445887619187835
2025-03-12,0.4123927479516837,,0.6928139068876867,,0.6717299174885012,0.8908344575862733,0.4146275781804304,1.4359907332064477,0.486277081259745,0.5276450383017903,0.4849381330644061,0.3624442143980008,0.4608117780404482,0.4898139308521442,0.5601283572593212,0.8484328520506873,0.7565875354035696,0.453916659960059,0.5474795214318676,0.6591703112055892,0.5914534831387944,0.4295970414029942,0.7968982309089467,0.8145254203054089,0.4780710715840452,1.384876109533137,0.4790052651270569,0.8675173326893179,0.60933152313474,0.5980781328802919,0.3900280389364367
2025-03-13,0.3995718647847105,0.3657565642627671,0.6721222171770734,,0.6582048045383868,0.80871971525403,0.4134210314610351,1.7125574821344194,0.4708327891793666,0.4962129006563914,0.4641558177406314,0.351913769177018,0.5219369565573021,0.5052542713461773,0.633219312039088,0.996561707965958,0.7912131872812825,0.4515329057185733,0.5256979941907294,0.6789684517882452,0.5011695886324693,0.4229180411380192,0.8761949124671107,0.8200130683017942,0.4611685431860546,1.4715115065148667,0.444899881417379,0.6818353441779172,0.6535047647144172,0.5426853684119101,0.378946422532258
2025-03-14,0.3416816866588995,0.3511053087001842,0.6121729938713225,,0.7259606055411173,0.9308809139985852,0.3540672264351304,1.713626055935735,0.4630871660662757,0.4868840917066175,0.4715138547677776,0.3193213426519911,0.6589999997585536,0.4740062505306611,0.6338730232115476,1.0663423879541345,0.8088142398424752,0.376572165933735,0.5382623921583529,0.7585262857883583,0.5666002501480011,0.3842568348377903,0.8647434682569243,0.7149201203506351,0.4637641052084045,1.2434683146032537,0.4440363846314831,0.7127171002462822,0.7479220104032425,0.4847462635894888,0.38111167415020547
2025-04-01,0.3560361944764775,0.2763052342535507,,,,,0.3539461179016373,,,0.3592578799809958,,,0.301586611999928,,,,,,0.3384570103076715,,0.3943739838505757,,,0.3501203099123217,0.3480618339904595,,,,,0.3051770818173671,
2025-04-02,0.3590030338865432,0.2760531865692741,,,,,0.3613603188807812,,,0.3678613399449394,,,0.3058858316535718,,,,,,0.3309374911974098,,0.3959866222734624,,,0.3331713895327377,0.3287755410973312,,,,,0.2953368660573782,
2025-04-03,0.3941272213984826,,,,,,0.4090468128361951,,,,,,0.3341093890522776,,,,,,0.3836674156706066,,0.4031363568958108,,,0.4076461158164171,0.3886509413719922,,,,,0.3390663648763082,
2025-04-04,0.4413909468277808,,,,,,0.4675209094844863,,,,,,0.3671744440365581,,,,,,,,,,,0.3786346663232592,0.4041355783999853,,,,,,
2025-04-07,0.4713651266099755,,,,,,0.4810026676097422,,,,,,,,,,,,,,0.5523591783775968,,,0.3879788205732104,0.4106310837879727,,,,,,
2025-04-09,0.4051586609794591,0.2836099950533915,0.4616827967964265,,,,0.3931305242435254,,,,,,,,,,,,,,,,,0.3669514566167915,0.3329215002715368,,,,,,
2025-04-10,0.4663483903201477,0.321678574647698,,,,,0.4420803480536443,,,,,,,,,,,,,,0.5156282556313884,,,0.4156602680516508,0.398884918690329,,,,,,
2025-04-11,0.4577735105032975,0.2951352657986086,,,,,0.4230960536569971,,,,,,,,,,,,,,0.4959067502015689,,,0.4178284484529055,0.3928076551654038,,,,,,
2025-04-14,0.4389729954884134,0.2866926061709621,,,,,0.4071314366825329,,,,,,,,,,,,,,0.465817881809258,,,0.4406058159902929,0.4224196542629736,,,,,,
2025-04-15,0.3843023334496979,0.2787758144112995,,,,,0.3896856662518196,,,,,,,,,,,,,,0.4473754588553736,,,0.4355418447404923,0.3903819420365111,,,,,,
2025-04-16,0.3978101520334771,,,,,,0.4183154194945763,,,,,,,,,,,,,,0.4488380080535419,,,0.4259135608624594,0.3949808280189908,,,,,,
2025-04-17,0.3864777375836727,,,,,,0.4065561124815333,,,,,,,,,,,,,,0.4516111584768286,,,0.465667283179798,0.3813328496108386,,,,,,
2025-04-21,0.4227971687708628,,,,,0.5093187814737583,,0.8489044234894944,,,,,,,0.6096830677560595,0.7914755125692706,0.6531083118625721,,,,,0.4124640587440781,0.5900792051709638,0.513880895372246,0.4081253651364006,0.5888617666502943,,,0.6279189901668484,,
2025-04-22,0.4117459107362069,,,,,0.5433472441238603,0.4366126020244492,0.7802130781927824,,0.3633460957367677,,,,,0.6030776016157264,0.782124909334753,0.6818636791919933,,,0.4034262810010808,,0.4101041660305573,0.5466552446759817,0.5361507098246202,0.4617425909808045,0.6174669799484949,,0.3970546970617367,0.6735450567587399,,
2025-04-23,0.4083042565606064,,,,,,0.4342364058772811,0.7645372072436234,,0.3664793007352118,,,,,0.5122868236199787,0.7045177178969717,0.7037762034541354,,,0.3864784129087631,,0.4041617319075333,0.5519302810021072,0.4782449498457879,0.4627957147161207,0.5999921181972597,,,0.6659012925052928,,
2025-04-24,0.4028897886309464,0.3077637762041627,,,0.3929122622050797,,0.4392967202562752,0.7539500960937718,0.2949694465258565,0.353109124486882,,,,,0.564874642186913,0.7013675604190526,0.7047279609901889,,,0.4030693876589369,0.3473455706655368,0.412614091424275,0.4122720431858014,0.46266552153627,0.444586441249195,0.5480302484246801,,0.3896077002415656,0.741196302118305,,
2025-04-25,0.3897336901066399,,,,0.3743089600516033,,0.4219855542075041,,0.2741874842991508,0.3451724810822695,,,0.2639084658730994,,0.535826389953839,0.9092602967636788,0.7124276164011364,,0.3841384117308029,0.3933614375960301,0.3260630827843833,0.4002104427428734,0.3932607822027347,0.4538976764001324,0.4547285060197604,0.5359928165042509,,0.3779860680787664,0.6953972365152176,,
2025-04-28,0.4080402461460083,0.3306734996549955,,,0.4075084834161747,,0.4413279732093549,,0.2786330144354403,0.3554419626172805,,,,,0.6355687248543496,0.9154973578357368,0.7827483617442421,,0.407644761450677,,,0.427563140918419,0.4782560658228457,0.4983145832198956,0.4606392303536378,0.5248238384051299,,0.3826842986533235,0.806394246308227,,
2025-04-29,0.4068407757574296,0.3323456422351542,,,0.4091724485201651,0.3243763953197238,0.4426400600233047,0.8950884414813449,0.2758553618021759,0.3424190675731396,,,,,0.6174953624649471,1.071821983644361,0.8683926105660708,0.3254519241544974,0.4020119205008956,0.3933126771318179,,0.4305798955296236,0.4854693831273629,0.4809498650873615,0.4521155002891894,0.5332189302236543,,0.3897556274933741,,,
2025-04-30,0.4277802412533473,,,,,,,0.9789751973765848,0.2814151707779371,0.3530292434673762,,,,,0.6378590387729213,1.1471103003621452,0.9170425758746544,,,,,0.4564836987404053,0.4703785226864356,0.501332517348165,0.4988691853347849,,,0.3756233266988112,0.6854907578349351,,
2025-05-01,0.4377871852633729,0.2499319649651702,,0.3463135573670937,,0.335976183670376,0.4951336318406583,0.98768335524079,,0.3597663296753017,,,,,0.6087238398398176,0.9974110123884242,0.8787608524217209,0.3340202804826819,,,,0.4686930352023868,0.4476488443574985,0.4626628026005596,,0.512499946094678,,0.3910491046057904,0.7701214641784666,,
2025-05-02,0.3189727689610254,0.2436143176091531,0.4486739495507236,0.3380449840664496,0.426288623032495,0.3223939767235985,0.3047260447454188,1.0861724583353234,0.2941260329824486,0.3391559165108803,,,0.3150811334468688,,0.6605684778230301,1.075987467035025,0.7611686197946274,0.3268670248442127,0.2938557933786744,0.4124748435486458,0.3291245651664231,0.4680870064527031,,0.4736682493027073,0.3587319415955375,0.5572566887599532,,0.3966357414289612,0.7775350586266906,0.296650232333606,
2025-05-05,0.3568765750911529,0.2613761338399896,0.4782997701959284,0.3715224647170911,0.4899051651074633,0.3744119813314339,0.3340009510312503,1.122419457343631,0.3176385633329864,0.3687911125490334,0.3085400207439177,0.2280257446732245,0.3274886241673389,,0.7080572371555905,1.2951027390931882,0.8302884517333671,,0.3264224574791456,0.4523052393850996,0.3482891177777445,0.5279482939216411,0.461516172948393,0.5246271750572282,0.4647783417238313,0.5538533977925003,,0.4259295718924186,0.7066037148465127,0.3254636241593334,0.247791529567165
2025-05-06,0.3462621480192721,0.2515321514712738,0.4974714114038711,0.3748251813508432,0.5325066018973484,0.3822938681669796,0.2961339616753283,1.3898792556491657,0.3164040377536682,0.3783053735820952,,0.3077038235565263,0.3199516259663059,,0.7449085024150968,1.102294365731329,0.3935577493818886,0.3065054684672301,,,,0.38077278481548,,0.5348096412495156,0.5006758915247854,0.5588309421538588,,0.4612227662198228,0.7374173730921209,0.3568538864356458,0.2225881271604193
2025-05-07,0.3375650494274877,0.2542547667760321,0.5416818360592287,0.3764737188773598,0.5708379977081118,0.4083359276533596,0.2912313742975572,1.38919550760985,0.3137221940140156,0.400590605462069,,0.3061641603461245,0.3152279545720707,,0.9218784740575736,1.0475642065467972,0.4033911425358251,0.2996120765137771,,0.4876223376320829,,0.3704348907544376,,0.605655452779833,0.5188286589414757,0.609764678179067,0.287400463248713,0.4594095982971243,0.7659913984195247,0.3507416489167439,0.22836548943423685
2025-05-08,0.3343730962293548,0.2523058299938029,0.496820531530059,0.3786841580800272,0.2977464914189098,0.4192050583966544,0.2892526468408716,,0.3651808367001125,0.4108376119365184,0.3165036665147309,0.2990879623646318,0.3334796281118026,,0.8492218753183551,1.0306418843243002,0.4022066508429059,0.3154214309807958,,0.4818341085611918,,0.36012701652417,0.4907595652478546,0.5329788137617538,0.4890379014537201,0.6290196929580376,0.2788760881684837,0.4781265658642983,0.8639667974826569,0.3595735595450232,0.23188921350462147
2025-05-09,0.3227650340566174,0.2285119676207952,0.50211343785413,0.3642196166846032,0.2868814401547074,0.3693674990495125,0.2849701303719956,1.5154727740303684,0.3217175194184806,0.3952941551743087,,0.2953538371941316,0.3028509823761964,,0.8777915261747155,0.9823443478493432,0.3744551074121284,0.3086255457662888,,0.4699707992528844,,0.3604833495487154,0.4475299386107951,0.4662969138038295,0.4864031935679361,0.6147161036954982,0.2633614164289986,0.4712376369819176,0.952484513687216,0.3384378575702509,0.22473809050443913
2025-05-12,0.3180523838580062,,0.4470944843418222,,0.2923959726759356,,0.271841010173465,,,,,0.307065617952132,0.2869911524509103,,,,0.3716043980793799,0.2789049371445219,,,,0.3478082667151211,,,0.4786240555018729,,0.2728142617309969,0.5415220622678611,,0.3316743053778758,0.25213283781695944
2025-05-13,0.3252786581214293,,0.4718082187915895,,0.3071549690471425,,0.2722795684483505,,,,,0.308995534830956,0.2858434906966319,,,,0.3598720591297727,0.2964766329453854,,,,0.3526935678634169,,,0.4750431964112969,,0.2746943430125669,0.5369612229215092,,0.3485026744091964,0.23145094285681006
2025-05-14,0.3378429328963963,,0.5025663547252115,,0.3030054864509027,,0.2848213560996773,,,,,0.308314942626133,0.2817276640684316,,,,0.3554370384574159,0.3170299519176724,,,,0.3418473565853738,,,0.463535045734996,,0.2958202177837026,0.5367661741310689,,0.3362564445258376,0.23227364780501833
2025-05-15,0.324493065948627,,0.4892266750137121,,0.2758166816583938,,0.2808114777732342,,,,,0.3387231241506219,0.3277435067418459,,,,0.3706890813325257,0.3020355060125778,,,,0.2850761487461924,,,0.5211829387365827,,0.2809897260147642,0.5761265152804402,,0.3576627114058554,0.23835357302741916
2025-05-16,0.3200841467755291,,0.4831032385348361,,0.2482755476387924,,0.2679321217284789,,,,,0.3497061888675309,0.3149191952489596,,,,0.3794910797687889,0.2899605425691371,,,,0.2930389965617527,,,0.5525183749536969,,0.2736228411597522,0.5702391964044885,,0.3658420028371045,0.2527584372889116
2025-05-19,0.3249837283337151,0.196934006944341,0.4906452063661202,,0.2659733414098186,0.3396632625146812,0.2773141051988041,1.0121537947052268,0.2915659167128069,0.3070143603672821,0.3121253268830569,0.3880900515563032,0.3437556376806622,0.7667982377092278,0.3572374271064043,0.5089506547109859,0.3925943442824486,0.2818200457741251,0.2977152613875715,0.4460817279629681,0.4618338906822727,0.3014823185764326,0.5120249014071451,0.4711441618698331,0.6220124273091294,0.5273571195712407,0.2800281890835008,0.5902374561780251,0.3729570657784427,0.3949432467077817,0.27110241733096496
2025-05-20,0.3287685981557191,0.2042253640957379,0.4818224013139364,,0.2580230842495366,0.3300574252491702,0.2813524713315694,1.0295608394672453,0.2999496517779519,0.3050264877160147,0.2999960351714689,0.3807217100966497,0.3581639917884087,0.7552637061448871,0.4118483597929578,0.5270840115264085,0.3955406370400695,0.3015296930087813,0.2849623135892632,0.4551514693551675,0.5029793941817899,0.3113056525577291,0.5355983472579389,0.4690684334081718,0.5931414113678335,0.55618684810652,0.2764755087298705,0.5566739976366964,,0.3594597278500445,0.27114394375048373
2025-05-21,0.3435135971021398,0.2094560523220417,0.501182513821672,,0.2552133138944076,0.3229190138916578,0.2921815143453253,0.995355015019578,0.2927727812834134,0.3233918307005335,0.3167457164246729,0.3539606099505323,0.347283602656283,0.683501674634637,0.3647618479132903,0.5148030224326166,0.4026559700486609,0.3030975675682445,0.285463927748512,0.431553867749996,0.4265477568873358,0.2954023781618857,0.5470456678681457,0.4844315024084594,0.5816676089652171,0.4981716066712789,0.2800623176176552,0.5271728087235376,0.3714318829462583,0.3782262262182968,0.25113818867667803
2025-05-22,0.3376383906708934,0.2205091832436094,0.4956426214933959,,0.2571744769953719,0.3094258495958343,0.2928186948405776,0.9377784043844596,0.2856277442408179,0.321552487945509,0.2884471133065088,0.3629872035453986,0.3413287967893452,0.6505415280887729,0.3744592064931776,0.5317290341962746,0.4053306602881896,0.2988395547023845,0.2940990695578174,0.4454332199919903,0.4318356945198253,0.2839026447022784,0.5466060817381257,0.4598884826055854,0.5819448978746912,0.5363259682304123,0.2737498465351281,0.4995398523837236,0.3669580422881597,0.3785726429439485,0.25684166484321164
2025-05-23,0.3499406964708114,,0.4942157082173277,,0.2511221211575423,0.3150973338935945,0.3003860686015702,,0.2966919953710642,0.3261324958228549,0.3103741545735761,0.3546974298443661,0.3542649617775534,0.6215863248053289,0.3763703117963596,0.5153912682910635,0.3922284013778948,0.2923917717688214,0.2880994478980919,0.4252992222810665,0.4135988008006133,0.2996638941960462,0.5647332984796353,0.4887785997055334,0.5881759587351718,0.5213027758967993,0.2706854539438889,0.4850503365152476,0.383921381368171,0.3676832844793978,0.24915828541191162
2025-05-27,0.3350915377132948,0.2249526193792726,0.4946962660808501,,0.253667973954191,0.3208090093298138,0.282730726142963,1.0637130565211512,0.3124869354027911,0.3362033182751459,0.3140711405713777,0.3529158686225613,0.3879888282601379,0.595222063258338,0.4471167595105417,0.5227411033769014,0.430073808489934,0.2858688170619003,0.2963827418755763,0.5068185840080585,0.4779013171226701,0.312254974335012,0.6531312385075823,0.596857130992392,0.6282935708043502,0.5992022683531653,0.2795016979159947,0.5596956437292621,0.4020821444233117,0.423083149660198,0.2864954487860965
2025-05-28,0.3362395934293314,0.2088489819749299,0.5083146011024783,,0.2476127430823294,0.3118602132399308,0.2870865116081494,1.037197712477648,,0.3317666231128026,0.3204434631724779,0.403231106426016,0.3733372957041335,0.5843742837047406,0.3660745889308099,0.5294113538241623,0.4878712291638021,0.2969441857542177,0.3030790349909312,0.4958744447306791,0.4691958758843703,0.309231027024316,0.6515657989060938,0.5988244749037857,0.6100929761384545,0.5636900861516233,0.2705921393328098,0.557002401345818,0.3938293714539676,0.4027218939290928,0.27826727381957894
2025-05-29,0.332302842213118,0.1985113936537478,0.382426356407035,,0.2450445666100415,0.3004351564959753,0.2790318761645606,1.0912594897918029,0.2932407666664211,0.3170609398126197,0.3288797680595628,0.4030564957255423,0.3911167817237916,0.5757727680997066,0.4417231485795148,0.5258958968622635,0.4859507869518725,0.3085059835055771,0.2973429957500402,0.4783855468480067,0.4843785973160927,0.3012878561854709,0.6925744445468853,0.5278280652943176,0.6144161760950352,0.5593652241496978,0.2730180575359137,0.5546601861717817,0.4084182056508204,0.4272043286184673,0.2733854176420308
2025-05-30,0.3283463629889117,0.1859577846786463,0.3617274375273101,,0.236273080596093,,0.2702182728404259,1.1966905776220955,0.2936739384657328,0.3043800587703093,0.3100248978892382,0.4347605415929754,0.4140002158945242,0.5579075257644248,0.4643768814136034,0.5139250228118224,0.5039710920312767,0.2866404140580721,0.2826076520813433,0.518526373990092,0.4442946281081902,0.3284212286707066,0.7415604389361058,0.5692427318168324,0.676123317432446,0.5198485183486643,0.2699663399000142,0.5588670693981301,0.3894022543305325,0.4298959492539987,0.2804425639861786
2025-06-02,0.3353600328126491,0.2068955304904603,0.3600391805233997,,0.2684993813719524,0.3237968595519542,0.2746260453135368,1.425190094815536,0.30963501147802,0.3101021490071102,0.327101607743582,0.4483743537832129,0.4370078188151476,0.6082187482668927,0.5287591933546016,0.5075137314045147,0.5293300706044015,0.3108099533259291,0.2860735618072619,0.5275205893078546,0.4717999596989343,0.3757808579212298,0.7352802377454724,0.5760971646632553,0.6878368247554761,0.6025891035595449,0.2717776840432902,0.597250151974366,0.3877720850956439,0.4185484040342364,0.3023263635863547
2025-06-03,0.3276200321283117,0.1962684196087205,0.3556506674509009,0.3105413025995662,0.2800412899235966,0.3214558175846722,0.2733440662972581,1.3103125120577988,0.3001886154678863,0.3080095372601207,0.3382412833413444,0.4786646143403437,0.4594401548301109,0.5741385393546824,0.4888213911579833,0.5288021537213987,0.5463907000876848,0.3198371825996096,0.3125400535809183,0.5627302714794047,0.4665418514914987,0.3848182937671784,0.747804431614514,0.5775584301067785,0.7246108902987656,0.6463661952385835,0.2716531686294947,0.6706859728890154,0.4212420255919726,0.4526497086403963,0.30982665749079114
2025-06-04,0.2823098627542496,,0.3436254794637304,0.3010665160041543,0.2806081237748448,0.3182289091066794,0.2630427396957607,1.2296533793956022,0.3015639021438883,0.3032444720855271,0.3399996902230742,0.3135471083986502,0.3453432479575127,0.5643954783020747,0.2360747298039059,0.5905437609669659,0.5447955849091055,0.3032080073065136,0.3031402282164038,0.6096272182382957,0.4658791191345747,0.3852906330408777,0.5237562263242267,0.6007791208698721,0.7223270692568203,0.6759043430695216,0.2756191855103249,0.4097273384883763,0.3975630138948458,0.3340701584420999,0.3118467797934087
2025-06-05,0.2873805849395784,0.1744278191048587,0.3574552298436753,0.313768380654207,0.2908375670140725,0.3297765678064469,0.2687484598730945,0.825964571965355,0.2928973255371332,0.3088418257401685,0.3236265866335645,0.3036762660291845,0.3199719159644267,0.5223063519336764,0.2474361182772547,0.5840333908880491,0.4553769337168979,0.2800726683238456,0.304873797685594,0.59819967396823,0.3155318422679483,0.3519040922455746,0.4864225278664984,0.671671368522216,0.3818152346258015,0.6913314269492814,0.2416361106887269,0.3925686529798099,0.390893651243233,0.3020597944892164,0.32569066778291583
2025-06-06,0.2810174730397926,0.1697525002204887,0.3425541086004761,0.3320603170873901,0.3624043105772878,0.3329345003742404,0.2629944094268547,0.8767010362228019,,0.2975174629602585,0.3521167092360412,0.3118236427160976,0.3299284411732088,0.519404140480608,0.2407360519381899,0.6125865922290499,0.4586887692068829,0.2638265371210147,0.3021052997717058,0.6611857364693918,0.3004047546230783,0.3307847132772554,0.4964761048388982,0.6269690069646835,0.3658801846769501,0.7084381112992272,0.2330247689876007,0.3696664412067847,,0.3253533227571907,0.35330753924809233
2025-06-09,0.2851991096462047,0.2271667712340937,0.3571924115509008,0.3203688184820768,0.3865429320304395,0.4102000432171527,0.26526949352044,0.8988112014604192,0.3315394299036447,0.3021719189388419,0.3729585147100773,0.3130793422185451,0.3111019095651077,0.5719274664768805,0.2453378643090838,0.6154593052496788,0.4626975520010953,0.2775114823875028,0.3430720864820393,0.6881778088063143,0.3044869381996314,0.3353008921540862,0.4880535377686593,0.6928992603297356,0.3495025732685464,0.7179745891021017,0.2360344347472342,0.3790307648983818,0.4713093127600227,0.3247196772130254,0.38881671446314836
2025-06-10,0.2766767143910955,0.1749844641750135,0.3456946547427724,0.3288540634829611,0.3419433718660699,0.484849647279156,0.2638875119430758,0.9449928113251792,0.3628566761429327,0.3043693838625961,0.3621181040977406,0.3099410299414372,0.3273537372601754,0.6010921195309525,0.2677567562530014,0.8346653326617843,0.4829254832428271,0.274502260232007,0.3640808255685066,,0.2968036361526209,0.3534772909535728,0.4868975019545672,0.8244142244729745,0.3244912715301901,0.9000426696762308,0.2592763957132855,0.3920469331858985,0.5722373698781612,0.3116095026272791,0.4017927007755012
2025-06-11,0.2802987488621174,0.2346871260887963,0.331771553838,0.3146330589030905,0.3008462335020738,0.6112744209500215,0.2612300789164269,0.9231672923086164,0.3684772655856929,0.3143842109707161,0.3783183324405124,0.3391547308906877,0.2898976546838774,0.7375664554982493,0.2529143162490855,0.7539921014110337,0.4797222583467481,0.274375129433746,0.3867994773199272,0.720685364646094,0.3195847219028971,0.3168748802750471,0.4863875791357546,0.765632577592608,0.3378621476522817,0.8811047823558202,0.2663909913743461,0.3723125809394537,0.6733108914812291,0.31983227155651,0.441677607580907
2025-06-12,0.271963110525403,0.1799036871499757,0.3225600725083066,0.3191138534358907,0.3568171719949381,0.6102459603024808,0.2558780944125481,0.8811077227277094,0.3672014635175503,0.310149099132406,0.3596525334748071,0.324266286894264,0.317952156471879,0.903030933593451,0.2614792320335906,0.8838688632151046,0.4971290912821877,0.315929768249047,0.3870640395204113,0.7396410457290571,0.3025975492521093,0.288075347200055,0.5019498615096352,0.9096358369395418,0.3466243887111228,0.891481721918966,0.2619446356328429,0.3876461473493014,0.6961510628147588,0.3141459166281038,0.47451879936265606
2025-06-13,0.272628065709739,0.1864217072422085,0.3240724335192559,0.3092165267313418,,0.5608549242381996,0.2621703227848982,0.928566036949398,0.3551241552979677,0.3207729759620924,0.3304468046763647,0.2901674563360758,0.3255549059441736,0.8399213925849978,0.2631678379788577,0.9310344145237918,0.4832495262902455,0.3263988868178983,0.3678271446903091,0.7710596870792362,0.3064382780356163,0.2959813964945827,0.4596666739174179,0.7907764553726991,0.3397040218836293,,0.2637582823268879,0.3579777419696183,0.8169373727047666,0.2496944452368997,0.4038351665770984
2025-06-16,0.2645108104292158,,,0.309110909267023,,,0.2581447233952406,0.8915116587033438,,0.3190259102622965,,0.2676552010299776,0.3572108806763666,,0.2509755187928362,,0.4978669579572135,0.3086339437112412,,,0.3011006805637654,,0.4875402166824515,,0.3154476794147201,,0.2526598862496607,0.3491661188460492,,0.2545189356953938,
2025-06-17,0.2718165985504625,0.1706398347838817,,0.3197863076603052,,,0.2608111271687034,0.8218620378305728,,0.3312352101911072,,0.3083564293885247,,,0.2442071925353936,,0.4748174452009431,0.3284110954424107,,,0.3023288224929399,,0.4594344408220986,,0.2968077762651064,,0.2638330523064419,0.3411967058706112,,,
2025-06-18,0.2543610431166246,0.1735081558074725,,0.3060025630195756,,,0.2596582149735262,0.805929460435756,,0.326765239696822,,0.2906215798786244,0.3642603726257404,,0.2472264477789558,,0.4705043519028083,0.3165594315450673,,,0.3032350994543863,,0.4476322351027955,,0.2792314078110925,,0.2537403390856665,0.3289511087754326,,0.24895179397074,
2025-06-20,0.2531778863263504,,,0.3105478549639935,,,0.2599058453155317,0.7525700807465685,,0.3324940846171804,,0.266235652945615,0.3819082969640631,,0.2467349387323154,,0.5111461616924283,0.3068491529765008,,,0.3082516453432433,,0.4593553098496791,,0.2669197750173681,,0.2517013318897844,0.3388224945453358,,,
2025-06-23,0.243899522055198,0.1766415087099664,,0.3162216614591968,,0.4797359757806361,0.2488069082969177,0.9627342844769392,,0.3363891003836239,0.3363403374590754,0.2604157550018931,0.3682902069701603,0.6232434038541528,0.2330176404828837,0.4575620894145785,,0.301479508152441,,,0.3106801750756555,0.2615062238014824,0.5618850725856271,0.3272032649771674,0.2729596882845563,,0.2506244887857547,0.3712295477642182,0.526652789767682,0.2771719182801001,
2025-06-24,0.2446237572695155,0.1771387519110618,,0.3426573746905767,0.2837997544306735,0.5118919361922429,0.2402168857981712,1.0155836726260925,,0.3475863173912786,0.360810590408731,0.2705544719064464,0.3703452062133997,0.6626932189056199,0.2350109750827102,0.5043224425994087,0.3484733557422115,,,0.2877129558493603,0.3228790617089079,0.3752898095368514,0.5413025444515318,0.379381287820187,0.2860131002684197,0.5276350196324439,0.2474796317637834,0.3978630156103007,0.4563395534721972,0.2753886219910717,
2025-06-25,0.2391969046750956,0.1782644817195099,,0.3240819604164036,0.3021583465715389,0.4990321105727395,0.2413042794588965,,,0.3678075061208744,0.3606815171550151,0.262459591420021,0.3508781931465569,0.6309980062612278,0.2335838276253831,0.5153241240011303,0.3407943777803259,,,,0.3062297523020542,0.306310733564708,0.5263792303487193,0.3747853408743776,0.2588150411838704,,0.2548489509605517,0.4092404744603546,0.4541490849948136,,
2025-06-26,0.2424780229732885,0.1923659441055932,0.3271410699486505,0.3454284382533231,0.3196338102094301,0.5055826868103156,0.2519215461436735,0.9989088600052266,,0.4093429940343217,0.3729921789454399,0.2579705908982475,0.3599371475731177,0.6804287369759306,0.2384292031711939,0.4939142416519845,0.3664656314534252,0.3020033179155563,,0.308710349655616,0.3300544781132887,0.271613808156208,0.5163114589231805,0.3496452620527109,0.2577210819038891,0.570333628564949,0.2772013733133692,0.4196559618464074,0.4618645237452742,0.2704505725677664,
2025-06-27,0.2428179936839455,0.184409805667456,0.3263837413621729,0.3558098185943262,0.30348474475069,0.4728118866227456,0.2481719078804333,,,0.3983685306403785,0.4010521019531032,0.2698679769126259,,0.7031586993444778,0.2288515631930945,,0.3328103419813444,0.2762164804223958,,0.3302213893062775,0.3070388160202203,,,0.3868512995633418,0.2967704887314731,0.484970349879486,0.2851993525865129,0.4540420822637511,0.4481783697622815,,0.2079586530989915
2025-06-30,0.2732895234308776,0.1943877371999627,0.3192608633679634,0.3614573025034046,0.3491026210871014,0.5674168852303807,0.2651048504179886,1.2401453967926208,,0.4348718954658864,0.4313742690126249,0.2923281605577251,0.4129251010434086,0.8010976982925785,,0.5062522938738847,0.3441557721914683,0.2902699264958929,,0.4297460120824277,0.3480689749414411,0.3330122516577913,0.5700360890282308,0.437417697810363,0.3078208958707331,0.4331562066581219,0.3222598116550466,0.4782724108177336,0.4553259097221272,0.2852521701775193,0.2336169274373344
2025-07-01,0.2747582670632156,0.1871074660003711,0.33917534090568,0.3862518521086449,0.3525900686764418,0.561730363980106,0.2650843256636098,1.3264295661765877,0.317824629537718,0.4520081440314819,0.4512955031600236,0.285128547351513,0.4327570019222147,0.9606469258254752,,0.6199165199639989,0.4633877471250426,0.2944234987069554,,0.5536391902906644,0.3843319388894361,0.3488271685952587,0.6472977970831447,0.5054347036389699,0.3733070389018016,0.5049670066404957,0.3266036799782418,0.5431090699549976,0.5207294481431971,0.356576209890257,0.2733113257325019
2025-07-02,0.2804292477129603,0.1845590444822099,0.3431589710359936,0.4012867975449087,0.3815348594825489,0.5044656891098094,0.2639114931772766,1.3609708583041908,0.3211138262268391,0.4909855720130333,0.4946046228444355,0.2801845803314877,0.3816043106256688,0.7776046687612915,0.2836353025717956,0.7270171626197056,0.4559965954125762,0.3234092908113959,,0.5941174771536714,0.3718333067628444,0.3331018458497714,0.6486648004856935,0.4761639020341988,0.3510774808987261,0.4192753246436593,0.3272577506334428,0.2549358086581152,0.603581787675902,0.2710002479556587,0.2741646182049215
2025-07-03,0.2615412568830806,0.2498525235710925,0.3395456346807756,0.4333189531647693,0.39188865734708,0.5586788600916257,0.3275865943945423,1.389535624570032,0.3402853275466984,0.5029862441216787,0.5192429354370008,0.316505128348742,0.3170666471872324,0.807605104321332,0.2779436172201333,0.5985392487295651,0.4647670410071605,0.3183405241505558,,0.6031895661186162,0.4018657297455228,0.354184897049154,0.4000044467482656,0.4964191431048262,0.3386774818175645,0.4048733411408383,0.3351733983276652,0.2471185438715907,0.6213736567003686,0.2849481997961638,0.3081921067682626
2025-07-07,0.2830381046541453,0.2625649510802741,0.3457684958687163,0.4042183102394536,0.4302974509123611,0.663545072325741,0.3472132233883841,1.5041396797497393,0.3450876382971256,0.5291509817884702,0.5400648983203343,0.3722396651204281,0.3241756862560173,0.8555518221360497,0.3197939484053568,0.7012542936471374,0.45434067000937,0.3403531323261063,,0.625499199004717,0.4071353884287531,0.4753812781731424,0.4328408335617417,0.5562758466311927,0.383230432687801,0.4247433256093978,0.3809370754197467,0.2521146940454943,0.6840080266915277,0.3430231669990627,0.301396411988736
2025-07-08,0.2790705116644146,0.2543386544617274,0.3433597879808465,0.4484527485004422,0.4319799465949968,0.6522794494751379,0.3454507146650131,1.6096868646613989,0.3088752154069564,0.4945530725503141,0.5245176916971261,0.3600696149048255,0.3003163519551096,0.9935137339633722,0.3273537787149944,0.7228044720768697,0.4495436037703312,0.3265339812966361,,0.6478048699023521,0.4138176766810689,0.3844864960084115,0.3922215540636244,0.5316351192308989,0.3552636596435347,0.3892166440071436,0.3470583645087209,0.2534116063709925,0.98306451222778,0.3702324717817789,0.29638181117031737
2025-07-09,0.278439278857098,0.2696238763957294,0.3439797752231862,0.4366969874860443,0.4249767759482911,0.6600317696640796,0.3347162904789106,1.6253320983081243,0.3001512176482551,0.4826211874521882,0.5644134249114672,0.3818659705150102,,0.960077679406236,0.3324369462597499,0.935402527660497,0.4618123588024401,0.3265492235591331,,0.6329143572716516,0.4252106260914778,0.3716110381493321,0.3574411300265456,0.4817643781361361,0.3742182463611269,0.3719812303737576,0.3219839029093795,0.2530905559438392,1.0061160121332495,0.4097892241379016,0.3352151244803616
2025-07-10,0.2728085896189942,0.2675768211484238,0.3430989183411483,0.3955469746813927,0.4157301713794042,0.6386197521079373,0.3393755511463398,1.4547884962849595,0.3198752900769636,0.5605038119728122,0.6923203242876066,0.394844822199459,0.3129854134051625,0.9151165458328182,0.3691467043342473,0.9296395945444608,0.4731081847939832,0.3195439156706976,0.3127816534271886,0.627698449293308,0.4259320339446623,0.3200000183567781,0.4003543155010376,0.514360454644447,0.4982486422200296,0.3718742279722752,0.3374217307618332,0.2550670503139831,1.086833853967197,0.4235132025596739,0.3551529614027628
2025-07-11,0.2692523842459685,0.2622377398705125,0.344388822612924,0.370769967889781,0.3998621659514003,0.5784503818576435,0.3357143801014076,1.4752468348068573,0.3118917444696731,0.5681850253211552,0.5988484947300936,0.3319268740592432,0.3074807742638765,1.0701395383612728,0.3722081795003891,0.9899714640683906,0.4568072157416923,0.3200674499126442,0.2864819800919218,0.6196722569461908,0.4209505772932881,0.2953788540688474,0.3869015104101162,0.5576688223465177,0.55249600412756,0.3656008950305511,0.3138060181689849,0.249909593387205,1.280196905615358,,0.3335149338136697
2025-07-14,0.2819301415102107,0.2738485497185228,0.3382142119078318,0.3904254861173202,0.4170233744489789,,0.3370899144273978,,0.3351193009634848,,,,0.3251916807903015,,,,0.4820847987688253,0.3316497989673154,,0.6692677453912222,0.4635203442079327,,0.3691898335621198,,,0.375350709044635,,0.2601266277764246,,,
2025-07-15,0.2856419171164302,0.280913484516825,0.3430790455768821,0.361277956504431,0.3971252569033819,,0.3426618004077711,,0.2933661512992373,,,,0.3042640762561314,,,,0.4653552731395639,0.332911463526615,,0.6580619654962607,0.4513935842597872,,0.3537879237903334,,,0.3693448661695836,,0.2510674703832252,,,
2025-07-16,0.2843147074509575,0.2801776792574553,0.3409232007754025,0.357181922844888,0.4200712667370379,,0.3387823169397143,,0.2856314186415367,,,,,,,,0.5017769191561462,0.3223232105887874,,0.6663869821570865,0.4362018756967711,,0.3654368124056951,,,0.3719629257340268,,0.2447199825240083,,,
2025-07-17,0.2905431683578937,0.2866621653739267,0.3391183237636128,0.3838074164265187,0.4413263359510041,,0.3373862130699013,,0.3023521294480761,,,,0.2551161328648309,,,,0.5085178866909907,0.324625068081233,,0.7046667225043611,0.4155215907867668,,0.3951351820592411,,,0.36897585870886,,0.244002355951602,,,
2025-07-18,0.2868068342841698,0.2831824699840077,0.3234269728947552,0.4088815045161313,0.4430081649416288,,0.3319912597476278,,0.3044424336334899,,,,0.2860204009767197,,,,0.4870036454328413,0.3192268370820921,,0.676651556636152,0.3272723057342187,,0.4066823183642775,,,0.3535711703917905,,0.2426443715487149,,0.26998022462532,
2025-07-21,0.2943191950060939,0.2933822298599199,0.325885208071728,0.4261167884984457,0.4593089898180372,,0.3476960987935494,0.5093671137528499,0.3108417024969327,0.304960974453199,0.2803349047749288,0.3225211772361478,0.3009494993270848,0.5942439137361152,,0.491304583496118,0.4909677698593085,0.3289763715597577,0.3443139577753694,0.7255982194404403,0.3492093758232261,0.2207246067335267,0.4185550890586847,,0.3035170302174541,0.4025211898587699,0.4721211763195528,,0.4621772810625651,,0.20672794143587056
2025-07-22,0.3010453141580521,0.2984293874925403,0.3334640938138372,0.4316381912093084,0.4595575526036283,,0.3528878229407269,0.5933502392777859,0.319749560309768,0.2962841704596429,0.2933438530746308,0.3305663487060302,0.3036808728568053,0.6203207117046248,0.1965654519398117,0.5374490323743326,0.5841755221880939,0.3326855156341173,0.3608222567974933,0.7477429836887611,0.336140609605651,0.2257405378564788,0.4813670523480537,0.3482692166964879,0.326720710215221,0.4154082550504494,0.4784736323920957,0.2782594070127354,0.4697589204085315,,
2025-07-23,0.3053940681612229,0.3000478268887559,0.3314928007322846,0.5095398598859996,0.4724981480612223,,0.3587738029862284,0.5665669618353641,0.3783635585099834,0.3310137381591076,0.3053744628717343,0.3546018287732478,0.2965134574087938,0.640478952722413,0.2146426249367167,0.5735675892507681,0.6313957965343626,0.3477501931584848,0.3973366297282635,0.7951732735230004,0.3305599545084737,0.2237585255336999,0.4906543453802215,0.351427004067012,0.321872873835189,0.4469231922402848,0.5168452528293229,0.2870544119849038,0.5182569797383916,,0.22240526485106205
2025-07-24,0.3029496542665405,0.3030229013820142,0.3079300304199338,0.4930942895234598,0.5008270479207959,,0.3592723795081307,0.5847445658208665,0.3803647262087495,0.3310646760878981,0.3064071173092028,0.3559905247417276,0.307410314580848,0.6674901236626112,0.2098383584799833,0.5815304311606921,0.6295741309628945,0.3388032747945974,0.390597450823163,0.5528249221895696,0.3107702934855418,0.2292509415389335,0.4994334042626925,0.3184501166519723,,0.4281864457672459,0.515751048403472,0.2750521170658428,0.5894020060615203,,0.21763074277990535
2025-07-25,0.2938746362881433,0.3141874241940861,0.29331327704253,0.4996692100094824,0.4970477101152925,,0.3465754180781256,,0.3860271027520858,0.3412605103822371,0.3163374721132679,0.338872883543229,0.2842232151765259,0.6232251201199286,,0.5991566616944086,0.6214480921238952,0.324093221336682,0.4289440629654555,0.5536029487805778,0.3323380304610271,0.2221992332420196,0.4999580755230035,0.3246374177521215,0.3244357325828886,0.4374799308838679,0.5141109878078606,0.2603237171965532,0.5619496410200623,,0.22253341828863718
2025-07-28,0.305634491297542,0.3287661487904296,0.311621418660366,0.5379764352280085,0.5125140727130328,,0.3755356013281717,0.5520255043435266,0.4047419443143234,0.3408101236396988,0.3253640364700626,0.3509986085867926,0.2843881027192267,,0.2057324017182865,0.610924287826633,0.6187470727187666,0.3292590575931271,0.4397801734587589,0.6027779085219639,0.357075437018533,0.2374011521316625,0.5343616293727425,0.2960436751322009,0.3475920951588726,0.5528015254987678,0.5246195608973777,0.2902059036082497,0.6351748884833927,,0.2344232145378266
2025-07-29,0.3313456717242627,0.3445427682641196,0.329133357854233,0.5146294494614252,0.53292471909872,,0.388828616533121,,0.4140462537565609,0.385341762831887,0.3277094227351845,0.3879465145991721,0.2877969589608323,0.4945132950517394,0.2233031427143131,0.4818355382943599,0.6573333419813785,0.2881632144097941,0.435869360895299,0.5581837480625921,0.3604545867260565,0.2530917899968877,0.4772450847955324,0.3628926809445673,0.380445651640811,0.5319682418055603,0.5139650573183799,0.2923097855792257,0.6967268441359445,,0.22283441828962003
2025-07-30,0.3387735342702729,0.3332525794191505,0.3406045493881491,0.4891750359239211,0.5606992729827134,,0.4089349872769452,0.6164489632666476,0.4538322721966935,0.3950806490774524,0.3221409012509469,0.3035479301629068,0.302716615678127,0.4355232423318681,0.2139487546896768,0.485092701838695,0.6379690729039362,0.279051787976283,0.4644850076392889,,0.320709845697062,0.2476964596985802,0.4296884113389167,0.3390759236144949,0.3943522648398155,0.4701239911409882,0.5510449189148291,0.295167562321079,0.603478046779605,,0.2338853711016113
2025-07-31,0.3834984592391941,0.3206062096682401,0.3585059984047051,0.4839142441835612,0.5744832771875215,,0.4420694455050483,0.6837669302113456,0.436433995720994,0.3872091061103624,0.3078039723359334,0.2818443130541534,0.3186336194519482,,0.2311996704747609,0.4298124445033427,0.5976056608800864,0.2942071655647023,0.5050427032189826,0.6041703482009035,0.3453747022694619,0.2583242898118268,0.3629467468079044,0.316822074361584,0.3938035848199374,0.4537563729453661,0.5693914204442087,0.3055589001549333,0.6061961553444328,,0.20240735541047752
2025-08-01,0.3450363706117269,0.2950983995844728,0.3592704649781984,0.3858567298188449,0.5634792849922918,,0.2978620597020635,0.6781204115877014,0.3504959142061496,0.377825807205445,0.3161811765338335,0.2507937693218636,0.2948705681173817,,0.2380115823669165,0.4356326277877605,0.6373886320879075,0.2991917671061624,0.5077571171324625,0.5206986909859247,0.3288027394394504,0.26064401343254,0.3641944694806973,0.3673961482792158,0.4083155460860732,0.4724091114542243,0.5591452451938604,0.2970218119035055,0.5572888276079889,,0.19916611967854722
2025-08-04,0.3478855143893938,0.367178870674305,0.3593307447238192,0.4587754244443389,0.6748270288547114,0.825290526501703,0.3074252309010256,0.7786432317702328,0.446453928646445,0.4206270382690084,0.3099575427917319,0.2561657172642971,0.3439833314110925,,0.2730647533335261,0.4743090688323047,0.7843709264793852,0.3008032514253625,0.5651536899467131,0.690815512934486,0.3625706324534449,0.2903081324130496,0.3782694633551327,0.3975999460537484,0.4342931185987194,0.4862843181859855,0.6725260883055632,0.3268041682531047,0.5798205083720929,,0.22769230217150854
2025-08-05,0.3564774305663107,0.3375108227761361,0.3701225822552029,0.4291385276909249,0.6806801866354502,0.2858925047811841,0.2843737908752676,,0.2406605797063333,0.4218875956999514,0.3201798443793353,0.2296907083369526,0.235705733442606,,0.2798929705027763,0.3831593221242109,0.8144848569338401,0.3047119850027655,0.5063415566268169,0.7074154343172123,0.2803615739748299,0.2806175173960228,0.3765863040463633,0.3515960579102559,0.4130076199215142,0.4734894421638018,0.690041409348882,0.3645851972457163,0.3631727146574364,0.2574919092924728,0.14422538677932123
2025-08-06,0.250324666854633,0.3240264146209349,0.3492699062432112,0.4446976204565352,0.7849511660502277,0.2850343897108299,0.262652686180392,0.7252090732510206,0.2362336691036013,0.4227234049665954,0.3046005745124118,0.2297736344585018,0.2343717056916306,,0.2686651810547237,0.3756898841593087,0.4856955908000122,0.2976346092907401,0.4836331294223579,0.7235877473915835,0.2785888548885255,0.4220752610077319,0.4669634012777179,0.4205994455134877,0.4300568293996042,0.5136075153476346,0.3756336120121873,0.3730567816015944,0.3644154873285162,0.2675708916312074,0.13900904177895831
2025-08-07,0.2398146754630406,0.3176215945808285,0.3487457945498349,0.4062521158904976,0.860088535804809,0.2834352668879843,0.2514974591950044,0.9219508481766098,0.2360218744154966,0.4334276105105998,0.3334986357177902,0.2226261463932974,0.2323954437522171,,0.2834698580172622,0.3823224368824009,0.4795048533513875,0.3034701127778902,0.434531433795518,0.602476670825632,0.2766397289929995,0.4238319238755056,0.5113732073163798,0.4088756532304612,0.4420281819885449,0.4912247857852818,0.3386287580160682,0.3818552363120395,0.3633545133264777,0.2577327772114743,0.1397911092448759
2025-08-08,0.2444816147864926,0.3004599785768453,0.3408495936442358,0.3726887472370961,1.030078900421926,0.2747116665170765,0.2306050612994558,,0.2288548297878269,0.4321476905778728,0.3014886275311431,0.2241880236433482,0.2349001759266899,,0.3758037556792945,0.3760102226252503,0.5302332747838788,0.2881267804576264,0.3982369084601508,0.6389420576054712,0.2736155672097489,0.4797777010388554,0.5283422933353892,0.4003813447633823,0.3928707413992485,0.4690887076465024,0.3011377279777647,0.3883207702183585,0.378075665606624,0.2547488120280856,0.1338196606128124
2025-08-11,0.2419432126638802,,,,,0.2863700141970795,,,0.2320789826339986,,,0.2286318333470804,0.2422216359439205,,,0.3752374728813698,,0.2962138045205065,,,0.3042459474964279,,,0.489638753963396,,,,,0.3712185040489802,0.2860109446722052,0.13470606589673892
2025-08-12,0.2359851232920816,,,,,0.2863106168871288,,,0.2263286556604805,,,0.2192773998002969,,,,0.3719555342846787,,0.2757958886809422,,,0.3044100113112982,,,0.4365937669958786,,,,,0.3746218889627618,0.2962566731488122,0.13702563618052913
2025-08-13,0.2400394178072188,,,,,0.2812957224341299,,,0.2265006014432253,,,0.240222929771906,0.2347939161036111,,,0.4192099651021637,,0.3185865948025079,,,0.3163568603456207,,,0.4931946961727296,,,,,0.4033131575070625,0.3393452530129319,0.14581014043220877
2025-08-14,0.2296836399501574,,,,,0.2869256204423545,,,0.2320786614495357,,,0.2410135889002907,0.2462188357933033,,,0.4278558407692317,,0.2975797492754015,,,0.2975680643266382,,,0.3964208535519812,,,,,0.3869261409126082,0.3210408997509658,0.1549962470769905
2025-08-15,0.2259279515734538,,,,,0.2784520373586535,,,0.2262498751978425,,,0.233673452728866,0.2233749388088375,0.4613164070427475,,0.4500207043067677,,0.3136138639777587,,,0.2845068447522157,,,0.4171025068743542,,,,,0.4139319039278912,0.3145785187180204,0.14288398565279822
2025-08-18,0.2305409372136821,0.2353135044861542,0.4228258642073499,0.4796681166115258,0.2769943346307028,0.2769809088592939,0.2330307412495167,0.7903827641877055,0.2271395244619744,,,0.2346695627951411,0.2251631881325339,0.446220380371193,0.2393297382733897,0.4690522353284841,0.4062007735375305,0.2869698605572501,,0.4479750351795138,0.2927193652283423,0.2964754529688309,0.3315149866998699,0.4016711207204007,0.2947129095524349,0.5680387784814718,0.3301256355022974,0.2989028760194011,0.4051332185819335,0.3102188588285367,0.14652088038078365
2025-08-19,0.2224586317461823,0.2306962570707793,0.4418349537356112,0.4909260361715407,0.2783950619786439,0.2692967233587053,0.2353898017213137,0.8543624786463467,0.2308028920209009,,,0.2409584347841416,0.2354986403593938,0.4411626677783397,0.2803442754132495,0.4974074460403456,0.4307121275852832,0.2976534362273839,,0.4662182448718994,0.2981558162259656,0.3153574334405414,0.3856755658545386,0.4476932944277214,0.3148711542396062,0.559427799410751,0.3300715869324966,0.268559151834995,0.3781439599862121,0.331499126757215,0.15233889039758192
2025-08-20,0.2279168847386016,0.2208467176544288,0.4481010057298433,0.4892784906579605,0.2824588294293932,0.2716981344688805,0.2422406332593152,0.8051406973205701,0.2347453147568057,,,0.2442726080533002,0.2593372649338953,0.4281365964283371,0.2773868119908391,0.4850909569259297,0.4442909999163001,0.3103101883243178,,0.4583853326477125,0.3064029582972696,0.3291417400060117,0.3940885799084601,0.4693692428916907,0.3389249137826636,0.5395479952217092,0.3475318654291693,0.2553910828803393,0.3930042159405895,0.3322281816288208,0.1511530663654873
2025-08-21,0.2226588576484627,0.2259688356147745,0.4540318648851676,0.4972231949452554,0.288245195626922,0.2704993774423417,0.2451019349458596,0.8233356682006635,0.2381149266955912,,,0.2478830203545586,0.2748383729606978,0.4222492003564564,0.3061763596999652,0.538395786587532,0.4465551397073241,0.3102254166646133,,0.4844265489887626,0.3096472114723943,0.223733404725159,0.3891717985485355,0.4784489360212794,0.3488953367095336,0.5468436574092231,0.3456156150225265,0.259197959709101,0.4391234074294066,0.3325948804265687,0.15341055756250643
2025-08-22,0.2206149934319271,0.2117171990265842,0.4487007965220673,0.4829605512217375,0.2784950345373836,0.2586273364184765,0.2307061498927989,0.7512134193841041,0.2327197792098518,,,0.2511974745811457,0.2616149078343237,0.3931738175739157,0.2904443521620646,0.5576089767819518,0.4256158213396069,0.296768863477337,,0.5551839325350071,0.3168093972729675,0.2105755933497198,0.3822255003101371,0.4622156411361012,0.3418157332968706,0.5660789095750952,0.3577121790467408,0.2833379847941664,0.4805292606024283,0.4113729117861721,0.1707507226770533
2025-08-25,0.2377822937382486,0.2137300609621788,0.4665963524860692,0.5120246686757679,0.2834482737920482,0.2767974928110128,0.2361284066081498,0.8067144679165651,0.2491040971646095,,,0.2629891962415524,0.2597605638701025,0.4049776188904447,0.278800708293102,0.5333210842722379,0.4030349310683604,0.3108294685210082,,0.528806449401451,0.3188159530522967,0.2144368673569575,0.3513627065796078,0.4328468586631017,0.3412928988414312,0.7052912325326611,0.3654541856935616,0.2913983467439158,0.5032792200963054,0.3442679158664667,0.1645525984133612
2025-08-26,0.2405443162727948,0.2113075973741391,0.4767054429556364,0.5203593757593689,0.323480733666377,0.2735816974989148,0.2319094224168776,0.7809444527886692,0.2480729568834636,,,0.2693599649815646,,0.4046181637102328,0.2836387707626835,0.5315735590733265,0.4349776387670516,0.3075625665276807,,0.6020440384780105,0.3255605994717919,0.2036555867695365,0.3600422918627221,0.4345133428348179,0.3651089523671187,0.6815474680954329,0.3635361316211871,0.2699566839122924,0.4757998370613042,0.3842623745436574,0.1679234242438765
2025-08-27,0.2398118931720251,0.215416237982966,0.4735521021348973,0.5312430107831468,0.3256594627200538,0.2818195026692374,0.2340808246684499,0.8244806580631997,0.2556216734179659,,,0.273442873666772,0.2556388525900396,0.3908654097970008,0.274841514507298,0.5008110850923859,0.4152850621343482,0.2844325710992084,,0.6013809770595914,0.3247525182040938,0.2039112265944415,0.3784365399387064,0.4388233081326016,0.3428287014008623,0.673603856052739,0.3798917679110836,0.2739252813601414,0.5452516832460166,0.4020250685635724,0.17375547596297883
2025-08-28,0.2367468615290941,0.2016953140396255,0.3379450601915452,0.5263833384629804,0.3582727882275603,0.2699544428987059,0.228430821755252,0.8083706834817593,0.2436718277683456,,,0.2682684212129025,0.2317775473120948,0.387468071565987,0.2563571225468031,0.480675903903112,0.3964395229327506,0.3175331681880999,,0.62551594414666,0.3337229356959604,0.2061129273608004,0.3589776789385402,0.4230227769670537,0.3721714784536942,0.6647836048689301,0.3674250532362624,0.270306707338663,0.5584732139368399,0.3836734983156337,0.1796052017707818
2025-08-29,0.2268522623184569,0.2176378033625932,0.3372858200949116,0.5524818565734054,0.349384762515521,0.2753011197868938,0.2240299173598476,,0.2499739367032575,,,0.2757179467107623,0.2442281808131808,0.3906659627458547,0.2865830593288896,0.5119017344339211,0.4196345972394886,0.3462407661706762,,0.5684947513503733,0.316284478841798,0.1968690251803893,0.4133813079530327,0.4609243903814258,0.3752149707373106,0.5766252768854467,0.3844024693631604,0.2579514631593571,0.6042314467001819,0.3752964707910282,0.17739521679726547
2025-09-02,0.2481597922948747,0.2341307252198185,0.3532167000817449,0.6119983736980443,0.3381571841875533,0.2986272902231051,0.2394875363032512,,0.2546686447262309,0.3260827796898903,,0.2887337797372754,0.2904105782301412,0.405696003400179,0.3410552043385776,0.5150695000201825,0.4359730023513692,0.2953156688175724,,0.5830479294193922,0.3315211621933661,0.2102275146005357,0.4393537873137738,0.5169977595115425,0.452982915755957,0.594651615255837,0.4622418615604389,0.2841618949653656,0.6816174725932401,0.3937650710389329,0.18401542205393664
2025-09-03,0.2315838822379845,0.2262779062994525,0.3361174704134557,0.6460993158262074,0.3465620787927767,0.2770221661500694,0.2384993332779453,0.908215310035302,0.2591502504771555,0.3273818973073843,,0.2966737559847564,0.2955278953298517,0.4358668936440563,0.1784670522730564,0.5740048407693598,0.4331472426986221,0.373031626550631,,0.5603022284407921,0.3236716796840923,0.2225509100273707,0.4755121305182487,0.5278571204607118,0.4766073041007128,0.6270171018578843,0.4080597579552336,0.3391464290491412,0.5982285588843713,0.3750229137786289,0.16894761329728655
2025-09-04,0.2207117756676819,0.2199993873753723,0.3164596816291374,0.3284572144116226,0.3548156404860909,0.2743298285101432,0.2513623697249931,0.9963502578904272,0.2804403997053893,0.344351475980621,,0.2490464902322153,0.3283493479162764,0.4266658237775045,0.1839993625331089,0.5973620946590743,0.2804827297852038,0.3274642234751082,,0.5891426784820382,0.3417226593749595,0.2327819762463857,0.4927398424738299,0.4876058873039366,0.4997029251305007,0.6884203547809157,0.464906183324355,0.3639070870564366,0.6168324066436257,0.3641262513881709,0.1660878123152248
2025-09-05,0.2180827399401915,0.2114379728225505,0.3317540352882097,0.3351816087536507,0.3005466637117849,0.2731737414030618,0.2416294172486944,1.0368015270354147,0.2485390958506209,0.3384667447607286,,0.2354670210481328,0.3134876811833448,0.4292337565497576,0.1840100260781286,0.6060876002943469,0.2923473798982949,0.3441978529953469,,0.5687293707210519,0.339160181707123,0.2270383266019513,0.5659282973040016,0.4796378367794928,0.4561776230485929,0.609827440978844,0.4314876193885323,0.3929986174488971,0.5515213064161689,0.4006813743047845,0.15579501148778635
2025-09-08,0.2416231822651159,0.2123203987167565,0.3340043132368254,0.3743424946087973,0.3253258488989458,0.2929565175134065,0.2687818617828348,1.028998551785517,0.2697597868276208,0.3432643322223165,0.3066576741888144,0.2405686718293031,0.3271672200780248,0.4487707215855354,0.1906915111639577,0.6246244750959006,0.2908062863133392,0.3753804673177419,,0.6774466923198896,0.3388360346746297,0.2799308882516572,0.5627156554106336,0.4878694461234708,0.4986238521575013,0.7060608424158434,0.4690421138958315,0.4138365612562932,0.570261160422573,0.4055472086189866,0.15447859350505452
2025-09-09,0.2487785623403674,0.2154371433273078,0.3341702389128335,0.3846914259785469,0.353623343892421,0.2926013256575976,0.2735998238474428,,0.2893210206948821,0.372947063701212,0.3103250693986351,0.2438544034765112,0.3246113336528417,0.4837485574519293,0.1928557310743026,0.6942916629691905,0.2852370997394591,0.4060763811988347,,0.7175426912395672,0.3460925650776277,0.288492464803906,0.5982600999915716,0.5522906589927064,0.5500563926003855,0.6811509499805573,0.4148345418693634,0.391947214777566,0.6169520812351322,0.357695092841168,0.16605122808958128
2025-09-10,0.2969853137979325,0.2223495014061357,0.3584648972373797,0.3477162418173312,0.4186274889651828,0.2908085365398162,0.2784561425848986,1.180259556482973,0.3110464324252264,0.3930223163368606,0.3155221301610066,0.2392541789439254,0.3144767442719187,0.4666992942720429,0.1889502579374816,0.6844761379457969,0.2861192581289483,0.3268595641070839,,,0.3486554659261919,0.2670450050324066,0.5660183765940722,0.5678525939823926,0.4322716340847827,0.8893331780493525,0.4694520534817636,0.3960450296308743,0.7699631277023417,0.342168722446639,0.16233978381624556
2025-09-11,0.2649587602687169,0.214979659397313,0.3189845147440058,0.3458157943570214,0.4027216359263602,0.2951816848018201,0.2635302479612431,1.48540819384906,0.3143701971720063,0.410334339097296,0.318868744804781,0.2432961635581659,0.3621141608297127,0.4610019139187794,0.1952430550838501,0.7955255848698723,0.2985407714220524,0.3202354129538821,,0.8629974710233974,0.3895570333093806,0.3013608505007529,0.6198275141783754,0.5701253494820391,0.5041539894396261,0.8595219068039005,0.5114792487456943,0.4484136254014094,0.8061032143065294,0.3976353499676415,0.18718588778344522
2025-09-12,0.2513183971444604,0.2298060303453489,0.3009009309073682,0.3294949672714228,0.3323371340193851,0.2945524666684131,0.2561647764641555,1.462409539600699,0.3222975834570558,0.4036364454775258,0.3124415806896216,0.2361660228525722,0.3613550879424688,0.4556480612210584,0.1945149452353295,0.6252785543026379,0.2809803830108087,0.2842859432795427,,0.7281856615821404,0.3792748424293674,0.3307185069004751,0.6275752732399905,0.5323001026064739,0.4636729191760497,0.677710563218195,0.4924204027291373,0.4490193998607274,0.8259464040688093,0.3843794594223939,0.17550967087827035
2025-09-22,0.2640503020332547,0.2552198682596591,0.3939303552514531,0.3610244149270258,0.283363869594107,0.3823611921165054,0.2988850916297673,0.909029499933899,0.4374694578554551,0.4868379666130939,0.3475528123433709,0.2639878523902911,0.415775396200535,0.4477334470313117,,0.3801259626951366,0.3477504048221772,0.3210156817805926,,0.4909390750037999,0.3857880868567314,0.2398603506837819,0.4198896592194542,0.2519008312755457,0.2558213873974123,0.6532304871840005,0.3648540360369493,0.4462531878232395,0.5155816980759305,0.3391996805717799,0.2139959067081489
2025-09-23,0.2581102796429785,0.2578414849360263,0.383984381999163,0.3637588485421713,0.2628007896331129,0.3772229479206214,0.3209288201187152,0.9251456373977408,0.4372575970244493,0.5132225123252656,0.3541417249732458,0.2537867048599597,0.4373794177560223,0.46816021865127,0.2084851220035992,0.3670093805565004,0.3531762695138718,0.3427937260608173,,0.4798294405126484,0.4109460843656017,0.2318272253890794,0.4134391571696841,0.2649142446385084,0.2670798375861553,0.682777493495758,0.3373977927671048,0.4570770044786244,0.5924874670284396,0.3417417812454378,0.22100147932899894
2025-09-24,0.2461113781415985,0.2454581901124058,0.3626768278127609,0.3597325138440305,0.2591004645968068,0.3528366914714061,0.3196701662505604,0.9198249515767865,0.4544042126981334,0.4962610702518593,0.3471420709654362,0.2510890734301308,0.421157679688344,0.4744068513826978,0.2140643692277438,0.3525950085323169,0.316755677030783,0.342141602078164,,0.4894737306116922,0.396649131653545,0.2337426742889209,0.4310499807499037,0.2516076349430758,0.2758131647885766,0.6651660385972769,0.37413434622325,0.4180947170062029,0.6449193567163791,0.3237674860084784,0.2198928850568545
2025-09-25,0.2620920187556145,0.2468395805287165,0.3616960106067927,0.3540421888852837,0.284316171801354,0.4515070518803078,0.3198515369455057,0.9676658598227316,0.4590232148308673,0.5096596956444294,0.3600859575985204,0.247295354023309,0.4369219812602282,0.4525187350955725,0.2176750629569843,0.3421053187262265,0.3200423944898767,0.3429600771871848,,0.4920644383719327,0.3834060465157721,0.2356880504394889,,0.2475704785141734,0.2668058881684622,0.653830812311767,0.371040647426996,0.4438351444892126,0.6809301998594368,0.3282272587663685,0.20910317761418382
2025-09-26,0.2432498469901606,0.2383426473936572,0.3342624897371057,0.3450461440771446,0.2622967550648459,0.4527544199172263,0.2996794221053013,1.003170620728182,0.4626804681904846,0.517719799524288,0.3483821518241461,0.2320876824768445,0.4254510014203006,0.4352432882713457,,0.3503058227951339,0.3057192550144842,0.3072844416791447,,0.4998160666116399,0.3822524492457846,0.2172478808363878,0.4154466482550288,0.2237686167702058,0.268210323716378,0.6633211409122843,0.3657430426781817,0.4527496242745389,0.652134218068946,0.3116211135967378,0.2191296479666386
2025-09-29,0.2474172937622575,0.2573635926650321,0.352970936942729,0.3628461435944085,0.2761296066716363,0.4342036238133714,0.2998748353421732,1.0534677697181771,0.5208023707128192,0.5613598279119048,0.3680186328249185,0.2589098017559542,0.4577533267690779,0.4552783157452265,0.2436891841792747,0.3547141921298961,0.3319484766967874,0.3331866289782789,,0.565756709918677,0.4067788981235578,0.222908005804651,0.464617439454515,0.2437486075049757,0.2697731750619727,0.719994358300122,0.4523251723757523,0.4579542042368036,0.6126562201714559,0.3221175654874441,0.23056966580375612
2025-09-30,0.2444221341437844,0.2519452229702846,0.3916761027581443,0.375764492185774,0.2819237265257213,0.4739170853153234,0.2988974114156801,1.1465624188089347,0.5118489843350609,0.5471919590782309,0.3766236842561802,0.2674501082432505,0.4794920430400601,0.4664813487375577,0.2756418700559751,0.4416646943945045,0.3596792538512385,0.3341885393610763,,0.6077648874248882,0.4114737830614083,0.2295816513777141,0.4853868081700955,0.2560611991790661,0.2850467319321765,0.7757740616758073,0.4107642737372377,0.4534178783772246,0.5861814022726217,0.3574091049883277,0.22430800621860109
2025-10-01,0.2603052605537725,0.2795877564913525,0.3899189650212811,0.3813339072617067,0.3024228363241836,0.5121021056395952,0.30784455279913,1.276401118897496,0.4862372046573305,0.5490829019705312,0.3819530060788789,0.298280388908891,0.5020044782337346,0.4916234000731841,0.2866842624225125,0.651128823637692,0.4672285991384553,0.3169251567482416,,0.599151693557188,0.4348315995976391,0.2321510203917324,0.5412230024396845,0.2671263931286634,0.2696955808239674,0.7768840441124284,0.3980265965104073,0.4017957529843244,0.6003278058290845,0.3789051350948442,0.2382201569119811
2025-10-02,0.2652515321727458,0.2737278001577082,0.3971548001592502,0.3826531195715158,0.2850598684263241,0.5135672752781464,0.3116716804417413,1.1761917665002628,0.4695246935822217,0.5195893176788232,0.3860684980700297,0.290350156954028,0.5595792101146808,0.4905755319601065,0.3021166639255924,0.6287167721858519,0.4678098835910013,0.2970025348493167,,0.628720086725832,0.4928951076180786,0.2373641658536936,0.4639867704095501,0.2613649338170704,0.2718455185571825,0.7819984820229018,0.3931121538775968,0.3902091275294816,0.5888924747650969,0.349273515267734,0.2555742235205443
2025-10-03,0.2584025600319769,0.2705496379715552,0.3766812871564097,0.3828639287160983,0.2814023639145167,0.5235602641309236,0.3050071092115772,1.2477975030555406,0.5116101277473522,0.5749895566998615,0.3789300170108615,0.3043485835423587,0.6179542465554257,0.5164549155168939,0.3250774603951251,0.6171648053232174,0.4839604635335413,0.3266430576053435,,0.6146498574852758,0.4690243912358712,0.2286278264392102,0.475192740456655,0.2718100639490708,0.2692490992228368,0.6600945904871247,0.3963603918605385,0.3788156338391497,0.6021242618311695,0.3935316443340451,0.27497326303792397
2025-10-06,0.2785583405791088,0.3463554724238302,0.4254146178525587,0.4633240343450542,0.3268955995472997,0.6256628099291527,0.3206743722316402,1.0691717082784913,0.5869062167311034,0.6418215128597503,0.4355222374415812,0.3328611011389996,0.603332806865134,0.5450428697541129,0.3634068307760924,0.6645158735053934,0.4786207694839084,0.3516269413497469,0.3288187304045212,0.7209198939431632,0.4969560931630793,0.2457829839923691,0.4349040935157893,0.2792661950800849,0.2727461767521887,0.6351299537146375,0.4476634122561094,0.3938335113901836,0.6845426087138405,0.3497007596596539,0.29324347520046523
2025-10-07,0.2553192894512296,0.3776323337955626,0.4070706629830473,0.4475251643231202,0.3210000308079569,0.7169877912515306,0.3734314426228187,1.085099923187916,0.3632335568720813,0.385757012044972,0.3110348314047251,0.3221842862378489,0.2820774874729275,0.604820014084236,0.2255042752047307,0.6343155184946803,0.2981281316144345,0.4648477136195524,,0.746432082127116,0.5219301644120518,0.2485884339337237,0.5639990766649993,0.3125143863647378,0.2748893940429747,0.609938868976532,0.4540644070787232,0.3774348097786613,0.7774889946035073,0.3105968862806945,0.20418189168984882
2025-10-08,0.2561657801400221,0.3777414935020413,0.4269679891454533,0.4423622781585537,0.3379713363329276,0.6762945506914125,0.3763114132250553,1.1244681833627683,0.3567429612940479,0.3918841499645965,0.3152470049707005,0.3302103880803568,0.706226696880992,0.6647455336443125,0.2282773652590792,0.5924957582526303,0.2929998384510155,0.3395119963277894,,0.7409749475965147,0.5165973857977232,0.2591963357917998,0.4734231738896299,0.2946274641728097,0.256489791879109,0.6112394079583321,0.4467643793605434,0.3588074760689904,0.7341579863671014,0.3061499195255567,0.2036821943713309
2025-10-09,0.2608436067700504,0.3699773044527635,0.4594449965694734,0.4745787040126218,0.3339846417134012,0.6674917150851358,0.3834524887818393,1.051819321883137,0.3591505997907033,0.392102371106212,0.3155596874764964,0.3140459085593937,0.6763864619341964,0.675621482413151,0.2263867532855241,0.7051428520904156,0.5493534881396714,0.4632270958376398,,0.6126163243129877,0.4621300219949689,0.2724217848082561,0.5266176185079169,0.2976876321822964,0.270070338672075,0.5633231529450777,0.4213262969452568,0.3351680469737427,0.6443880330859234,0.3021662515893942,0.19953811293682122
2025-10-10,0.2866704842834231,0.3791830159222399,0.5206990901638365,0.5239411965798506,0.365569674194519,0.5366657056079015,0.4122667819891654,0.879431340971718,0.3751458285220768,0.4204434289062889,0.3273615921874742,0.3441516137547874,0.6189939363688794,0.5737645450249826,0.2320912148877147,0.6599169184151294,0.506697320366836,0.5096341951084952,,,0.4489714974184517,0.2890289069340738,0.5471145868146393,0.3548600807890767,0.3000053230807241,0.5317351917292175,0.4155745553227462,0.3454136887991887,0.6048251449289536,0.323509179166711,0.20531078378776318
2025-10-13,0.2747856505543697,0.3748656051847607,,,0.3594349393864998,,0.4021634087790926,,0.3822348503192389,0.4207745492701003,0.323731181940988,0.3247756690314927,0.266470337271995,,0.2486159611188515,,,0.4449653511183291,,,,,,,,,,,,0.3135853085927145,0.20350487456759794
2025-10-14,0.2807392922774739,0.3865830593346563,,,0.355161553477182,,0.4150201577861778,,0.3397096240806139,0.3703353549423987,0.327575994871064,0.3446308026810743,,,0.2203035370471501,,,0.5545772095743222,,,,,,,,,,,,0.3351998584834645,
2025-10-15,0.284725199601903,0.3942989543603778,,,0.3640482204882838,,0.4255212030794054,,0.3580010445600871,0.3588101780207069,0.3290150904139072,0.3425293720643456,,,0.2219687541205207,,,0.4612992599279196,,,,,,,,,,,,0.334894759637722,0.21966207134531573
2025-10-16,0.289618250283248,0.3910693344355058,,,0.3733899669689734,,0.4409702238680431,,0.3677311322109813,0.420427392948307,0.3578296296407808,0.3554246711146717,,,0.2050157068855102,,,0.4581255707089284,,,,,,,,,,,,0.3342066529454167,
2025-10-17,0.2842647256850752,0.4037312180861538,,,0.3555057773402591,,0.4257390626082054,,0.32598881457958,0.355883524050112,0.3089119306288713,0.3477128785030738,,,0.1984966164249436,,,0.4497575284157898,,,,,,,,,,,,0.3311866132888945,0.21661870598337438
2025-10-20,0.2889232911384746,0.3982586854630787,0.4982829648451493,0.4817121503702634,0.3533681679555551,0.4584343075294376,0.4210273848539195,0.4744826002991766,0.3204829963822714,0.3520827872349593,0.2765966246331577,0.3441584611873067,,,0.1992660476574999,0.3820887058918598,,0.3895457957047454,0.417807898664397,0.4367422366547084,0.370684836292225,0.3406965268486023,0.3443912510436521,,0.3250538808448144,0.559293248629853,0.4692780399351871,,0.4799633224495567,,0.22273105549914968
2025-10-21,0.2792498176990341,0.4023724278991574,0.4867760403173072,0.5452618283761766,0.3528410569093668,0.4610488171183385,0.4186101530791887,0.471439022401681,0.3061619705057244,0.3578245856322569,0.3005460835681462,0.3533406948430167,,,0.1877503511262513,0.3718312714651942,,0.3820321010289684,0.4309988032498423,0.4771676167825424,0.3053270784398867,0.3399748211905632,0.3560884599035249,0.2517133093896228,0.3165166292461518,0.6424890349875347,0.5484255023454128,,0.484448698744129,0.3523116515995861,0.23136100619924543
2025-10-22,0.281175169368814,0.4285791172230295,0.4861976291064663,0.506013680005896,0.3575693097701105,0.4788375232907108,0.4296014185772668,0.4472405186809093,0.3075358118056078,0.3442169528189994,0.3045186506953167,0.3461560257009015,,,0.1922025144967316,0.3727643589875347,,0.3659312587822612,0.4264848102183601,0.4555848105735332,0.3006689865281709,0.3505563575340875,0.3716762161650477,0.2259782463034073,0.3439245951161441,0.5684559964992194,0.5755832287213518,,0.5224964205034012,0.3483786046685553,0.21585624823582428
2025-10-23,0.2697948351270323,0.4145404281677365,0.4817331400520175,0.4805115284966161,0.3587048466736166,0.3688941314311934,0.4146844115427635,0.4000211984082531,0.3026539441208127,0.3397328785554752,0.3026172092308096,0.3493967570070675,,,0.1929432776606245,0.3641390136256535,,0.4643741106351057,0.4230839454642193,0.5971516897385611,0.2701030111276982,0.3415029560767633,0.326983933223747,0.2115175765926135,0.3279154464369459,0.586988459232702,0.5127766326725332,,0.5809262096628199,0.3151137230138357,0.2189608515457171
2025-10-24,0.2708484504369095,0.4256151515787949,0.4872727836599919,0.4849733657261772,0.3477272538197627,0.4841824360901481,0.4071597339904122,0.4097924391411729,0.3139992814195375,0.3645990227031825,0.2821042319480862,0.3457233776560996,,,0.2018909286914431,0.3463570388122556,,0.4474134708417525,0.4265145258819833,0.5634040076174435,0.2727073143502321,0.3467272824088447,0.3461191299687187,0.1978714517078836,0.3166271283179617,0.633845738622824,0.5810105118854191,,0.5299004589970987,0.3465300140371742,0.23479308778123664
2025-10-27,0.2892422911806486,0.468268438695526,0.5374650539923399,0.5076995765631362,0.3743914631802387,0.4949823846481657,0.4166165735709925,0.4426314051529504,0.3501895858755887,0.3858342926720557,0.3106803313180592,0.3580498265922712,,,0.2050371030884077,0.3657661489914197,,,0.4232345439889268,0.5579669301590465,0.2829223331159552,0.3481519529999156,0.3377580405747367,0.2117535919757723,0.3284640082581849,0.6964666500520453,0.5059976342827884,,0.5536106626085132,0.3876557192630219,0.267184689526513
2025-10-28,0.2878181591691631,0.5303218509159441,0.56224595689558,0.5438182301967308,0.3948417203862543,0.5010389073390179,0.4363502945437376,0.4717677608244616,0.3639578726285549,0.3980248553078251,0.3210315939914171,0.3653312615019934,,,,,,0.5463092203636791,0.4243891492891488,0.5511234081175584,0.2719167754331052,0.353765217774686,,0.2237601465471693,0.3434117607673586,,0.5639708346222411,,0.5304961439076313,0.3528059245674863,0.27920624820782075
2025-10-29,0.3002746134944673,0.5544612033947052,0.6590354019569369,0.5027638018644178,0.4022541503818369,0.4918574049244517,0.4616880818762146,0.4518556012011561,0.3545811080605985,0.394191540405896,0.3179129826619944,0.3113399795986741,,,0.2110750224237783,,,,0.4460951567175517,0.5258971274065286,0.2666536251337869,0.3586416250230534,0.3050206400721322,0.2214640047170192,0.3272781744011052,,,,0.5235585622710927,0.3361229432324095,0.2653306099387221
2025-10-30,0.2893480268008413,0.4590258506029023,0.5686900360162646,0.5663385861364882,0.4099126787470135,0.4890779702637436,0.4865735705181156,0.3769495243818015,0.3941640804736688,0.4195245757947674,0.3198707190964046,0.3230915796316984,,,,,,0.4653592685316025,0.4144735873288649,,0.2934995012197333,0.358082489232313,0.3133583184976477,0.2224124623120153,0.3383069051340112,0.5512678688169078,0.6169284793292494,,0.533453838829092,0.3295811984751255,0.2974466877367558
2025-10-31,0.2459641441574215,0.4246034742849036,0.5421328444280515,0.6131798572963382,0.4088987668343553,0.4736815906258153,0.345224905421039,0.4289127648538265,0.4198572607566388,0.4109547522132682,0.3165519901403596,0.3246238392306614,,,,,,0.4077360769678913,0.4018770310135816,,0.2898290994474609,0.3629156101686435,0.3391657878095511,0.2237348554022347,0.3339342718162001,0.5333196973519132,0.6380881318289369,,0.6633549815023512,0.3203225966304865,0.2831247281691097
2025-11-03,0.2445425432222852,0.4335961921116574,0.6203847056389648,0.5721313145608161,0.4378616861321342,0.4921927266583156,0.4327993426524696,0.4254991576512518,0.4276753963179217,0.4268783366980496,0.3396680131581296,0.3035226217620585,,,,,,0.4296353010291591,0.3857534854011045,,0.2771861995952328,0.3779784097624779,0.3043231279793483,0.2354529878055521,0.3353329458198362,0.4871976097187327,0.6536102986765876,,0.5664931079772472,0.3068406574121572,0.2848451478864747
2025-11-04,0.2520590467639724,0.446702316542848,0.5652973094190212,0.5535645175033327,0.4240651515969132,0.4465150659490599,0.4864899698590096,0.4189610847601733,0.4281279144500575,0.4551839935150327,0.3382471892149447,0.3219399388465618,,,,,0.293395325202527,0.4689611523510196,0.3788161365667292,,0.2878905232999461,0.3947765648372709,0.3006139087635703,0.2444255432690486,0.3561296960810199,0.4818824868362883,0.6680673584804783,0.4563684351222452,0.5842928792678604,0.325180197791366,0.30120909195685575
2025-11-05,0.243847505125295,0.4096577097214238,0.5910134715028496,0.5765976793331551,0.3260379804164132,0.3976473982153869,0.4148872362840745,0.4516391263119323,0.4432363035703683,0.4375941489240715,0.3702849570765271,0.329332250622028,,,,,0.3300316428028723,0.3066700824953443,0.3887952439341798,,0.2987288852820085,0.395047315289758,0.286065291196634,0.2321807339951033,0.3415634765901346,0.5222471655612747,0.639288524485597,0.4529544359764057,0.6126165415295771,0.294349474942804,0.3015256212211001
2025-11-06,0.2632690343452619,0.387564036052364,0.5048183156661551,0.4742049601008938,0.3285330224499262,0.4105516064211058,0.409609534796169,0.4222202988617482,0.4899354288397259,0.4496033572050449,0.380575150026717,0.3079666933820647,,,,0.3036584485182841,0.2945368536263835,0.3242809276069407,0.3872224246347742,,0.3059337592741166,0.4139909614757938,0.2921481512307677,0.2484511442402085,0.2691341633969897,0.5226051452200017,0.4066982256913006,0.4149354603521739,0.6250803013232357,0.2949470308366854,0.2956283691348896
2025-11-07,0.2448450086807111,0.3823611418787956,0.5219438885607485,0.4617380069266672,0.3237229606177054,0.3977527061779081,0.3463296156360518,0.4503716474308217,0.4704084803201657,0.4158313665232855,0.4047111216379482,0.3001723470004858,0.2092689450760543,,,0.2973686256434263,0.3036852075563268,0.3089340429856888,0.3547559349022485,,0.3053630269106778,0.4148202361334966,0.288882785235918,0.2740034651512184,0.2721378166488771,0.4816059365714265,0.4015926034226733,0.4217656620918744,0.6497880981133797,0.2820408275431224,0.2969280021285454
2025-11-10,0.2442300032121706,0.4712843861885167,0.505127873095155,0.4564234486671322,0.3323794689771145,0.4084694493193921,0.4207648807305364,0.466408481455167,0.5480577642552475,0.4946303586273854,0.4156354743697503,0.3057160890102446,0.2062944727363197,,,0.2960293212744395,0.3123334917634426,0.3062242359336903,0.395256332381695,,0.3142560301349302,0.4561503025020137,0.2887205952406204,0.2745427407743985,,0.4987395613559236,0.4218425913678972,0.4280052909097184,0.6894415943112454,0.3044497336001037,0.34585300406909486
2025-11-11,0.2701899839477357,0.5060518590352776,0.5144778744174517,0.577801198515033,0.3517509844110446,0.4287699460374934,0.4623838268368114,0.639710277014284,0.5911370088162984,0.2858492636359364,0.437780866280018,0.332250403461567,0.2128287578019053,,,0.2859616153090403,0.3550856355579032,0.2962248195850556,0.3882064920340038,,0.343004641687971,0.4712434443232134,0.3512990616513674,0.3278185708497859,0.3538866497752469,0.5855571630317803,0.4355028214866516,0.4749995477090523,0.847928437901927,0.3177836644803785,0.41800159363348666
2025-11-12,0.2572666145859688,0.5620212246824533,0.5048992736810245,0.5751146676798224,0.367271703122481,0.4332786824463835,0.4261772893029521,0.679841405976231,0.6692057281714706,0.2891218406290933,0.5093021417943928,0.3774893997809493,0.2047053477114427,,,0.3065977310879079,0.3722323122549628,0.3002786016837459,0.4379791941688977,,0.3273091873702368,0.493658084476,0.3445955438310832,0.3375476324765052,,0.7460087083501529,0.4334381060977049,0.4429740404201954,0.7112131913959387,0.3370305059812094,0.48697336603542135
2025-11-13,0.2862857022339587,0.524232815731448,0.5201954363975161,0.5695159475393283,0.3063309002491432,0.4057455831183328,0.4260898528178805,0.8124783453336645,0.5663654579935404,0.6095481261920522,0.4168818993747942,0.3523287529735057,0.2190713361616708,,0.2507567406214502,0.3221514198777251,0.4093714219458769,0.2987361795345264,0.4423164845952003,,0.3341427809316168,0.5110823223410889,0.3697120134388668,0.3244984696087771,0.3784185415922687,0.8163423477512453,0.2976015029527654,0.4357644261835179,0.8403175561960715,0.3290788314707437,0.44716530269986593
2025-11-14,0.2743598654257462,0.5974825582484439,0.5140703906651622,0.6485928737856315,0.3008194385455135,0.4058378924783732,0.4139073621877067,0.5472464885461962,0.4817702760115074,0.3156269736588512,0.3792595382841515,0.2950402957267821,,,0.254251191264949,0.3107644509747145,0.3909652185487555,0.2926701867625491,0.3864492298615508,,0.3456852966894095,0.5230629806570323,0.3535075727489541,0.3000238350526723,0.3752726374275545,0.7095027675982762,0.2739314798822553,0.4123590951200231,0.95656167013087,0.2963593635692929,
2025-11-24,0.2445637050553702,0.2667745337365015,0.448037735179692,,0.2648274943032085,0.4460906015726701,0.3270055412305827,0.5923699041695993,0.2731861670184148,,,,,0.3994840107763708,0.1969178243004689,0.3743473941512582,0.3956166003091498,,,,0.3282700838515318,,0.4324450192390731,0.3209631783200317,0.1917033983215287,,,0.3161255158380314,0.4144717949984208,0.3436062180617864,0.1611640593029274
2025-11-25,0.2454671069050089,0.2633240171987903,0.4593632659918356,,0.2750988423535524,0.4517176084708329,0.3188455356803693,0.6074868433606305,0.280621498495297,,,0.2035771987031063,0.2404026376201985,0.4375056473811248,0.2569313717528173,0.4520292684553273,0.4672194046576807,,,,0.417785790582394,0.2144981944717271,0.3854368501152231,0.3150057567733695,0.2166499074916436,0.696377005795684,,0.3792944925665723,0.4331643871726114,0.3488628162860953,0.17250815778555265
2025-11-26,0.2330229121241452,0.2541695269379969,0.4212788985168855,,0.2461470231713094,0.4154778185069596,0.3083054671375548,0.6442392943408504,0.2868470627645331,0.2783940328032203,,0.1987842783985045,0.2464791253836855,0.412514023673475,0.2489973542228145,0.4145329162934154,0.481266165736677,0.3425714570268659,,,0.4250441004820081,0.2125679821657698,0.4147750298269589,0.3531267257560962,0.2159419056292459,0.6940532577068351,,0.3829477863921808,0.4148481868741723,0.3684619502781112,0.17431562583020413
2025-11-28,0.2356531419927109,0.2660286152842588,0.4092724619277648,,0.2476648305398681,0.430290850258803,0.3021609152631632,0.6777720532139985,0.3022027074265219,,,0.1941341677179063,0.2422295489041195,0.4067852560792924,0.2329841222094662,0.4197281012429052,0.4951236982374948,0.3347402083689275,,,0.3990061125493046,0.2081360851918871,0.4092968076911562,0.352958389287534,0.1998748083207773,0.6609022606458859,0.237434959426802,0.3998894030155991,0.4242193166795309,0.3700890736701511,0.1771883872230948
2025-12-01,0.2780974115188765,0.2835871222661262,0.4243094952306457,,0.2610152162134446,0.4605436486018904,0.333751398111582,0.722682080131993,0.3006408245060745,,,,,0.4044097354307023,0.2571838007707374,0.3804931448843963,0.4708044725154235,,,,0.4340724361739942,0.2290870857088411,0.4726480640674049,0.3609706349888692,0.2009055239408693,0.8525381529712625,0.2562941506991494,0.423876420176154,0.5707553067404711,0.3925481984950097,0.1806040216547216
2025-12-02,0.2681285609608486,0.2749642527389976,0.4120558383684791,,0.2760543682991198,0.4420274649609358,0.3157310472669609,0.72208503362176,0.2913708984918461,0.2945026920236956,,0.2057563385863555,0.2144810206508368,0.4004065246641216,0.2559975083700907,0.3631584482230613,0.5116425804145925,0.2988911700610122,,,0.4149679710343784,0.2278224557288302,,0.2889152775072043,0.2095456314150083,0.8024164508615993,0.261141515629096,0.395455100257858,0.4797890704013383,0.380702884763868,0.1861923041527409
2025-12-03,0.3054919762826051,0.2730130041949632,0.4205150727736537,,0.2822747439244475,0.3632382845177136,0.3079505990669023,0.7424672766929732,0.3099301060436865,0.2734917317165147,,,0.2657242498664258,0.5054188246719772,0.2461903067036235,0.3754877476175159,0.3729315707190572,0.2965350377014216,,,0.3113868042701413,0.2367663845053751,,0.2190332910431323,0.2206720737581135,0.931687350175569,0.2583003471390607,0.2566016894697795,,0.368848397944736,0.2131274635188045
2025-12-04,0.2862094125695094,0.2678332863708756,0.3981212560657755,,0.2819003856930474,0.3639906475872238,0.2898106681186564,0.888243146593983,0.3022609411777976,0.2802930280392974,,,0.2716129478692511,0.448730215683016,0.2294082519936153,0.3275070194806627,0.3600823007619037,0.3036376538677766,,,0.294818479603171,0.2421187931580088,0.385474701666155,0.2225261595779313,0.2187730639497967,0.7700739839857283,0.2369112752255976,0.2415744381745955,0.5242515423187135,0.3558215291122246,0.19157642690766527
2025-12-05,0.2750468725976422,0.2523798333920583,0.3869757805872426,,0.2749239956481537,0.3731594411625547,0.2763353420692498,,0.2968395865150234,0.2780802090385761,,,0.2521395280599682,0.4109773995807212,0.2176744219881433,0.3163483893620288,0.328116353443685,,,,0.287840406349085,0.2462758328466255,0.3284537374446962,0.204939645282218,0.2241084879537388,0.883101139927258,0.2370836601225825,0.2503284054481149,0.499199810019325,0.3360820675314797,0.19775808298935238
2025-12-08,0.2888345767795158,0.309104230210832,0.4015413545765382,0.3601068542241221,0.2892078071811799,0.3864582352012509,0.2867777311909199,0.9843142185239496,0.3009848771536443,0.2908070328244099,0.3043861696040199,,0.2369037298799719,0.4161757613094592,0.2383684702639929,0.3262116582320368,0.2974545267244659,0.3110909410680909,,,0.2814557440879999,0.2460601926783697,0.3188639787732633,0.2192070311721927,0.2403879231027627,0.9089537982779546,0.2523915327363153,0.2509886461462788,,0.2031467071529909,0.20544536103721908
2025-12-09,0.2865944297563657,0.3081182338720559,0.3958352188378503,0.3603948732344516,0.3112937466176928,0.3923777333793103,0.2784596710194337,0.8393697671700533,0.2814634786026347,0.345684020317304,0.3134412895656653,,0.264953298227369,0.4210888646130745,0.2391615862459934,0.3020770031979684,0.3018211013817474,0.3255059207132387,,,0.2918662341589839,0.2794303808925193,0.3326276900116032,0.2147219528760193,0.245596371257174,1.0237386938455806,0.2470446704992454,0.2450497040744614,0.5256786405526344,0.2876326381479978,0.20114629636013429
2025-12-10,0.2810569269088367,0.2878968023526362,0.383565375086171,0.3933650715261554,0.3372616644677468,0.4061287687868818,0.2762236256272762,,0.2898372670045021,0.3021229253140657,0.3408155120534833,,0.2528297966651769,0.442209327315598,0.2981487810183806,0.3103825304561856,0.2931431565026061,0.3380904997296768,,,0.2980984107340975,0.2649895413428051,0.3215679609515602,0.2133322245462054,0.2515692913527231,,0.2471404503526037,0.2447937363210536,,,0.24156874652866986
2025-12-11,0.2843658006682097,0.2779827001160656,0.3765298772881673,0.3688183862740187,0.3200826292562133,0.3605597693535877,0.2711351418958482,,0.3114917813337709,0.3137273541627022,0.4136502793085452,0.2344667966932848,0.2893586522964654,0.5277042556981248,0.365032604269727,0.3150005715372257,0.298404144810433,,0.583130141930391,,0.2804440819567648,0.2954930072425272,0.3387903810968501,0.1947433106542479,0.2449026574242907,1.2835671385161866,0.2597704330419552,0.2481019373944698,0.645080680259797,0.3444443035376097,0.31074033110399996
2025-12-12,0.2878485774541355,0.2565210699786678,0.3751799849383861,0.3539947750037611,0.2810591135551341,0.3595615804702204,0.2670632676333098,1.1243225063668638,0.3136872381595214,0.2911937680491119,0.361106061835718,0.2277869301687312,0.2581477447584828,,0.4042582912903235,0.3327795179273806,0.2862316810365511,0.2795075915672928,0.4637342909722445,,0.3172800877083924,0.3411632830797229,0.3980797031769864,0.2126485556079774,0.322351524944498,1.3690244529438198,0.2455649764448993,0.2350645968402046,0.6835521693522536,0.3396628359792287,0.285727340773661
2025-12-15,0.2779578910324401,,0.3565216802474314,,0.3034391133099612,0.3953813328208596,0.2629892344371442,,0.3267797025186237,,,,0.3182743564929206,,,,0.3251834746171438,,,,0.2910145257275668,,,0.2255611871941857,,,0.2497880741371208,0.2433160511987605,,,
2025-12-16,0.2678413122774917,,0.3446354296255424,,0.2929381133295202,0.3528632252366944,0.2583084819126335,,0.3096218977888679,,,,0.3065811645023337,,,,0.3213966025239473,,,,0.2800612569973933,,,0.2234121824149442,,,0.2632448553067563,0.2370702041428322,,,
2025-12-17,0.2795202684986422,,0.3594459182418536,,0.2661014609827827,0.3571797102380285,0.2676481317111234,,0.3091244477216944,0.3000875541352111,,,0.2857694016394826,,,,0.3384141565163377,,,,0.2824671523946092,,,0.2203401597058313,,,0.2552536586274544,0.2453604891587616,,,
2025-12-18,0.2694370988120076,,0.3427768188540505,,0.2851468186903757,0.3402877450942992,0.2588131573660344,,0.3007081365190526,0.3033001766555834,,,0.3133633614324604,,,,0.3201163423344519,,,,0.2767921302209631,,,0.2133883121334173,,,0.2698633327374664,0.2448596239908267,,,
2025-12-19,0.2663162953964178,,0.3311635634841092,,0.2938375438023869,0.3309511401826408,0.2508519927247427,,0.308596986674492,0.2934597379729889,,,0.320029472682963,,,,0.3270050273827502,,,,0.2684910715227708,,,0.2029270079881892,,,0.2404466927102584,0.2433938389393066,,,
2025-12-22,0.2507752092863388,,0.3315470149797233,0.396529580041657,0.2934883549974807,0.3425217201630854,0.243096657484476,,0.3233740638978432,,0.296467817458343,0.327052238511229,0.3391887381277608,0.3687698584834928,,0.3029315811235391,0.3477622234954444,,,,0.2522103491641007,0.2017375362850268,,0.1993203174364867,0.2854354605288742,0.3299114118436486,0.2644522927308307,,0.2405194014973765,,
2025-12-23,0.2502563641727309,,0.3413079373738013,0.4776953723330542,0.2842280740269145,0.3501203834548138,0.2386032804934328,,0.3501626304379042,0.2938137923577052,0.3153498945583268,0.3345797989648699,0.361839433970702,0.3586072819562001,,0.2881395181971416,0.3622612892984859,,,,0.2471970225092986,,,0.1947349311011889,0.2760428258793198,0.3191654822770455,0.2683370970099463,0.2364106860917388,0.2354773978743321,,
2025-12-24,0.2693301311910675,,0.3374721982586475,0.547500225750738,0.2947101906443652,0.350391728255822,0.2337587377017097,,0.3669705971162987,0.302295671872535,0.3149516768051967,0.3470492566079166,0.3600494530453244,0.3676511515431919,0.2121940048083875,0.3053021622050818,0.3569856497433967,,,,0.2488821798925127,0.2038093328693287,0.3290409785277065,0.2022151875774814,0.2631412219218628,0.3255258125788369,0.2725553654210522,,,,
2025-12-26,0.2683003822275741,,0.3446144276163631,0.5374311500573566,0.2927232978016147,0.3481561446076149,0.2319220157417356,,0.3590454393735731,,0.2983291334231455,0.3375446712150325,0.3550717903171767,0.3683297127315191,,0.3008390337172311,0.3752242188801281,,,,0.2542243217635619,0.2066954546335687,0.3394723234556804,0.1972968694912207,0.2706956311070753,0.3241378167862025,0.2719786098435736,,,,
2025-12-29,0.3026229050051825,,0.3517759396133559,0.6072618828095663,0.2785065824974299,0.3826189663623039,0.2358453541040332,,0.3854827500393596,0.3228265451829205,0.2915542794623215,0.3606287413735053,0.3555945271158435,0.3727407021713556,,0.2930776125973414,0.3538074066531878,,,,0.2686233249447673,,0.3540232921776244,0.2056939896112064,0.2772851036207192,0.3338711245857245,0.2907192769957483,,,,
2025-12-30,0.2869865538597558,,0.3478741055998566,0.6349859675172774,0.2815485834229903,0.3582099504495661,0.2336777237944584,,0.3724212004491001,0.3275627110231537,0.2858691608044543,0.3865376384483293,0.3789140929203062,0.3856451784355836,,0.2894595688404798,0.3349274837439198,,,,0.2575013512330604,,0.3419657057503039,0.210186000631259,0.2786005833911727,0.335264878006631,0.3123954752832988,,0.2441435085863401,,
2025-12-31,0.2860755458354544,,0.3541512563798521,0.66161472402731,0.2882124062132731,0.3212757653528731,0.2346304803511514,,0.3847599370295762,0.3312067027458995,0.2771983686662547,0.3697363709811861,0.4111551428802936,0.3694195344568,,0.2688335844381259,0.3441354635796281,,,,,,0.3504754122915227,0.201019201411437,0.250247989281833,0.3933486528029276,0.2912136667429338,,,,
2026-01-02,0.2937101572606117,,0.3678236636455591,0.5499132244330404,0.2880962491996029,0.3102115526923324,0.2534468319392536,,0.3991824764166896,,0.2731536205666293,0.3283394646388121,0.303690639891427,0.4505954684604611,,0.3019131536578853,0.3834122077839428,,,,0.2597757397187127,,0.3094819311789585,0.1868610534501238,0.2322040752107157,0.3883015399662038,0.2698218136250352,,0.2493711816517494,,0.13745494739416672
2026-01-05,0.2975710741471675,0.3158334639945812,0.4085275122115767,0.6832281280705848,0.2830299651136539,0.3558051409029991,0.2573184107430197,,0.533016590720255,0.4401053869866799,0.3581707963136211,0.5002141608159703,0.4352177410988984,,,0.3467597458756107,0.3737013876720377,,,,0.3071580072064279,,0.3137817858034334,0.2116090594029885,0.2333811707491847,0.4566389414029764,0.356899110564865,,0.4682459702368183,,0.17865295569512643
2026-01-06,0.2450696059903209,0.4301695616993674,0.3757999636431499,0.6739559490608704,0.2763095480618685,0.4206313012496766,0.3779293252140154,,0.5601947558699893,0.346609922469467,0.4455208434705491,0.3160313231545725,0.4247530045148411,0.6149011436258722,,0.2849382003292099,0.4728524061498617,,,,0.3197507642070338,0.2471092091495536,0.3082002866115777,,0.1945614508140781,0.570885964282616,0.3795441279638555,,,,0.21771722877300942
2026-01-07,0.2529354622507463,0.4712002113265812,0.3717393842513157,0.7552866278004298,0.2723160403377194,0.3881503344618476,0.3804448898023344,,0.5483078753069301,0.3320135553534371,0.4007488772491088,0.317019661023728,0.4063751999883998,0.4866717674150764,,0.2975262696600969,0.278481154441537,,,,0.3160430509675108,,0.3043957682863208,0.2176747266464956,0.2028065218265947,0.5394423986034746,0.4110134918958272,,0.3735669901803249,,0.18480853741596465
2026-01-08,0.2587716177874636,0.460689795438799,0.3652744267958047,0.8909921071843429,0.2730269890175872,0.4369643757691017,0.381412037602894,,0.5929652795275915,0.3366295124173437,0.4709418148202383,0.3070900216417048,0.4526524407956427,0.5467580334416942,,0.2937111806095246,0.5530899380777219,,,,0.3347722594954966,,0.3667277055954663,0.2343548208037238,0.2059819951310011,0.5788220931143093,0.4058193210850178,,0.2963355178121826,0.2723130253105375,0.2234647236635745
2026-01-09,0.2493963482974749,0.4464866691768882,0.3550961231665135,0.8515525184332694,0.2428973509918419,0.4706218125985093,0.3768331994896519,,0.6077513137106542,0.3434042666630885,0.416430105173286,0.2740777183499883,0.2133289091366582,0.6116675217500217,,0.2931325549851461,0.5141674073856107,0.2596923123032642,,,0.3301263747374739,0.2687473321040296,0.3739310983495251,0.289568405356108,0.2005666300857896,0.5953718136334476,0.4355200539695188,0.3383789258513545,0.2772850874000531,0.289305676488146,0.22560881436225189
2026-01-12,0.2620279558100751,0.474559717402633,0.3535035568579307,,,,0.3931010901121771,,,0.3589027956194299,,0.3062837191534981,,,,0.297445498773048,,,,,0.3396181277361945,,,,0.2023038463628212,,0.3946130344839091,,0.2876063114295918,0.3050135499257944,
2026-01-13,0.2558379679261698,0.4409277601372677,0.3536275449395528,,,,0.4021425453225636,,,0.337897787568628,,0.295722029203663,,,,0.2906645528338467,,,,,0.3527014963957895,,,,0.2123425081319454,,0.3992144098602788,,0.2896618881671017,0.3121437532818901,
2026-01-14,0.2606624296515991,0.4380154029939966,0.3522024520929555,,,,0.4080720330699344,,,0.3366027876370146,,0.2844524147911375,,,,0.290752909840811,,,,,0.3475318916838634,,,,0.2103772620211317,,0.4052310912140125,,0.3097523518983145,0.3154831935886387,
2026-01-15,0.256754228756518,0.4460476555898701,0.3553989945353716,,,,0.4027605414326937,,,0.3415320997985786,,0.2615619713532608,,,,0.2846323632396012,,,,,0.3562731945857607,,,,0.2130384676922641,,0.4105615116379336,,0.303242447386207,0.2985518209631588,
2026-01-16,0.2502985859205867,0.4483050298772951,0.349275452188783,0.5435851773084266,,,0.3976319867725355,,,0.3313498352684934,,0.2575503532834799,,,,0.3017889335672808,,,,,,,,,0.212674811143758,,0.4119165399696482,,0.2799241909114727,0.2633914581172449,
2026-01-20,0.2889038683087307,0.4542341010931184,0.3900985330048014,0.5401913224372464,,,0.4596256914552747,,0.2715932466959566,0.3429200377720052,0.3812173418774978,0.290852052238623,,0.6096174569674733,,0.3117084174297731,,0.3179547263451846,,,0.2611876126954896,0.3206190604043683,,,0.2253626909050101,0.3817084977619813,0.4341544719173448,0.3250769061018451,0.2883843149030938,,0.16801539948887242
2026-01-21,0.2792821499852781,0.4315790377908547,0.3732261248312294,0.5484058759310041,0.3283470896799263,,0.4223612707657752,,0.2492926590909348,0.345291694696678,0.3821290402637072,0.2897630831189564,,0.6308213474404937,,0.3035702820145055,,0.3200622356737165,,,,,0.2346850236672167,,0.2127958527784032,0.3985529715183277,0.4201468408628391,0.3213591452415584,0.281595428515218,0.3103996957437759,0.1650735236888746
2026-01-22,0.2735642420656073,0.434499025440342,0.3627698126891693,0.5615500552745034,0.3061156188137165,,0.4130890030767745,,0.2425882271227433,0.3362771971583027,0.3943986179587053,0.2589110331480777,,0.6645195233709245,,0.2951933946790914,,0.3283379617849862,,,0.2356670043429257,0.2959408293778807,,,,0.3986037035179437,0.4267734792485185,0.3066605099623387,,0.320762066391316,0.16223531728075208
2026-01-23,0.2769628455573309,0.5143265158309747,0.3659309850067798,0.556108978876704,0.3141348598075683,,0.432932879887895,,0.2404444866659215,0.2999761098294249,0.3714189763015003,0.265115170813655,,0.7088654793982698,,0.296184388727879,,0.3232101562802246,,,0.2385062711097256,0.2900098947309734,,,0.2245853272375546,0.3766660253331036,0.4312237215051292,0.2885582393103998,0.2764623833632018,,0.15092817231103953
2026-01-26,0.2916451237920517,0.5714436820508787,0.3686038945782346,0.6884399369729477,0.3546963132156111,,0.4725699713737331,,0.2475751094957952,0.298517168270752,0.386448750219158,0.2842830075921447,,0.7629464019195357,,0.3146530733775485,,0.3342780571685877,,,,0.2971394788633172,,,0.2314070946345143,0.3998144391336519,0.4339010939634556,0.3199957556070651,0.2876619015557171,,0.15341327453694314
2026-01-27,0.2834824965217385,0.625597484763719,0.3797907613948208,0.5643659897521592,0.3832530490727064,,0.4907027816885072,,0.2484074186376043,0.3067255048582512,0.3910447874720428,0.2773149040847209,,0.4304384873086319,,0.320136643019116,,0.3048829350765729,,,0.2449762082883548,0.3038850736982795,,,0.2368774924841911,0.3884268664233148,0.449247090921877,0.3232427855988371,0.29398360820023,0.3319417332824791,0.15683569670513886
2026-01-28,0.291244891099535,0.6391520485684795,0.4015930553664638,0.6544893530409797,0.4018791133426955,,0.4657956503537058,,0.2440084893915567,0.318946729950867,0.3806363111051507,0.2894796780994831,,0.4084103182771835,0.2123244191375954,,,,,,,0.3123189478121834,,,,0.3699079636179043,0.4615049679645433,0.2896831963457544,0.3043935869000171,,0.16064519335216537
2026-01-29,0.3258874253918506,0.3829496480374357,0.3957846280712028,0.5274830108350848,0.4218299436667873,,0.4670299405026309,,0.2673495300760838,0.3307040088383746,0.4108334993414623,0.3289097067050121,,0.3913447378450117,,,,0.2830654668319401,,,,,,,0.2604414939532439,0.377376091683649,0.4798047849276227,0.2822997356162396,0.3170090640937587,0.2525716363807011,0.1510066024924859
2026-01-30,0.2405112077101656,0.3764320893413729,0.4017766577344627,0.5599784397721442,0.4230785760242442,,0.5153175754408342,,0.2561373346748583,0.3470990103061808,0.3264615343079454,0.2289776782171146,,0.3674285259364369,0.2060805602279512,,,0.2849978951827164,,,0.2492188636031339,0.3275684298349405,0.2092501668201785,,0.2649142052357612,0.3728980244090237,0.469814198885102,0.2879337742844844,0.315149654981283,0.2443551455207558,0.1531040713842038
2026-02-02,0.2373562002769084,0.3647373273638649,0.4059919076936826,0.5156178051837379,0.4919892749955751,,0.5191806546102423,,0.2760711663346678,0.3647309408748435,0.3249716387364,0.2796576991308286,,0.3835120188153192,0.2084028233504655,0.3692695495610616,,0.2715255719227914,,,,0.3714621948045025,0.2199952119556125,,0.2774517015562561,0.3995470273933183,0.2847466449903928,0.3037895821361178,0.2999309002845408,,0.17001457002298584
2026-02-03,0.2570973242635083,0.3365884218967908,0.4123577100012749,0.4813171739544573,0.5469362536427941,,0.5775576503507692,,0.327907020792657,0.3869661664627032,0.331224789261156,0.3004568011981965,0.2073701001974617,0.3709487289391769,0.2370374691770563,0.3078036887140412,,0.2841228996373461,,,0.3153244376652294,0.4319036309553767,0.2432788286878486,,0.2815422848238953,0.3960142677246325,0.2913332811674859,0.341141556767953,0.3596071868040905,0.383139812683859,0.1867612272085618
2026-02-04,0.2924277548540873,0.3283734386710437,0.4281438564489614,0.5147150595703351,0.5199465492405906,,0.4671795972289527,,0.387670538282722,0.3914284732073711,0.3475906765059873,0.302775157551102,0.2176859585116132,0.3730389051826596,0.2460870758469474,,0.3138484788804914,0.3817578245609885,,,0.3514383348497175,0.4463041515513852,0.2688719735910547,0.2769135562365552,0.3100629362077357,0.4424043225886462,0.3634041830190081,0.3790582380275433,0.3914565964121639,0.4103528193286204,0.2058021471688877
2026-02-05,0.3248959113360105,0.3447476845169626,0.4415397999870759,0.5449910682010789,0.569724907611221,,0.497198392660713,,0.3671815185841906,0.4035218263002829,0.3730806718515968,0.3392963109086808,0.2307122763600531,0.3927174185240981,0.2749329110517993,0.33148885213625,,0.4958166420406507,,,0.3952407892721809,0.4583895280622539,0.2983680855441253,0.2958189197034045,0.3292509108447171,0.4288322695889179,0.3148404956751576,0.3847416542515907,0.3632007199701009,0.4326748898297833,0.26865831424517034
2026-02-06,0.2805457596455685,0.3252171527136345,0.4047676475493966,0.5257300412533941,0.5535876255063795,,0.3250988553636668,,0.4153705801473248,0.4304277435734243,0.3478458315634901,0.322644676430527,0.2188704839128377,0.3638906324964984,0.2526152551968386,0.3610085858633375,0.4163879000520675,0.3733824828526729,,,0.4326331142947722,0.523558831833835,0.2918836934182838,0.3095236470738037,0.3282714642657306,0.4142701779078035,0.3485100646412472,0.3634636557758882,0.3618635733865025,0.4395986166702252,0.2970127839117181
2026-02-09,0.2794488381715294,0.347176977233787,0.4160437253393567,0.5346325266922729,0.7093385204901786,,0.3223706999693639,0.3953766599537726,0.4255920922164499,0.4657061532612517,0.4137526976028078,0.3001772289030361,,0.387249634397115,0.2470192174867483,0.3183703203331585,0.4011175039728685,0.3410416074453596,0.3792252886175905,,0.4353757934382388,0.5324048399678325,0.2674333731034137,0.3121509065788769,0.3457615656314886,0.4228616094747195,0.3333308213324281,0.3771871657913941,0.4112411039791223,0.46041496805586,0.30705634287348005
2026-02-10,0.27825798080924,0.333931085026213,0.3920792598193434,0.5258868830452996,0.7674295169287687,,0.3171337081818076,0.4422437038619156,0.4022608312020272,0.4504753417094053,0.4167380038644198,0.3045511287480331,0.2655249633253546,0.378504643334748,0.2727135680290107,0.3212610794471695,,0.5085554839625883,0.3473270288667505,,0.4538713139627691,0.4930303241993228,0.3182373459840273,0.2381869374931337,0.3745084198703756,0.4266899213017428,0.4340144791409335,0.4333144806294552,0.3906434532630119,0.4737316942512519,0.32313028398734867
2026-02-11,0.2977379280619329,0.3278210884850295,0.3835993188111019,0.5392752526891404,0.7552411179753383,,0.3200916399089784,0.5589985762371619,0.4049847455502041,0.4998922722964776,0.42342890266077,0.3386128976474277,0.2588645789790714,0.377457970246855,0.2782247889309922,0.3291601108712995,,0.4795647445629103,0.4071154656772071,,0.5501610803501583,0.6250447891973019,0.316460209937491,0.2685962309329432,0.3597177785003755,0.4275825978917987,0.418014470675284,0.440855333320546,0.4982537580448381,0.4296281159207709,0.3152266402851288
2026-02-12,0.3015608411587572,0.3494358676748451,0.4170298185587047,0.5536216357768413,,0.6099226886218693,0.329511090952778,0.6884060430985742,0.4018761026551466,0.4712728732665809,0.3916628164500853,0.3481695653864249,0.288658233513723,0.4257519673145574,0.3429220984343065,0.3522075604499839,,0.4841372302890678,0.4391061772511909,,0.5938730457443784,0.7687047601699656,0.4089194669084495,0.2932132764056009,0.3106788761649999,,0.393892674314811,0.4728801878316763,0.4197308877277816,0.4932003198825378,0.30673615678690114
2026-02-13,0.2649859130794749,0.3336629978616061,0.3725963085449675,0.546984641444974,,0.5646087709157113,0.3177685600307798,0.6264374523257128,0.3778760709508857,0.4403852070204641,0.3562897885259483,0.2977970150078692,0.2507491045104655,0.4907984459164665,,0.3722351530916035,0.3227751435508018,0.1965973384008768,0.4021112598089386,,0.4542477886567076,0.7355068414039672,0.3856767124739488,0.2740317831292245,0.2907612093068145,0.4201531176138338,0.3443064248600382,0.4710600606482222,0.4088609771490281,0.432489677500628,0.3068616096031401
2026-02-23,0.345155180974002,0.3309200317542991,0.5962064534041761,0.6255895573356665,0.3012083525545319,,0.3480728609652606,0.4085540249542077,0.3989106145119508,0.4696964421929113,0.4779679209030293,0.3013301588899992,0.2748900432287101,0.3638255534957327,0.2817670032304638,0.4268849363267035,,0.4476911535156925,,,0.4784095897980006,0.3501766389090541,,0.3766534941182664,0.3609200187712605,,0.340193390479664,,0.3337368957179932,0.5912140885325464,0.3276993791312655
2026-02-24,0.3397782027547276,0.3166484484582605,0.5889730149481266,0.6293446816876515,0.3244452052919452,0.4573929778146403,0.3483475691916594,0.4177517968246903,0.3886785439234592,0.4804241483722257,0.4710888429824006,0.3012003185483656,0.2556584710383526,0.3710894372387983,0.28128581672379,0.5037643077003447,,0.5785407498657672,,,0.5927673225037239,0.3735848493020065,,0.4314874534227254,0.3596355700894921,,0.428545079141796,,0.3214228276992433,0.5747929774548644,0.3344040203547539
2026-02-25,0.3419231249091131,0.3395649130651396,0.5882119233423562,0.6290570254597497,0.3128960130972411,0.474139572547666,0.3320334380958383,0.3991108862056484,0.4020553203756609,0.4966411583065854,0.471490211105031,0.3122394198805851,0.2631607473141523,0.3845059650641434,0.2837840122793273,0.4752595571719489,,0.4519590627635514,,,0.6050727422044179,0.3712254745712058,,0.3942042739768651,0.3550550694137886,,0.3984732400410196,,0.3272282217799062,0.4746807172180664,0.3451717344464191
2026-02-26,0.3524679525582915,0.3488306214627555,0.5029032672919409,0.470131229122836,0.3131568030351779,0.4541311763793715,0.3277972689158972,0.3830833305285398,0.4280020738169038,0.5234781548246205,0.5045216934633299,0.3304782626493748,0.2586881730737654,0.3834295115110395,0.2667345949353136,0.4540511535547881,,0.5138608647504381,,,0.6535174360214583,0.2929423669801793,,0.404579048732911,0.3971772688244926,,0.3857146815725228,,0.3259432138056189,0.5004951364836892,0.34918587376218374
2026-02-27,0.3480549914493533,0.3321549563815988,0.5071456588040402,0.4599865423772196,0.3308871820817651,0.4631107547881968,0.3432971758206386,0.4456965941334194,0.40890482475293,0.4708219805069798,0.4653914020153094,0.3227764710644726,0.2911384202352543,0.408779953713533,0.3196569370949154,0.4355188026859513,,0.3870243907824031,,,0.4770026188713746,0.3622291268308645,,0.4414715950619803,0.4115414359116591,,0.3806372509668946,,0.3513567537675606,0.547784674362699,0.33366423192270306
2026-03-02,0.3722129641132314,0.3602367838524547,0.5139143766084345,0.4795526184957681,0.3638458249121413,0.4961989829403269,0.3567323552596082,0.4489022688491936,0.4294369408913986,0.5025353446649559,0.4699879333894172,0.37335500542807,0.3080290854590063,0.4697415764490014,0.3174162750718325,0.506394132634299,,0.4155247378856058,,,0.6558059266296711,0.4428645934430637,,0.5056447255472735,0.4480308927639925,,0.353934583224719,,0.3935658084989081,0.5724364895344235,0.362841124531537
2026-03-03,0.3719668680649042,0.3977471007405087,0.5317534253606006,0.4929674934807618,0.3609147030302047,0.5259803412043323,0.3674595139254768,0.4865290664976306,0.464203762875553,0.502219463073502,0.4519514802365568,0.3892866516766811,0.2987944728174193,0.4368859475040425,0.3588239665770498,0.4935330633503152,0.4168570271102756,0.4712281297700594,0.3728349815972295,,0.5792354491274538,0.4464596881935823,0.4003300474286366,0.2631838210317068,0.3580172520172675,,0.4045357923645504,,0.3742904133723497,0.6082994219062607,0.3332485337114846
2026-03-04,0.3626071784177372,0.4052757685941937,0.535612400144857,0.4592329817295457,0.3807592839167816,0.4002585145258963,0.3630706911293394,0.5010618182158384,0.2971984675553636,0.3545016720439966,0.4312489807683717,0.3821856689618675,0.2828559469781038,0.4288536921436984,0.3430246745869501,0.456210888418113,0.3968428536488257,0.5299624623738344,0.376501374714251,,0.3197956412533658,0.3801469173806967,0.378068120828854,0.3869179629381035,0.2571381876762891,,0.3822023213349571,,0.3571282079444245,0.2934414213086909,0.385344564569323
2026-03-05,0.261658174919583,0.2967698757005412,0.5305121410731086,0.4984933945405506,0.4178718242281742,0.4524024308266529,0.2850772440770209,0.4969714276269252,0.3044776201960619,0.3542952661367329,0.3296209375062806,0.2719529925394296,0.2836223516094197,0.4307189441807091,0.2962027041882994,0.407684906498634,0.3816411562477301,0.5097900324081628,0.3919936671136481,,0.3053246967944445,0.3458650752687299,0.341035409917514,0.2297679178158686,0.2525550910917896,,0.2921402952097163,,0.3864845974716116,0.2909609776958035,0.3416585862718802
2026-03-06,0.2663317045322213,0.3026958785987599,0.5828315315278595,0.5062224194000706,0.3985538121221159,0.4694139261845026,0.3115584478038139,0.506298401859169,0.3063493965611984,0.3734256528068721,0.334662068568731,0.2848754022543381,0.2848664406444597,0.4371801116026426,0.3173486905888259,0.3754327156068723,0.375173811346509,0.5829558182517892,0.414419040029876,,0.3415321081427012,0.3486353360807018,0.3507362029160924,0.2460316992175622,0.2526589530121555,,0.2964436217038342,,0.4117442163555824,0.2786844810797144,0.3735763729657277
2026-03-09,0.2556599161438109,0.293873443502622,0.5388920780446903,0.5298101422097374,0.3591519234107959,0.4373196848823319,0.2959669520584883,0.5229128303768928,0.2949917975978112,0.3622550201328486,0.3194539800844751,0.2904629939657888,0.2848242362955749,0.41739607057321,0.3547534045498255,0.4150287568408116,0.4219292474351672,0.4775434411663377,0.3605807676637627,,0.331367525288647,0.3962027652265877,0.38272534173328,0.2576304648511134,0.2890006153044496,0.4837844881125994,0.2939160708834011,,0.398907453743799,0.4962218075095277,0.36667170206054
2026-03-10,0.2548718278151694,0.2859610004390316,0.550876849993019,0.5054582979984826,0.3839574975285891,0.4232322117321932,0.2834896516790492,0.499348397605537,0.3019300794607902,0.3633156475996147,0.3243175676158957,0.2824509473524286,0.2709955232861901,0.4476744562325674,0.3643987670480372,0.4625048130059371,0.4171177362870483,0.4813156800939526,0.3676333685906789,,0.3316508243841545,0.4134836347868665,0.3987376506589282,0.2340624259607167,0.2789673427566951,0.7675441697850727,0.290638929183749,,0.3797469803478944,0.2778603024771036,0.4247720314670489
2026-03-11,0.2492265711677405,0.2687660187842593,0.5490674952265366,0.4945620536065817,0.4114995481631482,0.41798298125853,0.2892376477393716,0.4920886491408531,0.2956981467679394,0.3611003272704412,0.3212011032670935,0.2760085848989637,0.2741874300527459,0.4875064776991833,0.3323227140957785,0.4390599649112826,0.4198862942781481,0.4947213400206249,0.3820327616394605,,0.3272088416129818,0.3923084922677658,0.3527445474858702,0.2446466784713805,0.2789886035860379,0.7918922309858506,0.2892194891675175,,0.396129325845786,0.2856400765724074,0.3756436140823135
2026-03-12,0.2570992860599212,0.2808052325791624,0.5686917374627783,0.5223289560531243,0.4091938102096908,0.434279323033184,0.3006536741550717,0.5058251252763977,0.3251992846439385,0.4752903234536138,0.3344451019758294,0.2880866251204833,0.304484479651181,0.4413560836854309,0.3771014322093898,0.4516241536305295,0.4167018931885219,0.4690463560381415,0.4043200900216233,,0.33639161044784,0.3721188857933786,0.3496336696655124,0.2804959321634854,0.2957736795817881,0.5559934276802302,0.2999372130081085,0.5896611199367264,0.4832883885624916,0.5569834046345593,0.38832528984020853
2026-03-13,0.2545224809109893,0.2711191451745417,0.5375900540989211,0.4776689874716867,0.4329145993078487,0.4396086287497987,0.3821875068063405,0.529914900725331,0.3166053635321157,0.4632950835067393,0.3362685467399648,0.2841828461127646,0.3157339313674475,0.4525501024186992,,0.418704326424391,0.4053324290809527,0.3773311466651032,0.5619216499024051,,0.3383265018695828,0.5244154897887056,0.3399309101852703,0.2608001334543687,0.2667521754805874,0.5362522198554487,0.2980947776631794,0.5151753797551263,0.4725520060551876,0.2872970911090877,0.36892619420939693
2026-03-16,0.2362597458938957,0.2558022912439481,,,,0.4221996436719721,0.2867709363648377,0.5826544909428053,0.2956402370906251,,,0.2614496782581353,0.3172053502553244,,,,0.3945842167896051,,0.3698769405000278,,0.3213803369139492,,0.3296366519228636,0.2635276332908534,0.306303434828227,,0.285638486815517,,0.4682517525461107,0.2749439670707394,
2026-03-17,0.2204618136070838,0.242678432112021,,,,0.4139139017436768,0.2750006657126868,0.538469351492817,0.283087172227046,0.3592035032722874,0.3077037016172384,0.2485508981400471,0.3156059015643812,,,,0.3905001193989769,,0.347654456229082,,0.2918740595160224,,0.3627318301537026,0.2575664747696085,0.2866596017905819,,0.2707261749841421,,0.4810480158753658,,
2026-03-18,0.2345898653512811,0.2536501002473397,,,,0.3938249962549267,0.2997965618610479,0.459918976488262,0.2955826410316525,,0.3207118508919704,0.2628634018568055,0.3058927715880152,,,,0.3653474930183273,,0.3719708829562262,,,,0.3095961318623281,0.2366879610238884,0.2515345110839364,,0.2835801568889143,,0.5152456611105988,,
2026-03-19,0.2244245223591543,0.2441064030779161,,,,0.4084078572237713,0.3039489943768352,0.4976514005933227,0.2935282690853046,0.3666112389415096,0.3226208906691407,0.2504294716928893,0.2894145288953782,,,,0.3548571841466476,,0.3602918530560411,,,,0.3062706266961571,0.2451337321523841,0.2650210883948781,,0.2815418764210795,,0.5440021585056615,,
2026-03-20,0.2360907952629499,0.2571340722456444,,,,0.4638172627296295,,0.5337296449916301,0.3075686649599936,,,0.2583071638718325,0.296864680730255,,,,0.3497738801799773,,,,,,,0.2376992373986408,0.2495613751877375,,0.2835125606445311,,0.5726974122527609,,
2026-03-23,0.2244724581023778,0.2470889974381084,0.3135695969214218,0.4455644060219814,,0.4107109153818604,0.3043966728976531,0.6395684652893019,0.3054285050759228,0.3920740402746705,0.3149600429395781,0.2726724898218658,0.3117944833557917,,0.3271198873327988,0.3291175481267126,0.3827840434745105,0.3514803509887008,,,0.3030851565985294,0.2655899489464214,0.309401141252111,0.2346321205428636,0.2524093613717421,,0.2888387611662408,,0.5806159797226335,,
2026-03-24,0.2287331660399887,0.2746668123565736,0.3154565122729383,0.441052418246277,0.2549009344695209,0.4029607679772842,,0.643170800966655,0.3068387033310433,0.3895608279490934,,0.269249217229039,0.3062833514329939,,0.3042196810211107,0.3322687064343646,0.366035558641381,0.3511124395096427,0.3737515644349651,,0.3091096783952004,0.2771706831756045,,0.2307677470838974,0.2439280456143069,,0.2771291453050983,,0.6287298898691809,,
2026-03-25,0.2218481995377511,0.2800954948784078,0.3015390247887666,0.4217639594958582,0.2677673689284019,0.3849376868710724,0.2889791776114245,0.614397079241367,0.3074922473300015,0.3924270108220719,,0.2585033923467213,0.3093844419978326,,0.3238722519815032,0.3327823901328173,0.3565252807310326,0.3268604844147579,0.3687237605453451,0.1419406583157323,0.3037166958827116,0.2695687730271291,0.2896241396776931,0.2317402445788931,0.2423985505403038,,,0.2991105891411835,0.6488716425346874,,
2026-03-26,0.2408098273884941,0.301806993682282,0.3579604027325662,0.4403982541763911,0.2852073465282291,0.4014086255070662,,0.6532935166942381,0.3216440992904967,0.3990271033639928,,0.2667178596440233,0.303951474302525,,0.3453157346977398,0.3549350527729532,0.3817550973616273,,0.3900121551617238,,0.3326868184275333,0.2793096510211824,0.304933512121347,0.2360364065651548,0.2494607201562655,,0.2927386734516379,,0.694037664992923,,
2026-03-27,0.2621690549315233,0.3381057798994234,,0.440968014120667,,0.4111771592580829,,0.6362112280128139,0.3349388803850556,0.4297878338867559,,0.2786679542835781,,,0.3577568434614313,0.385784330371016,0.3806467015328582,,,,,0.288657721646791,0.3059984541564357,0.2561321661650885,0.2522587454295434,,0.329867595605824,,0.741902723552089,,
2026-03-30,0.2623383170231151,0.3324829793570555,,0.4832927218097313,,0.4094403162250317,,0.6786999093238825,,,,0.2821665762145359,0.3258314418457049,,0.371415369729166,0.358987939626514,0.3773439503681029,,,,0.3454064670092997,0.3025412812812875,0.333655101119254,0.2969211695617097,0.2608599671129056,,,,0.8255672414953231,,
2026-03-31,0.2408311306161493,0.2973456430739969,0.3424786711387211,0.4631467880204546,,0.4063930004753223,,0.6165283240290045,0.3288836701725028,0.4108902254827685,0.3375192162148929,0.2651505735459495,0.3271457392133978,,0.3599391817152025,0.3550473352951414,0.3723572801311961,0.3594998336276903,,,0.3702928659880432,0.2797723804824584,0.3171837040652279,0.2690610147973842,0.2564518934854526,,,0.3933862207671426,0.6994995144759292,0.3955080838300288,
2026-04-01,0.251968160412581,0.327986297797853,0.3327681652620205,0.4270522761802053,,0.4045992330404282,,0.6230448139399285,0.3176391398543421,0.3578880144463501,,0.2626249657035732,0.2779016301185192,,0.3919712427130432,0.3353675622145484,0.4400710010984804,0.3824470403727008,,,0.3706152920243891,0.2595724775519045,0.311531151254978,0.2705389629941469,0.24310167563695,,,0.2799464652141789,0.617364305897089,0.399757384738837,
2026-04-02,0.243779995891584,0.3224561223494527,0.3194636519175245,0.4252908176121068,,0.4007999241657436,0.346316082849781,0.6565583867798215,0.3212785893441696,0.3595818708911349,,0.2652536948266434,0.2679357203570702,,0.3498034090428498,0.3318045938792814,0.4316204493815666,0.395977364234832,0.3770406096006132,,0.3680083234363967,0.2634761247194611,,0.2209021010347919,0.341073117895739,0.3797821707741501,,0.3797999511524415,0.6302887605101001,0.3829154142500692,
2026-04-06,0.2531109769908837,0.3272790125942408,0.3505470233109798,0.4599718374285633,,0.4236616675867762,,0.6887914395890569,0.350561351497049,0.3478037143344831,0.3162356978986038,0.2664411920800374,0.2791758305418206,,0.4055139416033894,0.3807694614352053,0.4342282185005913,0.3879962378592021,,,0.3753527372358139,0.2887484980345675,0.29877252342217,0.2220693341422963,0.3670106255802699,0.3895461742374173,,0.3904476603369249,0.7333077111180081,0.4087804095687651,
2026-04-07,0.2782154818376836,0.3372849135187769,,0.4673379428261208,,0.4492853512104441,,,0.3775943730288044,0.3578674121215018,0.3401291958603292,0.2618032036573944,0.2865654469175323,,0.4212844478628678,0.3626717064896846,0.422603006444966,0.3952524997554954,,,0.3685912911036809,0.287241840438114,,0.2274390118699809,0.3743894686180065,0.4135559340377255,,0.3752826663565683,0.8024998925716039,0.3826236252381342,
2026-04-08,0.2580084270331733,0.3319334149412726,0.3277456368719837,0.4335935307331544,0.2732415676738077,0.4097429920291325,0.3568940539620189,,0.3864693679957369,0.3217519421629926,0.319840211664822,0.2463206828788908,0.2729045752862699,,0.4073947036633345,0.3549338572944543,0.4267429888253273,0.3864543599517667,0.3837360117316328,,0.3757647282664739,0.302421123495274,0.3266133412959736,0.2122664998119426,0.3654542688596017,0.3687922820627044,0.2830467140932217,0.4223203157080595,0.6791560751436282,0.423973410185847,
2026-04-09,0.2538658206033036,0.3500472704688596,0.3296626139348763,0.4349211750488782,0.2699774483304885,,0.3811720727150651,0.5453476130730415,0.3720676048783821,0.3321833436680921,0.3004560505333635,0.2486091812599001,0.2743128813578369,,0.4574329697069926,0.3430526540906726,0.4633972788056407,0.3846834453057166,0.3963652962203036,,0.372592844447803,0.3152704919565416,0.3613608535874713,0.2135264357602073,0.3964853246164879,0.3769559084323591,0.2909095765406697,0.4762360423704965,0.6373135979279554,0.4362206086578826,
2026-04-10,0.2557093057195752,0.3627082100405555,0.3302154877856331,,,0.4102904088905016,0.3838765854988429,0.3463386096185166,0.3898855777776163,0.3306771807626829,0.3026733157316744,0.2493986131473483,0.2869694324264096,0.2814389655936244,0.4260387485766538,0.3839987994494609,0.4333733837538044,0.3744856416894632,0.3937051179155617,,0.3591103854622472,0.2845479977456448,0.3377992878850137,0.2105388540534907,0.3389599168559226,0.3682757513167389,,0.4232979025741099,0.6170083852107241,0.4174051160213338,
2026-04-13,0.2736325047203312,0.3824389725471527,0.3273775091606177,,,,0.3913699075645543,,,0.3027593754160703,,0.2560416537936242,0.2876025250063593,,,,0.4302645276587049,0.3858423676695224,,,0.3244331553255676,,,0.2131406528149275,0.3563458962542236,,,0.4491001654622899,,0.3930704591269947,
2026-04-14,0.2870517081994648,0.3790953673672102,0.3319040855527498,,,,0.4132898203688437,,,0.3071500377660564,,0.250491046362441,0.2824920784657621,,,,0.4297419131638822,0.3767914433868674,,,0.3710463259324467,,,0.2158848037596439,0.3364302523507678,,,0.478596425823563,,0.4476480812092637,
2026-04-15,0.2890921204130027,0.4007329732245572,0.335884507854128,,,,0.4028457053236458,,,0.3155794671403041,,0.2639375685568934,0.2797807392210549,,,,0.4354637787422467,0.383800364451867,,,0.3771150447085816,,,,0.390225353832441,,,0.4716607241772669,,0.3815738892442195,
2026-04-16,0.2859638546690115,0.3968685483792186,0.325597120281223,,,,0.3956817785379789,,,0.3212708481260056,,0.2670477185334328,0.2325590453019872,,,,0.4476751227836489,0.3804371032194962,,,0.3811984704566151,,,0.2163131155862158,0.4049560160705947,,,0.4760420028037957,,0.439709983090728,
2026-04-17,0.2722942286609191,0.3845715002397507,0.3139610996604775,,,,0.3976708184553784,,,0.2973809918363451,,0.261581856228374,0.2389747743001263,,,,0.4620552362721231,0.372580969254437,,,0.3966850430634964,,,0.2098209361226152,0.4582876633280325,,,0.5250347955253449,,0.4872275924727534,
2026-04-20,0.2825004054680802,0.3973028119904268,0.3258929779020222,0.4695081969345628,,,0.4135546347917937,0.4138471101963076,0.3180856859475705,0.3230586642401518,0.3862025636628289,0.2688379729688556,0.2215429095081115,,0.2648351295902721,0.4805854885571567,0.4988862998975953,0.3816573633346373,,,0.4270288663509533,0.2650253724852376,0.282678954110887,0.2188841902454994,0.3961465167818156,,0.4765340631551221,0.5161140639764796,0.363808789418581,0.4566391075978395,0.16952797886390522
2026-04-21,0.2971918442432676,0.4143498028862818,0.3252762411669994,0.4946291756857208,,,0.4329256011889984,0.4057535658353686,0.3313176062090641,0.3410219258597469,0.3838580827860045,0.2824411603546867,0.2582024791675959,,0.2614258837615146,0.3967746396581474,0.4634398100668804,0.3956172492924362,,,0.3347192792896634,0.26883003718528,0.3140589809057932,0.2356209984668492,0.4021836854422203,0.5089211156707286,0.4573500860337832,0.531041700286195,0.4095447882173034,0.4037221929658278,
2026-04-22,0.2813088443706436,0.4267597505554537,0.3285583323153555,0.5220945633165673,,,0.4352921580280206,0.3969759667475248,0.3132773696569266,0.3184753263343862,0.4046478404393829,0.2689867112905532,0.2447146338803799,,0.2623846727246441,0.4118593599119357,0.4529263409499942,0.3615367009191223,,,0.3156527370317525,0.2758367988745833,0.2970908707943331,0.2364437044655638,0.4050184857428442,0.5732448739988459,0.461854304096823,0.4788396491167837,0.3928377703984555,0.4214785108459245,0.16073338934852877
2026-04-23,0.2743568037089837,0.4345610754684015,0.3267070428287062,0.4907135984312133,,,0.4428906144909871,0.442876186676089,0.3204386126243465,0.3224529667320116,0.3153292112063199,0.2720170073264512,0.2683393532872966,,0.2894569139118803,0.4194030632801925,0.5147778925010948,0.3488913907001587,,,0.3184803602351248,0.2688458566162256,,0.2381253601664917,0.4351316272622555,,0.4501931016801132,0.491269002999932,0.3917508764977691,0.451793529768094,0.1721072071199918
2026-04-24,0.2895888161811167,0.4460808375134373,0.3597556659074802,0.4852822358857001,,,0.4477207092971321,0.411980599038563,0.3027957963921336,0.3095413631161415,0.3124446089833344,,0.2635878706580132,,0.2686468336785603,0.3867500997995182,0.4777518685775401,0.354025193713834,,0.0987413218572916,0.3199599568643033,0.2680369762073424,0.3322504181470496,0.2342231733091555,0.3940331796473552,0.4287872603810021,0.4682578813518872,0.5063952152945996,0.3846483431646368,0.4678980270418134,0.17368763730274075
2026-04-27,0.3133354135624392,0.4917622731541021,0.4110121635996207,0.5434733474807227,,,0.4735242040490976,0.4048986190149589,0.3320696315994355,0.3276775284367888,0.3481376793857285,0.2952978507246735,0.2766436875241885,,0.2729204427386397,0.4124452725788198,0.49448318945086,0.3607359395811531,,,0.3236235837848407,0.2734816767741114,0.3309077905779728,0.2565912141969462,0.4038236969905672,0.4239968800081775,0.5193434264369342,0.5649460352466663,0.414931680486987,0.539636399864792,0.1704807032040785
2026-04-28,0.3033264019061931,0.5106325540264723,0.3902681591734606,0.4939782569206893,,,0.4769379551745704,0.3902138609331062,0.331752313040289,0.3383816280738043,0.3312957150809932,0.2906085783763175,0.2267348532354422,,0.2763116596321744,0.4134528790513105,0.4517071703835924,0.3296889866807511,,0.0922470461245265,0.3086274482795528,0.2682423613365301,0.318027845847916,0.2257816835828968,0.3665994727808923,0.4695120019131777,0.5191912288367487,0.4761300946534147,0.4252933824401267,0.4284744947978086,0.1757164232580526
2026-04-29,0.3206624794203255,0.513070229067922,0.3972294980814381,0.5565496716370114,,,0.5338447827339464,0.3637624745687564,0.3242345734364621,0.3280432056660452,0.3236489752694074,0.2669558373349807,0.2543644875674411,,0.2747125119199884,0.4286528397567052,0.4685819564842844,0.3720146531106076,,,0.3161493431009236,0.2771718989507838,,0.2212639964910387,0.3762002548126057,0.4544477520359142,0.5276078000889921,0.4613329388756704,0.4696115096918459,0.3900002358822669,
2026-04-30,0.3513476503108559,0.3060885244066773,0.4055826369018456,0.5123177329982587,,,0.2975769907027166,,0.3491157134921284,0.3093855978341567,0.3419868950004717,0.2488185310235147,0.2707184441203686,,0.2873976211690153,0.345235729053623,0.5321239793486847,0.3433905939358124,,0.0512879311400098,0.3223161248200838,0.2704910108462127,0.3181779974767201,0.2078551975003318,0.3869811036616816,,0.5409234101787483,0.5666250695255999,0.4986137853361067,0.432570644782189,0.18856122686387775
2026-05-01,0.2440399496672264,0.2883677870038844,0.3808477839983087,0.4740978679192615,,,0.2788389701007367,0.4468105624602463,0.3443513261996138,,0.3242977692147669,0.229005100823161,0.2660876848823297,,0.2703965529194873,0.3563148752441953,0.3412590401250744,0.3462446416829965,0.3864670563358634,,0.2981440191925554,0.2573801432625168,0.3012877774657909,0.1978847716414894,0.3778991179062728,0.448476406153424,0.5375896771948031,0.5196849862299485,0.4226311590129533,0.4164352138795279,0.16353647571642557
2026-05-04,0.2535235331175855,0.3108221958364179,0.3991628437343486,0.5678268872396269,,,0.306500090333216,,0.3297586309393529,0.3171454265459758,0.3632666908586661,0.2501388316614971,0.2769797913545606,,0.2794244399116176,0.3774550979612989,0.3287732209855439,0.3891600686852562,0.3990792472610798,,0.320318972188005,0.277699202549399,0.2942484941304643,0.2195443357940523,0.3973498961960328,0.5562233271758034,0.5855547005393857,0.5107515245888092,0.4989620362263345,0.3876914539087804,0.1656319056982578
2026-05-06,0.2429697710846391,0.2991193172881762,0.4112138117191395,0.4865140385748318,,0.4891596350233725,0.305134512122766,,0.4002755059567797,0.3118899844315068,0.3438610697497858,0.2332879980962237,0.2665682700728495,,0.2625245121020387,0.3834847493966823,,0.3769310367324374,0.456273417716829,,0.3409847764462111,0.2605933208612691,0.4183995176084537,0.2134086028152211,0.3809422527271564,0.4033162696949159,0.500608371084277,0.6362891654731407,0.406997209327724,0.5415120184542618,0.18648462029816376
2026-05-07,0.2473196698669544,0.3202000190249336,0.3958905228387776,0.5897743858155275,,0.5060292099141507,0.2860223517772804,,0.3446922799981571,0.3020353781053583,0.3034616608498976,0.24214120935341,0.2541253327012167,0.2965093999570206,,0.3285641744106045,0.3612392499876343,0.3482406325874228,0.4058430228314509,,,0.2566090708513556,,0.2134674296395236,0.3834582231108824,0.5731300786932997,0.4494171724221358,0.6736596050668873,0.3973609065141608,0.451346655434893,0.17647461664334832
2026-05-08,0.2337392928167414,0.2898228529677193,0.382670742189822,0.4191016241384813,,0.4646289348791561,0.2995034346986251,0.5140035026559013,0.3046132167167395,0.3045064080411812,0.2941486511095922,0.2273561727130783,,0.3020418081158561,0.2322029305334031,0.3212911220981297,0.3737306167014709,0.4710969571330093,0.3616439132474628,,,0.2444881101080842,0.457776514689347,0.2082660513479585,0.2520203701176276,0.4913877115103881,0.40542697817862,0.6249922451398355,0.368676246045683,0.4384316238868039,0.18544867202243934
2026-07-07,0.2710655682665759,0.3718785288627302,0.400220304893039,0.4583955821862683,0.3935907834924139,,0.3570091261537194,0.3060672644279498,0.3225967315286612,0.3484521488801478,0.2836599654574661,0.247660993793613,,0.3719120651974162,0.2738221246616729,,0.3618566509089099,0.3853947204240731,0.4841535322161485,0.3825438983877121,,0.2779221751043957,0.2536237303507466,0.2107242799829113,0.2628556172660304,0.3530524210498823,0.252236347651485,0.3198530543452771,0.3461775724537346,0.2984626754762494,0.12927653889175975
2026-07-08,0.2683060419668293,0.3458402640804309,0.4072395963449948,0.429879607552509,0.3992604290214438,,0.3386129123877117,0.2895935468262828,0.3184376808591182,0.3484630466309477,,0.2531684220119933,,0.4070690554738777,0.2551622284532787,0.2931838794877351,,0.3734210699934723,0.5204119718419522,0.3708417434272094,0.2937183860474686,0.2634667373110853,0.2570257477398063,0.2152532226439019,0.2535712363188133,0.3585539852951256,0.2557621530291102,0.3148484661421076,0.3415857581588523,0.3187036172584441,0.1310597212590925
2026-07-09,0.2706294766744503,0.3496744983726513,0.3922623458081717,0.413918422912252,0.2828395245660101,0.583010198667541,0.3584906421182403,0.2669515757972086,0.3264792269820477,0.3659603859711162,0.2838626313445,0.247988671424403,,0.3638399210553771,0.2493538007787519,0.2851501607890297,0.3101086408151385,0.3870204419034013,0.5073316246945448,0.3321351895748539,0.3219955502134631,0.2538711459928937,0.2569193498011935,0.1841956711706287,0.2517169515413605,0.3327627770015268,0.2431724714559335,0.3045155328615329,0.3299306510174962,0.3008197270627232,0.12390522395463573
2026-07-10,0.2689547572278422,0.3399274556976809,0.3856489194263319,0.3823391350047684,,0.5944490802262761,0.3143932056425259,,0.3283708779776366,0.3572544131242766,0.2723196265985524,0.243994785489223,0.2165456740568796,0.3580824456400635,0.2529804219146412,,,0.3640894094761303,0.526684227953862,0.3266002253802362,,0.2367304042412006,0.2497962974691935,0.1732579398866623,0.2572463513155249,0.3214115151546222,0.2366431299965276,0.3006590152098352,0.3116071835423572,,0.13598215638197642
2026-07-13,0.2837103145629338,,0.3941721297693393,,,0.617977913500739,,,,0.3573342913499885,,0.2573625429269278,0.2294439278185976,0.365064704079883,0.260013500459707,,,0.3702251796700405,0.5370690727849081,,,,0.261873492096187,,0.2647935149320334,,,0.3154980404036877,,,
2026-07-14,0.2767608684768018,,0.3966381222841981,,,0.5719863523545385,,,,0.368421488592184,,0.2575604724418417,0.2293607184996288,0.3750299535151866,0.2532110091756611,,,0.373907672064319,0.5367132577079524,,,,0.2567595356941309,,0.2695105429495089,,,0.3152932462797107,,,0.12621188577315992
2026-07-15,0.2846571998183314,,0.3950328688973409,,,0.5194539290938431,,,,0.3431620492381365,,0.2577584965487521,,0.3732154072784824,0.2478008362415991,,,0.3744699130127077,0.5152099219542347,,,,0.2598649002700021,,0.2605609681786855,,,0.3065811493312489,,,0.122172512833461
2026-07-16,0.3115365460514628,,0.392734561907756,,,0.4876435303108439,,,,0.3400247241542619,,0.254293211851978,,0.3011722070438514,0.2428059074862703,,,0.3692317946847191,0.52031015631398,,0.3269898545606963,,,,0.2629506443719102,,,0.2957267381049669,,,0.11742014401848855
2026-07-17,0.3167120845287505,,0.3967965465152903,,,0.47827174162615,,,,0.354572243415459,,0.2564142557701018,0.231473388985919,0.3329287887329726,0.2381016702923518,,,0.3811144601261949,0.5724518144194305,,,,0.2545560265378479,,0.2717162681441741,,,0.3179158710314293,,,0.1201545666008909
2026-07-20,0.3241766062593977,,0.3771779612698109,,0.5405312758296887,0.4859085777335488,0.4234766687356115,,0.2188461418137003,0.3426911803570467,0.3252358914955174,0.2748622801480707,0.2409356667124665,0.3175845353692884,,,,0.3872189456732759,0.5546333576114661,0.3689563886290195,,0.3592069416915305,0.2697471804768593,,0.2732722446840411,0.3645264251795207,0.3667849491052289,0.3281796925361077,0.3146201137565807,,0.12182652261702567
2026-07-21,0.3129757612836934,,0.3709005637727952,,0.5056714518556219,0.4830444100263021,0.4215725064855756,,0.2192672146228412,0.3366369437946362,0.3253736978388403,0.2757830816485308,0.2271334947301279,0.3223286252286564,0.240752152384267,,,0.3942001877735263,0.546497262928775,0.3891273555824505,0.2746003712992403,0.3340825017110546,0.2691371858863681,,0.2750216352931846,0.3885391683671774,,0.3254523477123791,0.300992402554527,,0.11950214227892168
2026-07-22,0.3157887900835284,,0.3810344183429615,,0.4974133847255791,0.5314472990801374,0.4368066525922497,,0.2229249016313791,0.3462081776794304,0.320006008514877,0.2584423428893688,0.2365425858982321,0.2957388041570504,0.2459997675857549,,,0.3875839619217268,0.5646694069494945,0.4077244246568576,0.2524244551318139,0.3476499362142656,0.2658127776102459,,0.2729486368981933,0.3566080675380777,,0.3200725074779187,0.3036298692708572,,0.12443138542394071
2026-07-23,0.3057130735116495,,0.3839473791384277,,0.5152324665381177,,0.4413112292812754,,0.2202037898978918,0.3426672081002484,0.3023617950350805,0.2547579314751839,0.2401768094613437,0.305132238902219,0.2542400396506638,,,0.3859962278468573,0.5489672873727554,0.3435851022750509,,0.3449810663581682,0.2550780553775552,,0.2740801901320387,0.3676296462152434,,0.3313866773164398,0.3130008807215471,,0.12021174046184224
2026-07-24,0.3130975225142159,,0.3814933395919086,,0.5007094185673925,0.4178720155755359,0.4267861424507433,,0.2139810917787029,0.3359361978804283,0.2569384466985652,0.2523630944395497,0.2730431071512169,0.2916913015045297,0.2414963931332562,,,0.3975689243520325,0.5469988106387214,0.3813381991803838,0.243981672897586,0.321849358493911,0.2466526494274469,,0.260747902311077,0.3810204993937493,,0.3361097466211026,0.3061996417742071,,0.11863819137034959
2026-07-27,0.3317111882532365,,0.3847142365778355,,0.5430679129041666,0.4222236614015912,0.4413562747145903,,0.2244178389081508,0.3484191500377417,0.2804648052711977,0.2693998818827862,0.2607015733487378,0.2843150817263765,0.2594387470664988,,,0.4026859785234446,0.551726455482056,0.4074367623797871,0.2521906306825822,,0.2815904633103391,0.2293194484094735,0.2777821373368849,0.3371296376040025,,0.3448850368485094,0.3131287579659041,,0.12880370930755547
2026-07-28,0.3417053777407923,,0.3891808345499647,0.4673800438437583,0.5557435319709002,0.4288754719742358,0.4476749271932131,,0.2167023539991934,0.3612678654069778,0.2654889941710762,0.2742082796769757,0.3085987448652845,0.3363125191207735,0.2587874246810614,,,0.3645868742965712,0.563338654913275,0.4437541009288491,0.254833549139891,,,0.2040994870354445,0.2755272305838076,0.3595054969607839,0.3739732755185065,0.3605009968633121,,0.2980917030373413,0.13723860070195001
2026-07-29,0.3483257409901631,,0.4059977080287521,0.4692810384555944,0.5518289003205817,0.4208134199344409,0.4681782583218858,,0.2315397347477215,0.3668596871634097,0.2661323339464182,0.2370212859711137,0.2534431104499084,0.3537107968749849,0.2489321375682192,,,0.3469018756951306,0.5495100154880034,0.4243921314127222,0.2572956053700654,0.3526329320551798,0.2242930381800656,0.2094606532445667,0.2687590722627095,0.3625471546988069,0.3623468759733307,0.3565169883424771,0.314875716282487,0.2732609140062131,0.1355713858062492
2026-07-30,0.33541761116193,,0.3725894383825753,0.4610732092249034,0.5362161331581264,0.4018558368161537,0.5240527096403836,,0.2112981622013407,0.3463739251330037,0.2654624795370413,0.2227871497855996,0.2188734074978044,0.3096228385998751,0.2438797385478428,,,0.3440796366929187,0.5325960408196491,0.3573301435240328,0.254150723365272,0.3591372801144964,0.232736140038006,0.2057248641078025,0.2794400108922025,0.3727511549852585,,0.3509483859352701,,0.241976191999104,0.1293151772787262
2026-07-31,0.278266034840102,,0.3666007201991983,0.4666529003824479,0.5728822780145105,0.4192674935125628,0.3182232496174644,,0.2057577759498922,0.3440189589555503,0.2556438283782031,0.2281984296781765,0.2588027004415492,0.3270837868597428,0.2443063213979657,,,0.3530205850827629,0.5334812711927746,0.4120684853557008,0.2373740818104864,,0.2174082984090165,0.2160962762847778,0.2753047218787167,0.3801424141186582,,0.3547909624405888,0.2880891282154144,0.2682001490308488,0.11490137499305499
2026-08-03,0.2785885333138313,,0.3840607952227762,0.4863139612736182,0.6040151655555362,0.4363655858510321,0.3691114898781389,,0.2148948831747774,0.3459516651718531,0.2498557230994331,0.2190782642294038,0.254601754014651,0.3438812578147334,0.2557901304931501,,,0.3648644776300995,0.5920861627923213,0.4431035767342023,0.2523950522964643,0.3925875374172634,0.2328338388422487,,0.324418018901863,0.3700658364391883,,0.365976398855597,0.296035094654818,0.2697872576279082,0.13121880794463323
2026-08-04,0.2720930537712313,,0.3829044052792143,0.4759993960627651,0.6241680410611057,0.4211430623617977,0.350463055399257,,0.2257352738561391,0.3737397490263561,0.2702263401003939,0.2261154954485081,0.2820027224192313,0.3130643008594599,0.278670028154938,,,0.3628906486085251,0.5007668901618385,0.3829527202800321,0.2652469329961618,,0.2299200014377798,,0.2540728707706747,0.3847307166660475,,0.3929026318410277,,0.3084914657580649,0.15388383749403964
2026-08-05,0.2619191237971461,,0.3827510019244866,0.4679965014926788,0.6030361280786498,0.3920216126115136,0.3253112921093837,,0.2176988887738436,0.3547677943741426,0.2596031840783812,0.2073331331385893,0.2650178993748532,0.2874035048735777,0.2542036542769337,,,0.4100041131069418,0.4918496478750934,0.5167608600456065,0.2453559227587615,0.3346208255525458,0.1852654288981789,,0.2290282006576718,0.3763137107720197,,0.3915347074546378,,0.2708468761750052,0.15661677280686562
2026-08-06,0.2506989434502031,,0.3691764109661191,0.4589625623238735,0.5555972338138144,0.3732050688616056,0.3166729524495632,,0.1981519631984977,0.3391230150015173,0.2325086981861106,0.1970461979942246,0.1689681911786293,0.2752733634697394,,,,0.3884194006554219,0.4753037285744003,0.2339082881262861,0.2318365262424709,0.3734522289674957,0.1821284024470653,,0.2139380178914752,0.3327711713841318,0.2543351436612801,0.3501695223864546,,0.2803487920678789,0.1218808558343669
2026-08-07,0.2332672156607258,,0.3443059702327751,0.4273535709655459,0.5428522280466331,0.3479539865426025,0.3057097902098074,,0.1958836286598488,0.3051629686145075,0.2214589660333798,0.1883063177505673,0.2264112960551182,0.257372923485143,,,,0.3734999275637807,0.4082233880162844,0.3694823524764153,,0.3762069144632396,0.2042343934089224,0.1880259176045165,0.1882410194803394,0.3156091314028858,0.2161055731234309,0.3381335107875703,,0.2585482197933552,0.11878858076698984
2026-08-10,0.2411095920486593,0.3154427645896449,0.3649768599865484,0.4131140774539116,0.6048387962599829,0.3402042451075825,0.3342954539157627,,0.1984451983346749,0.3030727240253013,0.2212345275512372,0.1999228258565556,0.2425843744644796,0.2752532966446525,0.2337897081155481,,,0.3879741241634695,0.4036661861871544,0.493435076576988,0.2202309233539692,0.4726914027522191,0.1768581362683167,,0.1998003790100065,0.3048917685626366,,0.3981797516921633,,0.2873699416407901,0.11865478867655352
2026-08-11,0.2323915895823451,0.3017536033220913,0.3465622286503823,0.3912692187141559,0.6380610216699155,0.3569427153699172,0.299294779969641,,0.20816795885078,0.3036685614550943,0.2323080271796459,0.1858858137367694,0.3057079158437115,0.269821096590604,0.2236036076324946,,,0.3184035803509601,0.4029000940066581,0.3976579423272637,,,0.2009755314709034,,0.1909013624808438,0.3248952667893818,,0.3999671476351737,0.2568549144140004,0.307444115585116,0.12622494158538639
2026-08-12,0.2293785559220229,0.2757861499727576,0.3528464893495617,0.395201306480165,0.6926097646887402,0.329288071278749,0.2968835676814814,,0.2200712479422569,0.277314735386167,0.2346777745937207,0.1967916885448015,0.1851046341891419,0.2785066922023428,0.2237120499771255,,,0.331872953217641,0.4312065504313861,0.4128536643063388,0.258356657304486,,0.2027413765687444,,0.2131342857895918,0.3507008796176333,,0.4377010107484438,0.2595313262557717,0.3081936280194297,0.12238346672261616
2026-08-13,0.2285810448653295,0.2663550379746298,0.3305810603051407,0.4576565997587023,0.3361163628156578,0.3093557043694435,0.2939508144642416,0.2199747718845076,0.2034030499792684,0.2734634132499083,0.2546832048242247,,0.2638362039530104,0.2606267473884744,,,,0.2448729866834647,0.3873396771552094,0.485278416681684,0.2347113276156938,0.3612913396387447,0.1821726870214105,,0.2234986366211671,0.3348491519151992,0.2194843725653746,0.4044929679002914,0.2621749298442224,0.244597488599356,0.11169185649567548
2026-08-14,0.2017688085452991,0.2453994644636402,0.3138945470628583,0.3701049912958093,0.2879125039100013,0.3171253136833543,0.2522705849832709,,0.1970235423356327,0.2423773360886963,0.2117744435892209,,0.248291046555142,0.2332956584198557,,,,,0.3568019768939149,0.21727631926868,0.2274915477526531,,0.1734128092594988,,0.1927494797011207,0.295028568264996,0.2121404424016292,0.3530361371711159,0.258720639377651,,0.09096983798069117
2021-01-11,,0.4070741094583774,,,1.3200268347271784,2.902021509656039,,3.36760952150551,,,,,0.7975069965631452,,1.1703375544648016,2.5320571645328864,1.6094713586231757,,0.6884053190181578,1.1651698445214451,3.052971221758868,,1.5548280749784134,1.428393314960254,,0.8629621433791269,,1.0271933099008708,1.7964375244823436,,0.7648237338619859
2021-01-12,,0.3840407962757579,,,1.3850006860408854,2.994521919857101,,3.395680335366065,,,,,0.855894205438771,,1.1838940550954402,2.463278240948133,1.6138378082722729,,0.7298366514431002,1.1884638101237406,3.171345370023096,,1.5457070876863592,1.427844816103847,,0.8420890516418758,,1.116924802903831,1.8782825531716227,,0.7683011434230445
2021-01-13,,0.3890547242580142,,,1.3353279598300114,2.918689314405332,,3.4420616721281103,,,,,0.8824055312112005,,1.1629158724887476,2.4588322163666607,1.6412485521238884,,0.7043382644735436,1.1706786515952416,3.193938170914977,,1.5727391525398124,1.471186145844111,,0.7928542344251053,,1.079433386687347,1.9386997063202325,,0.7728308930896183
2021-01-14,,0.3933720987498715,,,1.339443282293466,3.034785848715858,,3.5268577506362866,,,,,0.9211363270387593,,1.2624738983909178,2.461378020319606,1.7487297559752353,,0.7350967391993444,1.207029012997442,3.2414047565598505,,1.5527004051995936,1.3830227329812663,,0.7651675876234814,,0.9944926134979796,2.0897665274508155,,0.7748158617145686
2021-01-15,,0.3888972571733647,,,1.3663107073270817,3.0627826231333635,,3.5599368881421607,,,,,0.9505681120094854,,1.2611295279912274,2.5834586208969075,1.8381883856815608,,0.6982339827296856,1.1689232672439371,3.2252690460360838,,1.539400118514285,1.3201126411370971,,0.7585171603005425,,1.1238197517660438,1.8840980220157568,,0.7444765199896142
2021-02-16,,0.6493304306135019,,,1.1908202719564,2.163445482678924,,3.383719890195464,1.000183874406805,0.7873966993705864,,,0.9227673373144256,,1.4783296088929447,1.6504137394808704,,0.456054084495672,,,3.560018615836886,,1.3444803265521994,,,,0.4599811182472063,1.0034380670738263,1.6658504782137489,,
2021-02-17,,0.6803982392721291,,,1.1753905095377937,2.1846510747326207,,3.821573705557024,1.01985922356852,0.8097767364736698,,,0.9718777387410836,,1.537978958438105,1.7793484868902585,,0.465087495299858,,,3.656272202105898,,1.407290005361561,,,,0.459993931364774,1.132964220014879,1.8495419394076311,,
2021-02-18,,0.6837127805337866,,,1.2039867902126709,2.2599393772986005,,3.830935080629997,1.0356769424620105,0.7837767338028602,,,0.9631800471381112,,1.5507365822698225,1.7890534517813417,,,,,3.826677362016622,,1.449581120018956,,,,0.4407889449374623,1.160808591396656,1.822836628755984,,
2021-02-19,,0.6608152664008338,,,1.1579481917118344,2.195610275089761,,3.845236663702182,1.134012937565407,0.8373122728397707,,,0.9140522329786932,,1.5148124420923883,1.7187447494914665,,0.4581932134618001,,,3.7546082119247526,,1.3854114823173211,,,,0.4277763960053904,1.1255636119312171,1.897716101960949,,
2021-04-12,,0.552190523023858,,0.3202499774918349,1.2055839483525954,1.780277918595198,,3.24003632402096,,,,,0.6892226885043254,,,1.578980454226498,,0.3623534533016115,,1.0681199146954288,3.4254755402344355,,1.1234463995316797,,,,,1.1796098910109585,1.7589106939445984,0.3526371052286592,0.6859550473738047
2021-04-13,,0.5749173771599136,,0.3360307484872721,1.2227173236912847,1.64624997027513,,3.339786526684257,,,,,0.7013352004482841,,,,,0.3697102718211127,,1.082199137514308,3.4223976845873088,,1.0839045856055445,,,,,1.1813840992306253,1.7978646558733522,0.357168474243011,0.682948565793793
2021-04-14,,0.5694787303335447,,0.3179470021535897,1.333009130113992,1.7203263345891897,,3.4148936487957573,,,,,0.7766120988503155,,,,,0.3590525770764669,,1.1071961851543202,3.49283222570697,,1.099903523306848,,,,,1.2027942839667811,1.9116102610015693,0.3406713313059595,0.6944540938788658
2021-04-15,,0.601224196956989,,0.3470949946239856,1.2452104721467272,1.7538162669461397,,3.462341104084861,,,,,0.7407300806773095,,,,,0.3568340902109134,,1.1212640581487987,3.544201179942458,,1.1734369162960374,,,,,1.2462062802986562,1.9019431963922515,,0.7341006626958442
2021-04-16,,0.6136185557526549,,0.337857072413959,,1.8133916495909488,,3.580493577702041,,,,,0.8029432881610601,,,,,0.3504374737903901,,1.17430602194554,3.650156914782736,,1.1970715623811037,,,,,1.3270976905856189,1.905943978335664,0.3909706068430577,0.7545661313663827
2021-06-14,,0.258179888760353,,,1.3096436890267662,2.743236301973683,,3.6180802414164144,,1.173202645088385,0.476355474463181,,0.8529648800310026,,1.2127242331603751,,1.3801324403484672,,1.0590492214080012,,3.854825416209617,,,,1.0610996048286334,,0.3293577039885011,0.9317447761499656,2.5075501518179872,0.3884296417914072,0.7832825066964317
2021-06-15,,0.2631029819012729,,,1.3146706960722252,2.8360082079404783,,3.6747035327629343,,1.216459710090533,0.5446820722336567,,0.9206165098017096,,1.2587691194815929,,1.3807120294969566,,1.0567983581536955,,3.8989221457408423,,,,1.0628736072403573,,0.3132973547015255,0.9048518064538936,2.6584164032172204,0.3616245340393012,0.7858434809730839
2021-06-16,,0.2701644515992164,,,1.3044894341421855,2.821323386635336,,3.694427595996477,,1.224277758244104,0.5082941207059781,,0.8582489087366911,,1.2493488794904748,,1.399723331001346,,1.055806453087596,,3.849231422436803,,,,1.054138403727284,,0.3107732768694019,0.8626786471911108,2.720542530346966,0.3390774714325705,0.7663529741898403
2021-06-17,,0.2706287336945277,,,1.2809785968655825,2.786045791924601,,3.734181092454694,,1.141660819156774,0.4698305822552625,,0.7840552526157151,,1.3034910613699024,,1.4623085659070223,,0.9359685488227596,,3.825411770696312,,,,1.059684854210226,,0.3126053581479296,0.8749672280406072,2.606462250944681,0.3495959662725713,0.7485775013848288
2021-06-18,,0.2775288391084018,,,1.2471440194775216,2.7312371495884884,,3.7323860924809367,,1.005055372148158,0.4378248135143706,,0.6803612368723575,,1.2147558556818696,,1.44394393411918,,0.9460407025604278,,3.7845265448673713,,,,0.9984944405915818,,0.3200727938337872,0.8910017037890096,2.4721882428719635,0.359536458635988,0.7066968047517203
2021-10-11,,0.2755164672836773,,,,2.954095261451776,,2.6085123973599704,1.086122704144843,1.0124377580384338,,,0.9196102497666312,,1.1295825264002484,1.1745243272640862,1.2545048533231449,0.3483029525755278,0.6237747165932277,0.8942589997733382,3.3646273091281595,,0.8864799829543031,,,,,,1.4827439795454025,,0.5802632269086432
2021-10-12,,0.2796510576509292,,,,2.9285227846362982,,2.5511832433149,1.0410554116210256,1.0163516699964343,,,0.9189687666948396,,1.08494823677381,1.1748998231694108,1.1593014727938933,0.3435109533495017,0.6027436040692898,0.8885270789300256,3.3634446376830507,,0.8794616220246075,,,,,,1.4949725762290964,,0.5622603779713365
2021-10-13,,0.2682178415075518,,,,2.960003281781734,,2.589223971852608,0.971275508980655,1.0161725150084533,,,0.8694241643683913,,1.146340886373614,1.1540904842900983,1.2084294261934645,0.3231938813270216,0.5915936644794277,0.9265457502502944,3.468263856294685,,0.909093206582425,,,,,,1.531916493326961,,0.5715281240764034
2021-10-14,,0.2582811022281631,,,,3.165109943377225,,2.687994925351865,1.0270095075983403,1.057634315288597,,,0.8783646653738025,,1.1854729527269603,1.133838199076364,1.282295111404321,0.3097705851564911,0.6505874944859888,0.9681678147199958,3.634663799654001,,0.95444369184381,,,,,,1.6060739613029356,,0.6240963274491538
2021-10-15,,0.2456208682996105,,,,3.165627226758782,,2.7621646138517204,1.0985017227318226,1.227057752144158,,,0.8745180043164787,,1.2171261742941086,1.1383094414590993,1.3278804686769965,0.2940637070189204,0.7221961471041571,1.0279980152402384,3.7166888160297966,,0.9813040353845234,,,,,,1.6704941541244829,,0.6748891208181037
2021-12-13,,0.749072112532385,,,1.2031314226059533,,,2.390855488430812,1.284756314876884,1.3372558168206692,0.6496071065399931,,0.5443122442677442,,1.152855167804174,0.7754508564699124,,0.3450303541976923,,,3.247795944465767,,0.8470493557918862,,0.983361799452024,,,1.526403173441658,1.2150568276713116,0.8879994712632651,0.8277416349527161
2021-12-14,,0.6975465393769513,,,1.1627660020756168,,,2.4674130875030795,1.3555846768422728,1.3952690745420984,0.6561836620645585,,0.6959654415089565,,1.2206334911851484,0.8343073109249827,,0.3568487254071984,,,3.287356425511456,,0.8662104258343911,,0.9860026245689856,,,1.5172819716162027,1.2301440611843415,0.8888468611538162,0.8303234037303704
2021-12-15,,0.7202189485896879,,,1.332867021984765,,,2.483367722028846,1.3451327693019892,1.4209417046268884,0.6531178966580967,,0.6821937959739749,,1.2464301873032335,0.9193208843407088,,0.3556871450864353,,,3.342430289692388,,0.9046972711393592,,1.024774067744046,,,1.5760775308799888,1.2177393747813814,0.8600658034598649,0.8796995999801176
2021-12-16,,0.6960460686054006,,,1.3780812439915575,,,2.7941513009755123,1.3994731514816243,1.5244258836569082,0.6572952306940287,,0.7581463228617792,,1.3165926212803762,0.9613090552495092,,0.3656193394140551,,,3.497787392831045,,0.9777683671318522,,1.062188118148318,,,1.5458121894965633,1.2936798517231607,0.9099416983547146,0.8984723901919621
2021-12-17,,0.6794087419336808,,,1.417037344222549,,,2.8273863655866287,1.3266504345035894,1.408950975034415,0.6296101352299414,,0.6900545257364885,,1.2267548341038412,0.9653688471172456,,0.353585121402061,,,3.4177609247931064,,0.9012357320115216,,1.0109182847731255,,,1.4539404463184769,1.1965542530937552,0.8786586951185015,0.8633449214796733
2022-04-05,,0.8196609072699035,,,,1.2671056412816066,,,,1.0756870247245347,0.9930492555785752,,0.918563146225322,0.8432914776763635,,,,,0.8596970355930589,,3.030357984474574,,1.2549333927149906,,1.0123738336299175,1.2265665809234385,,1.118268983115397,1.3526207684175693,0.455135924063318,0.9137526341375946
2022-05-11,,0.650861502789154,,0.6499113558768175,3.112261347518809,1.259107784489271,,2.8485029419741745,1.2147703225123112,1.1984148663058685,1.27675818084343,0.5817594830612035,0.9217229343456992,0.9932670517793608,1.1932154901677416,1.383379939335657,1.2660068580655348,,0.9562057612709586,1.7882773502029323,3.871079382640036,,1.4542367941583727,,2.116209307467636,0.8560190989420592,,1.1713424893079525,1.9488256663979149,0.9574572047217396,0.8560330133197646
2022-05-16,,0.6306867855598963,,0.627578755020749,,1.49469073297681,,3.1808761305802062,1.24127702437638,1.276281899455247,,0.5720715443343598,1.0526503704871315,1.0579695741252877,1.3193858796849136,1.54406340866747,1.3958512066523678,,0.9873214121378688,,4.324802195450647,,1.6246352060556268,,,0.967108166563854,,1.3949163830612288,2.3772030902645658,1.0796814163534396,0.9451703267489409
2022-05-17,,0.6578490212082193,,0.6146357907688456,,1.593932536043835,,3.219612958436918,1.4155473909994796,1.4247367466447565,,0.619558311258018,1.0631968806160066,1.0650953822149962,1.3430639894457397,1.526585176499664,1.429628406663497,,1.0588836270864388,,4.491932224920865,,1.6208083944833171,,,1.0483351988577942,,1.4314455252481364,2.439373163179828,1.0347967429155966,0.9983115154066674
2022-05-18,,0.6112899754172995,,0.63396140689949,,1.4727000896734332,,3.253230149300152,1.3779530890663187,1.3532770217616077,,0.6253007972651445,1.0506478969018782,0.974535525750844,1.291640193904695,1.5696443928127983,1.4308344817509175,,1.027801951867199,,4.43178083388917,,1.4283795746314816,,,0.9375492558463038,,1.261139557289748,2.2957221050920755,1.0034489583085238,0.8635601339619323
2022-05-19,,0.583573987477903,,0.6248785060657032,,1.3768820239552046,,3.333744478266888,1.3364312283662716,1.3866217867958504,,0.587623439230534,0.9704831303751824,1.0341667876307503,1.2763667595789454,1.609607348525809,1.4865889167680852,,1.0233077493265654,,4.366412557690711,,1.3607904803778503,,,0.8532965232540628,,1.300615574946903,2.296308498926164,1.0435784735885054,0.8433154268942996
2022-05-20,,0.583172430712481,,0.6350927196954828,,1.3375881405506085,,3.455221513442181,1.338513515744731,1.3648063188276172,,0.6082886840880996,0.936699633501513,1.055502559570565,1.3798719009840466,1.6960527278858657,1.5547786279714322,,0.8965131926030997,,4.249225102050468,,1.3682938003753164,,,0.9024918800157248,,1.329625158517611,2.391359821942009,1.0509768383392557,0.8818267496242205
2022-06-21,,0.5259721704797288,,0.5185917106419015,1.3414002830982452,1.5707325645905672,0.4228870910563215,2.955684215000616,1.1932972343488446,1.0277008937552727,0.7357823708596344,0.3864871160985967,0.9965164320672216,,1.0185687235956755,0.8917994647054827,1.183757776948573,,,,3.8059496189356112,,0.8800572786892793,1.070881050947281,0.7057044090826237,1.1244002412666367,0.5248843851659579,0.8019490500522413,2.5549776322484554,,
2022-06-22,,0.5233795016064624,,0.5185646283618298,1.310182759201409,1.583351442485485,0.427255087527271,3.049538045181358,1.1937418829954332,1.0280731163553103,0.737231435448076,0.4020629145274802,1.0843943931224609,,1.145202420433128,0.9771406201329804,1.25191386033947,,,,3.948524572608382,,0.9106977751035926,1.1350469198111055,0.7905857953500711,1.0568366341907314,0.5174942340599611,0.813147167525209,2.342815416563407,,
2022-06-23,,0.5641502913769795,,0.5497226789808116,1.2576263699789854,1.6689165826850072,0.4358992672830755,3.306513193344524,1.179816364467715,1.0768322487826951,0.7103438947710893,0.4199584959215814,0.960638317843678,,1.2807553623491266,1.1677082394819216,1.3404437097622857,,,,3.988904814274892,,1.2115306592705122,1.2138373797164066,0.8047541409802939,1.1476663962944598,0.5448272188461876,0.897062137086607,2.2202514398698137,,
2022-06-24,,0.6548124533648505,,0.6724621642485286,1.4278081598847296,1.855711427994379,0.4498354703510807,3.1906562074054605,1.3195500509934468,1.329373712087646,0.7726621991768894,0.4758239572953505,1.216142131465469,,1.380718948600416,1.2779117699067697,1.3687645014831518,,,,4.3216191841562885,,1.2366412644783795,1.3387559322415028,0.8983552572552999,1.330803204600607,0.6018853968054383,1.008779223286337,2.3540301769434406,0.4289446004978351,
2022-06-27,,0.6629923315043791,,0.6588777342253695,1.4835502845052226,2.029292676113283,0.4162433420924267,3.4633439518132723,1.3775668373536418,1.4059236723984392,0.7724258411007169,0.4810479370148699,1.2794902024509565,,1.4728845796015249,1.4435970237155038,1.4976333881916462,,,,4.572505956559338,,1.2812874081526653,1.420352010831991,0.9401951197529476,1.3895635240037312,0.6131044733283388,1.0719219495992771,2.6532766842688096,0.4296757381393857,
2022-06-28,,0.6000744089266828,,0.5869135242709617,1.4296124063063649,2.0603795452317195,0.4308384145285431,3.464264567015403,1.374755849233107,1.413105072376545,0.7496958523461951,0.4463543659526664,1.3304514922830262,,1.3544258375534717,1.317167931055793,1.536065821939972,,,,4.552092608291929,,1.2062607473229845,1.4171225530244802,0.8668829710940767,0.9784114291456876,0.6138848406733178,0.8949871825042218,2.8439126992973622,,
2022-06-29,,0.6553503886288383,,0.5815504781677747,1.4307632136332742,2.0519188732142792,0.4306178934868951,3.6365278655133264,1.390604359752043,1.5189796043208412,0.7117336653646907,0.4550659916457388,1.3348145225124868,,1.3739237279238832,1.3786146029878297,1.6342679931305086,,,,4.643205340719796,,1.313319826757382,1.4893287391436565,1.0122413218092252,1.0090050335139873,0.6233262155917499,0.9607918521497836,2.773939148620427,,
2022-06-30,,0.6074426417121024,,0.5536367254414343,1.434088167053073,2.144156777904855,,3.710579206603815,1.2734989878947132,1.4583661881477796,0.7256770937665552,0.4632336265597035,1.4858293021479148,,1.449060822044968,1.3233019643633612,1.5666734242441585,,,,4.737546023121089,,1.4068361407830932,1.574743496763016,1.0024539107706487,0.9743628832594932,0.6208285556156679,1.0019888343764545,2.769597973012833,,
2022-07-01,,0.6349016389442165,,0.5574120686289217,1.4915492135335604,2.256664834969101,0.4038462249803506,4.033851796763295,1.3914739349833558,1.5188807189940068,0.7306190589204864,0.4423893993952468,1.6262144599713972,,1.5763230162164354,1.4856191803251255,1.7269153670808195,,,,4.836117533618395,,1.5385288177919405,1.7732892349708151,1.2058930803954355,0.9323140062400712,0.6515450492003525,1.1080981743643588,2.968295623500177,0.475097400587306,
2022-09-12,,0.6066209888934334,,,,,,,,,,0.5630609551644715,0.4488781332274598,,,0.6569616570878525,,,0.6597972907075093,,3.336923453841676,,,1.3698554285637206,,,,1.1231555087817888,,0.8700402931734392,
2022-09-13,,0.5387021186486889,,,,,,,,,,0.5211353136886202,0.4364114002860356,,,0.608817321123565,,,0.5855270411307839,,3.192522742377582,,,1.2639475133752909,,,,0.9317286727624328,,0.7708719570714577,
2022-09-14,,0.5357459760766453,,,,,,,,,,0.5183601290986821,0.4656584854433214,,,0.659457635315354,,,0.5961461781396298,,3.0912692810641653,,,1.3033350002633368,,,,0.9153460897033152,,0.7097422416594152,
2022-09-15,,0.5009297133507778,,,,,,,,,,0.4942274504304791,0.4786190714103265,,,0.659995627046554,,,0.5821518635689434,,3.0800816063936134,,,1.246096682988857,,,,0.8739980576411903,,0.662567399299922,
2022-09-16,,0.5085434445841761,,,,,,,,,,0.4800716061267354,0.4809311296872486,,,0.6954925814406622,,,0.5615303517810154,,3.132609080373917,,,1.2551929747127095,,,,0.9245461957993266,,0.6333122049598349,
2022-10-17,,0.5363161897437441,,,,,0.6154067526379373,2.309760861509772,,,,0.3968026742660788,0.5043269230736676,,,,0.6508339564452812,,,,2.4357483013236108,,,0.6940034635766843,0.5537675700709783,,,0.6941276732198022,,0.4866423546416548,
2022-10-18,,0.5468094100284684,,,,,0.633571826448119,2.332388352378789,,,,0.3985155022205283,0.5223548359443019,,,,0.6386924358501469,,,0.4558444696098008,2.5778685192256443,,,0.7380928538491285,0.5750441995786407,,,0.728769653417869,,0.4847876895594654,
2022-10-19,,0.5380974852236277,,,,,0.6535292614864697,2.2956851830085725,,,,0.3958464539680665,0.58670266611405,,,,0.591960014914284,,,0.4617449679342107,2.522443377009318,,,0.7131885951803486,0.5917127569716697,,,0.6747204689793725,,0.4973176141019379,
2022-10-20,,0.5360466530602535,,,,0.6457311884421999,0.6278133570542739,2.390870892050608,,,,0.3953142690828521,0.5487573506611387,,,,0.5934673546166955,,,,2.498631827289727,,,0.6719408603137325,0.5759630647445989,,,0.6219696614161228,,,
2022-10-21,,0.5738346202005775,,,,0.6878635074841261,,2.129766024023751,,0.5613652606971692,,0.402929121012191,0.6462215993551192,,,,0.6466829261430528,,,0.4851894358595567,2.75738901528736,,,0.7294110922618154,0.6337446726086872,,,0.6481367503590115,,0.491335986826011,
2022-11-04,,0.4305346792511383,,0.5151314630651014,1.1310834349717505,0.8996556164770797,0.4440694026550812,2.207170813459421,1.061134455238516,0.9362415399935042,0.5603490243799607,0.3795743484198494,0.6196421952503954,0.6961265060564189,1.332646983982725,1.1854281780252331,1.1659216225786802,0.4018905278287684,0.5826440043542725,1.067388579579261,2.884739313338105,,0.9516450766682656,1.2594912669176634,1.2463298634967288,0.7136006032672457,1.0004783370335768,0.5657572342408753,1.6257020653687757,0.4034242112394419,0.5161653886414839
2022-11-21,,0.4686233860047956,,,1.076835638793377,1.5209089732201928,0.46943157741413,3.05974259223993,,,0.7388064763793052,0.4543432963165423,0.8030210357795575,0.6874952986603624,1.1050745332402618,0.9777975850124702,,0.3831590815096314,0.6970244815962487,1.077996112071365,3.8406639562108102,,0.8282079547151848,0.9869875062356748,1.0046894769134669,0.7691588076389446,0.7224795918533287,0.908436055181988,2.013330333164249,0.5648631217684358,0.7587467536177581
2022-11-22,,0.4850647553340678,,,1.1757910727737804,1.6381378625349474,0.4563706643649526,3.202010594780373,,,0.7737412370640834,0.4872491652180896,0.8393531323120398,0.7376541141904909,1.147638858397478,1.0488003977887994,,0.3635399755873683,0.7626925755105267,1.1405756187447855,3.967072335441173,,0.8829874854859532,1.0296365706316186,1.028751925455515,0.8220582998178234,0.6999721033852271,1.013525944317106,2.18777213559026,0.5909383563293447,0.8172001146599447
2022-11-23,,0.4983374982688889,,,1.2131852085525223,1.657273963883247,0.449950294581585,3.224855529483944,,,0.7712184079522707,0.5081793612002298,0.8820507953737909,0.7948960428440193,1.1713222543714494,1.0626751402165602,,0.3511878241027993,0.7734012797499901,1.1509395999449346,4.0210785343997895,,0.9247625360995392,1.064358315658179,1.023264785032433,0.8432524249302326,0.7726534899594695,0.9775568244639308,2.176400627835003,0.6700019803004896,0.8526938584783272
2022-11-25,,0.5184429725005147,,,1.250079640485611,1.7194626831798308,0.4672264188814823,3.384450286624256,,,0.7906817628477084,0.5551705168288452,0.9546690321824208,0.9027784290161314,1.2273072573652186,1.1467640398856642,,0.3681160724954276,0.7754394073988186,1.2469950669365224,4.276743022571085,,0.974768555958266,1.1096531176103477,1.1046207969602513,0.8518489490552428,0.8146760933711797,1.0946650051045663,2.259520868188293,0.6981496369007002,0.9155399271466218
2022-11-28,,0.5152590343424928,,,1.3170950622728763,1.775647724733883,0.4970991233887435,3.525701806353588,,,0.7881996328670632,0.5645039884257147,0.9499445601068734,0.9575570736909118,1.338599516681357,1.2897042938900785,,0.384951395804345,0.789012428849547,1.2504923801580166,4.356682740487886,,1.0551524262784115,1.2044590471608436,1.1443487000773618,0.886412387385078,0.7653896384780493,1.0581379890184948,2.257226965327869,0.7074825786526602,0.9065644331978873
2022-11-29,,0.5064734297790718,,,1.368413740301511,1.8286711131690248,0.4809917093898221,3.617020008209945,,,0.8849291930313825,0.5306838312078079,1.0028003162460253,0.8806538741171808,1.3296160999773536,1.346913770871246,,0.3933670164185545,0.8413226284090328,1.2924243743368855,4.544898908282199,,1.0280857930146443,1.225348623872576,1.1464844905880869,0.9410397462477976,0.7402799689452885,1.0276635793748563,2.4157918956108397,0.6397299291723844,0.925338018503272
2022-11-30,,0.6196541666366181,,,1.5775965990618122,1.9814373901396711,0.4647948608915501,3.845581807680628,,,0.9666698255345164,0.5767309907154654,1.1070771708126683,1.0757270503676044,1.443763720233939,1.510864473920461,,0.373538388163397,0.8657491699552291,1.4062992328279136,4.730850476360184,,1.2119549011327384,1.3646165917620146,1.1940913665485278,1.0936559026049064,0.856507655717086,1.2091922018637726,2.5626150391973934,,1.068734179272495
2022-12-01,,0.7058720113150077,,,1.6689148394370894,2.0627384554994195,0.4549988603608852,3.8655108948385055,,,1.0161310733134228,0.6956559523134253,1.1174838866986028,1.0306960825105786,1.511932104401714,1.498819946777143,,0.3910733308374648,0.8913438232828352,1.3826575953568292,4.831559552275708,,1.2689879179195176,1.4335650829238895,1.2537596662787176,1.204407563475535,0.9157959769067676,1.2993529499766685,2.63148861567572,0.8218256445110828,1.0914591965886793
2022-12-02,,0.6770569060856311,,,1.6839354033196985,2.114691461333656,0.4408266923967336,3.95592823403892,,,1.027624201774028,0.7135376924162767,1.181795075872195,1.1077931471398028,1.5800140224962007,1.542724722756959,,0.3942474679883521,0.9169563254669516,1.4626289009359077,,,1.3680356492857202,1.5315512516196803,1.286772136575201,1.2973416605929662,0.9655619475788304,1.3572739828148987,2.6486236663199656,1.0382767125689036,1.1028731431420913
2022-12-05,,0.6930126996512795,,,1.8450281323875173,2.3167195820782664,0.4808309641659947,4.178934225238483,,,1.1469408373238683,0.7272668695835783,1.1755071563934851,1.1959245146015511,1.7968668545677855,1.7525398373068073,,0.4489179984733639,0.9550015577478038,1.552410927146762,,,1.4693720183429988,1.6297745180808596,1.4106419894830102,1.3272738818281486,0.9286135179539092,1.3649316979470318,2.792936348075022,0.984682597285514,1.17254224847891
2023-04-17,,0.3075851336824763,,,0.9546009864687748,1.0421993030735506,,2.630837056063508,,,,,0.4010091255079834,0.8173356056654564,,0.9099126928431758,,0.3331780436824475,,,3.3357620369760395,,,,0.6233258226060865,,,,,0.4251499701252251,
2023-04-18,,0.3082291467610274,,,0.967242417754259,1.0589248540518936,,2.600238461363429,,,,,0.402012668930802,0.8294082236383482,,0.9177926135183276,,0.3359568608011014,,,3.3514763788669177,,,,0.6493391686565454,,,,,0.4136488631932564,
2023-04-19,,0.3103226741198915,,,0.8194159692596739,,,2.58440210326526,,,,,0.5315432826500714,0.7106822165453666,,0.900957193566171,,0.3364712733521358,,,3.4010425530300497,,,,0.6631797601621114,,,,,,
2023-04-20,,0.3173877377202154,,,0.7305870122078785,1.007322142781136,,2.422181472016243,,,,,0.4889537364906139,0.7282564817073598,,0.9130138380640112,,0.3341900309788164,,,3.344472739260903,,,,0.6626833858095815,,,,,0.4522351574914764,
2023-04-21,,0.2990432668030182,,,0.7538084668027969,0.9967935361931854,,2.492230341497255,,,,,,0.7021841144326105,,0.9699982064870306,,0.3234313501013504,,,3.454603496643325,,,,0.6941925248046061,,,,,0.4911855035465738,
2023-04-24,,0.3241726299056184,,,0.8066043683410827,1.0307560518906007,0.4151947109717911,2.592344392156031,0.8430368510307973,,,,0.4911929459306075,0.783422099390037,,1.0478453099230625,,0.3236260406486236,0.7483176094052854,,3.645995401417206,,0.9715283547016664,1.0896747115186256,0.7408017228322947,,0.7149530727169598,,,0.5009492062183913,0.6335251844262294
2023-05-15,,0.2381421055364763,,,0.5758363730209425,,0.2823062555886737,,,0.5497787433184729,0.3000765995116134,,0.6294715121008783,0.8531797884298514,0.6892195699058493,1.1486749441829385,,0.2681828535905451,,,2.515451628519914,,,,,,,,,0.2887886611977181,0.40353695286612223
2023-05-16,,0.2377540771780105,,,0.5737759204610566,,0.2798755803634554,,,0.5437554934266862,0.3094311015092219,,0.6575085834483797,0.8141829065550382,0.6927821505350188,1.15596976419906,,0.268819809366368,,,2.403721996890128,,,,,,,,,,0.37954286768745943
2023-05-17,,0.2276355462056824,,,0.6213238868526977,,0.2713870563991712,,,0.6275050590255293,0.2983843058983313,,0.6591026704122386,0.8702744981306831,0.6956963278483781,1.1267681048585685,,0.2561280782196058,,,2.5827600108989603,,,,,,,,,,0.41424751427919515
2023-05-18,,0.2319747891319986,,,0.5582712147729172,,0.2739031635699505,,,0.6244426769050945,0.2988045525732012,,0.6608992726532864,0.8322877637708764,0.6781741202053129,1.114896698167269,,0.2494910064274256,,,2.572002462388042,,,,,,,,,0.3104497405361827,0.4298851126676765
2023-05-19,,0.2321152045399233,,,0.6246770049686431,,0.2735661856640564,,,0.6034086461354602,0.3062509012189965,,0.6620515361629956,0.8415748973255887,0.6949216074147045,1.1779446710751438,,0.2534903525991432,,,2.5693283134883464,,,,,,,,,0.3199583195943659,0.42532511675226004
2023-07-17,,0.5739635318906443,,,,,,1.7455060616805602,,,0.6784372904787608,,0.6652812957599488,0.5033638540012613,,0.7403963896152288,0.4379198560540318,,,,2.957600659121448,,,,,,,,,0.4182954847987311,0.46811540165142485
2023-07-18,,0.693200387959304,,,,,,1.8883759540367648,,,0.7276506310380559,,0.7562424952563302,0.6098489634785745,,0.7577661617867102,0.4821355314126924,,,,3.075360513342324,,,,,,,,,0.4229600426920599,0.5185859221950174
2023-07-19,,0.6731170600786957,,,,,,2.1785118721506342,,,0.7249054696138381,,0.7165541087217439,0.6483304108211019,,0.7684746126203572,0.4702716370329719,,,,3.161547215146149,,,,,,,,,0.4366323427471771,0.5416701572467378
2023-07-20,,0.6082042222708497,,,,,,2.1552961973816185,,,0.7276266791056276,,0.8042775136311846,0.6526053409375903,,0.8754645893307469,0.497651969804281,,,,3.247390439717964,,,,,,,,,0.4194125820137001,0.5655087728986357
2023-07-21,,0.5953748239276948,,,,,,2.2374923090624685,,,0.6089963673024206,,0.7775286061166602,0.6801020897824425,,0.9603487298449612,0.5046211445854847,,,,3.3025001235277984,,,,,,,,,0.417033013412486,0.5743660635831114
2024-06-17,,0.3278314646431859,0.5125298575107182,,0.3744263256772557,,,,,0.3734162249836876,,0.3078758017492112,0.5199997831936787,0.3458490825591847,,,0.3965387161393781,0.3109111892752602,,,0.3827143768495334,,0.544526836427452,,0.4542434713434577,,,0.4135835850997908,0.7254201630395428,,0.2182757090139307
2024-06-18,,0.3177237677497159,0.5101391328838197,,0.3977983213659601,,,,,0.3887413233605462,,0.3350795081228149,0.5275766304667168,0.3462647411344274,,,0.4158030664742182,0.3023135320435125,,,0.3894880885617608,,0.5163545099326676,,0.4097952295790691,,,0.4510503990199234,0.7321568138269545,,0.22033683281343816
2024-06-20,,0.3231687213214282,0.64492157619415,,0.4605583766165558,,,,,0.400411674082507,,0.3689918823457072,0.5530493480308897,0.3518521629031017,,,0.4585161676793145,0.3042402267583711,,,0.4193546841512994,,0.5167974161130945,,0.4671253692647614,,,0.4576485812319999,0.8422251435332158,,0.2484235130344283
2024-06-21,,0.3310828469073157,,,0.4998992763839134,,,,,0.3800323871887577,,0.3504367788261396,0.5526736536582567,0.3593564824851807,,,0.4341969827676457,0.2950891485658565,,,0.4244092200877129,,0.5617635943105341,,0.5501989039180913,,,0.4763199701274377,0.8201828305342556,,0.25067228931805974
2024-06-28,,0.3532286904799814,0.4890384358912378,0.3893829241717183,0.5863536125969664,0.4830345047369836,0.2955748957419929,,0.4170018347196094,0.4108902090338249,0.3615331330812966,0.28154793515115,0.5311312634066739,0.4230087088215556,0.4264904990368378,,0.511552636395324,0.2944185156799686,0.3309751180972696,0.6832762300769839,0.5038200602679996,0.2007579399468431,,0.4772080978324954,0.5481838093329027,,0.4457460879720595,0.4065491701165403,0.9872184335812526,,0.2617920465069358
2024-10-31,,0.3792468880193588,0.5213730782032678,,0.6020598288555367,0.7357754069822754,0.5291480163961494,1.6668542854996182,0.3746768260457305,0.4133782848622398,0.3741772395154837,0.2719502451317376,0.408274683771628,,,,,0.4281025640659089,0.4757099422658788,,,0.346802570438343,,0.9042762827698624,0.6235240437186504,,,0.6519831932427914,0.7410961848722837,,
2024-11-07,,0.2332776280700731,0.5240763059589888,0.3588397596596079,0.9720016839561676,1.2287640598087033,0.2354116550205372,1.963475676749968,0.3764368970809384,0.4101933072467971,0.4382420106825386,0.2624660691891912,0.3931453527558857,0.9495699603322004,,,1.0501230624573212,0.4022287242639553,0.8277261671583396,0.4969041415240439,0.7683156257042704,0.375249937284131,0.3320190382522087,0.4370220244740214,0.8709296315579678,0.769196627109082,0.3717580573838059,0.8156618038711547,1.1884494572804232,0.4462014647263863,0.32164989310070147
2024-11-11,,0.2323142383857482,0.5347242792612523,0.4349950128509776,,,0.2458368667439622,,0.4043924515916243,0.5057781562105709,,,0.4277636115593247,,,,1.0952753962930788,,,,,,0.4080235121590589,0.4364164311426571,,,0.3931211116438027,,,0.473314416804967,0.3610577944093883
2024-11-12,,0.2390280893082743,0.557517345586489,0.4381607497435471,,,0.2456628164390503,,0.4154230507394738,0.4702705550956195,,,0.4285180589832311,,,,0.923540466921471,,,,,,0.4146105634402304,0.4242278666464489,,,0.4074014038569316,,,0.4622070429957778,0.347510072139648
2024-11-13,,0.2429962033012756,0.5583142624082955,0.4371084102020215,,,0.2478054739415462,,0.4240503634971432,0.4768944895616431,,,0.4073672383449795,,,,0.9528176621256612,,,,,,0.4250836285401648,0.4275102325688989,,,0.4017582147846893,,,0.4788270093522132,0.3560665625916796
2024-11-14,,0.2417224928351367,0.5613757972732825,0.427691519397008,,,0.2479326364102513,,0.4366100027931439,0.4571574274804234,,,0.4169062889484106,,,,0.9207625126875728,,,,,,0.4176657619250558,0.4158061769303477,,,0.2986901901904206,,,0.4765392111117917,0.3256704930487267
2024-11-15,,0.2397661854322415,0.5867802510398711,0.4315354983964015,,,0.2700347728790988,,0.4754085096581174,0.4854872313116555,,,0.4624222530868764,,,,0.882404680314731,,,,,,0.479622130799523,0.3863353062974359,,,0.3703750513505787,,,0.4436458279925346,0.32733024281806705
2024-11-18,,0.2379721294440875,0.5729130594897944,0.4267382122242065,0.3767466438700254,0.3360587597243777,0.2770452300659727,,0.4855825256744274,0.4739847176012177,0.2978681446524907,0.2119798349064543,0.4852766359676908,,,0.5130468619178178,0.8551999362288457,,,0.4923122884857332,0.3777762800026582,,0.54501934728181,0.3940453422753807,0.3668031818892422,0.5296681172334229,0.3435925106847669,,,0.4476778128740698,0.3206432616734474
2024-11-19,,0.2350661781031097,0.5705975234830724,0.4457372237478854,0.3515393119496514,0.3529515972943606,0.2649987941800288,1.3091542573849289,0.4650416482383228,0.4578332410338485,0.2995700020380893,0.2118964246496108,0.4419595981010693,,,0.5556901415744634,0.8928106951190138,,,0.4744758626770016,0.3780073863086902,0.2328455981162378,0.5242685672407796,0.4238695575599654,0.3615713056239989,0.5281832060951037,0.3105102371569165,,,0.4358135286573342,0.3362925909829066
2024-11-20,,0.2418091303346922,0.5806795390873319,0.4648401111624968,0.395130240274413,0.4032650692580433,0.2774864245390714,1.3835537055677325,0.4485070074700003,0.4572505709671843,0.31105132809377,0.2044154284087586,0.4578459654117301,,,0.5869818361305095,0.9883196903390534,,,0.5021852047610128,0.3876893653556297,0.2274383965489789,0.5308916953012538,0.4608506204094421,0.3826235607380289,0.5294158787226764,0.3573459601635634,,,0.417200993310529,0.34381262836061793
2024-11-21,,0.2298814423909995,0.4739956848718977,0.4919444042591717,0.4123111795876527,0.5027863070479692,0.2908012201873582,1.4241095131949788,0.5044938906740697,0.5521229758852503,0.3232374958420983,0.2291696426306601,0.5028374695564894,,,0.6902772467149741,0.9850930432571728,,,0.5066657628180563,,0.2343589310727077,0.6142581147753219,0.5095978469666177,0.3553707676017667,0.5244390157932958,0.3912303565661046,,,0.4810557972941427,0.37946887756060294
2024-11-22,,0.2197718210156365,0.4334202039912707,0.4976520820596761,0.4539763496983034,0.5113819149546894,0.2932968194298933,1.762986097647746,0.5448663513399556,0.5562358931083854,0.3533734923812459,0.2035388406290717,0.5117193505540943,,,0.5867909534630968,1.05952145555772,,,0.474769164859098,0.3803230437674983,0.2556854896602938,0.6725369065862951,0.5249488576819366,0.3643399926175198,0.635143165440086,0.4085300485714083,,,0.537334961884115,0.415484691388279
2025-09-15,,0.2499358066110169,,,,0.3164050398819985,,,,0.422836837206781,,0.2466898024269716,0.3681886910056725,0.4809482785873346,0.1985015303615664,,0.2807562101255757,,,,0.3838883848236775,,,,,,,0.4548364851945699,,0.3858557369331599,
2025-09-16,,0.2450923536581197,,,,0.3166099244264388,,,,0.4382517371166922,,0.2499388035229901,0.3703725827290789,0.427861949959285,0.1971956455692099,,0.2755488544709742,,,,0.3847813922037293,,,,,,,0.4706224184001298,,0.3525333057440968,0.191383362525124
2025-09-17,,0.2341484352322381,,,,0.3185616537448583,,,,0.438315952696855,,0.2529916270375293,0.3954153545157396,0.4198759088704508,0.1953176072219817,,0.2706331566229282,,,,0.3736513969180708,,,,,,,0.4417159386716199,,0.3522078628222752,
2025-09-18,,0.2367646352653016,,,,0.3418092049812523,,,,0.4589284326713528,,0.2480864306893182,0.3977264808413671,0.4248812460549687,,,0.2671522938675173,,,,0.3794952705259019,,,,,,,0.4504427806698086,,0.3458041373498498,0.2056868944661541
2025-09-19,,0.2444332789137024,,,,0.3481101470693629,,,,0.4738270262304567,,0.2474745466786178,0.4049829021273843,0.4234107506300079,,,0.38731386385203,,,,0.3764729114810354,,,,,,,0.448130272148897,,0.3325570575297456,0.20396778500750673
2026-02-17,,0.3313384287448326,,0.5678667243020517,,,0.3370787148205961,,0.4049802564373753,0.4772212255354636,,0.3144841636656538,0.2742175871711167,,,,,,,,0.5839040299013079,,,,,,,,,0.5082069346361043,0.32181758586962433
2026-02-18,,0.3346854366199558,,0.5716243717057211,,,0.3249602682768307,,0.4208234077898211,0.4730759347918104,,0.3255855123591644,0.2515054517707769,,,,,0.621471122095308,,,0.4094654829650622,,,,,,,,,0.511886638258219,0.32935031397686465
2026-02-19,,0.3356879730722152,,0.571837653674744,,,0.3283510194841165,,0.4048478519714816,0.4723778023437381,,0.3018284989885848,0.2449254492741642,,,,,0.4908162749382264,,,0.4532062142244837,,,,,,,,,0.4994593873820742,0.3247044421168013
2026-02-20,,0.3322147080523092,,0.5697879387153718,,,0.3362255193382764,,0.4010581997635218,0.4460405626943113,,0.32275283807731,0.2476746791033792,,,,,0.5028755229664355,,,0.4252395487933628,,,,,,,,,0.4962646335527588,0.3405639234080731
2026-05-05,,0.2994975557902653,0.4302994956028723,0.5410102630690845,,,0.3102267703654776,,0.3493188563745542,0.3028019520244622,0.3436400767425168,0.2510493672403591,0.2684044839713144,,0.276745855546023,0.3936921506025261,0.3653019773019497,0.3744023233788714,0.4208691694604277,,,0.2775789285523853,0.3665283960936283,0.2230740722882574,0.4244939266637414,0.4658436650516377,0.607691697240794,0.5080231042288492,0.5082012492171992,0.379993437894504,0.1735945851172312
2026-06-22,,0.3353513277027591,0.3604043844005719,0.4523864321799641,0.3913427057694473,0.6648929504183321,0.3380237478192606,0.3527025590777689,0.2687378198190584,0.3477132055436505,0.2703125968702654,,,0.3721445193824189,,,0.2696553498721256,0.3529337966555843,0.41678035184527,,0.3108676428186481,0.2740739280379121,0.2584885090835908,0.1921810939956388,0.2290958027380501,0.5700772482576443,0.2579618650049006,0.2848196772946433,0.2942582521425457,0.2946037888169714,0.14411833734254648
2026-06-23,,0.3324436641889638,0.3793292373125966,0.4366685398455338,0.4173829296630391,,0.3309282751993473,0.3322960556969231,0.2740585412605739,0.3853703511997494,0.2635925438550329,,,0.3823110203794376,,,0.2737364294093182,0.3468524353329186,0.4915928088422496,,0.286206206026186,0.2894220233470427,0.2824084690902197,0.1886175229930005,0.2170666178384536,0.5788470172225382,0.297122178317816,0.2846112069971773,0.2880961543221273,0.2897482700759378,0.1507402663614344
2026-06-24,,0.3471745327728232,0.3736159098581491,0.4401143070469667,0.3882962572047163,0.7592210470736712,0.3361627061455044,,0.2789053100041885,0.3705064372971648,0.2697394242725288,,,0.403667516097473,,,0.2757000974699719,0.3536311088507362,0.4380427590875841,,0.3182378206556515,0.2874917856654613,0.2906852569696956,0.1860841495254804,0.2408734200754809,0.5583888694764239,,0.2921315820736183,0.2925541273452068,0.3177217308105086,
2026-06-25,,0.3855267672379996,0.3743995220653101,0.4428077256720569,0.3596097223930765,0.6674993836182268,0.3497376114724267,,0.259739635673135,0.3576340369398131,0.2541777477014967,,,0.3910540789074228,0.2622280959167732,,0.2736000648914135,0.3290477623560572,0.4759978127206505,,0.299220681225259,0.2634043756503053,0.2686966982023329,0.1851193247998515,0.2092850417267197,0.5531500328134988,0.2559266130806631,0.2773955959614566,0.2865434508356568,0.3056957588981205,0.16496953895329278
2026-06-29,,0.393135589476145,0.3673105484215457,0.4349412819157622,0.3632354903960341,,0.3424412544311906,0.3191252210116851,0.2765881361730476,0.3795082422756106,0.2650097664948375,,,0.4033987741511028,0.2751894941440204,,,0.3270299215341336,0.5226446167426437,,0.3188312447511805,0.2653642239657821,,0.1836948642758012,0.2129413040887559,0.6090733190547857,0.2626428869980093,0.2995817674500598,0.3007777675616768,0.2998875686724764,0.1446520703900798
2026-06-30,,0.3499889902646487,0.3606860882924335,0.4290955621942044,0.3898139729997582,,0.3493478577359878,0.2811378211162534,0.2907014394460715,0.3779068786367102,0.2724781315296851,,,0.4281571972924144,0.3043611443510632,,0.2863601948243752,0.3215913814035829,0.6018584688252749,,,0.2434379651086831,0.2433551670204399,0.1815711760351162,0.2155528665721914,0.6533650520900526,0.2436225827748739,0.2814574742482078,0.3178504869433258,0.3134071504508856,0.12915263325815218
2026-07-01,,0.3544862241302434,0.3621517606452382,0.4220051047091808,0.3753616755962989,,0.3437075953635249,,0.2965955914278403,0.3950326547917003,0.2743721261726612,,,0.4472174144267516,0.2784595914659666,,,0.3209531387548689,0.5806221026565176,,0.3679819790580551,0.2527382656208053,0.2427969453080889,0.1812702337202081,0.2084333033795656,0.3543827397542688,0.2510123144287838,0.2811756489653428,0.3006468158043314,0.3309035648441494,0.1244567489962931
2026-07-02,,0.341946491668263,0.3556116328814534,0.4130995902670848,0.3732698875479939,,0.3271926040939041,0.3009158242233448,0.2961118282874233,0.384228124177508,0.2602220451006303,,,0.4329927924332328,0.279168589265643,,0.3284535576974807,0.2922619837752566,0.5519912785569725,,0.4075129975148955,0.250687708263261,0.2758717206038957,0.1541832828969912,0.1987928770503006,0.353423323326447,,0.2458058587383336,0.292302595560213,0.3117186757269844,0.13326018891866906
2026-07-06,,0.377814888011308,0.3821952645940431,0.4548231773511238,0.3856248535038964,,0.3576915829468327,,0.3273188782635155,0.4247700185724555,0.2913993064806158,,,0.4916649493515715,0.3368820497563385,,0.3377129326280843,,0.4807150536586099,0.3885042622800889,0.3244415269112978,0.2850401647230655,0.3124908937944332,0.1997688694469827,0.2182011062861052,0.3620577867039689,0.255708354714047,0.3024130454416337,,0.4167720170247528,0.1386643110334981
2024-08-12,,,0.6520058363643079,,,,,0.753368254444897,,,,0.2044030570574743,,,,0.5113915667418477,,,0.3069834879094009,,0.2952486214713558,,0.363767002402347,,0.2651887082772671,,,,,0.2464328498564411,0.18883746718702102
2024-08-13,,,0.6475909415075949,,,,,0.7579062362515367,,,,0.19266011207163,,,,0.5256600732351042,,,0.287956870296592,,0.2973616732310736,,0.3634660584871568,,0.263579019408475,,,,,0.2540678902688854,0.18492370273218858
2024-08-14,,,0.6315452114254396,,,,,0.7742440581074689,,,,0.1800245815588212,,,,0.5133100702030287,,,0.2806866009438726,,0.3003121744602793,,0.3949631833155947,,0.2584889137549129,,,,,0.242764675164115,0.19531246673332062
2024-08-15,,,0.638872890662874,,,,,0.7054695857581778,,,,0.1790148704690819,,,,0.4954478376419604,,,0.2823939047437902,,0.2886344385596761,,0.3680513809126967,,0.2569429793699873,,,,,0.2407701815994163,0.2086167592431889
2024-08-16,,,0.6250709216896293,,,,,0.7548786225606551,,,,0.1785090952818198,,,,0.5045913474312983,,,0.266776769781168,,0.2890525698677074,,0.3638340831354599,,0.2697473546542598,,,,,0.2238930121813568,0.21557464092515072
2024-09-16,,,0.4861446306154499,0.2912200789474833,0.2508591117806777,0.3859376618100271,0.265951625913362,1.268386795427607,,0.3743319402249445,,,,,,,,0.3924467553834072,,0.3182307543065772,,0.2552841256373158,,,,,0.3171780367072446,,,0.2791873981261359,0.2143452143345381
2024-09-17,,,0.4786926023884994,0.2924312222002094,,0.363787977508527,0.2685180635328273,1.2086519469643926,,0.366001812739002,,,,,,,,0.3898710512369817,,0.3174460335356093,,0.2283195784130609,,,,,0.3231766392340607,,,0.2663378909861164,
2024-09-19,,,0.4551920888341502,,0.233695430874764,0.3415809316966399,0.2472998836214451,1.2025386739196384,,0.398922886569697,,,,,,,,0.3629143047392046,,0.3017701056496114,,0.2181807179903643,,,,,0.3104978844717674,,,0.2633294902416926,0.2287625296094948
2024-09-20,,,0.4574557584142872,0.2580936919712688,0.2438352236081213,0.3825123534501956,0.2287663227255408,1.314743077974645,,0.3760469195692507,,,,,,,,0.3615670675618768,,0.2883902394264077,,0.2289347731635081,,,,,0.3104870922937316,,,0.2388636613322394,0.22156407916869553
2024-10-14,,,0.4678403037351964,0.2777966855161456,0.4032105502576821,0.9730896636605644,,1.272641435476137,,0.3343749166547609,,0.2445132908183115,0.364490911805142,,,,,0.5216957619140801,,,,0.2542577801543242,,,0.6367020344571636,,,0.5747022294995588,,0.377269539843655,
2024-10-15,,,0.5011036678380999,0.281831054992189,0.4180432559188555,0.9979932129610632,,1.3387545033153865,,0.3212276815765177,,0.2500200091887919,0.3719068760005536,,,,,0.4857352390131779,,,,0.2692099571017672,,,0.6724491460132154,,,0.5746962503887316,,0.4081237739668902,
2024-10-16,,,0.4894829262093761,0.2785814506535383,0.4885441734442455,0.991024007979968,,1.3623516111901544,,0.3200949155774036,,0.2503978695647103,0.3950299152401764,,,,,0.4749896295248689,,,,0.2699875887734421,,,0.691580944581218,,,0.6044406113394434,,0.4086958982572782,
2024-10-17,,,0.496248606401922,0.2794046454918777,0.4785891803182938,1.0035352062771687,,1.5454735431794395,,0.3063059450536607,,0.2594367399932886,0.4511459619088929,,,,,0.4838906405771675,,,,0.2633633243361751,,,0.7042358674853488,,,0.5853303574372286,,0.4063056363194541,
2024-10-18,,,0.4676331160843592,0.2810467289721812,0.4885650891559007,1.0105675694190075,,1.4308129035484731,,0.2950286383876585,,0.2479614403928278,0.4566026838698482,,,,,0.4638292547829905,,,,0.2649504901371231,,,0.7458663783402809,,,0.5802226779727566,,0.4029043958960828,
2024-12-16,,,0.4664617095228085,0.4725112383282876,,0.5435097572586483,0.273066936974791,1.2449964005031542,,0.3613782570245662,,0.2361895854255054,0.4229010267458625,0.5212832737993925,,,,0.3671406717218548,,,,0.3414342413884783,,,0.5943183961520496,,0.4298365703464426,0.4520970097227955,0.456259571275139,0.3525888718752456,0.2952979190290066
2024-12-17,,,0.4831363898232569,0.4293083703509351,,0.561866800655229,0.2806626337521988,1.2666603783195176,,0.3631051410708484,,0.2497113769402103,0.4683244312732287,0.5637554916387164,,,,0.3689517363122503,,,,0.355878252869788,,0.5075357831730386,0.5649862909507569,,0.4114021846434024,0.4421648867266638,0.4472953750348282,0.3279829442655513,0.30144478959814974
2024-12-19,,,0.5227321853588263,0.4185051512890893,,0.5396906564600139,0.3129053023008032,1.2110105293094773,,0.3672176443160732,,0.2716115001994984,0.4201539094443847,0.5695160401539177,,,,0.4152622275252044,,,,0.3439712543275587,,0.4742550031547726,0.5427728126417146,,0.4302001854387105,0.3850496851743043,0.4106912098836215,,0.27997583022788497
2024-12-20,,,0.4717960294310936,0.4330016392026453,,0.4969008818762558,0.2860772632527013,1.2384561652615875,,,,0.2448878702710159,0.4203462560533041,0.5263996809518615,,,,0.381640074922393,,,,0.2927844743874107,,0.471663855053846,0.5739064468830725,,0.4352975966030479,0.3662996294617605,0.371988711768533,,0.2698474928731322
2025-02-18,,,0.6419792496768602,,,0.6589944285118702,0.3495497784531446,0.6017141066525509,0.7682956376095245,0.7986981043999531,,,,0.4360219878246232,,,,,0.4337274817391557,,,0.6817313080472646,0.4195819265160295,,,,,0.8131539598228076,0.4441377298356472,0.3823166481211024,0.43618268447994246
2025-02-19,,,0.6322170144915445,,,0.672122490564838,0.3541511573042978,0.6882986280360716,0.7745068569624731,0.7954894857661352,,,0.2607920590230351,0.4779543395474337,,,,,0.4232468088830712,,,0.6427262517762018,0.4090461248309268,,,,,0.7870435365482675,0.4543633757122701,0.3540605235431446,0.426612350334593
2025-02-20,,,0.6308461105942316,,,0.6890426355070224,0.3298995565189759,0.794190109643019,0.6427275687414439,0.7028677311035862,,,0.2579206798392529,0.4255863909602995,,,,,0.4031219994568678,,,0.54017239403187,0.4754521494089567,,,,,0.7929618890149858,0.4899700059636648,0.3628858767504527,0.41821839123626675
2025-02-21,,,0.5967682765545591,,,0.6652962992219327,0.3336761224042468,0.8239276058843428,0.6441193247682154,0.6540164756566424,,,,0.4215375839080827,,,,,0.3827398221580381,,,0.5004503503803666,,,,,,0.7375096524105182,0.4720087272072945,0.3592556381270226,0.37567366216378584
2025-02-24,,,0.7679417068177375,,0.6447390323233437,0.7188834944078624,0.362193999156006,0.9326081044865278,0.644100086663256,0.682301055680818,0.5464156760268495,0.3166041011408058,0.300288657011923,0.3989735957895971,0.4308967898335044,0.4738059699410727,0.4462106429204263,0.3307281515924413,0.3874470376668794,0.5122080320735015,0.3937564078713724,0.490904902605736,0.5733650805323806,0.4974118449992512,0.3884193718170083,1.0117300044793307,0.5952783290710576,0.7364496237538039,0.5216862844813566,0.3730238143954854,0.4122055629605903
2025-02-25,,,0.7486545683034492,,0.5996440108408344,0.6777543565009715,0.3691999755260654,1.0111899612601143,0.6158128635205952,0.6505754405158505,0.5508260267537493,0.3429241444961061,0.3590672638661209,0.419147950174326,0.4254135264581998,0.4796783664589618,0.5338080565204039,0.3430515490333228,0.4085546973362434,0.5337710302688072,0.429648501933439,0.6022939383757029,0.6084941025429897,0.6610668117458748,0.4084743543643542,1.0111404854856567,0.598116624587917,0.8532899339064645,0.4891403524838271,0.425083635767514,0.4319833801466741
2025-02-26,,,0.7405015262336221,,0.7281601038540924,0.6679218324708052,0.3602175864141214,0.9455772302258304,0.6112644139579004,0.6701357514102361,0.5669161750689425,0.3457158666729364,0.306407637371099,0.3884423987672654,0.4201671877631604,0.4874035286649192,0.4556754950096309,0.3570388974614843,0.4186335942683368,0.510538433682403,0.372047642696504,0.5720951222366809,0.5430805426533587,0.5854408965751012,0.3567470936881521,1.0672424045177626,0.6401703289076071,0.8498742953485219,0.47243715613749,0.4882970115727423,0.40198718057130334
2025-11-17,,,0.5320325009554902,,0.3196412773950396,0.3999273538400544,,,,,,,,,,0.3251907573630149,0.4279213701327746,0.3223730060845494,,,0.3362814629443221,,,,,,0.2714412754083659,0.4065309783717341,,0.302645758230898,
2025-11-18,,,0.5531970249246846,,0.3222077831222004,0.3850420912869564,,0.6130556884477227,,,,,0.2314291944284325,,,0.3479461168673268,0.4475857116429473,0.3189753960639585,,,0.3409013971421496,,,,,,0.2860430330494982,0.3203458920044482,,0.2892962890045784,
2025-11-19,,,0.556737682671012,,0.3380449710039649,0.3877870376892208,,0.6287400846584983,,,,,,,,0.3226215551966353,0.4471477858732996,0.3312646648687599,,,0.3440797429351162,,,,,,0.2820978644372503,0.3150802435716297,,0.2949892761473346,
2025-11-20,,,0.5315550117345214,,0.3137285409240832,0.409231604938303,,0.577994627190056,,,,,,,,0.3232729303009872,0.4169728838905819,0.3707215540407556,,,0.3468122778363513,,,,,,0.2925895711268294,0.311190522297071,,0.3064770094192467,
2025-11-21,,,0.5103078496080613,,0.3165480528014658,0.4029798947261673,,0.6187355416573638,,,,,0.2248562818736973,,,0.3311522278035801,0.4385630878549541,0.3873553333223849,,,0.3772650251639926,,,,,,0.2691626108295604,0.3389112103911812,,0.3067218444213648,
2026-06-26,,,0.3514260687660894,0.4101220573830182,0.3436984185833585,,,,,,0.2561130963251084,,,0.3754945248918912,0.2649925909022333,,0.2725855953492175,0.3381557589407678,0.4778799004821499,,0.3164903277093733,0.2425848952034234,0.2635866759607366,0.1830640308267927,0.1992294895617326,0.5617574260736452,0.2392516723335958,0.2534692089534439,0.2797820464409745,0.3303440017928992,0.15624567443385032
2022-06-13,,,,0.5660169959886392,,1.3098459045656088,0.4756474573828465,2.403393348441733,,0.9547432567392689,,,0.9909056996076115,,0.8612796208671749,,,,,,3.61014839894242,,0.8830757829001543,,,,,0.9310946453565702,2.5850034212582846,0.4847231960726136,
2022-06-14,,,,0.5494582043490068,,1.3415860932904369,0.4472960644375884,2.399487729590604,,0.9473767862159808,,,1.006958761653132,,0.8126668107502169,,,,,,3.63033373568869,,0.7720872597343256,,,,,0.8765158212101728,2.6447503957775087,0.4685183310524035,
2022-06-15,,,,0.5271156577356814,,1.3914905171225365,0.4278605409745469,2.446710436802832,,1.0387030510594002,,,0.9700569832957024,,0.8511138234879043,,,,,,3.6071069375213582,,0.7214549329621924,,,,,0.8807913395517738,2.5835347948195104,0.4413454192364527,
2022-06-16,,,,0.5245529831703784,,1.370530428981516,0.4564666498826895,2.4430476148925444,,0.9893663287013236,,,0.8949738590234372,,0.8756721747886079,,,,,,3.501384722815708,,0.763348353968003,,,,,0.8354762184456015,2.3588605901525197,0.4415821692117074,
2022-06-17,,,,0.5137883935187998,,1.3719784616312822,0.4271337360289414,2.5155747608488674,,0.9322042985112666,,,0.928199893297866,,0.8618702508831576,,,,,,3.552804860812322,,0.7191800179706815,,,,,0.7943295389362829,2.1677215073748357,0.4261325667174165,
2022-07-11,,,,0.4505072636158527,,1.3540820632369022,,2.949038075449019,,,0.4508098533448006,,0.6486035621954743,0.5521654830237877,1.192160696349127,,,,,,2.3581264974235427,,0.8108580296344814,,,0.6140409873806558,,0.6426949144521459,,0.491098765258428,0.40384218414134315
2022-07-12,,,,0.452151923617557,,1.3238323453076486,,3.052573452892484,,,0.4699165031649305,,0.6228645693660626,0.5594286319123813,1.1538635507700528,,,,,,2.451839614350478,,0.7922699982869,,,0.6025935959894032,,0.6524424560643336,,0.5300877819909446,0.39372438459843045
2022-07-13,,,,0.4420076012930726,,1.2869163366014806,,3.0392148483053774,,,0.4657462563058697,,0.5668991126185412,0.5062632322458929,1.173908945780055,,,,,,2.4326062465139886,,0.8139532927744334,,,0.6331998421203998,,0.6673420095170142,,0.5197819002437347,0.3722220492589729
2022-07-14,,,,0.4303354015658699,,1.315471997118318,,3.084230539150856,,,0.4556746000315613,,0.4939011403632009,0.5199992970122094,1.1673871568552816,,,,,,2.4114830681670205,,0.8098227981587842,,,0.5872296667745913,,0.6882153327939682,,0.5262187187284854,0.3683975187651372
2022-07-15,,,,0.4157436323299377,,1.379178698954727,,3.179693222152965,,,0.4585544529955647,,0.4859231554153696,0.6014994755971314,1.2437462334095928,,,,,,2.534078766029741,,0.7976392291411138,,,0.5956379111315765,,0.6942209277472849,,0.501822813603659,0.39628475235625177
2023-03-13,,,,0.3666644036084805,,,,1.891595893145724,,0.7029251537465518,,,0.5243893780296544,,,,0.7697478305143005,0.3642556114295515,0.6437244658405532,0.7377036708287951,2.5091634311789983,,,,0.3954509422743744,,,0.6714843123009725,,0.3732141449057549,0.3887747694127777
2023-03-14,,,,0.3591479538483491,,,,1.968684896191254,,0.6861496640532564,,,0.5066462781758402,,,,0.7150773122549654,0.3597567457119045,0.640101170628805,0.7307947886607689,2.491074926542061,,,,0.4064566527041202,,,0.6573148845523296,,,0.3697136132897242
2023-03-15,,,,0.375720573198984,,,,2.02716911424201,,0.6863063083578044,,,0.504406437346287,,,,0.8022506108956655,0.3798692747544225,0.6051198921673149,0.6756956788444313,2.530316243627621,,,,0.4182963211817986,,,0.6837671614978856,,,0.37762322114161967
2023-03-16,,,,0.358404158857701,,,,1.985951929021018,,0.6501660466360821,,,0.5272189610140252,,,,0.7803927907859488,0.3477762135014475,0.5884662914873089,0.678451837952807,2.585633902670196,,,,0.4378301612594,,,0.6677528928315434,,0.3842777977810938,0.3867297933805896
2023-03-17,,,,0.3633637539343545,,,,2.0288694044090767,,0.6539775612959958,,,0.5258538733443053,,,,0.7597800449440519,0.3658921799485942,0.5749568804407758,0.6263742687054366,2.561445534084335,,,,0.433385463213683,,,0.7027123745069946,,,0.3827408644043074
2023-08-14,,,,0.4546579498048388,,,0.2823319513120124,1.8341201111441408,,,,0.3333753038198153,0.5833171095235883,0.7446244491006916,,,,,,0.6203919795133557,2.5700292406373664,,,,0.7776789039460679,,,0.799284622031055,,0.5339720559535527,0.5265501603784865
2023-08-15,,,,0.4599262727542234,,,0.2945604447693975,1.8218509966202383,,,,0.3200808340578092,0.4974845630392516,0.7304114366838195,,,,,,0.5998481730529857,2.5240142018569403,,,,0.7820165965328745,,,0.8140644728089033,,0.5094283950469156,0.5006566521757337
2023-08-16,,,,0.4583785600987373,,,0.2936877656396501,1.8425880888895387,,,,0.3193134109383437,0.5831607300656461,0.7176733383769173,,,,,,0.5779439790311277,2.544212370912478,,,,0.7531113995542021,,,0.8341082650729246,,0.5163957952096798,0.4903347499570597
2023-08-17,,,,0.4607489162547553,,,0.2954720289377583,1.8577905980106912,,,,0.30823139230916,0.5520646900452707,0.6441586072568174,,,,,,0.5784672493750042,2.644857044074409,,,,0.7128055228714902,,,0.780333960381076,,0.5038556331688613,0.46416137508169225
2023-08-18,,,,0.4593735544984125,,,0.2902122447277927,1.905766324529484,,,,0.3160433326849647,0.5313058787680552,0.6999338400427509,,,,,,0.5866183891207506,2.53400558601777,,,,0.7229361863948223,,,0.7917291110739514,,0.5221353639571871,0.473466897244777
2024-04-15,,,,0.3647135276700609,,0.9103117394129094,0.3947241287284455,,0.2998568013894,,,0.2997350998516288,0.4970686585937626,0.3689562915969679,0.4909506145398122,,,0.3763469216771119,,0.4423297170920134,,0.2790931843980361,,,,0.5989479813381765,0.6521280836347935,0.5716712508321933,,0.4035068017223978,
2024-04-16,,,,0.3658325334810963,,0.963570998613946,0.3922632594378651,,0.2754812786845965,,,0.3023561873838358,0.531658501638882,0.3057734947846614,0.4010193663861516,,,0.3732384463123555,,0.408866268476166,,0.2752955058159324,,,,0.6108633924592902,0.6810583335406881,0.5624547027623067,,0.3816386855293312,
2024-04-17,,,,0.3417009531127525,,0.970038591857332,0.3986791061063557,,0.270592035038156,,,0.2984656615142824,,0.3277047730633055,0.4073538039735611,,,0.3581151510812445,,0.4108522307114716,,0.2818053912199906,,,,0.6606401620954302,0.715983542488405,0.5417190499410954,,0.3846186226143152,
2024-04-18,,,,0.3414663390172224,,0.966095811462474,0.4017331449599043,,0.2693764750800771,,,0.2922731362529931,0.3299751332766648,0.3675626978353118,0.4220195062296747,,,0.3659293165457601,,0.4089350285779375,,0.2749058542822145,,,,0.711120846099804,0.6671702631106118,0.5478472682561654,,0.3855895209865785,
2024-04-19,,,,0.3419990996730025,,0.9872001494973476,0.4117243969662816,,0.292376745112402,,,0.2903842816628967,0.3727114038073987,0.3955240904758224,0.4746617775983496,,,0.3631634934230672,,0.4515916834072463,,0.277859553163904,,,,0.6435807282535028,0.6697243372960041,0.5642163909732436,,0.3687275011045687,
2024-05-22,,,,0.6416308475509009,0.6460374937547225,0.6225061973867153,0.2263392322478278,,0.5202633618274214,0.5410833505636149,0.4443130582730124,0.253200360961326,0.4911768659510072,,,0.6944277224171992,0.6826019784368751,0.3015354302922887,,0.3550392853468534,0.4176313477255166,0.1870458069451681,0.60326366606127,,,0.3983917585889798,0.3864790620640222,0.3169668945874265,,0.3137364312450529,0.38279481374376334
2024-12-18,,,,0.4040806271698631,,0.4909161468125975,0.3144017560851136,,,,,0.2448087170888057,0.3556449274919011,0.5892619087651388,,,,0.3922437634671338,,,,0.3358446664795497,,0.4866709595735691,0.5380177250831453,,0.3948678681450954,0.387436792962966,0.4193587942672339,0.2939155730724603,0.2818504263203185
2026-06-02,,,,0.4646437340920262,,,,,0.2681670085501662,,,,,,,,,0.3381205683617277,0.4179703097069384,,0.2897221330006168,,,,,,,0.2911649471657901,0.3297842391384534,,
2026-06-03,,,,0.4644421173884038,,,,,0.2680680495608989,,,,,,,,0.2702313839845595,0.3445095193114713,0.444321497376762,,0.2888459317325082,,,,,,,0.2898085962173993,0.33542799532465,,
2026-06-04,,,,0.4628684481646656,,,,,0.2617780946577202,,,,,,,,0.2776790215699197,0.3387296811002703,0.4173714440709751,,0.2738732111416654,,,,,,,0.2846052846726002,0.3204430221920898,,
2026-06-05,,,,0.4561432753125337,,,,,0.2705394211391121,,,,,,,,0.2763601808088586,0.3366623496673694,0.4368992410397698,,0.2884007332594611,,,,,,,0.2740529668092362,0.318953944855981,,0.14130084586139904
2026-06-08,,,,0.4599011139670183,,,,,0.2741917722656953,,,,,,,,0.278204045511499,0.3253843896754479,0.4184479851060214,,0.3037704259050098,,,,,,,0.2850245083219431,0.3274790438628529,0.3058037127815098,0.14480960013275826
2026-06-09,,,,0.4448389757634746,,,,,0.2752260665355814,,,,,,,,0.2807467531586187,0.3451972523742495,0.4291200393140554,,0.3016239468673612,,,,,,,0.2801603291147816,0.3182172782480521,0.2917793481871723,0.14088684115134348
2026-06-10,,,,0.4527980700968618,,,,,0.2777521171937519,,,,,,,,0.2798043116343993,0.3500138070999059,0.4438400633540907,,0.308230281074317,,,,,,,0.2830569203529159,0.3446180174998065,,0.14575122544619623
2026-06-11,,,,0.458522240074944,,,,,0.2645301332135303,,,,,,,,0.2938937766899401,0.3437022811515847,0.4287562971380152,,0.2826007361826287,,,,,,,0.2922814260926561,0.3179326669357165,0.2901734213995938,0.151723592832369
2026-06-12,,,,0.436954431996379,,,,,0.2532600637977362,,,,,,,,0.2807977737697867,0.3344277590230385,0.413300955271436,,0.2666769686007386,,,,,,,0.2693689099689484,0.3122566829598749,0.2851842299404249,0.14233928975084675
2026-06-15,,,,0.4405962040737812,,,,,0.2571002823527997,,,,,,,,0.2796349261525747,0.3397678541958312,0.4133722088032789,,0.2920262862987167,,,,,,,0.281636591870234,0.2986761255713,0.2803169818736404,
2026-06-16,,,,0.4200351576894492,,,,,0.2486269662431343,,,,,,,,0.2715082156518146,0.3187846614975692,0.4295415769441096,,0.292502848001893,,,,,,,0.2657318741101008,0.2878321648143296,0.2763684842450641,0.13584391403897872
2026-06-17,,,,0.4262234766727054,,0.6414211703283407,,,0.2560898300807686,,,,,,,,0.2799037704481638,0.3436385958061439,0.4230647302908703,,0.2930951866948236,,,,,,,0.2767046375712992,0.2890855570404986,,0.14565252643804158
2026-06-18,,,,0.4216500942843484,,0.5792201433667787,,,0.2528794797080899,,,,,,,,,0.3424396991373755,0.4369477306218295,,0.3082501535740334,,,,,,,0.2815512314600754,0.2932704116335479,0.2692159490914991,0.13419868017427522
2021-05-17,,,,,1.445554762352819,2.581813579547201,,3.734244458916056,1.6728843720600035,1.355937325117735,,,1.3647004670272198,,1.5781980974885212,,1.7300689061966328,,1.4614827654535252,1.345457107896426,4.302525926597881,,1.4605996893262236,,,,,1.4515821366307076,2.543278348513723,0.6294161900103818,0.943701053419876
2021-05-18,,,,,1.4652991660728,2.5835987810123378,,3.688603531670006,1.651911462617952,1.298865821211873,,,1.350619843093376,,1.6034386956778213,,1.7515800444947256,,1.4354083406525295,1.3079370459835085,4.338081826204645,,1.4198273308895797,,,,,1.4335282986865314,2.304681098736519,0.6300637947942708,0.9146750384992541
2021-05-19,,,,,1.487526851342848,2.5648622555535923,,3.708518490245527,1.6222855565021972,1.2615737158343718,,,1.3008043136317249,,1.613256846221154,,1.6968492426808126,,1.385223890200421,1.2523214286237123,4.346129134160579,,1.4455900532126855,,,,,1.3893108780207508,2.1686485107192888,0.6448960545856202,0.9011689275800397
2021-05-20,,,,,1.489091175355369,2.677685956134503,,3.757514457228811,1.6445465113810291,1.2976400657788136,,,1.4168312723904202,,1.6754015269294245,,1.8140927294007247,,1.3681088497186582,1.305230527616808,4.356150144338488,,1.5222617625298085,,,,,1.4660906590663385,2.222098611856285,0.6780602626227992,0.9447000808702619
2021-05-21,,,,,1.4679200398095604,2.7567153117672114,,3.8085828232491457,1.7287818182158483,1.4121718242248242,,,1.4589660791604255,,1.688311327084863,,1.8375009822782995,,1.463420167044118,1.3725214923000284,4.456727542574944,,1.5536910927284269,,,,,1.478690415770094,2.303441480763035,0.6570501714927409,0.9847270424663033
2021-08-16,,,,,1.3045693571398518,2.720416121419738,,3.4002329510245226,,1.2384116086848351,0.6221986010251148,,0.8523602796878865,,1.5614658168928426,1.74634189083483,1.6293752531373609,,1.0749877319853307,1.2884782358424205,4.436464949423045,,1.2426933878206663,1.5600265654597678,,1.0714584104281049,,1.057620003919211,2.13996138950446,0.5989986110783698,0.8594144510576639
2021-08-17,,,,,1.305313028213356,2.707288903367699,,3.496836543346052,,1.2567131876004722,0.6254452700734262,,0.8832814529216311,,1.617018184911455,1.798341930325297,1.6469539272199194,,1.0234381871092415,1.283519403387443,4.381780458673875,,1.2647378463368069,1.5732541369881683,,1.0875831661642965,,0.8572509726701109,2.1603329622579266,0.5991035601869971,0.8340580312734494
2021-08-18,,,,,1.239495138437007,2.687562547443184,,3.434836649471692,,1.2071014523113002,0.5817968798692844,,0.91300243074855,,1.6510502641269802,1.7944018248143896,1.6030090037432845,,0.9988643620030508,1.294102393223469,4.366940354943129,,1.2468721082091991,1.5329092961094632,,1.0830866147879836,,0.9018235676864558,1.9240665431218984,0.5650074273187308,0.8200408343942795
2021-08-19,,,,,1.4213386359779188,2.619229246819065,,3.5066099849312407,,1.1446611158388498,0.5520598184431429,,0.9520645573294964,,1.6627043234913723,1.8903412448350565,1.5757968734425332,,0.9110170643098564,1.2758226754857718,4.3792668737846405,,1.3080550757380136,1.585016254079776,,0.9942726713752208,,0.9280801045183352,1.85706237646294,0.574803562966174,0.8499870513910789
2021-08-20,,,,,1.5401602162973012,2.700174491902437,,3.575202466828036,,1.1646079958811697,0.5420815084553136,,0.9666938107078644,,1.7323620676910494,1.9281095237593129,1.5988429274183829,,0.927152620749826,1.3137079779067808,4.340666142267436,,1.333357082684187,1.592711290570877,,1.08673119243962,,1.0315569544827252,1.776370399990727,0.6457975143334722,0.8584536725151657
2021-09-13,,,,,1.5917067085785166,2.0588104432525105,,3.2361431716141924,,1.150201791277233,0.4204803558567673,,1.0423179922991372,,1.3987228553911073,1.0240447931333678,1.5980977579282432,,,,3.760619338366561,,1.2787247089344895,1.3747613760104245,,,0.5007180246217989,0.9119787440937386,1.301860033709573,0.5710310037092616,0.7107157421052114
2021-09-14,,,,,1.5139286001830936,1.950970014009639,,3.265160298555504,,1.1263410696936462,0.4157879579801488,,0.972748414002862,,1.4239162224595492,0.98768280271813,1.6124919596299354,,,,3.738457299014671,,1.294989079540485,1.4071723058231056,,,0.4743045941783503,0.8905522373976866,1.237791193448869,0.5573840829235766,0.6903552067331606
2021-09-15,,,,,1.5108566876331924,2.031540490066228,,3.3307072007258336,,1.1083496181644492,0.4184574783129887,,0.9789611048933692,,1.4364104090595349,1.0426247404452864,1.67106528743301,,,,3.8412583273113614,,1.33732909119879,1.4449620540429953,,,0.5035569273154472,0.908436649322714,1.3587205019637785,0.5558190075774126,0.7220997925311247
2021-09-16,,,,,1.5231150482298603,2.0372859061008777,,3.380425917211404,,1.0578807895101263,0.4326248921655506,,1.0053748569740153,,1.4218213827777504,0.993701776164176,1.703242592608628,,,,3.880408767551693,,1.3178081592909197,1.40867468490961,,,0.4932681724000739,0.9587834389780084,1.320150828738136,0.5333921276542369,0.7203840604536141
2021-09-17,,,,,1.4662595433999213,2.0191122253547404,,3.4277589592962645,,1.0260116189922284,0.4599989273588783,,0.98497475244493,,1.4557390356275128,0.9909788475528818,1.7499347362999702,,,,3.872639523093708,,1.3475100811132783,1.3685576803221364,,,0.5036264674396633,0.9730427883825384,1.3182889834021672,0.5112972899281009,0.7084687851840449
2022-01-18,,,,,1.4445456161030932,1.99930240020031,,3.0071854751243703,,1.149919376890578,0.4189309138366106,0.4282425786318887,0.7149430771548143,0.7718784781736453,1.262924244679867,,1.67056982988077,0.3704674141261746,,1.640483980593424,4.0473253135465965,,,1.082973150000636,,,,1.326774348220705,,0.8492371015246174,0.8879993312324239
2022-01-19,,,,,1.3864990191212243,1.9511193303661063,,3.0488429161018296,,1.0746916911082092,,0.4237420434727814,0.6428065817480016,0.7871012381191569,1.2870269101758276,,1.6743090737171873,0.3740619245579218,,1.628714534605488,4.13533930586388,,,1.106019615940815,,,,1.267671262537944,,0.8602005185676964,0.8719295190390391
2022-01-20,,,,,1.364147810631105,1.9922198559048987,,3.1074947862015208,,1.118280509242186,,0.4316662285231414,0.7733298396811239,0.7960682201852424,1.2523294417698303,,1.6541038845351728,0.3724165366024817,,1.6155688511639452,4.008720562504335,,,1.1112681939213658,,,,1.167586686481642,,0.8134993748976237,0.8503468694463293
2022-01-21,,,,,1.2785523605778994,2.015476595287388,,3.149074610040877,,1.086463888980231,,0.4366277020178441,0.7429754530843514,0.8139235955049465,1.263394209552205,,1.627661259523464,0.4190824592600771,,1.584514040347473,4.029509757616851,,,1.1035084267021864,,,,1.2063904153706673,,0.7718480436099417,0.8150251494059138
2022-08-22,,,,,1.5993743370980926,1.8462263655112388,0.3065287852253831,,,,,,0.95644737210234,0.9531160603147292,1.1349058225960096,,1.591441701910909,,,1.509705975174885,,,1.4244531316008606,,,,0.6490844039675256,1.6056759205415705,1.677953187092165,0.811380833584921,
2022-08-23,,,,,1.6023645152288737,1.8495329679198564,0.4007575685288067,,,,,,0.9695306012238056,0.9266348484964788,1.1246694546674396,,1.6007305005345,,,1.525014256725847,,,1.3948256784562056,,,,0.6282207315059068,1.5708937436751018,1.8755125703517213,0.7828943688518002,
2022-08-24,,,,,1.5989845794272322,1.8156171427571648,0.4035117753038069,,,,,,1.0000809614236326,0.9396589145232354,1.0797892475579032,,1.614387417373571,,,1.580452288863197,,,1.3799176111578615,,,,0.6715082642334285,1.6217064841664637,1.95179503743878,0.8210056877779842,
2022-08-25,,,,,1.6506422879211702,1.8977416047372624,0.388323467212679,,,,,,1.0313013956822754,0.9918170200316724,1.1948146306799872,,1.6740877979035955,,,1.669811929547394,,,1.3986607136159686,,,,0.6982283580920094,1.6750484983448517,2.0319609203148854,0.8841002968426495,
2022-08-26,,,,,1.5479062471449134,1.797454659201948,0.4123991977603271,,,,,,1.0083810701908154,0.9199890159530402,1.1192002582537846,,1.6034484822251522,,,1.545923708801604,4.805220449532261,,1.329658950346971,,,,0.6418420527958135,1.5337306678293927,2.0562560239084338,0.8427143666692862,
2022-08-29,,,,,1.6524575585781829,1.9238268368081608,0.4170456403051395,,,,,,1.0510587994549572,1.013789708219882,1.1602801503210485,,1.7221589959564318,,,1.6500265158960918,,,1.4241587824075437,,,,0.6815278999718299,1.6368329531271908,2.2526568388853665,,
2022-08-30,,,,,1.6293882728579747,1.9359245198641588,0.4139257659324561,,,,,,1.0447660934834049,0.990476839394193,1.1755454226646411,,1.7208328928601715,,,1.6540848012235758,,,1.3929439997801891,,,,0.6639570286610293,1.5992205763899796,2.169928344875123,0.8745072783066898,
2022-08-31,,,,,1.6052197547815923,1.9452531396392456,0.411203467039072,,,,,,1.0205780098441803,0.9478391811620784,1.1578692621836488,,1.841325540426164,,,1.6649120609038115,,,1.3284961746456452,,,,0.6724003972674486,1.5440972835985232,2.13716545844752,0.8584229610221713,
2022-09-01,,,,,1.7273347615964374,2.0404393103522955,0.4176031783540162,,,,,,1.0999588165202645,1.0080252824344569,1.360607218506324,,2.003841220146011,,,1.73396215660573,,,1.4446972205190691,,,,0.6861085207516845,1.6541696121961045,2.0768808866540565,0.8321358373161953,
2022-09-02,,,,,1.699163640804897,2.020545740997532,0.4174410472592123,,,,,,,0.951977892471738,1.2915272812934044,,1.9992715035757167,,,1.66082260564472,,,1.3391230241110197,,,,0.6592044857527437,1.6926441883752164,2.2450838612270494,0.8840758865090963,
2022-08-15,,,,,,1.6012475061773332,0.3792902144282371,,,,,,0.9163617740094372,,0.9668536220114832,,1.491605804341584,,,1.4285773277314662,,,1.255399216594162,,,,0.7536658661333181,1.462897047735705,1.4677996321602895,0.9079503012918316,
2022-08-16,,,,,,1.680720379291259,0.3876503078719495,,,,,,0.9534331032445472,,1.0249868016966817,,1.553202153973049,,,1.4945120782197514,,,1.3258012245330382,,,,0.7759732760463893,1.6396915887279029,1.4730135152559858,0.9551468838449868,
2022-08-17,,,,,,1.7525686124545583,0.382090319118197,,,,,,0.9568588741925008,,1.045074684022313,,1.5158671861337858,,,1.510220473072003,,,1.31360547057229,,,,0.7375915959831835,1.669365204197612,1.5482802713437611,0.8051945393870028,
2022-08-18,,,,,,1.82839939102442,0.3778301409503347,,,,,,1.016339847793385,,1.0091747571436114,,1.5089991155387554,,,1.5333282043665433,,,1.3429095672880202,,,,0.7393307998698485,1.6583620512318054,1.6147216127119852,0.8436601914317994,
2022-08-19,,,,,,1.8349683204056129,0.3747643771900157,,,,,,0.9796885061577248,,1.1272316589065807,,1.5762420248286622,,,1.517922466906147,,,1.394391977884064,,,,0.6948112389833612,1.6486313631172986,1.624396256660501,0.8149694377616652,
2022-11-14,,,,,,1.2767042826571418,0.4906652752646544,2.666320701119239,,,0.710080248167689,0.4473195673216717,0.6891210643456444,0.6468695950559173,,,,0.4082947369137732,0.7158495743739216,,3.6255503387763857,,,,,,,0.8125706034367379,1.9348774925382064,0.4882737533746822,0.6723370022983625
2022-11-15,,,,,,1.301239904980126,0.497512724673801,2.602775442068089,,,0.7218571324538441,0.4810306806296885,0.6594492832183702,0.6038361166930245,,,,0.400807991331284,0.6965001320057328,,3.6757928441397474,,,,,,,0.7878513594675647,1.992452907486639,0.5381316174409194,0.6818594325232132
2022-11-16,,,,,,1.334294569753829,0.4983341576824691,2.689130114942089,,,0.7121146607039918,0.4956614525593183,0.6811500400939261,0.6147291467036688,,,,0.4011724791145858,0.6727408578658071,,3.615237515262869,,,,,,,0.8448576397375909,1.94843195142523,0.5506425751273477,0.699357156535778
2022-11-17,,,,,,1.422069710952269,0.475991156549036,2.770225096487,,,0.6789450608761872,0.4958705955369323,0.6928936338074969,0.6419992497570207,,,,0.3861109453707497,0.6518098562017418,,3.5262327102680597,,,,,,,0.7954148677847437,1.9498206633095296,0.5310164213982672,0.6905195162129918
2022-11-18,,,,,,1.47075807689311,0.4645959658966553,2.8771115539098613,,,0.6985947005709507,0.4817673424876014,0.7241272739238358,0.7506694304157066,,,,0.3822676646986724,0.664225088053693,,3.57835921170085,,,,,,,0.820782778071625,1.951964977181464,0.5391990146266186,0.7225215594374699
2023-02-13,,,,,,1.545593765391213,0.4014515100207991,,,1.5588577963005923,0.9030880976483884,,1.0430618321419451,0.8320826259189935,,,,0.3672858125338646,,1.1644799761666624,3.8647663552818727,,0.7890544407247037,0.9385095256309148,,,0.7969571358631887,1.286123136354788,,0.5948660083434484,
2023-02-14,,,,,,1.5319915282207406,0.3788131309797523,,,1.5550642762391444,0.926186845529035,,1.0033525623534707,0.8057652752682509,,,,0.3674427461783718,,1.139956910652549,3.91700012245473,,0.7733360988763384,0.8603947366254673,,,0.8050476345913398,1.2506187105454103,,0.6608242421730831,
2023-02-15,,,,,,1.5611838828404714,0.3670635090620048,,,1.6009546211113783,0.9265031739010612,,1.0777195551685177,0.836609191335437,,,,0.352028139831162,,1.170801623077902,3.969381257608805,,0.7675385843674379,0.8710060364228177,,,0.8502721582078393,1.2852898836872355,,0.6262367319111672,
2023-02-16,,,,,,1.5444753584146091,0.3769188452531478,,,1.5857998669218407,0.9000352951755061,,1.0150683572948782,0.8162922289888647,,,,0.3423869303980067,,1.1420297068842935,3.833928252961052,,,0.8607537710927716,,,0.7767744243447416,1.317443631312105,,0.5526553336854408,
2023-02-17,,,,,,1.5713906584188937,0.3639515314553376,,,1.6083809716390804,0.8990550161063882,,1.095800451528252,0.9163380607912678,,,,0.3257636297505055,,1.2010606058290028,3.908529036227752,,0.8226914065301347,0.9400692033082354,,,0.7743993839771519,1.2779657505451605,,0.5480490597284867,
2024-03-11,,,,,,0.8022955819055574,0.2597252909177292,1.3731992979028984,,0.4242035174486513,,0.3475493790290436,0.3886284054718295,,,,0.742081395653587,0.3641996847519266,,,,,,,,0.7425045656743495,0.3762370273455595,,,0.4996936844214406,
2024-03-12,,,,,,0.9134305802266696,0.2500983074105107,1.2817826164185466,,0.425510694334701,,0.3683138255657796,0.419022845741192,,,,0.7709167619898568,0.3598467044300568,,,,,,,,0.7488517914551205,0.3726576088951401,,,0.5394674062875787,
2024-03-13,,,,,,0.8988949921822433,0.2522778247152549,,,0.4479396116983022,,0.3815338838213588,0.4677454033973625,,,,0.7811148056321683,0.3535518867810915,,,,,,,,0.7879089334837472,0.3730556167455915,,,0.509218871244488,
2024-03-14,,,,,,0.8730290471211127,0.2544819964199704,1.3881490604558782,,0.4395486560080279,,0.3987680776387132,0.4608016403727377,,,,0.7291357479527232,0.3317947849817979,,,,,,,,0.7570863365901854,0.3728301603583976,,,0.5044170764226443,
2024-03-15,,,,,,0.82434873960857,0.2548789207078591,1.3309057991283737,,0.4298768051157567,,0.366849568381542,0.4532755426723511,,,,0.6725121848429169,0.354379184794505,,,,,,,,0.7753438644734981,0.3751669526013731,,,0.4997129368543631,
2024-09-18,,,,,,0.3642099674619162,0.2627258204080347,1.136985057060155,,0.3623098498821563,,,,,,,,0.3944492600657799,,0.3013029966126966,,0.2361338442023582,,,,,0.3270618222016601,,,0.26381163247924,0.22041576535659696
2023-10-16,,,,,,,0.3608271926874308,,,0.4490975197372896,,0.2842589684306191,0.4603107755265044,,,,1.1191622522977187,,,,2.1470093749018355,,0.5833444831656694,,,0.4999961549536221,,,,0.3588110419086989,0.3446162421683563
2023-10-17,,,,,,,0.3707939298514822,,,0.3894234154128685,,0.2928013993264022,0.4866792383971541,,,,1.1190447514235144,,,,2.219468454110621,,0.5991270138391471,,,0.5275833647035743,,,,0.3648253816396873,0.344730323512501
2023-10-18,,,,,,,0.392928072056827,,,0.3742910827481026,,0.295155813747141,0.4489510842701096,,,,1.1215943015989622,,,,2.0997029457643754,,0.6701726002891935,,,0.5645553131726356,,,,0.356805401114965,0.3332883776687464
2023-10-19,,,,,,,0.3892545206979033,,,0.369133233956725,,0.297727407915665,0.3951293675876783,,,,1.0981548058595727,,,,2.052999424480423,,0.6647250769827797,,,0.5562626239668829,,,,0.3556935166333161,0.31846967920836666
2023-10-20,,,,,,,0.4183484614718326,,,0.3736430699147973,,0.2955069500551993,0.3680566151200948,,,,1.0982523183540749,,,,2.0542218243242507,,0.6667900476603689,,,0.551547295695837,,,,,0.2926245857186672
2021-11-15,,,,,,,,2.898725777740261,1.3057987545994254,1.3067377096068806,1.0330487226501397,0.4271311952046902,0.7642866515996786,0.4617679465190999,0.97066621091136,,,,0.9057471292180412,1.3151483041182797,3.939223337955272,,,,,0.8995389940619702,,0.8772939141158176,1.9222865886924485,0.3604389532343635,
2021-11-16,,,,,,,,2.9065481376664004,1.336314871867734,1.3160662770418277,1.0047791216157154,0.4612219481677468,0.8778865467669373,0.4605940883970592,0.9482046751688372,,,,0.8702238426879952,1.31767745933964,4.032329897408222,,,,,0.9754127295423946,,1.145722933109477,1.969141032361898,0.4203469774407115,
2021-11-17,,,,,,,,2.907744783800549,1.3098275680803726,1.2271075241497402,1.0474066832888158,0.4002305447087703,0.7533787970779999,0.4631265960692731,0.9943970127086768,,,,0.8493219401263356,1.3286126953398751,4.100617093075939,,,,,0.9908023243440895,,1.2039668037955835,1.872366547724592,0.392333129536495,
2021-11-18,,,,,,,,3.009605702314928,1.289732771710563,1.2260861915397192,0.9534121373428448,0.3879164727832414,0.7782698863967109,0.4760427366599537,0.983646877745028,,,,0.8228441122657455,1.315861926863816,3.948495406309649,,,,,0.9921003409344696,,1.3315715387786178,1.8478835795016544,,
2021-11-19,,,,,,,,2.8982612206360105,1.2604036840120203,1.192658933381044,0.9318091281257134,0.3961554951607488,0.6838918113787936,0.4360309247210532,1.0074251370227774,,,,0.8158506396169665,1.3172861622694187,4.022162685883257,,,,,1.096916328850591,,1.4037105876912706,1.7762890232955055,0.387600578417981,
2025-04-08,,,,,,,,,,,,,,,,,,,,,,,,0.4086967707243898,0.4593768962736113,,,,,,
