,NVDA,AAPL,MSFT,MU,AMZN,AMD,GOOGL,AVGO,GOOG,META,TSLA,WMT,INTC,CSCO,COST,QQQ
2021-01-04,,0.6944694207874501,0.9694842650196824,0.7714022037931596,,0.5577328370835798,,,,,,,0.7843451977382105,,1.2651481306834436,0.5605082598403195
2021-01-05,,0.769422795358224,0.3912309662595421,0.8282604727865512,,0.5136804748974332,,,,,,,0.8655319889483781,1.1222386624605991,0.6309234084643037,0.3049337502493198
2021-01-06,,0.6763992954295667,0.3863715131933616,0.8464497323554324,,0.571697411405884,,,,,,,0.9030382461422648,1.159319735562962,0.6076226056330688,0.301557967099441
2021-01-07,,0.8141303996229673,0.3825486548007969,0.8949011915818887,,0.5115724232846703,,,,,,,0.9822950932931556,1.2218134100562752,0.5788620939880109,0.3153656244353715
2021-01-08,,0.9162911893042596,0.3858789228318147,0.6127493066085927,,0.4713620365620792,,,,,,,0.9335176269053792,1.2221119118696806,0.6055636673334251,0.3417534566188673
2021-01-11,,,0.4070741094583774,,,,,,,,,,,1.3200272872643972,0.5783250261903038,0.3412629615001458
2021-01-12,,,0.3840411278571696,,,,,,,,,,0.6352357727908463,1.384997891511538,0.5932276810915139,0.3315252664870173
2021-01-13,,,0.3890550679646103,,,,,,,,,,0.7084015598101959,1.335328422930194,0.6250480705850955,0.3327243408543966
2021-01-14,,,0.393371769352586,,,,,,,,,,0.8053490079639968,1.3394446805811238,0.5723185735344166,0.3370340174903951
2021-01-15,,,0.3888969300444815,,,,,,,,,,0.7207841060878594,1.366311183603529,0.6150592377156497,0.3160325656097147
2021-01-19,,0.5027255143411041,0.3811471913585155,,,0.5329591843010465,,,,,,,0.755933124644587,1.4071831562484605,0.5649709838117171,0.3450935557205214
2021-01-20,,0.5509455112317174,0.4314948938421821,,,0.551681817097245,,,,,,,0.797085754852628,1.465473248598093,0.609324354758609,0.3816122793580231
2021-01-21,,0.6143561010890224,0.4455285770901621,,,0.5564476293209417,,,,,,,0.949598829663701,1.4768312497649183,0.6536515415840313,0.3980645550784857
2021-01-22,,0.6433339350198461,0.4604127813095943,,,0.5646032753930393,,,,,,,0.6498101655094852,1.4716969963845088,0.6624236048189839,0.3951370662973494
2021-01-25,,0.7483121250522122,0.5112895117266931,,,0.5783794566293913,,,,,,,0.6366466151530626,,0.7008529575860213,0.4295322472705268
2021-01-26,,0.7735226462029426,0.5588123262490462,,,0.6322959431065996,,,,,,,0.6547707317329838,,0.7556008688312017,0.4937795000369059
2021-01-27,,0.8140137975168963,0.5741934903243295,,,0.5893754694813664,,,,,,,0.6670439004132499,,0.697978559387632,0.4305936852224658
2021-01-28,,0.663211264185928,0.5728224577350478,,,0.5219908655032149,,,,,,,0.7008527496852973,,0.7021520283701244,0.4489873549861438
2021-01-29,,0.6303558091076864,0.5423740145502857,0.5548370292265101,,0.5304035411569721,,,,,,,0.693395384483388,,0.6864266129406917,0.4194207436447646
2021-02-01,,0.6265365471308663,0.625861130800013,0.5462982333230026,,0.4966196503396063,,,,,,,0.7228850043147785,,0.6969178197956143,0.4538140805304563
2021-02-02,,0.5885550484759101,0.6303505784697978,0.4983039808832485,,0.4429961261751774,,,,,,,0.7630191206492066,,0.720645026881552,0.495760712586599
2021-02-03,,0.6029201445910427,0.6739178037748856,0.4994862431255317,,0.4188957683271585,,,,,,,0.7359683398914397,,0.7251321931835103,0.4829301032020154
2021-02-04,,0.6943883786039382,0.5534393515733039,0.4753705881504409,,0.3936563854946686,,,,,,,0.8353412737276263,1.1186427214268688,0.7242148417616293,0.4930618978449337
2021-02-05,,0.6910111637093929,0.5633675438726233,0.4654467638571777,,0.3702685288990128,,,,,,,0.763930345896551,1.2060570839257003,0.7262372262466283,0.4913603286556202
2021-02-08,,0.7740373772353345,0.5785641866319302,0.5061478933346631,,0.3936235703365686,,,,,,,0.956468671866884,1.313613481400713,0.7798872805758394,0.5151783787134089
2021-02-09,,0.7774203088765008,0.5981135218985943,0.4916527915056957,,0.3882428530292612,,,,,,,0.9488608885090906,1.277929767546123,0.7829215147338714,0.5286841024956933
2021-02-10,,0.7945415862267989,0.6045964660425137,0.5023231570400636,,0.3952419577103696,,,,,,,0.9958178422622894,1.155476891067024,0.7666178720062923,0.5384072637118851
2021-02-11,,0.8324421511062347,0.6062179991770495,0.5595679832634897,,0.370946395894594,,,,,,,1.3077948050982453,1.219481384015153,0.7532039384287614,0.5408642396329914
2021-02-12,,0.8831934665241787,0.6157209231169328,0.5380466812321106,,0.3314040321199048,,,,,,,,1.199256847073681,0.7645585778873436,0.5665287343277036
2021-02-16,,,0.6493300281246227,,,,,,,,,,,1.190819002490266,0.8272282046702047,0.584717587656208
2021-02-17,,,0.680397412359035,,,,,,,,,,,1.175390086035781,0.8628015301271248,0.5846913382166609
2021-02-18,,,0.6837115249184142,,,,,,,,,,,1.2039876554234947,0.8774448223717677,0.5801923840628058
2021-02-19,,,0.6608148564957892,,,,,,,,,,,1.1579486164687909,0.8757100516524914,0.5727568431900305
2021-02-22,,0.6019614509014904,0.6162244282655932,0.5805742289397996,,,,,,,,,0.8526678645189497,1.196582602740028,0.8797118640684451,0.5497407916088047
2021-02-23,,0.5904411420613715,0.6055022969158163,0.5984212562208382,,,,,,,,,0.8884301096278445,1.2198692126856745,0.8306882536500242,0.5357920890969167
2021-02-24,,0.5838027070470979,0.6404447495207131,0.6511030442913498,,,,,,,,,1.108606530759932,1.2800319107233185,0.8029069508887186,0.5931591431511664
2021-02-25,,0.5877925880114988,0.6391825880937502,0.6797072386901252,,,,,,,,,0.9345510347485966,1.313322497311502,0.7690663569751178,0.5542711396617214
2021-02-26,,0.5690930927117783,0.6115034781207598,0.6889689093249114,,,,,,,,,0.9220314702240968,1.2176258210439748,0.779559787929219,0.5548179347813105
2021-03-01,,0.671140534001422,0.7205815671220007,0.7151399998791603,,0.4249664409080319,,,,,,,1.108211889192363,1.4496616826797326,0.7890145136651708,0.6370802240788466
2021-03-02,,0.6402457318743976,0.7018546340675943,0.6451279443598716,,0.5050344360856667,,,,,,,1.0069907448194375,1.4370767324754363,0.7513173003895995,0.5997830280860493
2021-03-03,,0.4068812021714486,0.3492532958340483,0.636690200565902,,0.4515412030458186,,,,,,,0.9719017691441452,1.4212532452647484,0.7792427982136206,0.296949950662705
2021-03-04,,0.4160495777502473,0.3558863742572291,0.6385768578368584,,0.4746872463608849,,,,,,,0.8954338390244568,1.36540192404148,0.3829559386696411,0.293353595898415
2021-03-05,,0.3953787657596763,0.3472534992833841,0.6721342047502026,,0.4349434016434333,,,,,,,1.0675906187292286,0.6693371851046671,0.3464563226014454,0.2811063493344471
2021-03-08,,0.4318668496081746,0.3617325248971237,0.7101830762169484,,0.569127893620272,,,,,,,1.106023441147313,0.7930278182745749,0.3613498612678597,0.2971216673682847
2021-03-09,,0.4005416438199874,0.8752487451949459,0.7032793036340816,,0.4795308921848953,,,,,,,1.4602157544537808,0.8207022396956913,0.3421955409430704,0.2944952261555677
2021-03-10,,0.4066858495291675,0.3412300427483489,0.6488931735960118,,0.4746602296421646,,,,,,,1.4687160254020577,0.8495102419349306,0.3388765313478447,0.298857242920663
2021-03-11,,0.3952065641563521,0.3481169189602192,0.6896553219165639,,0.4376976264923046,,,,,,,,0.901203316468168,0.3516228369197909,0.3070000969079063
2021-03-12,,0.3967824366105531,0.3485408685928601,0.6549156973005724,,0.4377681294295912,,,,,,,,0.9128969585180118,0.3455497842048809,0.3017768796484558
2021-03-15,,0.4127207839696483,0.3429106362902395,,,,,,,,,,,0.9968666809396164,0.3590005510974551,0.3041874743069508
2021-03-16,,0.3964978072361815,0.3401149175432599,,,,,,,,,,,1.033150090069024,0.3479107639199939,0.3162090115383966
2021-03-17,,0.4032688440328654,0.3344401425029983,,,,,,,,,,,1.0295509354574863,0.3525145960989108,0.3073088310370609
2021-03-18,,0.4258666473635647,0.3606483175846344,,,,,,,,,,,0.9852255624597964,0.3626402289410161,0.312477819147363
2021-03-19,,0.3930087847472885,0.3354619000295497,,,,,,,,,,,1.0105158054884036,0.3393748268518339,0.3023342970703273
2021-03-22,,0.359699638056871,0.3150624812591782,0.6194357093838999,,0.3660205492423936,,,,,,,1.066945436779898,1.224422702023079,0.3420791454192741,0.2934398808048059
2021-03-23,,0.354657942776631,0.3294088610325043,0.5914598180663406,,0.3659366867060605,,,,,,,0.9760009409229602,1.197675040081723,0.3602093690544187,0.3049244296801813
2021-03-24,,0.3592313992632131,0.3339723184084289,0.5839032766327892,,0.3742344960374496,,,,,,,0.8746755487216472,1.1519274043220298,0.360151061260833,0.3023145483067942
2021-03-25,,0.3506326761149523,0.3395756167708893,0.5860308378591496,,0.3777366949734179,,,,,,,0.8691284478450508,1.3271695974423114,0.4093304249724411,0.2988023288011677
2021-03-26,,0.335089213464047,0.3109804244010061,0.6177944375613786,,0.3616065876047749,,,,,,,1.0846112342149967,,0.4523606269758649,0.2815398315172108
2021-03-29,,0.3455991576713481,0.3363477643448364,0.6365444432009518,,0.3688359532798198,,,,,,,,,0.5104622742676772,0.2970540604046638
2021-03-30,,0.3502445855639486,0.3529399014808357,0.6248679990517599,,0.3793376743815487,,,,,,,1.081137311514308,,0.4586075987183757,0.2878146443607322
2021-03-31,,0.3284324776213493,0.3514512082619825,0.6199738635526256,,0.3407725663478564,,,,,,,1.128542095529185,,0.4895224947147609,0.2814294497068928
2021-04-01,,0.3118220720134754,0.3396845304038324,0.5933009746284023,,0.3214657774650169,,,,,,,1.2154848576615844,,0.5077542292522175,0.2918720246530618
2021-04-05,,0.3778239171369918,0.4848028119412503,0.6719557154865581,,0.349445735597632,,,,,,,,,0.6852368699326059,0.3786790198873044
2021-04-06,,0.3654042117095892,0.452801172981704,0.6901268419184033,,0.3385089905175711,,,,,,,,1.15998621995717,0.3495051403904226,0.368067732858826
2021-04-07,,0.3772792664691056,0.4747207808998255,0.7068543488745758,,0.3406224430071691,,,,,,,,1.1373565185978027,0.3401742345450658,0.3740566641886017
2021-04-08,,0.4392195863372393,0.5028545031894482,0.752331732927832,,0.3287063438395423,,,,,,,,1.1475817195323763,0.3490408148188563,0.40084621037685
2021-04-09,,0.5562732267252388,0.5309073271800872,,,0.2931780821911821,,,,,,,,1.1883802218619808,0.3484544935662643,0.3941702357587112
2021-04-12,,,0.5521908433450575,,,,,,,,,,,1.2055835659221676,0.3659861763925915,0.4169627762396984
2021-04-13,,,0.5749177137194744,,,,,,,,,,,1.2227192647413168,0.3676538759065632,0.440455586629595
2021-04-14,,,0.5694784037997557,,,,,,,,,,,1.333009130113992,0.3606708125700652,0.4292497197704383
2021-04-15,,,0.601224196956989,,,,,,,,,,,1.2452120634008113,0.3921035656138869,0.4450522792078132
2021-04-16,,,0.6136171118760413,,,,,,,,,,,,0.4046091926883977,0.4458113633921272
2021-04-19,,0.5474715947377742,0.6244667225511319,,,0.4221005520642021,,,,,,,,1.4449357900022115,0.4180189086592469,0.4568382150161614
2021-04-20,,0.5322566462100188,0.6443588484618101,,,0.4372781401087149,,,,,,,,1.3638627589007633,0.4450944772028547,0.429442379013187
2021-04-21,,0.537110770952151,0.6613233745086432,,,0.418442203000175,,,,,,,,1.392868562401293,0.4661032227691205,0.4633061290887532
2021-04-22,,0.5264407242220404,0.6344689025214506,,,0.4452120981483251,,,,,,,,1.3742102079981993,0.4477481868492975,0.4594293950865799
2021-04-23,,0.5528926462694582,0.6834263274381949,,,0.4249372865655944,,,,,,,,1.424186459588768,0.4664086407875003,0.4777992672470632
2021-04-26,,0.5939684103247322,0.7410117544851101,,,0.2995448313822259,,,,,,,1.1694150270593449,1.477964062892905,0.4444578635459366,0.5143057129710485
2021-04-27,,0.5833660463425702,0.7626933851314278,,,0.4185316805700651,,,,,,,1.130132672037283,,0.4639923539869567,0.5149504108070431
2021-04-28,,0.6276010636745035,0.6798380859384051,,,0.3658840800844073,,,,,,,1.1239387338007565,,0.4599733619321993,0.5348659496500484
2021-04-29,,0.5611271094036375,0.6212023477472246,,,0.3534371013961154,,,,,,,1.207344688027281,,0.5215066192001413,0.5267521018564176
2021-04-30,,0.5320103855325949,0.6383393717864739,0.6105449742065763,,0.327451384955998,,,,,,,1.1978150500233622,,0.5222221506892943,0.5287501158801855
2021-05-03,,0.595542417008609,0.6752293404009967,0.6277235505649484,,0.3551781232486439,,,,,,,1.3169967543862828,,0.6514430953123959,0.5380988190755315
2021-05-04,,0.5220569541380435,0.644547393298631,0.6416675763960197,,0.3682855046138921,,,,,,,1.2394300740523825,,0.5964535936514396,0.4941372518773149
2021-05-05,,0.5269790201635188,0.616132268065661,0.6978364962751182,,0.3491930138011683,,,,,,,1.2490845775979238,,0.4145041214533861,0.5076596074436861
2021-05-06,,0.5613739377501894,0.7022562477335493,0.5968338949424409,,0.3452149893618567,,,,,,,1.3349869997005437,1.2067916164068415,0.4780611121732278,0.3014178350647633
2021-05-07,,0.5889111995551138,0.7625137021902683,0.5851993591451953,,0.312064143331318,,,,,,,1.4295120032709896,1.3108304152472674,0.4912482112761144,0.3030672751100848
2021-05-10,,0.5709540044514613,0.7848007669529903,0.5370042637672361,,0.3605984750970094,,,,,,,1.4469098057196688,1.3342563528843658,0.4914398786902564,0.2926176955003124
2021-05-11,,0.5672183209288844,0.8040383505517411,0.5561062150619406,,0.3748417802837153,,,,,,,1.3493701727197285,1.3164729241261883,0.488129246201223,0.2974500349874279
2021-05-12,,0.5622444781818712,0.6895589318260162,0.5543525879044087,,0.4307252093377665,,,,,,,1.245792382501436,1.244884997347648,0.4770458546059307,0.3086377830930269
2021-05-13,,0.5957961391307652,0.7512446100793873,0.5294894617664878,,0.3945402861804777,,,,,,,1.4087493620642628,1.3761649783365757,0.5207682465731418,0.2860242393142725
2021-05-14,,0.6844982306780227,0.9199306460753818,0.5381829757224516,,0.3421722282648535,,,,,,,,1.4076305136747664,0.544942132484717,0.2907630645410309
2021-05-17,,,,0.5730139108669352,,,,,,,,,,1.445555202667922,0.5672476448944207,0.2914804369347134
2021-05-18,,,,0.538460674265228,,,,,,,,,,1.465297825087546,0.5704667426131224,0.291362807974406
2021-05-19,,,,0.5706022708706073,,,,,,,,,,1.4875277510201788,0.5578596067762409,0.2884933983079263
2021-05-20,,,,0.582823098380424,,,,,,,,,,1.4890916352849377,0.5876273990702454,0.3095497171351619
2021-05-21,,,,0.5799985447277354,,,,,,,,,,1.4679205011702028,0.5705525635343478,0.2935847719453351
2021-05-24,,0.3303130068520364,0.3975508926859714,0.6358758295785497,,,,,,,,,1.0329786330699753,,0.6303870027804183,0.3215658788597423
2021-05-25,,0.3327074424619559,0.4161747548275908,0.5879294060514975,,,,,,,,,1.035322576697177,,0.6486208886715485,0.3267418087089093
2021-05-26,,0.3231940283737343,0.4075322545582036,0.6042561878176486,,,,,,,,,1.052900206823199,,0.6575034215830292,0.3279021844123449
2021-05-27,,0.3134726114743204,,0.6844147722641126,,,,,,,,,,,0.6558266145049318,0.331732227807991
2021-05-28,,0.2979152437065991,0.40555223154057,0.6779539261828206,,,,,,,,,1.1014901478713124,,0.5850555335483281,0.3198715549749985
2021-06-01,,0.3282977976276511,0.3895884259589681,0.7653618249881156,,0.3265825960951281,,,,,,,1.2268113793367013,,0.6446061287322361,0.3400741353996589
2021-06-02,,0.3262585855395668,0.3855259503118373,0.7833295725945758,,0.3227844237135236,,,,,,,1.31925196555559,,0.6969738548804968,0.3416773701783542
2021-06-03,,0.3282904454203931,0.2542918335385381,0.7112046428710835,,0.3227102943118761,,,,,,,1.2266948693072937,,0.7629391202777642,0.2096450491022851
2021-06-04,,0.3441636130740206,0.2526611157150109,0.8287924421818355,,0.3047263282727261,,,,,,,1.4270786016737491,1.1432111454288452,0.8460911550706645,0.2147917215534448
2021-06-07,,0.3745206716084709,0.2626196425923829,0.9064661782847764,,0.3093428669714451,,,,,,,,1.1749133383135917,0.8406208931232719,0.2227170142032517
2021-06-08,,0.3860286998556406,0.2592629445095961,0.7706184616857256,,0.3058957070851775,,,,,,,,1.2069372791810242,0.8508470693004881,0.2258864122642444
2021-06-09,,0.39734465074644,0.2597811176606505,0.6529812050341619,,0.317785168865499,,,,,,,,1.2028902769139034,0.8987211758011925,0.2302125270735001
2021-06-10,,0.3657215123429315,0.2557079524058643,0.7281035403185816,,0.289498911626471,,,,,,,,1.313581407324478,1.0248184770559974,0.2272782359206935
2021-06-11,,0.3774721039693975,0.2475211046825149,0.745549470822897,,0.2788839323468496,,,,,,,,1.3033646086640434,1.078198295669413,0.219338703197249
2021-06-14,,,0.2581796132788907,,,,,,,,,,,1.3096436890267662,,0.2444283144579755
2021-06-15,,,0.2631029819012729,,,,,,,,,,,1.314671103035464,,0.2478058078087285
2021-06-16,,,0.27016472227681,,,,,,,,,,,1.3044898427396998,,0.2414793301062169
2021-06-17,,,0.2706294714278531,,,,,,,,,,,1.2809773693531734,,0.2596361992365768
2021-06-18,,,0.2775289847782484,,,,,,,,,,,1.2471448218237988,,0.2608325334173281
2021-06-21,,0.2514038038691949,0.2852522911445672,0.5548918574147143,,0.3094393770230665,,,,,,,0.9794571752043544,1.3871532330672764,0.360772687782551,0.2624316861862651
2021-06-22,,0.2584873733386357,0.3036308026594114,0.5622581228385004,,0.3015944393622568,,,,,,,0.9807677013033074,1.4349016008921311,0.4044364713661694,0.2784338092917914
2021-06-23,,0.2547109258692243,0.2991259199010752,0.5863049471124144,,0.2963374671784818,,,,,,,0.960679530349309,,0.4070719902622466,0.2779749731871384
2021-06-24,,0.2534643995460313,0.3032206715201027,0.6439941479509612,,0.2976930568089605,,,,,,,1.0447596397265169,1.432668997317766,0.4039241777351495,0.2966392468264453
2021-06-25,,0.2492624904084669,0.2937923188795245,0.6789843733470252,,0.2882026774193378,,,,,,,1.103139133468385,1.4942652866959114,0.4306805723655874,0.2818631128996881
2021-06-28,,0.2509318224150038,0.3356443025319042,0.826747056539273,,0.3036025040447184,,,,,,,1.2985657887055602,,0.4858060682640186,0.3400165213957976
2021-06-29,,0.247360388770579,0.3697832348736388,0.7288139329503377,,0.3034931475972992,,,,,,,1.2574393251902811,,0.5279631023614424,0.3812115619694838
2021-06-30,,0.2540502614806391,0.3644454538739111,0.9516404404108166,,0.3035118475573714,,,,,,,1.2442804287433191,,0.5018473524705027,0.3768957959728137
2021-07-01,,0.2552492637279551,0.3810097896779509,0.768881722475851,,0.2885627472126984,,,,,,,,,0.4902272482700965,0.3741034772596879
2021-07-02,,0.2783546412170208,0.4859892585788648,0.7008929302010067,,,,,,,,,1.3865622484628572,,0.5764312778578518,0.4343133693067125
2021-07-06,,0.3150336248810853,0.58658704029354,0.8735299200413349,,0.4195492916850813,,,,,,,,,0.2489400081553874,0.2718565232959199
2021-07-07,,0.3368090077435374,0.685162541737433,0.748111521589461,,0.4172729218067232,,,,,,,,,0.2509879913229252,0.2791780383470238
2021-07-08,,0.3438492952776519,0.6708059557687664,0.7238516383449366,,0.422739274444732,,,,,,,,,0.2623341248433042,0.2875500078866067
2021-07-09,,0.3475722396810591,0.6750269787687575,0.8593142548545827,,0.40959049540109,,,,,,,,,0.2559421847665103,0.2833171087724104
2021-07-12,,0.3406343639989357,,,,0.4145552575550606,,,,,,,,,0.2555328280512682,0.2967101405547243
2021-07-13,,0.3512268922970821,,,,0.4112532211526535,,,,,,,,,0.2572133904591215,0.3045538833742737
2021-07-14,,0.381157448560651,,,,0.4122451451879243,,,,,,,,,0.2558506283278756,0.3058603976475355
2021-07-15,,0.373096785282723,,,,0.4206145299547743,,,,,,,,,0.2566047794944015,0.2855270946279757
2021-07-16,,0.3619560525008904,,,,0.4169389766385896,,,,,,,,,0.253246371096406,0.2852965434375371
2021-07-19,,0.373257998111823,0.3060733074940197,0.5425104147552634,,0.4545785139698444,,,,,,,,0.9151554394632672,0.286804290265405,0.2934437451039808
2021-07-20,,0.3825594794248913,0.2922846729938491,0.5607583282246913,,0.4291571069206762,,,,,,,,0.9448549914358336,0.2785878187521647,0.2993941355108458
2021-07-21,,0.3729198387039752,0.2897840702273431,0.6000859798269321,,0.4135780520712234,,,,,,,,0.9765061224112253,0.2690084543048011,0.303447435066604
2021-07-22,,0.3839143064042823,0.3216265157943919,0.5599122707190158,,0.4192229984375118,,,,,,,,1.0517328040728229,0.2746102796596068,0.3259889738386016
2021-07-23,,0.385589582786138,0.3389563403957558,0.5828835979273965,,0.4316160947070387,,,,,,,,1.1287034334548838,0.280961665478071,0.3386813320621927
2021-07-26,,0.4050108760834027,0.3524191413990961,0.6260067891546068,,0.4376753040788232,,,,,,,,1.2445038604404788,0.2887816271948581,0.3675617011927961
2021-07-27,,0.3982558553812279,0.3606907727061987,0.586039607382056,,0.4455079747906243,,,,,,,,1.2267798842615194,0.2991375901799459,0.3366768715407532
2021-07-28,,0.3378275080918761,0.296167935828902,0.623758193051061,,0.3854368312083703,,,,,,,,1.2003381648911706,0.2913855214736687,0.3516826299658331
2021-07-29,,0.3134288150715653,0.2791129677481945,0.6839774297326024,,0.3880800697072303,,,,,,,,1.2485427249002303,0.2954910629071124,0.3324343409031889
2021-07-30,,0.3183373068700743,0.27273217190438,0.7016955826103461,,0.3791563220989494,,,,,,,,1.3044505950108034,0.3293602535539027,0.3609102855793367
2021-08-02,,0.3223626195175083,0.280933683917739,0.7817905990759587,,0.4176950312146619,,,,,,,1.1693923586967492,1.414107743847561,0.3372664346431592,0.3817016464002551
2021-08-03,,0.3518983906542825,0.2869868623419038,1.0087900202619644,,0.4684338605073358,,,,,,,1.2447502628218372,1.4298189422181329,0.3837104658045807,0.3889894357819225
2021-08-04,,0.3537438124562406,0.2955359883532552,0.542245206664268,,0.6130159814074383,,,,,,,0.6463111757248488,1.0542062783462187,0.3919527296160088,0.282073997974314
2021-08-05,,0.3530746178251023,0.3129434263355636,0.5270188892666425,,0.5421474742900555,,,,,,,0.6591042626055921,0.9776038944613472,0.3646870671890421,0.2868165845479766
2021-08-06,,0.3279136678846889,0.2990710664159917,0.5376136342997384,,0.4814666720157522,,,,,,,0.6613382483131025,1.145531892468766,0.3388229003841266,0.2744809162701343
2021-08-09,,0.3482236025423178,0.3171745226580538,0.5359498548672192,,0.4790374304313334,,,,,,,0.693010375282786,1.0186005368140965,0.3476555807415583,0.2848459528458498
2021-08-10,,0.3530358966188566,0.3130094365635021,0.4634463318851498,,0.5034130866873779,,,,,,,0.6915203388839066,1.0254317132277475,0.3623245594378748,0.2818754463511869
2021-08-11,,0.364984765054854,0.299673276333581,0.4509707452869146,,0.4662450643684404,,,,,,,0.7051729836730412,1.1757657180923131,0.3764110697351095,0.2765600693039458
2021-08-12,,0.4979361293311557,0.3397474361046556,0.4197368050145356,,0.4281010999658967,,,,,,,0.6824750895492363,1.2314877563409423,0.3808204511321053,0.2815343100730915
2021-08-13,,0.5229467401412459,0.4030550099752201,0.4034839596662038,,0.440043846124332,,,,,,,0.6760023083130194,1.255203810348395,0.3987721602949777,0.2830495710542956
2021-08-16,,,,0.4150058399358883,,,,,,,,,0.7014150816173339,1.304569747130736,0.4425635636470714,0.2968529286098857
2021-08-17,,,,0.407759455142762,,,,,,,,,0.6667043587439999,1.3053126355166516,0.4469892212221988,0.2844705393789837
2021-08-18,,,,0.4118872341353308,,,,,,,,,0.646931171742873,1.239493980039909,0.4364105841162921,0.298857848957998
2021-08-19,,,,0.4134933811397875,,,,,,,,,0.6829541336438057,1.4213377947120456,0.4929281338687449,0.3090688112274165
2021-08-20,,,,0.3860518128585277,,,,,,,,,0.6544817673682095,,0.5388948650934829,0.3116235584803886
2021-08-23,,0.4265038651071935,0.5131008413088592,0.395556750237545,,0.4039547564717303,,,,,,,0.7656929332260957,,0.5142027680407425,0.3532371277270813
2021-08-24,,0.4257868048244057,0.4994372799967856,0.4021570569043701,,0.3815773031535847,,,,,,,0.8311532180429818,,0.4838820254493373,0.3584148418317395
2021-08-25,,0.4021874440775387,0.4961563016367338,0.449096507081457,,0.3733325399639795,,,,,,,0.8394799202890173,,0.4961218175804045,0.3637285448254119
2021-08-26,,0.4028597384350501,0.4776203277471126,0.4334278641792188,,0.374469236265833,,,,,,,0.8067043918984345,,0.4839531778141599,0.3651238226367029
2021-08-27,,0.4098521721761827,0.4777856783016058,0.4328342626723183,,0.3723262275428298,,,,,,,0.8767114921401408,,0.505011722547273,0.3804626796220196
2021-08-30,,0.5550377149928011,0.5699820216751286,0.4315118915206946,,0.3755997535382659,,,,,,,0.9489468124201226,,0.5925773508621045,0.46207474880108
2021-08-31,,0.5441104908128697,0.576197187114633,0.4437125344243163,,0.3589708096674445,,,,,,,0.9983780364469744,,0.6033671921818863,0.4760296852907192
2021-09-01,,0.5710553339961548,0.5843141572264828,0.4414520679633405,,0.3382806482077933,,,,,,,0.6341695738352737,1.3825265778131646,0.4578308615009847,0.4981121018376026
2021-09-02,,0.6222177988676948,0.579894244085996,0.4538758133724676,,0.3315593855132926,,,,,,,0.6412390942487739,1.4021191054809614,0.4761776579238329,0.3578572876940788
2021-09-03,,0.6605500590254578,0.5945789074456319,0.4381264850966787,,0.3185103633436212,,,,,,,0.6315958349399079,,0.504711072134568,0.3730298448713535
2021-09-07,,0.8586557131182432,0.6873267157779906,0.4944133144543869,,0.3449308057194866,,,,,,,0.674700040848095,1.439825836542683,0.5117603114957072,0.389728620071107
2021-09-08,,0.848376847925973,0.7176644753585858,0.4516302471102081,,0.3502844992777024,,,,,,,0.6784291953973365,1.486507367600842,0.5549425197131923,0.3904427745189133
2021-09-09,,0.8577460949128661,0.6845360260984841,0.4857945120825638,,0.3402502571728951,,,,,,,0.6771813530913096,1.359965156677928,0.5717837536931593,0.3913823849029232
2021-09-10,,0.7448575845631559,0.7017275840672287,0.5505785999651235,,0.3470472616548201,,,,,,,0.7218564912128944,1.4338526464054009,0.5850607487046142,0.3895444870550632
2021-09-13,,,,,,,,,,,,,0.8220939038143227,,0.5686191685536767,0.3975827298755873
2021-09-14,,,,,,,,,,,,,0.8047591851550145,,0.5626914343850702,0.3967945735415886
2021-09-15,,,,,,,,,,,,,0.8555151846292028,,0.5830833691556386,0.404532702805858
2021-09-16,,,,,,,,,,,,,0.8400010807281392,,0.6106871093117627,0.4058334376623379
2021-09-17,,,,,,,,,,,,,0.8087435409265199,1.466259988252424,0.6007645860732928,0.3858296326924076
2021-09-20,,0.4042280287162224,0.4303044917869097,0.6662707370134859,,0.388185508383865,,,,,,,0.8031183890876402,,0.5753572881814721,0.3941958352693133
2021-09-21,,0.393041850201172,0.4237880858207563,0.6540976369799123,,0.3670170383905232,,,,,,,0.8002396607634136,1.4823801101181977,0.6013220583615099,0.3810123432931432
2021-09-22,,0.4085377929499109,0.4404328958810037,0.6911501503058523,,0.3441469431664039,,,,,,,0.8344047538386742,,0.5923992396414872,0.4014810514173316
2021-09-23,,0.4090451927159334,0.4344350603372931,0.6904413346604215,,0.3306628160915304,,,,,,,0.893284660498138,,0.5913676629270237,0.416828399749105
2021-09-24,,0.4136134209583932,0.4276307230855831,0.697548103728163,,0.321815959383174,,,,,,,0.9159405955790806,,0.7384877967885696,0.4200677547098132
2021-09-27,,0.4081220792158542,0.4018009858701552,0.7858840568670694,,0.3562433937949325,,,,,,,1.0311566185525174,,0.7301564706669721,0.4202476074548135
2021-09-28,,0.4130282544595316,0.4096353723877023,0.7596149117577027,,0.4395942152464985,,,,,,,1.0170814506714632,,0.6202927750560093,0.3942818550688334
2021-09-29,,0.4232252932870396,0.3968776173408869,0.6424570952522525,,0.4189681806129919,,,,,,,0.9818108600696768,,0.679231739920191,0.4093471057020546
2021-09-30,,0.4136432362639179,0.3832049433778364,0.6345503644120236,,0.4021212578771364,,,,,,,0.9892457676782814,,0.6924419695005372,0.3972349176733006
2021-10-01,,0.399061428183302,0.4054448174001321,0.6204475574211925,,0.3892292212028788,,,,,,,1.0696012721448822,,0.6582744907793525,0.3874359717389259
2021-10-04,,0.4163416042911871,0.4246261653158725,0.6964039642255196,,0.4426765935574427,,,,,,,1.1688038574830844,,0.6449551884544396,0.3896994117932804
2021-10-05,,0.4075974793904843,0.2878395674153297,0.6901321445753936,,0.5369323900929139,,,,,,,1.278411220838782,,0.747654170311871,0.3935971615736573
2021-10-06,,0.4374866284770938,0.2889977051382852,0.6995992917885384,,0.522312250294748,,,,,,,1.3517614213537827,,0.828232825354666,0.4306287438382584
2021-10-07,,0.4707579087593166,0.2756154984286235,0.7469061434067711,,0.5161465716836274,,,,,,,1.4435942484012705,,0.9412776716539878,0.4681277448241493
2021-10-08,,0.4663291097317946,0.2713054976257127,0.7561350981352163,,0.5120817035578683,,,,,,,1.4645238970365817,,0.9725885090729686,0.4341188818624184
2021-10-11,,,0.2755169507431438,,,0.529081471203965,,,,,,,,,,
2021-10-12,,,0.2796512183484826,,,0.5156353980525535,,,,,,,,,,
2021-10-13,,,0.2682176781987844,,,0.5101800150379358,,,,,,,,,,
2021-10-14,,,0.2582809277314826,,,0.5065189231110951,,,,,,,,,,
2021-10-15,,,0.2456212141769568,,,0.4945975895175941,,,,,,,,,,
2021-10-18,,0.2623349982609306,0.2613586406869828,,,0.511038727627953,,,,,,,1.1006576605615477,1.3577882174685962,,0.1815240002497536
2021-10-19,,0.271380720191417,0.2607310702992493,,,0.5132170301656034,,,,,,,1.1545329616709543,1.426918759322754,,0.1819000367362757
2021-10-20,,0.2751356081691778,0.2635020692899839,,,0.5230200081642735,,,,,,,1.1933224056180862,1.4741745150441197,,0.1772289295499568
2021-10-21,,0.2742239261974037,0.2630197290663362,,,0.5173911016636731,,,,,,,1.1845338886296064,,,0.1752808633505455
2021-10-22,,0.2815986087500501,0.2701697542412623,,,0.5274501637442426,,,,,,,0.752168771046371,1.442392233911017,,0.1804652216919097
2021-10-25,,0.2894643493993809,0.28376383859389,,,0.5375275132005983,,,,,,,0.7658373268522023,,,0.194900597122232
2021-10-26,,0.2933273997259661,0.2833869710757059,,,0.5533136052154706,,,,,,,0.6812572911685534,,,0.1981417829084583
2021-10-27,,0.3224007737447032,0.3021968286605778,,,0.5291578953437686,,,,,,,0.6628856513967045,,,0.2131104443531884
2021-10-28,,0.3134955850106574,0.3016828543067646,,,0.5008189460083071,,,,,,,0.6753226377903658,,,0.2101437548984535
2021-10-29,,0.2708901082682136,0.3646788002076989,,,0.5181294733995452,,,,,,,0.7961668915024458,,,0.232504984585893
2021-11-01,,0.2760739122607784,0.3622787739639531,,,0.5205865274303664,,,,,,,0.9148904496434616,,,0.2403840490130046
2021-11-02,,0.2758014033664878,0.3972090971599115,,,0.5255531440052346,,,,,,,0.9794913945214722,,0.2947707795437364,0.2549863733306673
2021-11-03,,0.2746026624910886,0.4071622184135069,,,0.5201766192431345,,,,,,,1.0769936625938858,,0.3052750777556137,0.3386603774222736
2021-11-04,,0.2897510999154869,0.44719220114947,,,0.5565300792231084,,,,,,,1.0749600250629292,,0.3560039804656755,0.3687664328140703
2021-11-05,,0.2802156746913167,0.4556969455452963,,,0.5546989927612783,,,,,,,1.1957036068621505,,0.3564883102361607,0.3809918458645658
2021-11-08,,0.3126299453137194,0.5136546032854897,0.4945354967017945,,0.6434111908865601,,,,,,,1.4216460242172986,,0.3522158036061648,0.3934549699501184
2021-11-09,,0.3085609056597597,0.5107362338680255,0.493801925520019,,0.6298213127458094,,,,,,,1.4497932292594045,,0.3594997868419253,0.3835651734952193
2021-11-10,,0.3219662151838814,0.4613295494601635,0.4864217210673991,,0.6005758175858844,,,,,,,1.4658456633810986,,0.3496296491180095,0.3661104356996746
2021-11-11,,0.3042228198130884,0.4675843234625963,0.4738829954140711,,0.5202920314747504,,,,,,,,,0.3592768072570524,0.3751003091077613
2021-11-12,,0.2919578922995631,0.5811764489545947,0.4617595112153759,,0.4626495140698529,,,,,,,,,0.3815617878004375,0.3900040599156876
2021-11-15,,,,,,,,,,,,,,,0.4080155176016684,0.407478375144343
2021-11-16,,,,,,,,,,,,,,,0.4297451503650749,0.4199616954189754
2021-11-17,,,,,,,,,,,,,,,0.4371367925360497,0.4238129158467564
2021-11-18,,,,,,,,,,,,,,,0.4522418447245961,0.4620488472213085
2021-11-19,,,,,,,,,,,,,,,0.47945214252576,0.4899045395937789
2021-11-22,,0.3230044713239469,,0.5224669391411504,,,,,,,,,0.7236298224748124,0.8257143367046167,0.5404134172657673,0.4983581659221398
2021-11-23,,0.3422377816972918,,0.5646950442643524,,,,,,,,,0.6861322250693919,0.912815283730798,0.5850284670034546,0.4686199441683025
2021-11-24,,0.3403902306961207,,0.5724281493310697,,,,,,,,,0.7410020006593464,0.934055235152942,0.6242305521822533,0.5004832600531763
2021-11-26,,0.3792447533600839,,0.5714184870404103,,,,,,,,,0.7379369586759171,0.9333987977095008,0.6709957486620706,0.5002607038026108
2021-11-29,,0.3360654421874619,,0.628889234516015,,,,,,,,,0.867907829731676,1.079952844979917,0.7476111727445612,0.5727428375346504
2021-11-30,,0.4086238166404797,,0.6318930776819274,,,,,,,,,0.8350258386738985,0.9932363136595423,0.6836956633942984,0.5885395357747496
2021-12-01,,0.4325025417261801,,0.6877530244077616,,,,,,,,,0.8135453880997514,1.10348264884213,0.649900404995601,0.5483758869024014
2021-12-02,,0.3976610568710529,,0.6246700929717236,,,,,,,,,0.9093597936000536,1.2412404240835049,0.6128765052352401,0.5533135780016164
2021-12-03,,0.4046922157028593,,0.6425538796200695,,,,,,,,,0.9468008875142878,1.349698565934586,0.6823930446826966,0.5300924710764443
2021-12-06,,0.4389162935792722,,0.6598288872247364,,,,,,,,,1.2343506307722147,,0.7503110045832899,0.5773153752627469
2021-12-07,,0.5110894217683091,0.6674284164421148,0.5624774066107052,,,,,,,,,1.487240077419758,1.096686500606605,0.7890767645251966,0.5821375049185995
2021-12-08,,0.6287749102938278,0.6781058050796279,0.5537247421536702,,0.5209879570391921,,,,,,,1.4509419269389532,1.0279534558791923,0.7516688655587846,0.5760531573864416
2021-12-09,,0.689054642512317,0.6812294505670322,0.5375716882549266,,0.5346457598066016,,,,,,,1.3264108804493224,1.0856478665532212,0.7393049719127428,0.556334545853485
2021-12-10,,0.7960840301980864,0.7321182454515892,0.5349289363976008,,0.4525559119163363,,,,,,,1.4269156856492964,1.207540271647072,0.8857232305029962,0.5758993556232873
2021-12-13,,,0.7490734940517432,0.5495210642829739,,,,,,,,,,1.2031317826521692,0.9227094546725618,0.5697948699976245
2021-12-14,,,0.6975452510674499,0.5491166675421083,,,,,,,,,,1.162766357781406,0.8790569189682802,0.5620811323185592
2021-12-15,,,0.7202182538427412,0.5702264928349527,,,,,,,,,,1.3328666393581483,0.9836342159103626,0.6109954553232824
2021-12-16,,,0.6960460686054006,0.573817673277399,,,,,,,,,,1.378081635315317,0.9415616481495652,0.5789328284125034
2021-12-17,,,0.6794100447118667,0.5827054880122557,,,,,,,,,,1.4170365475636384,0.922167448981596,0.587835731922524
2021-12-20,,0.517291194189825,0.6848400137999956,0.6302222174600877,,,,,,,,,0.6206102167173333,1.4631376943209708,0.9870340431060404,0.6008597288886995
2021-12-21,,0.5180957283412408,0.7580203265998532,0.6436238890783248,,,,,,,,,0.6648483456901485,,0.9849279847260344,0.6102539449777336
2021-12-22,,0.546923204800901,0.8073160824930753,0.6086243267663648,,,,,,,,,0.659493517922915,,1.0014686103986907,0.6461457435219143
2021-12-23,,0.569002207390093,0.837745547794944,0.7139734563634924,,,,,,,,,0.702610633498417,,1.0517456296294752,0.677242617861921
2021-12-27,,0.6549450864150427,0.9356203159179072,0.7610967809159511,,,,,,,,,0.7879612534655804,,1.19719858353964,0.7681879634306743
2021-12-28,,0.6554431617416528,0.9646583461167354,0.7223526512964275,,,,,,,,,0.7667123538533456,,1.2137679401163988,0.796955857724415
2021-12-29,,0.6314484134954222,0.9917278935002224,0.8279825486494127,,,,,,,,,0.792267864758947,,1.2815854906439268,0.7777377380492917
2021-12-30,,0.6649983897595699,0.9917159204536564,0.7708979120522763,,,,,,,,,0.7986790899286895,,1.2754660201509975,0.7934538974980633
2021-12-31,,0.673380462846395,0.9983230284551364,0.7736082517411645,,,,,,,,,0.7776287075263346,,1.3164154300411897,0.7895222489399938
2022-01-03,,0.7753320941146395,1.023748371749075,0.9072327110108724,,,,,,,,,0.990306723364436,,1.3943233696859287,0.8924561555972887
2022-01-04,,0.7624939868389229,1.0103990193293506,0.9635607258925348,,,,,,,,,1.010717813347365,,1.4626367053455973,0.8441012452299503
2022-01-05,,0.7022105955461293,0.872579610585395,0.9210247447515854,,,,,,,,,1.1295699446195626,1.2602799202408097,1.396347315875832,0.797880097795466
2022-01-06,,0.6626930277352907,0.8386275807004397,1.0038964194953728,,,,,,,,,1.1665941797919863,1.29510496331262,0.6438360319023853,0.8212843243968886
2022-01-07,,0.6674994439504803,0.8875332068636483,0.989668879082253,,,,,,,,,1.165888906075142,1.3263463578527537,0.6073668041036797,0.7718700729317292
2022-01-10,,0.7631807678190836,0.983735687440652,1.0906856766814128,,,,,,,,,,1.416177987616907,0.5261478160281023,0.8788910775741073
2022-01-11,,0.8570044374107703,1.042159686076911,1.1416593845144851,,,,,,,,,,1.4509893854244134,0.5484363755348544,0.9861874110578184
2022-01-12,,0.9278032693399708,1.1773307312041887,1.238648811689848,,,,,,,,,,1.454723278815086,0.5681791829019922,1.088583576196701
2022-01-13,,0.8217607736765916,0.9646378457478808,1.327919373484577,,,,,,,,,,1.4371840562352625,0.5342366971881881,0.9884300878572628
2022-01-14,,0.9863799480390956,1.1207221287201763,,,,,,,,,,,1.463138122066672,0.4766892075115978,1.0905568668073475
2022-01-18,,,,,,,,,,,,,,1.44454519775194,0.4565050805011379,
2022-01-19,,,,,,,,,,,,,,1.3864990191212243,0.461885921317673,
2022-01-20,,,,,,,,,,,,,,1.364147397069843,0.4568129079257187,
2022-01-21,,,,,,,,,,,,,,1.2785523605778994,0.4565674933132681,
2022-01-24,,0.514385726093942,,0.5344100925193881,,,,,,,,,,1.4206636707033724,0.5413730445434018,
2022-01-25,,0.4888297058221718,,0.5471411467549336,,,,,,,,,,1.3749234764095135,0.5287206670690194,0.5151897617460118
2022-01-26,,0.4955741315896815,0.699045445618884,0.5458280489323202,,,,,,,,,,1.3337553124531845,0.5195987694859503,0.5327082323444537
2022-01-27,,0.511142340347197,0.7331778749351887,0.5507079673099978,,,,,,,,,,1.302029104828266,0.538340496421899,0.546417269169984
2022-01-28,,0.508958833609857,0.7821620504943013,0.5110685161296057,,,,,,,,,,1.3896753092013017,0.5502565227544416,0.5547679249536763
2022-01-31,,0.494989944241837,0.8543452980193957,0.4921604903425667,,,,,,,,,,1.478734950632576,0.6306906445291106,0.6419632818631612
2022-02-01,,0.5501532578270582,0.8674567782042861,0.480581253891994,,,,,,,,,,1.4846190129989618,0.6607169587161887,0.7518348001660375
2022-02-02,,0.567207952212911,0.4923948475163315,0.4953061804270144,,,,,,,,,,,0.8046608869130569,0.4968030238941317
2022-02-03,,0.4416443864878395,0.4832191849817519,0.5662906752489721,,,,,,,,,,,0.8356201699469478,0.4870089957394489
2022-02-04,,0.4336884482042833,0.4822060215862253,0.5350157637709352,,,,,,,,,,,0.8443056513973135,0.4153722035777225
2022-02-07,,0.4370989869654679,0.466758347639388,0.5342170126352123,,0.5961598289529011,,,,,,,,,0.8750326075511217,0.4287060265151752
2022-02-08,,0.4514936112638184,0.4654505135870049,0.5639586204314805,,0.5302787810732603,,,,,,,1.490350856696264,,0.9937565408117094,0.4292495443658431
2022-02-09,,0.4528073162660269,0.4933623974589416,0.624211261895827,,,,,,,,,,,1.118944824569207,0.4537925194500358
2022-02-10,,0.4711507274199087,0.4742043977975636,0.7092331598456761,,0.5764427965503102,,,,,,,,,1.0475907192612934,0.4344656529137262
2022-02-11,,0.4398975643048952,0.4853164722429767,0.7248657554783803,,0.7059388863264238,,,,,,,,,1.0396808235035933,0.4302823934329017
2022-02-14,,0.463384612488712,0.4803199584029807,0.7545012598305605,,,,,,,,,,,,0.4371401289353919
2022-02-15,,0.4787671294735357,0.4819206115546975,0.8580286162085067,,,,,,,,,,,,0.4414447995008786
2022-02-16,,0.4734896542557156,0.4806039707857217,0.8593805586424118,,,,,,,,,,,,0.4410926989480962
2022-02-17,,0.468793224494045,0.4688089316026091,0.8322769121976676,,,,,,,,,,,,0.4224406338518666
2022-02-18,,0.4521516299428876,0.4532343203125243,0.7899905141997636,,,,,,,,,,,,0.415613169682929
2022-02-22,,0.4469933634344703,0.4814612873336203,0.8351372141589599,,0.5919360411750891,,,,,,,0.6172730828695556,1.4248642399661229,0.4453135394879747,0.4430177182164967
2022-02-23,,0.4325134699382917,0.4643610185395587,0.8085181068719892,,0.6189615133551228,,,,,,,0.6345517484132136,1.3005890722917444,0.446495336207717,0.4053322463439962
2022-02-24,,0.434149629454106,0.5236952915482364,0.8247427382195838,,0.5798517403175248,,,,,,,0.7622485201341495,1.3433419868975256,0.4494521562018733,0.4092666187343358
2022-02-25,,0.4348070095026378,0.5242982723959208,0.838079270780499,,0.5262126883398,,,,,,,0.8408412366947084,1.4890603114708183,0.4638228324989067,0.4427410592446938
2022-02-28,,0.4719319207822683,0.5793736937532791,0.8837294561660104,,0.5591337028369688,,,,,,,0.8987276097578591,,0.5267429327429894,0.4835774267584593
2022-03-01,,0.4985827670538807,0.5982955528744643,0.879492297537672,,0.6466248470036013,,,,,,,0.8882747542938475,,0.611615954079954,0.5025385235719427
2022-03-02,,0.5216655566882468,0.6098044420883142,1.0694062680865606,,0.5834653351259711,,,,,,,1.06264525444436,,0.6051772906860098,0.4921710993250291
2022-03-03,,0.5271823044207451,0.5972696064665157,0.9740444224079072,,0.5967909092678756,,,,,,,1.0093578120816875,,0.6824286106013059,0.4851876477870321
2022-03-04,,0.5227876589070977,0.5725991192833898,0.8442676020032867,,0.6119163264244747,,,,,,,1.067686003501489,,0.5310983182346641,0.4494856361891366
2022-03-07,,0.5380490147205843,0.5680427615909562,0.8131991487370287,,0.6728373459505775,,,,,,,1.1425169199297147,,0.6564004433692728,0.4436218087722371
2022-03-08,,0.507478761586394,0.5543421221482936,0.8309939640227231,,0.6681218432266007,,,,,,,1.1789334189727894,,0.6127978384943648,0.4286083742122888
2022-03-09,,0.5600632262982254,0.5930191460403647,0.8350244287876275,,0.6025860713755506,,,,,,,1.2200054380507237,,0.5988023617343194,0.4823293188323828
2022-03-10,,0.4728323457604274,0.566650202128613,0.7363026975531826,,0.5704356971727158,,,,,,,1.1147461078530263,,0.6416630022580104,0.432678605801735
2022-03-11,,0.4611222371636596,0.5362636542419493,0.7032974966211617,,0.5873885555208628,,,,,,,1.0449807857996494,,0.6131279097432538,0.434731451331826
2022-04-05,,0.7403491756309725,0.8196626052774062,0.5831322627149459,,,,,,,,,,,,
2022-04-06,,0.7123614108692453,0.7793866060604587,0.5880948869510637,,,,,,,,,,,,
2022-04-07,,0.715408326332458,0.8177657397086225,0.5845002343200953,,,,,,,,,,,,
2022-04-08,,0.7042985262639819,0.7730834179663968,0.5794061464829326,,,,,,,,,,,,
2022-04-11,,0.6941284087899021,0.7483953148902531,0.6021411145483248,,,,,,,,,,,,
2022-04-12,,0.7075787101320614,0.7031104044000032,0.595173400465516,,,,,,,,,,,,
2022-04-13,,0.7410569713740524,0.7672247924751096,0.5753426388851054,,,,,,,,,,,,
2022-04-14,,0.7136245848069332,0.7008368212579437,0.5489206186587862,,,,,,,,,,,,
2022-04-18,,0.7388484116358693,0.7220867032665536,0.581547032109653,,0.5621748546560049,,,,,,,1.0659142140505944,,,
2022-04-19,,0.7983218657533356,0.7921045493628871,0.5997205822453997,,0.5642599845224276,,,,,,,1.167220448923566,,,
2022-04-20,,0.7945705236433889,0.8291464086215359,0.6194869364128347,,0.5797341074601601,,,,,,,1.1821265670825067,,,
2022-04-21,,0.8206883473230351,0.8322817998908247,0.6176517190095544,,0.6088475730664332,,,,,,,1.1818903769300153,,,
2022-04-22,,0.8074753818584147,0.7981899853119166,0.6305199064336677,,0.6477823482997416,,,,,,,1.1457635368959451,,,
2022-04-25,,0.8219008291694843,0.8762246350447903,0.6554993281746677,,0.6734019421453482,,,,,,,1.254781960200971,,,
2022-04-26,,0.8017360694739823,0.8140118258457997,0.6656917954212137,,0.7124024546635519,,,,,,,1.183618657915261,,,
2022-04-27,,0.7897990897872639,0.895248123585075,0.6384775404305119,,0.6864397390619048,,,,,,,1.167687812533723,,,
2022-04-28,,0.8596962403644746,0.9608734848168712,0.6727636527235806,,0.6696048479354015,,,,,,,1.298150636976268,,,0.641205441294553
2022-04-29,,0.7942063288123079,0.8931551580353719,0.6799317049839805,,0.7151127389219194,,,,,,,0.9961200231829628,,,0.7677619868828083
2022-05-02,,0.8549432393416982,1.0216501045848263,0.7396793306342917,,0.7251327711419661,,,,,,,1.2539112199375313,,,0.768317382328219
2022-05-03,,0.9143572178242207,1.0016677519598651,0.7417130281074136,,0.7215048901088555,,,,,,,1.2346356342286788,,0.8962750563861542,0.8565414456833655
2022-05-04,,1.0222285329086436,0.7390998867492748,0.7581530279215168,,0.57599146856934,,,,,,,1.2248706149183235,,0.967482106076311,0.9040566381509944
2022-05-05,,0.923127501226008,0.6973216781133835,0.7833290572067921,,0.6365685146469047,,,,,,,1.1031437422576678,,0.875776646836695,0.8796726588617326
2022-05-06,,0.9372063518038248,0.7112742049176634,0.7553152002844015,,0.6276089285627886,,,,,,,1.0527149421592104,,0.8193994735332949,0.7365962053088709
2022-05-09,,0.9676295139084782,0.6699798868697628,0.855843894977468,,0.7385856496689972,,,,,,,1.0448404206579889,,0.8496340386704712,0.8106064409228669
2022-05-10,,0.9911259203595316,0.6855370006721514,0.8767745243784559,,0.6846962836262706,,,,,,,1.1220762836994491,,0.8510062542911598,0.81371696537308
2022-05-11,,,0.6508608593096136,0.8474952964744135,,0.7109112935667018,,,,,,,1.0598218819651384,,0.8040030470310316,0.7734509328450461
2022-05-12,,0.8558131213532015,0.6380832762948441,0.8585771913976611,,0.7000251516470948,,,,,,,1.0674969314913654,,0.7924632133661534,0.5775463657939763
2022-05-13,,0.8836804403121693,0.6145981265854514,0.9055111528092576,,0.6446929136749675,,,,,,,1.101130393278995,,0.8542022618651621,0.6067965748526992
2022-05-16,,,0.6306864302457403,,,,,,,,,,1.1120988488346768,,0.8630134786417708,0.6215452699249449
2022-05-17,,,0.6578490212082193,,,,,,,,,,1.2145695137202448,,0.829785317349897,0.6553017122164819
2022-05-18,,,0.6112903068044344,,,,,,,,,,1.1107943413641086,,0.7094499311699534,0.5630959025389605
2022-05-19,,,0.5835746527816513,0.929176599824982,,,,,,,,,1.09209279906018,,0.6944474901955707,0.5841099711731108
2022-05-20,,,0.5831720955412525,0.9372111455565882,,,,,,,,,1.082862242200204,,0.6855706147161407,0.5602776492242043
2022-05-23,,0.6390510765834703,0.659260067897133,0.9875561338148904,,,,,,,,,1.1526693697412769,1.271088422036474,0.745833210850057,0.6344746764914765
2022-05-24,,0.6310508712013162,0.683539765555378,0.9052410068784418,,,,,,,,,1.1398485590502176,1.3329290257599846,0.7738502496045989,0.6084647731829007
2022-05-25,,0.6283079820930163,0.7067008900431514,0.9377603637170742,,,,,,,,,1.2225775451917118,1.3768491828973526,0.7929585109526258,0.6007388824751619
2022-05-26,,0.6166746936809505,0.7468937197375488,,,,,,,,,,1.3408038735973635,,0.918462960467801,0.6589840834384958
2022-05-27,,0.7216881036090061,0.7894724937884674,,,,,,,,,,1.4583242541486234,,0.8443676924117752,0.7945286193412958
2022-05-31,,0.8396560162994307,0.9209435573131788,0.7455785596224028,,,,,,,,,,,0.8969712293681584,0.8544375616497383
2022-06-01,,0.7462138986732209,0.9299281631453604,0.7371765120061243,,,,,,,,,,,0.8283328892141324,0.463292802861619
2022-06-02,,0.9005974099960192,0.9253044112886498,0.7647294990295403,,,,,,,,,,,1.1355208107835832,0.4863672977912659
2022-06-03,,0.8080634081432222,0.9464286932000824,0.6871672962145615,,,,,,,,,,,1.0667196161013923,0.4685452279053649
2022-06-06,,0.9199867796794536,1.0193666290175962,0.7107326092671823,0.4389048332845097,,,,,,,,,,1.138664974782676,0.4741698504296744
2022-06-07,,0.9845059315004324,1.142839747409723,0.7081847542589432,0.4060953749211337,,,,,,,,,,1.18364507339072,0.4846218506695325
2022-06-08,,1.184209036720905,1.152025104264052,0.6896388143644467,0.3938845108478405,0.7870820425009413,,,,,,,,,1.1972304695029088,0.4848069094424841
2022-06-09,,0.9231700466654384,1.097096435986758,0.6645536390583564,0.3999943275107137,0.7752180179007248,,,,0.8106368755337665,,,,,1.323067507439639,0.4617847440193886
2022-06-10,,0.8258167069782616,0.907632490607858,0.6508585054358442,0.4042491145926505,0.755623150847094,,,,0.7556199920485523,,,,,1.2954356233222604,0.4343200107659701
2022-06-13,,,,0.6798742417796579,0.4756474573828465,,,,,,,,,,,0.4499160316557182
2022-06-14,,,,0.6518500926918933,0.4472960644375884,,,,,,,,,,,0.4223752765699902
2022-06-15,,,,0.6228572985572659,0.4278605409745469,,,,,,,,,,,0.4147156101783589
2022-06-16,,,,0.628817505288737,0.4564666498826895,,,,,,,,,,,0.420135988479832
2022-06-17,,,,0.6059440035903567,0.4271337360289414,,,,,,,,,,,0.4066137321144513
2022-06-21,,,0.5259715542498541,0.6086179474657054,0.4228870910563215,,,,,0.5537835598848746,,,0.670370759939015,1.3414008603232446,,0.4317990490075685
2022-06-22,,,0.5233795016064624,0.6045349588885311,0.427255087527271,,,,,0.53650499071316,,,0.656584430661489,1.310182759201409,,0.4270279871295882
2022-06-23,,,0.564151359514427,0.603429076839451,0.4358992672830755,,,,,0.5284247429954444,,,0.6622781339435342,1.2576252350510244,,0.4320318540855939
2022-06-24,,,0.6548124533648505,0.6111043102140868,0.4498354703510807,,,,,0.5472530138796619,,,0.75176867286416,1.4278081598847296,,0.4730791506992534
2022-06-27,,,0.6629918911034208,0.6540591477807131,0.4162433420924267,,,,,0.5739486738039473,,,0.803025012925598,1.4835515908167016,,0.5038278793954032
2022-06-28,,,0.6000732570969483,0.6681132717647044,0.4308384145285431,,,,,0.5534224728138366,,,0.7394207667731598,1.4296130540956793,,0.4512817872164708
2022-06-29,,,0.6553495332264341,0.6815165710127273,0.4306178934868951,,,,,0.5687125243037201,,,0.7148320110321135,1.4307645327824443,,0.4455939860756775
2022-06-30,,,0.607443052285802,0.7128834627053863,,,,,,0.5640899838180777,,,0.7515034651961512,1.43408749630244,,0.4221553964937085
2022-07-01,,,0.6348998311452085,0.4651225917748546,0.4038462249803506,,,,,0.535976664593936,,,0.6373206238514978,1.4915471333060262,,0.424609963382194
2022-07-05,,0.3973137712748481,0.8040283589029695,0.5495343820906718,0.4640331821521422,0.5701158242672343,,,,0.6414202917893392,,,0.7550236152992331,,0.365741725894971,0.3110479653795279
2022-07-06,,0.4140927274704584,0.8753969218096274,0.5359724201796702,0.4455369463081641,0.5653918687828938,,,,0.63389331459266,,,0.7944220951801642,,0.3702339449490807,0.310855338323833
2022-07-07,,0.4390644559300621,0.9477272179038884,0.5518795139726269,0.4237982886549192,0.5245887705977345,,,,0.6512885486857007,,,1.0038050249423376,,0.3639417582658062,0.310168094222406
2022-07-08,,0.4372561837491739,1.0045344870912405,0.5382605710867643,0.4134600110172797,0.4829450446336842,,,,0.6200233329547281,,,1.0023302909296177,,0.3585663827941647,0.3050278882587644
2022-07-11,,,,,0.4393023685054968,,,,,,,,,,0.3690034386726508,0.3116385003163111
2022-07-12,,,,,0.4502049394289437,,,,,,,,,,0.3684430992899878,0.3092060348707047
2022-07-13,,,,,0.4500277187605566,,,,,,,,,,0.3678931894448223,0.3051986514810014
2022-07-14,,,,,0.4426651302818377,,,,,,,,,,0.4060437816326431,0.3049772839220825
2022-07-15,,,,,0.4217584344694633,,,,,,,,,,0.4172458226684364,0.2949775516789475
2022-07-18,,0.3193842675099645,0.3760402138449754,0.5468297716801639,0.4354594924748979,,0.4144221937888195,,0.4183670367780346,0.6756686118882574,,,0.9453703375264892,0.6942963268091795,0.4287020357893848,0.3028691590743648
2022-07-19,,0.300523667686936,0.3765572329556741,0.5624268932585168,0.4184562164066771,,0.4157283541878542,,0.4108220396679344,0.7033099563522117,,,1.0562287769351049,0.7906304355647746,0.4201227945070095,0.3242481108640005
2022-07-20,,0.2992966904711661,0.3874724722862203,0.5770631678507894,0.4156767039919546,,0.400381295836995,,0.4114502918686013,0.7096071871611891,,,1.1069691711661815,0.8030594149752034,0.4290857127838847,0.3330545970985598
2022-07-21,,0.3044111294798018,0.3897435780578824,0.5723227391889866,0.4021048702194387,,0.4159321358435365,,0.4110918829185437,0.7151622937115308,,,1.117190502086301,0.8450015632131512,0.4371193132893592,0.3127343703001185
2022-07-22,,0.3153819065742393,0.384256172089765,0.5375344210885841,0.4155143337162283,,0.4253913662443011,,0.420854675863529,0.7059269927825744,,,1.0366971077220442,0.8424396921023916,0.4420909808040073,0.3188745998279667
2022-07-25,,0.3298552785278911,0.3947502350161778,0.5388078173422615,0.4350700900803658,,0.435068763558594,,0.4423548988384512,0.7202966363047254,,,1.084871263381215,0.8834693792371393,0.4597501431927648,0.3192472757246157
2022-07-26,,0.3347366338445734,0.4175518571647105,0.5425027249790977,0.4764244686704948,,0.4579067753199227,,0.4622664309468101,0.7304845211228106,,,1.0793457487132565,0.8718647953640737,0.4207716773771659,0.3255641981591616
2022-07-27,,0.3267364994478203,0.3499874512555221,0.5616177024269244,0.4269833479178755,,0.324728757371632,,0.3182355336858689,0.6833428908461825,,,1.1942910117819443,0.9111049572491255,0.4253964675501341,0.3228611897450407
2022-07-28,,0.3095347844074351,0.3919725515284936,0.5601195019533176,0.4406217926901814,0.5364880992326085,0.3213257725878677,,0.3111067290120016,0.4534052217887861,,,1.171058297103902,1.013116908334943,0.4894679449996909,0.3678195398800475
2022-07-29,,0.285321665253544,0.4159922958967098,0.5475175321283596,0.3428159080030007,0.5403425149765101,0.3165306793090965,,0.3069796201533123,0.4324666379296544,,,0.7602926495447525,1.0009944468615763,0.5085931383267891,0.3591269005726157
2022-08-01,,0.3080972454708608,0.4270803473598475,0.6142514891126882,0.3555819961542746,0.5969430185852682,0.3356775541819832,,0.3285183389486335,0.4677209427911882,,,0.9116771830872,1.0742915800202424,0.5823071548681439,0.3956951321023914
2022-08-02,,0.3084849650933841,0.4128840899938171,0.6216118573777538,0.3686233062681759,0.6405984522308172,0.3412792068036417,,0.3438845315865996,0.4749620672228231,,,0.8038249686082559,1.066680790340257,0.590540011832185,0.3941039019866165
2022-08-03,,0.3422870760153736,0.473079269299402,0.6779159216725184,0.3617504277204885,0.4697396882653996,0.3577668361119607,,0.3566564371403145,0.5463158630806192,,,0.8794879269963165,1.1820891344240467,0.6064695709353419,0.5282132696964439
2022-08-04,,0.3363373278521674,0.4900678052492473,0.7075298883223556,0.3864566266612087,0.5036517031800304,0.4250426646086145,,0.4490692080698877,0.552917148729621,,,0.7942646580660252,1.1773479712818211,0.6513223475689549,0.5490689423969388
2022-08-05,,0.3185587853173537,0.4731654353823203,0.6108587998963831,0.38136037702137,0.4608925508212076,0.3989266128541699,,0.4390556908835697,0.5254895710660794,,,0.7763706925738834,1.158148712065827,0.6507158135299698,0.5267637826377561
2022-08-08,,0.3446317550236482,0.4935516534863851,0.6351388050756612,0.3862734589929905,0.4880019512285937,0.4795916643262504,,0.4552818418955421,0.5570584824878443,,,0.8526417315016462,1.3016332631564784,0.680810183676359,0.5640831048675191
2022-08-09,,0.363193466282565,0.5471856652073168,0.5783182589430146,0.3878139536085221,0.4918788884434835,0.4737014404881088,,0.3181560083073378,0.5601779042170547,,,0.7632713460366861,1.3645561989298092,0.6668223832105301,0.5515720642241962
2022-08-10,,0.3952037148660626,,0.6302393124199329,0.379075624090438,0.4574791171160033,0.4881539423232796,,0.4729956338634978,0.60439594254749,,,0.9064522830876084,,0.680537286601409,0.576650003070273
2022-08-11,,0.3918651248294858,0.6659355362256052,0.7008201619963417,0.3818293960624277,0.4620065595113182,0.4789046801356624,,0.4935479540441121,0.6084252212349471,,,1.0329693951940015,,0.6530283208531404,0.5956655468344606
2022-08-12,,0.4863061434170475,0.7878992419513315,0.9407950653703678,0.365598165565062,0.4378835043355165,0.4329373473856074,,0.4461302764164132,0.6231381123679598,,,1.1480149031271272,,0.6713076908562063,0.625766612366899
2022-08-15,,,,,0.3792902144282371,,0.5381063330140241,,0.5025482665057637,0.6368251458269971,,,,,0.7577517768603832,0.6663631531086921
2022-08-16,,,,,0.3876503078719495,,0.4372539104684377,,0.4934077099915815,0.6510954385604386,,,,,0.8093745999278984,0.6739417490265855
2022-08-17,,,,,0.382090319118197,,0.5920668587576928,,0.4988391703715446,0.6183509068464418,,,,,0.8291858461776975,0.6721659714090081
2022-08-18,,,,,0.3778301409503347,,0.5132418805088983,,0.4911160590507625,0.6147889119697951,,,,,0.8722452708988264,0.6739795095905405
2022-08-19,,,,,0.3747643771900157,,0.4873068351517724,,0.4958045413765599,0.5710347859917216,,,,,0.8520054526588403,0.634755596056387
2022-08-22,,,,0.6825734673970785,0.3065287852253831,,0.4910711122025477,,0.472822970681039,0.5848157674912942,,,1.1121220304205932,,0.8419110816642047,0.6236226621883302
2022-08-23,,,,0.6608558867548585,0.4007575685288067,,0.509513142547823,,0.4831092246917155,0.5572070550446057,,,1.1349843056504616,,0.837686064666981,0.6159682815680744
2022-08-24,,,,0.6866035960825777,0.4035117753038069,,0.4972658941448062,,0.4824088678890109,0.5780797563545399,,,1.136761675787623,,0.8608376639128615,0.648466074532083
2022-08-25,,,,0.7908811389171131,0.388323467212679,,0.6509421160825938,,0.5392436278759853,0.6241676881059576,0.4599538752158078,,1.286633742415303,,0.9135469851008636,0.6704774170045559
2022-08-26,,,,0.6958693897931509,0.4123991977603271,,0.4321180048518775,,0.4771441138998675,0.5907213552470315,0.4902601221942792,,1.141388661677061,,0.8271151183479895,0.5963683622117929
2022-08-29,,,,0.6981560622254586,0.4170456403051395,,0.4919246499769455,,0.482036706919391,0.5953032955472521,0.483934635872074,,1.1774644717586185,,0.8903485005175531,0.6079047990694312
2022-08-30,,,,0.6983739684200995,0.4139257659324561,,0.4548249106823939,,0.4796015941083715,0.5765282888333196,0.4780957386853825,,1.1285822634875051,,0.8282919490257725,0.6060361291892146
2022-08-31,,,,0.7008516977079974,0.411203467039072,,0.4728667150526726,,0.4689891038495843,0.6538379731460812,0.4744415558382573,,1.0858101457211151,,0.8587760484015267,0.6092808025179922
2022-09-01,,,,0.758646789584448,0.4176031783540162,,0.4871846822560318,,0.5097407963407736,0.7032113621530418,0.4711249314981368,,1.123965322517409,,0.8996356825966157,0.5826410874515511
2022-09-02,,,,0.721509365225688,0.4174410472592123,,0.4745332121971973,,0.4736838506911157,0.6471870183303519,0.4736822942419699,,1.0669004771078534,,0.8513256375218031,0.5814149333219358
2022-09-06,,0.6061150139253328,0.5388008602727454,0.5725461234520915,0.4558205149140958,0.5952640284502759,0.4385624381005087,,0.5226928749234433,0.7083854451449781,0.4955928818716107,,1.0922828069397557,,0.7045010252360265,0.6204182680633694
2022-09-07,,0.6327270532432402,0.549007591386778,0.5481550167578039,0.4291315830381549,0.5544670176115559,0.4326303875576446,,0.5345885519434741,0.7197343425510248,0.4530238734832486,,1.1754952997656245,,0.7484585765399613,0.6948018141555132
2022-09-08,,0.597251043521361,0.5500955627204953,0.5417823715650112,0.4208926063341877,0.523357307645492,0.4161025867401412,,0.4895493527794488,0.7804510932875044,0.4137336691632238,,1.248121672102353,,0.7450844004342582,0.7794163363103414
2022-09-09,,0.7105564651785138,0.5942989338079194,0.555065668373999,0.3863898183012776,0.5000809312068282,,,,0.9812652254427304,0.4044943949645495,,1.4845291761384858,,0.7870370892055946,0.916521599221616
2022-09-12,,,0.6066194207124376,0.5743529321913085,,,0.4444746341512737,,,,,,,,0.8161636749106593,
2022-09-13,,,0.5387017965480844,0.5642511399721933,,,0.4274066461814281,,,,,,,,0.7179043142944384,
2022-09-14,,,0.5357459760766453,0.559000165476823,,,0.4186873542509245,,,,,,,,0.6989679689360124,
2022-09-15,,,0.5009294172172919,0.5601175096110373,,,0.4088455425800175,,,,,,,,0.6967664499298328,
2022-09-16,,,0.5085434445841761,0.5549612610579961,,,0.4123489217052184,,,,,,,,0.7100186138830874,
2022-09-19,,0.5055572367639982,0.5051709797143894,0.5636790862200144,0.4271167984689805,,0.4063159524289925,,0.4028774946589981,,0.7140307066124854,,0.8748803869094037,1.0540086115828116,0.7336961382194073,0.5221968136133772
2022-09-20,,0.5427162153940331,0.5136379520070165,0.5614024341515331,0.4366284787902623,,0.4092399900548118,,0.4044039679174404,,0.7475382540722617,,0.867715856969331,0.9492193798868122,0.7280563571942086,0.5237362907947727
2022-09-21,,0.5341930913437252,0.5301552414696853,0.5597764593478646,0.4306398733095153,,0.4073759218566977,,0.4035350103633344,,0.7474721287532189,,0.8333118940980556,0.916683861042699,0.7232895614300502,0.4850404753092603
2022-09-22,,0.5137160943397141,0.4986998525096278,0.563901316820177,0.4194485224307966,,0.4038561900306314,,0.3960112048579832,,0.731286724519012,,0.8019059944900742,0.8774525712351604,0.6959672442290664,0.4718188379290067
2022-09-23,,0.5164581850334745,0.5090321525487975,0.5745662897384771,0.424465705716414,,0.4065962379160032,,0.4028467429950215,,0.7653548276444886,,0.7761513773123639,0.8465024469843722,0.5601696230398657,0.4674040685479982
2022-09-26,,0.5517326255650624,0.5503345039946361,0.5984771726452008,0.4545274881480423,,0.4320809673741546,,0.4231704279299318,,0.8001866455747697,,0.7676266113108055,0.8952303964445144,0.6792369251227043,0.4840015593097502
2022-09-27,,0.5707126733636609,0.5352325430671715,0.6064874737007138,0.460494365353686,,0.4349922454438552,,0.4290039532032451,,0.8317163153360413,,0.7791236050244829,0.9044143966897832,0.6723408989962092,0.5069128352308698
2022-09-28,,0.5275111253505509,0.5454094194315798,0.5827559174206413,0.4470516124273135,,0.4287296218382906,,0.4197293757077268,,0.8069856257714731,,0.7952703926635463,0.975405138125158,0.7185163070461595,0.5126413278259215
2022-09-29,,0.5019473231600127,0.5427142424080864,0.5972844076545131,0.4628857943105048,,0.4381757489288698,,0.4272284528623666,,0.8573242304946229,,0.75331669541655,0.928553627249926,0.6886750054442847,0.4901935431568425
2022-09-30,,0.4648902944334314,0.5168962951618631,0.5124293852714151,0.4397133584573594,,0.4137306154802138,,0.4102029111177198,,0.8798205068127283,,0.6988159528628352,0.8647072920270934,0.6523566176217379,0.4820074192430902
2022-10-03,,0.4636059810915156,0.5670700370020133,0.5233089513769018,0.4341408165615498,,0.4132022811821847,,0.4053329292131128,,0.8141967172904495,,0.8249092635035308,1.0554778823560027,0.7049015100619619,0.5068711500795459
2022-10-04,,0.4775124605292636,0.6422592900500051,0.5592196085593062,0.4369115994794327,,0.4319403919367163,,0.4279383258543998,,0.7947195713297969,,0.9090531710862888,1.1991899135094437,0.7681419844356904,0.5473700361333289
2022-10-05,,0.4949034925786484,0.530711361396394,0.5797386681287433,0.4418863162302525,,0.4388480029081332,,0.4362355194605009,,0.7802336463124775,,0.5457846742221673,1.234825904218562,0.4091319889551395,0.4221198175811536
2022-10-06,,0.5035958944863397,0.5336673227336144,0.5097826695892482,0.5985403387526189,0.6641788449040549,0.4694761633722125,,0.4734323010650164,0.6612093142217884,0.8004487137122487,,0.5555178139974066,1.217094957131252,0.4222018524774447,0.4191950411929757
2022-10-07,,0.4611909785025985,0.4912420745495034,0.5117162901592123,0.6054206533569244,0.6151757716003919,0.4698509120599562,,0.4747301840906677,0.6472641487468136,0.7671968911377531,,0.5405753713147969,1.081843345889387,0.406094746500451,0.3948358634754277
2022-10-10,,0.4947493396150813,0.4938219154642536,0.5234917113288968,0.6154336686732752,0.6630265820374879,0.4810879392905488,,0.4854695482970066,0.6870284082106252,0.7943534135704376,,0.7932640861250733,1.1433772723211535,0.4121082305089728,0.408549027745468
2022-10-11,,0.4829671126441993,0.4881875074813823,0.562789289653549,0.6263623221111532,0.687225843906949,0.4886622322384675,,0.4934398253696285,0.6808069509788134,0.8041667140357881,,0.7893154263177703,1.141376396893999,0.4272802125867087,0.4090635011329895
2022-10-12,,0.5089264701197016,0.489568941471694,0.5578101337000987,0.6348981358378452,0.7046040419378186,0.4936507276308376,,0.499588465165776,0.7068179523541398,0.7919449527002199,,0.8503770988779863,1.1393909872733103,0.428011951572067,0.4095461028887847
2022-10-13,,0.5177570346503271,0.5126430371232035,0.5669137403481992,0.6131024277220263,0.6295902494925124,0.4886243410250489,,0.4925408525013787,0.6573903083206046,0.7854892358937725,,0.6033694526504597,1.4212215783629178,0.4229777192848363,0.4059504935802084
2022-10-14,,0.4621106120440399,0.5081792018936935,0.5494385140190287,0.6093776761372619,0.6076046151399672,0.4845595179552748,,0.4914094820395812,0.6213013178396515,0.7978547059955007,,0.6054165827450252,1.410404814888914,0.4037588207995533,0.3954696315190256
2022-10-17,,,0.5363161897437441,0.5477395275952024,0.6154067526379373,,0.5048713166077972,,0.505737571891803,,0.8097981745982522,,0.596991605281856,,0.4048440281410669,0.422177210609475
2022-10-18,,,0.5468096922636349,0.5407709031153931,0.633571826448119,,0.5130068931560557,,0.5164621948709549,,0.7999821315592929,,0.5882857088693302,,0.4162830027947147,0.4498466117716671
2022-10-19,,,0.5380972094656975,0.5399213114797454,0.6535292614864697,,0.5157200669489805,,0.5209319976531934,,0.8481221550130843,,0.6007598842927515,,0.4125064763100831,0.4110152324553461
2022-10-20,,,0.5360458199824231,0.5382896891209629,0.6278133570542739,,0.5159427846884669,,0.5170384113081777,,0.7049158610727119,,0.5984125270269249,,0.3935607551428134,0.408859694756501
2022-10-21,,,0.5738339897929147,0.558556031056667,0.609442735694329,,0.5206539788861241,,0.5256895496962157,,0.6982201136199455,,0.6409015578765528,,0.415811878608234,0.4310743104921814
2022-10-24,,0.4928327180638411,0.6336506354138355,0.567755568832443,0.6792649956018283,,0.5518670802145424,,0.5569624842402919,,0.7297371797738096,,0.6523594508345028,0.8671952056533656,0.4990630863828624,0.4586206992755267
2022-10-25,,0.507983261100254,0.6577744263857376,0.5487106005286505,0.6826748173066718,,0.5717214571332825,,0.5666746303398905,,0.7266572910084166,,0.6622222984057161,0.9242587769096696,0.5021051333920722,0.4115898851279557
2022-10-26,,0.4993625652917511,0.4693276910489957,0.5501807460976763,0.7272325228999597,,0.4050688421110885,,0.4026511965577332,,0.7292514555133097,,0.6884643736651519,0.9312397732958548,0.5058483263438761,0.4453170200506596
2022-10-27,,0.5223413947808521,0.453848939776025,0.5394209381553479,0.7625097784570358,,0.4062732811352581,,0.4052750769409953,,0.7216353762205804,,0.7492889820521034,0.9486068034076164,0.4960504852448291,0.3554832519699885
2022-10-28,,0.4829493525465763,0.4876150374038953,0.5265943003785228,0.4767896396678336,,0.3938572709989842,,0.3947584652978801,0.5341549843731157,0.6953537282193124,,0.5874399413042,1.0497876704846556,0.5533557220327718,0.4621571205512541
2022-10-31,,0.4868968754491062,0.485701385533983,0.5485310866711113,0.4728694609442448,,0.4031038477659533,,0.4014675066936756,0.6209278292809747,0.7193765774311034,,0.5654567077119674,1.1056930102086562,0.5290946525009217,0.4518005495210425
2022-11-01,,0.4665174635973956,0.4709693200822493,0.5591786123323031,0.4789019053119392,0.5819226337311195,0.3982908033436955,,0.3988760604767405,0.5870861097026089,0.7326260345716783,,0.5543054551974832,1.127575549675831,0.5235719971862395,0.4334931363972619
2022-11-02,,0.4344532780332215,0.435675784451936,0.5399424368622415,0.4676149931838852,0.5334339956764913,0.3837544919187527,,0.4085364848639972,0.6059833708399309,0.6946547991850925,,0.518821790691796,1.0828252660631017,0.4631735305247788,0.4033550277883087
2022-11-03,,0.4133164510706409,0.4305701055011767,0.5358782052596318,0.4566255005893945,0.5331751502046088,0.386027039587705,,0.382103220984739,0.6338476355415089,0.7698027450382603,,0.5705399403829506,1.0500971368296474,0.6562764171225367,0.3795348347089906
2022-11-04,,,0.4305344449517095,0.5708100422026342,0.4440694026550812,0.5315294469163788,0.3778142635424742,,0.3690912547885308,0.6117400107900114,0.7532259255273124,,0.6163768239384724,1.1310823813505266,0.645340496112288,0.3755748327276019
2022-11-07,,0.4288471296020231,0.4925466426444965,0.604311722039239,0.4518552381485616,0.5449656960827804,0.3867278846067078,,0.3779095856436705,0.5964807604989292,0.7595214818028365,,0.6443315586259509,1.306634448995933,0.6827343663668087,0.3964722818936081
2022-11-08,,0.4397397149533364,0.5090475806832411,0.6326320863844297,0.459191276006504,0.5398052235894442,0.389677106538315,,0.385864288328995,0.5730188663739225,0.7489775508503612,,0.6628184845328144,1.3029465804165608,0.7123865505972105,0.400299905414197
2022-11-09,,0.4793956028243081,0.5011755722919394,0.6244328128325144,0.4623200666818617,0.5505764465979404,0.3954733818566265,,0.3906682599752353,0.586556716628574,0.7742230950264282,,0.6200778028909818,1.3174657545385775,0.7099979323444082,0.4016889117833843
2022-11-10,,0.4438882672688701,0.663890293945178,0.7112004978903683,0.4750219950741456,0.5558556399120299,0.4161519501082178,,0.4050671428896424,0.5952233310768711,0.7703958531634112,,0.7240899964999661,,0.8176241248609449,0.4501702577170762
2022-11-11,,0.4675164049192387,0.8069876453285548,0.8653073234390903,0.4712094513239114,0.5806495684262345,0.4378195903048659,,0.4319708976577786,0.5815760638862444,0.7545311442530263,,0.7871036289762864,,0.8336831591028101,0.4712903500122806
2022-11-14,,,,,0.4906652752646544,0.5943001706113727,0.4348793487150165,,0.424914143721527,,0.7655564344664741,,0.8189437092660853,,0.8394854471007411,0.4929492413001461
2022-11-15,,,,,0.497512724673801,0.6274055944846083,0.4836552034086105,,0.4668285555865581,,0.7724830978953713,,0.8572754834051496,,0.9330323690182698,0.5010288689182303
2022-11-16,,,,,0.4983341576824691,0.5995014651140358,0.4846118791539622,,0.4691052174007482,,0.7626968912259521,,0.7911096600306905,,0.9483845511401684,0.5052117147745327
2022-11-17,,,,,0.475991156549036,0.5892897514485778,0.4790785344878723,,0.4629563514516857,,0.7369121550790645,,0.8065006928057431,,0.9276279329811506,0.4820993265568704
2022-11-18,,,,,0.4645959658966553,0.576878460830928,0.4561999959198092,,0.4543690125331185,,0.7248699708581964,,0.8173975354054958,,0.9613803314354864,0.4738076975482827
2022-11-21,,,0.4686233860047956,0.6815785910014344,0.46943157741413,0.5698091232703932,0.4495201376432883,,0.4417735018464866,0.476776861400664,0.7513173605256611,,0.771560599507651,1.0768375648788182,1.0113603161093774,0.4724261677697685
2022-11-22,,,0.4850640769257631,0.7147995018610073,0.4563706643649526,0.5566018247994099,0.4590296116756219,,0.4502151181559362,0.469442215740915,0.7092598480479244,,0.8397488634883425,1.1757910727737804,1.0747279993980563,0.4904950242353132
2022-11-23,,,0.4983378659304868,0.7219645427623936,0.449950294581585,0.5674248391930715,0.4621259225944585,,0.4691917759058849,0.4501859045266125,0.7131471009295531,,0.8294264993169722,1.213186259045176,1.097483606912328,0.5227800640639343
2022-11-25,,,0.5184425891147001,0.7210938725670182,0.4672264188814823,0.5989483520368849,0.4660533715981744,,0.4526950658381054,0.4532766909785188,0.7230805094561511,,0.8381251632000987,1.2500801854736934,1.1703337913036491,0.5191335354368083
2022-11-28,,,0.5152590343424928,0.6962833007456508,0.4970991233887435,0.5830652479667714,0.5075692291966108,,0.4930676669502047,0.4776829684781843,0.7456839617417309,,0.8373831057194422,1.3170956414971502,1.2353773524074063,0.5339501029040415
2022-11-29,,,0.5064741370175139,0.6768589753422449,0.4809917093898221,0.5900053944088776,0.5017212862723324,,0.4798932577922783,0.479586171889572,0.7342270439351011,,0.8620462564740616,1.368415543869393,1.2549726379393873,0.5072056987434403
2022-11-30,,,0.6196525929690297,0.770944945669148,0.4647948608915501,0.5810377885963782,0.6083696649174902,,0.6018433411989584,0.5013652375648636,0.7222748841270777,,1.0115091301366306,,1.3480114730576285,0.6577578342606073
2022-12-01,,,0.7058725347415832,0.695152252922116,0.4549988603608852,0.6114489522370807,0.6452241783762496,,0.621310229657648,0.5299157194646967,0.7672318764874788,,1.0168869387423711,,1.112145102216077,0.656980045835187
2022-12-02,,,0.6770574611005268,0.6681653975867536,0.4408266923967336,0.5699844899036048,0.6136427589293257,,0.5985716151064894,0.5451084547132373,0.6935975250361812,,0.9827290128423348,,1.0683338716452888,0.6549931144770645
2022-12-05,,,0.6930126996512795,0.7116128828960755,0.4808309641659947,0.608748168374113,0.6738820773566131,,0.6499701044669729,0.5934479888427502,0.7173518568042485,,1.1050824661731715,,1.1087045562313222,0.6695046357638451
2022-12-06,,0.4517721398545956,0.6701525545544667,0.5028817749665584,0.4049201351671977,0.530483786677569,0.3777072460413477,,0.3745643903309426,0.580967114142215,0.7542231280405186,,1.0265335071662012,,0.5296563687539623,0.640629588508035
2022-12-07,,0.4483876224125818,0.6927508469844729,0.5104015810156276,0.4098820830394575,0.5314185038341074,0.3710488837510183,,0.3664834218758223,0.597891746707705,0.7526265586562683,,1.037079804460379,,0.5396166609172587,0.6391541273476699
2022-12-08,,0.4487065688863468,0.682470900776725,0.5099169493766637,0.3981507332980565,0.5396765519783427,0.3633920987233845,,0.3636667196539868,0.5990023758547589,0.7417316860725532,,1.1082287602335554,,0.5213226311628153,0.7234100869160747
2022-12-09,,0.4534457936067975,0.7447228358222495,0.5102778440296367,0.4049049823336387,0.530667365879272,0.3574279938631102,,0.356606087748022,0.5945243652998111,0.7386306747470157,,1.1188925489461905,,0.5135060387603851,0.73079520918514
2022-12-12,,0.4820218414423153,,0.530150785000085,0.4136580629070947,0.5478386649058982,0.3763043085681789,,0.3673747508100225,,0.7406490385471912,,,,0.5399213043071466,
2022-12-13,,0.475356971450049,,0.5021787623709156,0.3874038509583445,0.5280296294733695,0.3593880660189188,,0.361439193361139,,0.7391954207656171,,,,0.5404850745796986,
2022-12-14,,0.4584228991753931,,0.4874037357676957,0.379992632439196,0.5021301981504697,0.3455528764845267,,0.3424742048122203,,0.7238625852800679,,,,0.5212489956770944,
2022-12-15,,0.4296765929366394,,0.4890310789138758,0.3889944792446585,0.4991763936690265,0.3477092140452075,,0.3446241282119462,,0.7145396869840281,,,,0.4491866566929916,
2022-12-16,,0.4147271086280871,,0.474951760947252,0.3808739126086392,0.4810731282018605,0.3411650121359178,,0.3412207121239262,,0.7102816953777076,,,,0.4317151900292733,
2022-12-19,,0.3995101205355001,0.4654166061633363,0.4814665986450616,0.4061045282935452,0.4808423980260248,0.3440562518541461,,0.3435373687741979,0.4796487952418365,0.7306557966022911,,0.4546679769632075,0.9607718679066608,0.431435943947932,0.3208775748874033
2022-12-20,,0.3963343328079027,0.483422166605272,0.4684258170808722,0.3970310792089916,0.4807133037231749,0.3328304564929071,,0.333011545243585,0.4677033000020671,0.7545107787424365,,0.4452564322676913,0.9644724991864688,0.4247865946826284,0.316615457001509
2022-12-21,,0.3996502653143488,0.50412028638748,0.4726273308359728,0.3764570210492804,0.4711783929441105,0.3218667309412109,,0.3215356107815634,0.4536171702687376,0.7388558811265996,,0.4406251523101892,1.0171117269792571,0.431995031127846,0.3255422638435432
2022-12-22,,0.4055270763180749,0.4702236665977993,0.4075213984155716,0.4056221486679057,0.5002491909527064,0.3420666695118973,,0.3402758565931557,0.4726440162741456,0.8219345013178865,,0.4466088795747511,0.9983320648675966,0.4336631934101903,0.3041698173826125
2022-12-23,,0.3945508822135278,0.4781296349398267,0.4101711402092381,0.3913109785327668,0.4857546813721722,0.3344452776933908,,0.3361010910236544,0.4565272346017067,0.7915776959747872,,0.435195754117525,1.0256583985855552,0.435289925279466,0.2986605470954241
2022-12-27,,0.4114255951266872,0.4860969365529056,0.4407776089266912,0.4314271064614418,0.5084693153165455,0.35229962725439,,0.3549453242624176,0.4823653340451184,0.9023281513636734,,0.4541081272402829,1.10406718298261,0.4495264758696876,0.3093390538581801
2022-12-28,,0.420816684691475,0.4745518750644516,0.4587109503388417,0.4418297778834694,0.5160640231597546,0.3661363533300063,,0.3661952069964358,0.4980062173455836,0.8828835757833136,,0.4613678371994615,1.0774210601952774,0.4418340232942696,0.3140909775215676
2022-12-29,,0.4078193001416863,0.5136397142534402,0.4320119688939823,0.4098340310049313,0.4904925010252471,0.3388433993069957,,0.3445482398058095,0.4776873891504219,0.8366105645560546,,0.4540122764475802,1.1399295198442851,0.4439318727223383,0.315846717180632
2022-12-30,,0.4079097059743986,0.5118868532552386,0.4424535804794789,0.4145800730276575,0.4937908118547124,0.3415909709844152,,0.3417572425440947,0.474327322695496,0.8239914712239235,,0.4814170102770246,1.1741405324649967,0.4452927690041584,0.3233199180749639
2023-01-03,,0.42321627458654,0.5553907720793032,0.4641540302497285,0.4378929349797073,0.5227474193954358,0.3594812472389309,,0.3597902061145797,0.5077125638397302,0.803607102839958,,0.5165181418766975,1.3674793584686518,0.4671184230835782,0.3270734117917991
2023-01-04,,0.362705373312855,0.388884933305654,0.4798614722178586,0.4303974303130826,0.5071138784714255,0.3663174700733865,,0.3669760929347642,0.4934076905185486,0.7458963824424627,,0.5662794778240667,1.3339347565117934,0.3470170893769701,0.2728934626639253
2023-01-05,,0.3721562227106829,0.3785364653026078,0.4894807760291734,0.4619832130029266,0.5105094002918004,0.3902177019778813,,0.395959943146392,0.4974127689562069,0.7137668428645615,,0.5771433114818799,1.2829989113500202,0.3393411034176582,0.2758398451479107
2023-01-06,,0.342658257986995,0.3641344275756543,0.4983193251892081,0.4026239242779617,0.477260934586567,0.3502587307883354,,0.3490173320036066,0.4500063417593143,0.7123987861772553,,0.6059660281828972,,0.3907992982470343,0.2682418641628155
2023-01-09,,0.3484571518866926,0.3697138841979248,0.5290789517360168,0.4234504779758744,0.5300847247756767,0.3850840959916771,,0.3828268359738179,0.4715583815284845,0.7171385350948445,,0.6589553072776243,,0.3949985508097873,0.280638942469226
2023-01-10,,0.3461253456728492,0.3696443006320906,0.536710944389953,0.4199591330528876,0.5219163097955791,0.3789216940500337,,0.3839736560577545,0.4692987166221294,0.7065554085080917,,0.666663464097512,,0.3971558148712945,0.2786181692626371
2023-01-11,,0.3449570594220772,0.3920621238282172,0.5762776785654646,0.456076639645846,0.5274527753507013,0.4009990445325849,,0.3980059630723072,0.4832191990645312,0.6813752262077201,,0.6886604826644819,,0.412541331332696,0.2916846299129531
2023-01-12,,0.3350598796295836,0.3834331873270803,0.484009800985646,0.357985742535591,0.4423184223027565,0.3305347802873218,,0.3332362204216695,0.4230501572856161,0.6274544937025334,,0.7028818811299224,,0.3892570840035204,0.268358143589727
2023-01-13,,0.3169013772882905,0.3677245096651643,0.4167951589102778,0.3419094862218416,0.397495707480803,0.3064080581158821,,0.303038042242371,0.377764215569618,0.5874654465019454,,0.6725504421973001,,0.3808945871133346,0.2535711980979589
2023-01-17,,0.3355265736403182,0.392209662177377,,,,,,,,,,0.6937301468145782,,0.4049818672638949,0.2642224264570662
2023-01-18,,0.3345774919966814,0.3812152195400142,,,,,,,,,,0.6630258588623965,,0.3834035043976025,0.259584332189165
2023-01-19,,0.3455634913295847,0.3800328873983365,,,,,,,,,,0.645835472383243,,0.3593476606266371,0.2567532201746952
2023-01-20,,0.3276405236266035,0.3884923459343832,,,,,,,,,,0.7047017787642113,,0.3801949743670008,0.2694372329714792
2023-01-23,,0.3441782803426637,0.4194730079811401,0.5391675728163539,0.5187495754707749,0.5336735561519466,0.4894611753392936,,0.4983476356643985,,,,0.8011062014473256,0.7965085431639034,0.4549437455463392,0.3026863511600913
2023-01-24,,0.3559735601208661,0.4269477633191079,0.5271407516304438,0.5290270340094648,0.5436821447134111,0.4694063563497618,,0.4851673082218311,,,,0.7918665761041286,0.8343337163713143,0.4559734194472515,0.3339059323079156
2023-01-25,,0.3624936308009053,0.338913415974905,0.5337320271992975,0.5405716384657914,0.545355106133699,0.4612895643842555,,0.476192257085273,,,,0.787246335325976,0.8655863665185153,0.4564482696538685,0.3046095253170625
2023-01-26,,0.3597226356112577,0.3760443970894416,0.5600878525289881,0.525231672584666,0.5415744489898622,0.4652934919240947,,0.4834918396554317,,,,0.8145717978967272,0.8923712057693802,0.4959602405412058,0.329590881855913
2023-01-27,,0.3755791965332838,0.3758472217385254,0.6009643173620861,0.5466939182328353,0.5528031963106781,0.4882389854286375,,0.445307570153405,,,,0.5201443630823935,0.9321950852466352,0.5341340399350716,0.3559679564949704
2023-01-30,,0.4231096185291745,0.380012414921589,0.5799126097468219,0.5986189478315795,0.611421319646728,0.5151416333891219,,0.5210896770983707,0.6742250914220744,,,0.5445993740515633,0.9915492276244392,0.582480434003842,0.3669129734982165
2023-01-31,,0.4190420064210024,0.4042265285877165,0.5494424396541574,0.595823464877804,0.5999567038718995,0.5470687336633548,,0.5572413904046449,0.7296435869793835,0.656266625364294,,0.5772921100906188,1.0463600501929988,0.6424664169142211,0.3635371462704401
2023-02-01,,0.4083306181844233,0.4382091417748527,0.5929373625998745,0.7337884092638589,0.4881813794072881,0.5421107152662705,,0.6033309018920195,0.4946607134591629,0.645523212570728,,0.6632658453726832,1.0638886960965694,0.6034113915939638,0.3453977066455581
2023-02-02,,0.4788370314107809,0.5928052018082213,0.629644654210846,0.4463953149315569,0.5225740054172067,0.7395695349108166,,0.5845070717249654,0.426329197156262,0.6599215488367014,,0.4425487372820093,1.1656284635359808,0.6206856223127589,0.2984537716990811
2023-02-03,,0.4618940875752532,0.5329165574960664,0.6139362216762889,0.379911516559654,0.4899382833553544,0.7296746348582822,,0.6823505423888584,0.4398828045273689,0.6894151306260573,,0.4494846745180421,1.1310727844858444,0.6085059480977822,0.3416439882369364
2023-02-06,,0.4498787472192405,0.5607113111949706,0.5920352739608037,0.385275322754889,0.509789005035846,0.6291711828500172,,0.7307129072875369,0.4385865678130113,0.717258798704908,,0.427174126403415,1.1669644217912096,0.6293663999087209,0.342764863213048
2023-02-07,,0.4986563698861154,0.7664172011533877,0.6659726526361821,0.3884293444997206,0.5317620134734009,0.8034107886267943,,0.7991674062593953,0.4400881642319538,0.6948733261671227,,0.4231651417630686,1.2578986022041327,0.6446744488196354,0.3577736052804288
2023-02-08,,0.47062034796213,0.7920830706322739,0.618655596914687,0.3998067249785578,0.5153508881304876,0.4788705671861581,,0.5704540527811197,0.4375819544153327,0.7121218987166785,,0.4228005596233925,1.2484528820230314,0.5958143293423026,0.3531871040041159
2023-02-09,,0.4817031507276481,0.7775827682844846,0.6521625490972278,0.4126777332774374,0.5336057395880486,0.5338340171713759,,0.5438792474897197,0.4437073365341992,0.7403333818046078,,0.4296022156248752,1.3150356648458763,0.5863700647166398,0.3559620530424268
2023-02-10,,0.4771187269598412,0.7907170587933399,0.6268180549059095,0.3977235190343871,0.5328311895837902,0.4995506997276726,,0.5015746781282369,0.4400896215832772,0.7185902583596439,,0.4154697307126609,1.4219970472321737,0.5894837717446586,0.3453713914346745
2023-02-13,,,,,0.4014515100207991,,,,,0.451341554821447,0.7247050209384097,,0.4417539913590541,,0.637424387215711,0.3729952112590406
2023-02-14,,,,,0.3788131309797523,,,,,0.4169301897790008,0.7542569418044773,,0.4313601413032343,,0.6394757191365351,0.3608496066700484
2023-02-15,,,,,0.3670635090620048,,,,,0.4071740648129182,0.7583819196490782,,0.4283729044288791,,0.6530816964536651,0.3810480277397787
2023-02-16,,,,,0.3769188452531478,,,,,0.4123137902278264,0.7657365444873194,,0.4058350992604746,,0.6459649478729647,0.349774306791085
2023-02-17,,,,,0.3639515314553376,,,,,0.3939005570540493,0.7463000132540768,,0.3939900414760968,,0.6622222064040383,0.3424837729719024
2023-02-21,,0.3456898274684588,0.3562909803273271,0.5257076209496255,0.3887402135012556,,,,0.3650704003452144,0.4286969196356024,0.7891617767838185,,0.4148529594664428,0.99459675061621,0.6936734295659888,0.3485886488387933
2023-02-22,,0.3453334471914246,0.3436110880086321,0.5100748428739311,0.3845769406370222,,0.3773203826490001,,0.3651330626041983,0.4148446854983227,0.7619861404893077,,0.4241678623761882,0.9689131435886033,0.6717622903710138,0.3389415134889237
2023-02-23,,0.3315144510101275,0.3368081037854865,0.5304609564600439,0.3691617122764894,,0.3516053796084676,,0.3531443130434166,0.3991049299524247,0.7193969288288893,,0.3942548381490477,0.9736779699255113,0.6513038797810737,0.3313255362733345
2023-02-24,,0.3189444792462814,,0.5195309854618789,0.3682682361173856,,0.3535844594143153,,0.3567225480949363,0.4017327118187477,0.7024603522946639,,0.4160287110308228,0.9239553179985924,0.6311391515512518,0.3194512836708563
2023-02-27,,0.3295664413029015,0.3389607699833215,0.5360222144519895,0.3729795880855376,,0.3494572479309895,,0.3514358889779735,0.4111481174241846,0.7345367531413395,,0.4533776695454797,1.0090902806129067,0.6692051758144648,0.3405036614619338
2023-02-28,,0.3207745660109293,,0.5307035886514572,0.3677614069732537,,0.3483203726355934,,,0.4234555696112655,0.7214279226382552,,0.4430852075619012,1.0034306605857573,0.6493089258522063,0.3222203170886068
2023-03-01,,0.31695135746114,,0.5406279942543006,0.3782351962389497,,0.3536596950700669,,0.3602080770255972,0.428585885667571,0.721507812240815,,0.4602025299003321,1.0241449589874192,0.6400342797812014,0.3310969128097313
2023-03-02,,0.3130404205729563,0.3382132055339029,0.4982713144266935,0.3650467399633702,,0.338440685706314,,0.3424383966574957,0.4028754720939702,0.6361843311946873,,0.4264855197477398,1.055767072370081,0.692311531389605,0.3313816479319157
2023-03-03,,0.3318013919229509,0.3370478225872299,0.488784272211801,0.342210695504325,,0.3184052022321275,,0.3172171522589782,0.4254041428915981,0.6086929213215685,,0.4005827292494118,1.1950576107998794,0.5365422241596475,0.3660747743741047
2023-03-06,,0.4041606263305772,0.3567149059147069,0.5344438631901041,0.3756402145192123,,0.3527916238998211,,0.3543778426002445,0.4441246508139734,0.6249460383629276,,,1.361124362231719,0.6738665406785626,0.396346570030551
2023-03-07,,0.3772216437667701,0.3660897240560035,0.4423800535300495,0.3766904216395668,,0.3511362126794321,,0.3112378655914954,0.3915101001677886,0.6694761379750526,,,1.340519253483297,0.3804308960480166,0.2611974221181735
2023-03-08,,0.4061601633627295,0.3841353493778331,0.4421460562694746,0.3736378478535676,,0.3663241607251439,,0.3076214296374293,0.3840984210635387,0.6562116310446896,,,1.4521435119180706,0.3826175429488163,0.2589298785184508
2023-03-09,,0.4174621011181341,0.4309877430906244,0.4572306619789687,0.4210964601874201,,0.4297221610892915,,0.3299983380538505,0.3966956369770618,0.6636527512136281,,0.5076739034311156,1.4894584965918298,0.3800882965915485,0.2622752096511032
2023-03-10,,0.398780854743604,,0.475853335791027,0.4273082804989434,,,,0.3345686428373585,0.4004593479559877,0.6683328932910283,,0.5253663962461902,,0.3723670856950558,0.2574618144461879
2023-03-13,,,,0.4925532174204724,,,,,0.344674622685868,0.4165035401584799,0.6942353663327112,,,,0.3856771396461199,0.2805439073877795
2023-03-14,,,,0.4661311286035453,,,,,0.3136153387510034,0.4153377370227273,0.693230756159657,,,,0.3919604126819258,0.2654711078354408
2023-03-15,,,,0.4873536995799454,,,,,0.3368511879876756,0.4347880254553827,0.7036004251406606,,,,0.4142676116372586,0.2810357728829484
2023-03-16,,,,0.4791134390295229,,,,,0.3324357390363059,0.4435485873897082,0.6559497651454824,,,,0.4043932942048927,0.289301591995134
2023-03-17,,,,0.5123991743696077,,,,,0.3524559277998259,0.4443848960194771,0.6793761503282083,,,,0.4257505013088239,0.3127187351109805
2023-03-20,,0.3093273548941258,0.3806951195233731,0.5076684728718536,0.3521649979559368,0.562058546048351,0.3502403865885042,,0.3418677760203273,0.4306358173029631,0.684759487627398,,0.4730378754831285,1.1639865106409573,0.4297046826053107,0.309877944144984
2023-03-21,,0.2998105392264522,0.371974592955259,0.5068556610094349,0.3367129255785312,0.5337593107648296,0.3626818418677217,,0.3585882039026279,0.4187179986672921,0.717765701536454,,0.4367248985629519,1.1551289027130385,0.4212940805242879,0.3114347308342584
2023-03-22,,0.3173145148351285,0.3792660910080121,0.5122667242958983,0.342153393307059,0.5606053428688397,0.363135003934168,,0.3635198531347862,0.4215284343464262,0.7147203624490763,,0.4400535073094085,1.0782024509093326,0.428179171271756,0.3061996841932325
2023-03-23,,0.3093483277238773,0.4011652045203022,0.5659861090588625,0.3462684183472796,0.6041361339291953,0.3766270096996089,,0.3740009884816987,0.4351308903978047,0.7440436126960887,,0.4868952403952274,1.1171171778515487,0.4218635356687903,0.3193269274078134
2023-03-24,,0.3157097411639725,0.422066063268028,0.5725112160107313,0.3388751798180016,0.5493073521151379,0.3784588251928247,,0.3710224864043464,0.4336369970143613,0.7277294682181276,,0.4988849870603711,1.2054360283232672,0.4572135516956017,0.3250328710674463
2023-03-27,,0.3068961418859455,0.4271834020357944,0.5472296244811623,0.3354980073212445,0.5342712980223788,0.3587765415224684,,0.3642326740723974,0.4210862237568878,0.7425757110207758,,0.4912131091561911,1.2680046408813073,0.4556345401369549,0.3122694997603189
2023-03-28,,0.2902618959675442,0.3774565616472209,0.5401693576295516,0.3288541124130189,0.5171407071767359,0.3433839246560052,,0.3423581768378329,0.403018791946595,0.7245983799900871,,0.4909516811044749,1.286363601930496,0.4303691388877482,0.2982861094064448
2023-03-29,,0.2981592802917816,0.4024551910848951,0.5147423460353213,0.3139200407361702,0.4935944933048207,0.3389874565748318,,0.3331216856080016,0.4013974961829153,0.7086228371973315,,0.5880021689715351,1.393318477369104,0.4415137143874765,0.3125677113341829
2023-03-30,,0.3120183966089113,0.4282233708723159,0.494293227468827,0.3153877410588249,0.490417402041833,0.3231364887462131,,0.3221195957004642,0.4038653098393338,0.7156781359547035,,0.6287721827639944,1.4356446400343523,0.4459459167332241,0.339145676950026
2023-03-31,,0.3069103580132791,0.4485094632290555,0.4447032690485786,0.3024370716677919,0.4801157371945416,0.3234501748639697,,0.3180335617834908,0.4012732438811621,0.7180316648784458,,0.6758878751336517,,0.4757545524862937,0.3740424410612619
2023-04-03,,0.3475889622818111,0.4625968178225318,0.4345974676171671,0.3074516505878288,0.4971094944121689,0.3526127593936594,,0.3431052758498616,0.414929663842547,0.7152935611735395,,0.7307581369748813,,0.5020508020638365,0.3740631720747096
2023-04-04,,0.3560595860514638,0.482076897910885,0.4126306296534783,0.313400380892799,0.4882762324140519,0.351617185337448,,0.3414113203488113,0.4190263881090835,0.7476902713794736,,0.7636563179554254,,0.5120620685032843,0.3775013953465398
2023-04-05,,0.3354661517857029,0.4567241140996764,0.4092012523339571,0.31488760803638,0.4665530968516468,0.3476812170360373,,0.3475045959714627,0.4055630538442245,0.7001551567918133,,0.7627645130011237,,0.5212700768796619,0.2519878525834639
2023-04-06,,0.3310617883502053,0.3235071525654262,0.3876975426819177,0.2933482663896467,0.4374074804335323,0.3931967336004379,,0.3860295935254285,0.4165268500091469,0.6060249671689812,,0.7722752046991105,0.8996201640199541,0.3968693984010837,0.251789441464016
2023-04-10,,0.3350947170213508,0.3259608093237404,0.4222848135103656,0.3182892219032043,0.4824345800489041,0.4041049717383737,,0.3950756453979691,0.4439591717061137,0.6224646860085025,,0.8422663463077731,0.9406543113479316,0.4446143816762212,0.2603581700021844
2023-04-11,,0.3273850324263734,0.3213904899084779,0.4162270977353504,0.3277597801611884,0.472118467362658,0.3868196166101677,,0.3793958070510494,0.4353314307782113,0.6261555670728406,,0.8643163029537375,0.910114779301382,0.4656692215939854,0.2552480030741091
2023-04-12,,0.3074527699422385,0.315016600027887,0.401493681049166,0.3364658407004199,0.445732494332228,0.369329572270921,,0.3617882751091755,0.4399912583455004,0.6307340994987041,,0.8777899679854104,0.8928969596127606,0.4298558899409395,0.2443544722033187
2023-04-13,,0.402023484270429,0.3136352202127059,0.3954721100449497,0.2956031414147814,0.4225171644866038,0.4451943109173998,,0.4081226732565631,0.492447786081525,0.6096444556677809,,0.8924439157105616,0.9359642636893908,0.4625549761571844,0.2476709573776219
2023-04-14,,0.3842731552023176,0.3034879699495487,0.3801241657969118,0.2775506198673643,0.3842872709883363,0.5095831498982546,,0.4544057044978588,0.5176171877699142,0.5926587782826954,,0.901596314641862,0.9352024271626675,0.4317964875058135,0.2416463749215596
2023-04-17,,,0.307585375411402,0.376361274317158,,,,,,,0.5914499920622234,,,0.9546009864687748,0.4502225411605013,0.2390787015087324
2023-04-18,,,0.3082293885212965,0.3670930057998153,,,,,,,0.5845719794322017,,,0.9672428541822944,0.4659189595549446,0.2309509610535461
2023-04-19,,,0.3103229186579324,0.3624271098237087,,,,,,,0.5952709989045751,,,0.8194155775395828,0.4667341016451514,0.2251349914921274
2023-04-20,,,0.3173867778930738,0.3742630889266429,,,,,,,0.5073783008229392,,,0.7305862957985252,0.5274144702954789,0.2270667765670646
2023-04-21,,,0.2990432668030182,0.3536538188702681,,,,,,,0.4605820265241543,,,0.7538088418762761,0.5381104386911251,0.2190600015993937
2023-04-24,,,0.3241730950213699,0.3567047738747279,0.4151947109717911,0.4634898690073422,,,,,0.4703892122997236,,,0.8066039627727586,0.5998430011432603,0.2194509437012809
2023-04-25,,0.3028584398565374,0.3335866442798892,0.3803302063816612,0.4354600373822342,0.511479574403933,,,,0.5548817070202403,0.4803706136768498,,0.5269887976661726,0.8125735424017201,0.569822574318083,0.2403114622729588
2023-04-26,,0.2995212970172539,0.2878111864535611,0.3842926344752298,,0.4970425326722738,,,,0.5520303050396075,0.5043972120551573,,0.5466525495170051,0.7845131127279616,0.5201928036180175,0.2299581034386807
2023-04-27,,0.3101793587163242,0.3134009674841062,0.3595321377434381,0.487753279907176,0.499725046900037,,,,0.3646525211133729,0.4661194593364587,,0.603576121286408,0.7813062062559352,0.5530184358843421,0.2515783259195964
2023-04-28,,0.31903803708033,0.3156667304727519,0.3699224204787114,0.3031988785563207,0.4895281551841055,,,,0.3468565757832921,0.4335333278860124,,0.4825947458623845,0.8559509901503564,0.5796450731559555,0.2391565179526707
2023-05-01,,0.3505868886522253,0.3150846426695722,0.3732058683553472,0.325698807198959,0.5525578391181447,,,,0.3771242251011974,0.4577096034967332,,0.4666568943904133,0.918651912500862,0.5406906148167627,0.2400782254130258
2023-05-02,,0.3520854552971425,0.3300190589231735,0.3919563336783802,0.3220148888935085,0.5667701336798354,,,,0.3710184851193648,0.487479962576428,,0.4632500939393041,0.864761508160482,0.5655279308786483,0.2355069416390553
2023-05-03,,0.3757430974417679,0.2524678506604769,0.3981054492045699,0.3278047004460092,0.4813218574945098,0.290337374426421,,,0.3782730774327456,0.4920010849358018,,0.5327015926683538,0.4765881032180066,0.5485120771302737,0.2411453264053269
2023-05-04,,0.3902130677059131,0.267487335466158,0.4164953686063785,0.321804353675313,0.4831732677533459,,,,0.3719867451865923,0.594698766859022,,0.5866908548008692,0.4830925913371946,0.5688437102435168,0.1937603566365406
2023-05-05,,0.3131280197716421,0.345970783414948,0.3603063969935902,0.2914762142920538,0.4449710632962672,0.2747691943651609,,,0.3266050025962377,0.4162089508621246,,0.5420557663238412,0.4762068124007,0.6396005818851732,0.178462840821469
2023-05-08,,0.3263175565173836,0.2398320363044913,0.3861290399152791,0.295275194085448,0.4556734372565946,0.2726721043925807,,,0.3395300997450867,0.5512743402194766,,0.5842609824335204,0.4975754130709601,0.7227396067446346,0.1795596450040177
2023-05-09,,0.3016135876548212,0.2443299450022888,0.4024793519685155,0.2893592549118753,0.4517616724854283,0.290893857914726,,,0.3459442273363257,0.5696973764162686,,0.5201901185515181,0.514117065861363,0.7772416450150171,0.1856286374258877
2023-05-10,,0.3094399604968411,0.2414966818528819,0.4309317563971923,0.2809541460601976,0.4545614189707261,0.2968034341385011,,,0.3280179427373677,0.5702382402860177,,0.5140968656261169,0.5222168717947607,0.7961426830161696,0.1778430183594659
2023-05-11,,0.3203653401512514,0.2423365441313148,0.4147455132231967,0.2877584018535643,0.4500084471559522,0.2933328168362993,,0.324224423273056,0.3415715406826769,0.5615689403730254,,0.4354953046680508,0.5070625056187609,0.8649495101706774,0.1717769687557622
2023-05-12,,0.2984197697285741,0.2331192872222356,,0.2773355449093366,0.4428972634187475,0.2847673246472281,,0.2787827182584966,0.3061139162046934,0.5938423143405414,,0.3973436906376817,0.5364774503680464,0.9294612365047384,0.172438127708487
2023-05-15,,,0.2381422882827654,,0.2823062555886737,0.4305984101643418,0.2751634803214413,,,,0.6082189799568083,,,0.5758358328813576,,0.1736781308396217
2023-05-16,,,0.2377538861993147,,0.2798755803634554,0.4376025213715806,0.2938546464934468,,,,0.6168018504922289,,,0.5737764586817253,,0.1750963930834629
2023-05-17,,,0.2276361382097602,,0.2713870563991712,0.4205583185508166,0.2954842865284741,,,,0.57133790499732,,,0.6213233017868415,,0.1691398589671505
2023-05-18,,,0.2319752298788354,,0.2739031635699505,0.4231412731900773,0.3067922426555909,,,,0.5622914651534653,,,0.5582706247661524,,0.1798147729017651
2023-05-19,,,0.2321147625631821,,0.2735661856640564,0.4197629109036077,0.30419138823107,,,,0.5647063646503985,,,0.6246773339818936,,0.1829853440841449
2023-05-22,,0.2210067376378124,,0.4278309701615713,0.2788085206932712,0.4416401145121102,0.3308444386367976,,0.3362757625183095,,0.55902952017782,,0.3735632530129172,0.6343087596813974,0.3761085551711659,0.1935669512860151
2023-05-23,,0.2244753903831702,0.2622801298869679,0.4303836712463069,0.2955443118885987,0.4542667445249235,0.3306794115170287,,,,0.5970007560509811,,,0.6673236399293273,0.3635560456893996,0.1990609915037733
2023-05-24,,0.2338995619436874,0.2644494782172696,0.452527350531167,0.3054074926602548,0.4648126881826761,0.3278141719138627,,0.3308071651242036,,0.6162057177199166,,,0.6305588162022275,0.3663117008325757,0.2033511484202276
2023-05-25,,0.2501245783984632,0.3166087569893908,0.500261880415691,0.3186767497093337,0.5177310081920395,0.3454215629664967,,0.3463481939396338,,0.6164827078060938,,,0.6955720194322939,0.4203492299278621,0.2137052262875538
2023-05-26,,0.256022202454105,0.345653821440801,0.5981979632350505,0.3144533769500623,0.523436750387032,0.346717214587613,,0.3488368097938223,,0.6336725921705295,,,0.7897813178921338,0.4133010666143096,0.2554051161020304
2023-05-30,,0.2853220197554972,0.3513160168701969,0.6065156543455189,0.3321492745296146,0.5733166839356317,0.3680372683959349,,0.3639150686246816,,0.6827749758354111,,,0.9185010033520692,0.4622339927499772,0.2765499226974893
2023-05-31,,0.3094433074056075,0.3647130959698919,0.5210650719470205,0.326652110640719,0.5503598009989209,0.36355570731223,,,,0.6929432024088839,,0.5628965562703234,0.8825755588777487,0.4993884663381041,0.2587044568340684
2023-06-01,,0.3072883672413336,0.3478351831753131,0.4969239402636378,0.3074311496336211,0.5432183112535066,0.3375780402342336,,0.3381337019287852,,0.6413892072043014,,0.5132279240807636,0.8850855849831722,0.5045739244745042,0.268882222646584
2023-06-02,,0.3109480169736716,0.3500735598994242,0.4867076356305922,0.2908463788604253,0.4986313436840829,0.3349409605433511,,0.3245469099563052,,0.598997070069849,,0.4679568165252456,0.948444657312318,0.4835361081716222,0.2619074675771452
2023-06-05,,0.3152690008931477,0.3784367802906231,0.4689055303309817,0.2983062764345987,0.5362189025095806,0.3773049593252807,,0.3414573452703495,0.3682163063634162,0.6316452331287756,,,1.095195913213736,0.5941127701428818,0.2835682336825706
2023-06-06,,0.2034945286252254,0.2786686449378955,0.4525953626132085,0.2646439933934322,0.5621821313602123,0.3511146286429888,,0.398448700990973,0.3546200076535958,0.5640429383381984,,0.5537742713168009,1.066362908746711,0.257229937149777,0.2021090949581198
2023-06-07,,0.2073194592346095,0.2627896724702833,0.4507831231155326,0.2881837173427737,0.6108441544021279,0.3773487723549277,,,0.3691505630801182,0.5563752376554184,,,1.104484476088724,0.2504980460657126,0.1936145845819462
2023-06-08,,0.2045673095856789,0.2589787316864858,0.4459844068827597,0.2742754119545932,0.6456818500631394,0.357270332589241,,0.3595202875979673,0.3775241942732097,0.5700659469917726,,0.5089257821897097,1.138704851195013,0.2626789444278782,0.1937586365742431
2023-06-09,,0.2003222819427738,0.2663954490024547,0.4508792429804473,0.2820520853161199,0.7344559780172121,0.3398376848854953,,0.3436674071682249,0.3697557578084915,0.5802428381999377,,,1.2053143025521649,0.2567217383641244,0.2029340139239748
2023-06-12,,0.2053669735733351,0.2876968093869357,0.4807750103317315,0.2876330639713466,,,,,,0.5917020204807116,,,,0.2651492711027147,0.2276769846832921
2023-06-13,,0.2094116666414161,0.298605971889509,0.4720273239079096,0.2847050099089176,,,,,,0.5919922308775902,,,,0.2576244870221822,0.2310997483772287
2023-06-14,,0.2031770192077862,0.3145423605966604,0.4861934460685667,0.2842216828533438,,,,,,0.6101097276364476,,,,0.2728205796015616,0.2400626055397707
2023-06-15,,0.2157529977169065,0.3756486851846075,0.4833116854469659,0.2825152166774441,,,,,,0.6232366346902889,,,,0.2819884992151035,0.2522880245704432
2023-06-16,,0.2068697401518568,0.3479047053931852,0.4780740825774887,0.2765413770988703,,,,,,0.6207138189836935,,,,0.2584197943731014,0.2537485788668285
2023-06-20,,0.2192241782930934,0.3444671357903309,0.4867316370396242,0.2836176347058345,0.4476857795374119,0.3183595117138538,,0.3057818412481915,,0.6566851077692,,,,0.2593417143903103,0.2499749856402407
2023-06-21,,0.2110485068488522,0.3243230626479849,0.4828690824015842,0.2820114531424047,0.4425727330865635,0.2989331257895045,,0.3024675496441166,0.3432318627289739,0.6641902677163601,,0.4192562468949371,0.6092413235538855,0.2508337533253537,0.2348654785193843
2023-06-22,,0.2214630199037369,0.3396069864876168,0.4755482995143559,0.302210701056176,0.4263457042411894,0.3124794631664143,,0.3145831512863042,0.3399360107156004,0.63943037612525,,0.4108402234724256,0.6393850082520082,0.2575540253803184,0.2393326765612685
2023-06-23,,0.2220781174375594,0.3254842311973568,0.4649171315647384,0.2944390008475108,0.4267027763740064,0.3114252999024542,,0.3031534254008795,0.3499580436128081,0.6157978802817787,,0.4117597764425767,0.5716575453015604,0.2630076692889765,0.2296612029488115
2023-06-26,,0.2217151559456889,0.315628243849455,0.5031496048227835,0.2969969615288737,0.4363102122516214,0.3028467048353526,,0.3043969749155779,0.3583631873921002,0.6491280754338772,,0.4480936185542983,0.6341209207759654,0.2718268921070789,0.229503397925957
2023-06-27,,0.2207826301283043,0.3330202446986604,0.5180057213946777,0.2900843786288373,0.4193781709832903,0.2911279918750891,,0.295789692763731,0.352514268196472,0.6091083537105627,,0.4658069795052737,0.6726208396270744,0.2908827000822463,0.232074483727164
2023-06-28,,0.2329012725820652,0.3361902737499335,0.516454735925469,0.2964401891534542,0.425508459703152,0.2994810845982537,,0.3270906623792748,0.3482829286879899,0.6133362992466972,,0.4396665412002715,0.6834529018030703,0.3076301855471383,0.2484824197616947
2023-06-29,,0.2393556868990397,0.3346536111560906,0.3770458216620757,0.2848148992741516,0.4118589214659345,0.308755165145717,,0.2970699845392534,0.339349807310091,0.6172440813157769,,0.4234369269365951,0.7347217918851726,0.3036650260482909,0.2399882001146099
2023-06-30,,0.2705116877827254,0.3535092713250099,0.3507666427970294,0.2584561879233211,0.3894363797653409,0.279395798922366,,0.2672994648058044,0.3215173276306536,0.6121196993052336,,0.4108907561595019,0.7461394955124244,0.3364785415337903,0.2466372235017234
2023-07-03,,0.2751689161605549,0.3600608743683771,0.3597173522694006,0.2748734717845355,0.4063169228055096,0.2964896255988984,,0.3032988060215004,0.3323495835422318,0.6127803001213692,,0.4284785587744356,0.8834508701305132,0.3777263187979941,0.2627704260042605
2023-07-05,,0.2741739541816161,0.4702692713970317,0.3670741928801748,0.2804576123853508,0.4873427158245593,0.3587701667003161,,0.3386003562177086,0.4968918784583369,0.5896372763845192,,0.4648460575008951,0.8912241994782478,0.3579404869708248,0.2717392888296296
2023-07-06,,0.2870296632842517,0.496634267273792,0.3780345948821947,0.2916660376374054,0.4851925073438123,0.3235357849757234,,0.3289188370410403,0.514725031952484,0.6008839751091001,,0.4699361562754226,0.8692005983345248,0.3466395881408626,0.3218639504732798
2023-07-07,,0.2630733765260603,0.4830748279032561,0.3492746582692538,0.2700477692370725,0.4779273235698638,0.3052786691158589,,,0.5070381272196017,0.6073243789294767,,0.4575075735010206,0.8793345508699368,0.3045423333768665,0.3195464491211227
2023-07-10,,0.275911324374688,0.4741160551445915,0.3798850034585421,0.3048057319650704,0.4822264372730883,0.3301045754500638,,0.33036340785974,0.5311049641791644,0.5890320327342372,,0.4894234628384448,1.0515206952128238,0.3174166605057736,0.3316473664304727
2023-07-11,,0.272781939562772,0.4709934608909373,0.387853213372491,0.2962871049030466,0.4850188670477348,0.3167302510532864,,0.3177477119913036,0.5327732731354876,0.5820850367708671,,0.4991212174691929,1.2145458119576351,0.3228051471622244,0.3310906595176429
2023-07-12,,0.2755446931202831,0.4960906533077443,0.3698927104338915,0.284485082440017,0.4740173874987669,0.3072154572877474,,0.3373941261673808,0.5520938655062593,0.5930903597475775,,0.5314518915601523,1.0433223815551285,0.3557724574154667,0.3521229703170476
2023-07-13,,0.2906074407293258,0.5313485887382382,0.3762716314988862,0.2569280028757364,0.4905512569467758,0.3908472822312317,,0.4513907035091886,0.5607418006840249,0.6095833730238958,,0.5134736639663763,1.246552725843098,0.3586841258203685,0.3792334825094539
2023-07-14,,0.2957058095777694,0.5587095598189274,0.3881269699427959,0.274548010056018,0.4969432206469675,,,0.435981922325988,0.5544110533819284,0.5846842075121045,,0.5079306899959657,1.0771639737429546,0.4019948456773902,0.3860334990733554
2023-07-17,,,0.5739635318906443,,,0.519059060575015,,,,0.5835670462645896,0.7103876396430068,,0.5629572959239101,,0.4549251991428117,0.4051006797492634
2023-07-18,,,0.6931981428769792,,,0.5140671252569072,,,,0.6003296528229054,0.7174206597881154,,0.5769073435569457,,0.4686032981912844,0.4282671474348663
2023-07-19,,,0.6731177968475016,,,0.5308142138116752,,,,0.6251889856122584,0.6647858362259969,,0.5803437180160169,,0.479664057456853,0.4305972082952125
2023-07-20,,,0.6082049304418315,,,0.5279880241260841,,,,0.593439616350507,0.55733231255898,,0.5568126175187156,,0.4980400247142482,0.4008118658773265
2023-07-21,,,0.5953762218233956,,,0.5064448499820449,,,,0.5943177419689637,0.5323801502212733,,0.561844492875036,,0.5146829975419466,0.3934896908547938
2023-07-24,,0.5085711972947854,0.6303580109629051,0.4156291407165957,0.4404120959439822,0.5245362312331077,0.3965529646568703,,0.3948410724853172,0.6066185932376618,0.5516947517436678,,0.5784070367587487,0.7222707002823071,0.5721758091973786,0.4126102777737916
2023-07-25,,0.5359862745817564,0.7134028771576282,0.4247982141815473,0.450667246382819,0.5370887795293146,0.3945104371829916,,0.4057674851882848,0.6409154662391239,0.5500516453611243,,0.5985990317447821,0.7665402766435928,0.5950980918702131,0.4723593010647028
2023-07-26,,0.5567089922119459,0.5632403474702237,0.4526936518788557,0.4456113028531415,0.538566745426169,0.3174673905491587,,0.3279867776597711,0.6431294915125187,0.5587080474259952,,0.624475497888791,0.7403148830696685,0.6103397670550438,0.4608368120530224
2023-07-27,,0.5406473841290057,0.5021917420065816,0.5552450258676344,0.4466491700295052,0.5449016750008833,0.3623164326967504,,,0.5073933821328233,0.5157607341162251,,0.6477747792216582,0.7351151330609093,0.5969224263285037,0.4457876053785926
2023-07-28,,0.5846269890932073,0.5689686972695409,0.5629870861936075,0.4298650561940498,0.5352106954595938,0.3668709789550362,,0.3110203574674872,0.5902106221976668,0.5317934683994828,,0.6710350791386381,0.6790277971074384,0.6102454990970014,0.4829832333505242
2023-07-31,,0.6468604481530748,0.5770468968427476,0.6115149406331517,0.461962595403638,0.5827371115149145,0.3666547019410771,,,0.5870146820922991,0.5630721056849357,,0.6586586656819866,0.7406341291858125,0.6336257453932949,0.5449420844356248
2023-08-01,,0.6467848699961518,0.6115387000673175,0.6141974859425501,0.4856574537252208,0.6139982679762719,0.429761067173853,,,0.6300385107444889,0.5510553082529609,,0.6585515187356028,0.8002767404871993,0.6146962957917954,0.5355840909432076
2023-08-02,,0.6292208165428191,0.5848445858040949,0.5349093272526492,0.5310799551104892,0.4679331894102398,0.3384240213390526,,0.3772880153721392,0.5952748784192741,0.5568415614253711,,0.5656904528384301,0.8171258944727355,0.3820374106530739,0.4927428292422059
2023-08-03,,0.6324665302341076,0.540147523712292,0.5858069812504703,0.3843997242322092,0.4449489575015445,0.3736430272753044,,0.3395832199305259,0.6050745794202451,0.4446980297535612,,0.6043241445886085,0.8937883690240944,0.4002195048104496,0.3326853649545488
2023-08-04,,0.4376935181456989,0.5839005900527992,0.6220596206351916,0.3050069327684489,0.4553953559890556,0.3383109756117624,,,0.5792330781348344,0.4398619446529112,,0.6692669379001924,0.8734980674293719,0.3870160805138654,0.3039475464547945
2023-08-07,,0.4120864186693781,0.6163899826109712,0.6530610381088162,0.2988228053209382,0.4560006570464611,0.4161793890888433,,0.4409711704026417,0.7014442324837918,0.434085523421454,,0.7242488556357902,1.019423030067712,0.419564494432066,0.3094775307741703
2023-08-08,,0.4488462590215329,0.6031342999795645,0.5970577205089285,0.3045802872494028,0.4563351888042846,0.4628870571412219,,0.3918414416035102,0.6927880705865127,0.4385516557351024,,0.7366642943769174,1.066588080999519,0.4139419367741955,0.3018177511880595
2023-08-09,,0.4302149602555674,0.6064228607177077,0.5693005937273955,0.3038554999066078,0.4671350689997514,0.381150707699616,,0.4004740409446273,0.6482662755597238,0.4460089808202336,,0.6910998050838502,1.127998871512027,0.4383249829226907,0.2994034100866237
2023-08-10,,0.428214518587464,0.6168833257759602,0.5253187429352152,0.2929863448128766,0.438078843986159,0.4135236718113616,,,0.6600611524489753,0.4284265538911316,,0.7619039485121489,1.2474903316415156,0.4440664324216887,0.2900319695798765
2023-08-11,,0.4389028942505902,0.5877014061947313,0.4861296861532854,0.2828824049914144,0.411554598980015,0.3917986321275646,,0.4108721426016376,0.6329027358480702,0.4254501012137672,,0.8337547556650117,1.3676782684913495,0.4460267092437517,0.2779734033357061
2023-08-14,,,,,0.2823319513120124,,,,,,0.4274229645042099,,,,0.4577857094410685,0.2957772556629302
2023-08-15,,,,,0.2945604447693975,,,,,,0.4490219889275594,,,,0.4549327299660522,0.2891436753669508
2023-08-16,,,,,0.2936877656396501,,,,,,0.4682831391664016,,,,0.4591844168070431,0.2752167608873687
2023-08-17,,,,,0.2954720289377583,,,,,,0.4814580509456656,,,,0.4129717199059997,0.2651662037687865
2023-08-18,,,,,0.2902122447277927,,,,,,0.5029214651137812,,,,0.3978783951204546,0.2595036876839166
2023-08-21,,0.3052909301084675,0.3599854487860917,0.384252215821756,0.2785552326473443,0.4707971346530283,0.2829266600885967,,0.2732717367233429,0.3790511604877886,0.4735887667715481,,0.3812081853034247,0.7637761643100127,0.3985535655042653,0.2780233701359944
2023-08-22,,0.3428124428150838,0.3665310910867521,0.387025498766238,0.2835928345759694,0.4776234582459904,0.2868199677470353,,0.284113672680719,0.3759391604880198,0.4905626239887843,,0.3982070427896608,0.7782380839442139,0.379299349835565,0.2855186087339064
2023-08-23,,0.3633977643491016,0.3890122500525306,0.3969268332422184,0.2781301338867056,0.4883196387354977,0.3022666051306313,,0.3036488168125538,0.3790899431723511,0.4660158314986767,,0.3894876476576863,0.8386741615113936,0.3825175069867735,0.3189260824092533
2023-08-24,,0.3228882545421898,0.358904289546614,0.3815508269190574,0.2884608617581702,0.4506950413839074,0.2892703303017345,,0.2884580319410013,0.3778330329523122,0.4863985528125696,,0.3952190687545934,0.7797493662489919,0.3476381748895916,0.2764306356903241
2023-08-25,,0.3310232129801927,0.3456693856955223,0.3586105249303433,0.2593667006297509,0.4197529971537022,,,,0.3584758968119782,0.4576280221258573,,0.3669385514179711,0.8356561053637084,0.340539048965425,0.2747578957113409
2023-08-28,,0.3851819320275637,0.3605132160218891,0.3665002763539349,0.2553461474135568,0.4234056828620847,0.2855265726692585,,0.2904111023850206,0.3697966159480909,0.4657753337554295,,0.3609300747204141,0.9600105193077,0.360718293883503,0.2995982458412456
2023-08-29,,0.4412166142005339,0.387161224416517,0.3595743811855531,0.2489266160029637,0.4136575406121711,,,0.2873611475012371,0.3755422384928647,0.4439099334931096,,0.3497296704115568,1.020430106237879,0.4036044797327714,0.3563821541427532
2023-08-30,,0.5208762619666557,0.3564427671022707,0.3574563407507158,0.2443622238028976,0.4071926536893571,0.2839235828640183,,0.2829204308006603,0.3614283649624499,0.4464140749718505,,0.3437511392317993,,0.421346609421445,0.3756627398423779
2023-08-31,,0.5291431443200125,0.3707567608797353,0.3887792516804341,0.2393008282819275,0.3963979059343853,0.2765454501092986,,,0.362347488700706,0.442003547236119,,0.3645354738909271,1.1616671957775984,0.4617007503534268,0.3861744792288126
2023-09-01,,0.5679591483226476,0.4100082522945698,0.3712887828181858,0.2264362588094917,0.3668568115723672,0.2624814607872467,,0.259515267313714,0.3474728325165036,0.44416724506359,,0.3673053988132608,1.2485091229077,0.4305869155156606,0.3833162279297692
2023-09-05,,0.3932759442533246,0.3625485522303703,0.4126988729133355,0.311308176066274,0.4664610892519794,0.2935037302838428,,0.2931679444677229,0.361767784661783,0.4648982541036439,,0.4226302870155392,1.412165405185028,0.5126772025798005,0.3568484236436423
2023-09-06,,0.3559570257111082,0.344646403143786,0.4296928667333952,0.3143653413856462,0.4439741979021736,0.2833868379235504,,0.2852704884274152,0.3636976146632177,0.4563093147699511,,0.4353103329630172,1.4674223536826594,0.5486445065757307,0.3489025757412456
2023-09-07,,0.3335701034224932,0.3390059735546165,0.4345144857490737,0.3153654614457912,0.4416671630697888,0.2953727859325876,,0.3014899651140752,0.3663734611152616,0.4639386176971531,,0.5282908557475411,1.4902519675547368,0.6037135987974852,0.3403442620270714
2023-09-08,,0.3257202363084789,0.3686289474028145,0.429894578463392,0.3136941750135067,0.3868530422597525,0.2814267263157931,,0.2787550017872569,0.355699259317541,0.4441459514463252,,0.5180516036204231,,0.667621836234986,0.3497287376432043
2023-09-11,,0.3385783358416843,0.3890438452891005,,0.3257188956100773,,,,,0.3737448280967554,,,,,,0.3690962871210382
2023-09-12,,0.3135741720637056,0.3626831280124609,,0.3213878672063296,,,,,0.3658188676726951,,,,,,0.3558904620633067
2023-09-13,,0.2947361060270501,0.3736026430744374,,0.3481458344878592,,,,,0.3612367646264316,,,,,,0.3651536471941939
2023-09-14,,0.2941109492806582,0.3860870544188965,,0.3071136050714109,,,,,0.3645527968297419,,,,,,0.3815645815835531
2023-09-15,,0.2960009692994247,0.3520127488235946,,0.3181009179564891,,,,,0.3584100940181581,,,,,,0.3432520040458361
2023-09-18,,0.3294189684950197,0.3428019883083707,0.4512768139218827,0.3237043774204858,0.4011227983351417,0.3028389943485966,,0.2895735398063082,0.3590908397742259,,,0.5012278891080217,,0.4925141218453011,0.3669056647236609
2023-09-19,,0.3459444314582021,0.3500712070227468,0.4604785420499899,0.3241294502229876,0.4002273632264363,0.3054135816650513,,0.2948827876216268,0.3654590151595051,,,0.4382180182394634,,0.510033538306387,0.3624808350273896
2023-09-20,,0.3248033596608692,0.3349170660875777,0.4651401532821283,0.318377768569649,0.3996606604812456,0.2895505580701449,,0.3185354661133035,0.3635301808175961,,,0.4057704846296505,,0.519336950738313,0.3281559873639406
2023-09-21,,0.3184376807179118,0.3500085435105094,0.4587029423561317,0.3241429996167378,0.414033241704163,0.3000374848806271,,0.2925438818153311,0.3772617262040847,,,0.4169881632749339,,0.4801431112182543,0.3168464884239752
2023-09-22,,0.3343131213030642,0.336476808983281,0.4681331791918454,0.3144784439628565,0.4088452316879533,0.2838578012853471,,,0.3888834387227705,,,0.3997381558667533,,0.5099019275308907,0.3304246006998993
2023-09-25,,0.3558858677818216,0.3468965756184891,0.4833767840052191,0.335849318023818,0.4176325581357542,0.2959207370447539,,0.2847467968549273,0.3996350728194821,,,0.4149793065346925,,0.5442789802476543,0.343428838763594
2023-09-26,,0.3396772886864929,0.3422637917253125,0.504025006539751,0.3506395490059961,0.4363287561614191,,,,0.4136239154517042,,,0.4292869171346881,,0.5245699394072679,0.3353140438390817
2023-09-27,,0.321192638853383,0.3353315751106323,0.4811108288783359,0.3447741968625498,0.4324937991581433,0.3045352956670595,,,0.3996549962768549,,,0.4537315715940518,,0.5504151302568712,0.3435989818119022
2023-09-28,,0.3169619017150961,0.3305956270736343,0.3762756496112619,0.3285365392608371,0.4308109502699668,0.314308928786777,,0.3015040296286216,0.3930197846775819,,,0.4561363195972838,,0.5945371685145656,0.340693560326649
2023-09-29,,0.3218705949719738,0.3289049066174236,0.4025229138848376,0.3158550356231322,0.4175905098081678,0.2926097438472955,,0.2854771102744869,0.3827949927488682,,,0.4663120539126482,,0.5767789835321192,0.3532665973364318
2023-10-02,,0.3473578052428442,0.3777616985562285,0.4216164410837354,0.3346904757875217,0.4302664074189469,0.3298427122043688,,0.2899336061928822,0.4087065427446553,,,0.4864319927144686,,0.6673860010236736,0.3815603614736912
2023-10-03,,0.3672159494051687,0.3775951549689974,0.4509314499178104,0.3641132951281524,0.4599625950060479,0.3789399198216776,,,0.421479039622284,0.5558658584173163,,0.5246129864804292,,0.6601342646190717,0.362696747824322
2023-10-04,,0.3594237005597245,0.3620220894576789,0.4505039610680465,0.3712531905201895,0.4429906836130532,0.3165966899488207,,0.3331787453521703,0.4090901606927083,0.5529068500547962,,0.5373631025450897,,0.7086169895854844,0.3793298730797957
2023-10-05,,0.3778752473659392,0.3876988319367063,0.4554318727402328,0.3731167667557951,0.4440444384177042,0.345134992696585,,0.3340689560927144,0.4081355998924014,0.5505275665749322,,0.5154124443036686,,0.3710021038214446,0.2194565963120316
2023-10-06,,0.4023074572621113,0.4271306865231248,0.4614266590478698,0.3581896988329021,0.4281003736193732,0.3164575842658205,,0.3498003460923233,0.4220534853777151,0.5351508302337471,,0.5207874568687513,,0.3443447563450375,0.2282953867312982
2023-10-09,,0.4772577280615402,0.4970826558722922,0.4953897108166356,0.3610920399887748,0.4583735307407029,0.387359748419994,,0.3693916589839167,0.4748349669392543,0.5416617930497404,,0.5721339886498578,1.2106182196583957,0.349569275519947,0.2325845847053832
2023-10-10,,0.4833931988130919,0.4956508418072618,0.4835802004654111,0.3546404935361943,0.458439823556661,0.3845769813587364,,0.3637768754750757,0.4963574039073062,0.533838684936663,,0.5977894720971674,1.2557368729812806,0.3529898148712725,0.2321428087303863
2023-10-11,,0.4889816647914304,0.5387405558927608,0.5221180546991976,0.3537754925693329,0.4517382368119504,0.336815005895482,,0.4204803952059818,0.5676200362538519,0.5354736831515559,,0.4187678138371231,1.29557765553225,0.364684086282123,0.2348856143823588
2023-10-12,,0.5771325066886026,0.5814789468517159,0.5056572799680019,0.358073668947608,0.4245533063867374,0.4430136043817159,,,0.5347473625964551,0.5253214308847609,,0.420150656650652,1.392466775903159,0.3559926066888447,0.2234827121778498
2023-10-13,,0.5721664676543415,0.5584663669091976,0.5264805046465376,0.3776696586315057,0.4661741721300539,0.4274883493589101,,0.4006746241642922,0.5044070352510401,0.5410727853688708,,0.6366409364989465,1.4776172976090551,0.3784745115132311,0.2196249504980874
2023-10-16,,,,,0.3608271926874308,,,,,,0.5316254425137632,,0.4387951273217881,,0.4023159918584598,0.228927618347457
2023-10-17,,,,,0.3707939298514822,,,,,,0.5347048035496244,,,,0.41808022713502,0.2259806455038692
2023-10-18,,,,,0.392928072056827,,,,,,0.5447082396395255,,,,0.4330356874114396,0.2325758579215789
2023-10-19,,,,,0.3892545206979033,,,,,,0.4807820290036379,,,,0.40666107103481,0.2213634863043955
2023-10-20,,,,,0.4183484614718326,,,,,,0.4874444629309155,,,,0.3727273063580125,0.22137320643067
2023-10-23,,0.2763410381810225,,0.3622073594654424,0.4136933530922473,,0.4226290643854438,,0.4701615896099706,0.5527345969747947,0.4825022279371698,,,1.206357190295019,0.3735778814654949,0.2307219996208429
2023-10-24,,0.272879717088222,,0.3485455417671121,0.4131917385378074,,0.4903538657938823,,0.5046123321982421,0.5494985425599153,0.4657689790433816,,,1.2893447002306406,0.3627986526120841,0.2142875764958364
2023-10-25,,0.2852637455235891,,0.3664816039580298,0.4882078392867577,,0.308466912917749,,,0.6030295510640862,0.489664799236728,,,1.2700372216456588,0.366717604301594,0.2242283093432649
2023-10-26,,0.3071505428475776,,,,,0.3040571778095358,,,0.3929744546092631,0.5194498943688809,,,1.2110947678899238,0.361596949691936,0.2340320643278677
2023-10-27,,0.2985440934252223,,0.374954645920675,0.3192692816512206,,0.295205649024605,,0.2934921837802894,0.381102084015621,0.4902166122322482,,,1.265922619163732,0.3451746310433254,0.2200977502925085
2023-10-30,,0.3009766137991428,,0.3882579052859858,0.3039940196328106,,0.2940367141562006,,,0.3685580304477348,0.5355212495179468,,,1.3615810222023004,0.3941052338891306,0.2197691836703958
2023-10-31,,0.2974152533186564,,0.3652730508799711,0.286694612349391,,,,,0.3530565574189953,0.5034952931131769,,,1.4411979207464922,0.3737178539649455,0.209396864370931
2023-11-01,,0.2275435996209276,,0.3452104230178702,0.2702718499762979,,0.2488529163212624,,,0.3310384485076639,0.4763399353988432,,,1.4827600513549628,0.2449029223643969,0.1863967819866062
2023-11-02,,0.2324651649657422,0.2566711193094025,0.3238149395632869,0.2562887673681348,0.3833440406016943,0.2391622201098403,,0.2380108913345552,0.3191996276209199,0.4382851953061129,,,,0.2398779661158279,0.1835143294270162
2023-11-03,,0.1949652477190579,0.262797307224873,0.3195841123258398,0.241189735260203,0.3724252739895038,0.2267309900557678,,0.224949564212465,0.3017998268963194,0.4372103935088845,,,,0.231280716846753,0.1815806462663628
2023-11-06,,0.1919324703526097,0.2992586148221773,0.3359771578913926,0.2434775819575015,0.3766339452444757,0.2366769292264266,,0.2361858371758794,0.3097868117508238,0.4632813208161075,,,,0.2341604358214088,0.1777761992022808
2023-11-07,,0.1911047960149876,0.3311306979978203,0.3344276798093187,0.2491277699190374,0.3717828938137225,0.2458396498565529,,,0.2994707465007035,0.4631910774460749,,,,0.235941245443058,0.1823337123953897
2023-11-08,,0.1894309311528543,0.3559726482927626,0.3317937986734106,0.2454539479967019,0.367153962319736,0.2506260642588209,,0.2447598850445222,0.2997944856498399,0.4448663338409499,,,,0.2388861727753869,0.1786133020815123
2023-11-09,,0.1917355408885376,0.3527873325160151,0.3623370850476383,0.2435542656386385,0.3722501509974162,0.2581411025623734,,0.2530914885071136,0.3059615145546862,0.4992136062280123,,,,0.2430228111019159,0.1814638268067787
2023-11-10,,0.1897696915296161,0.4695129714240645,0.3733795220206723,0.2434996415392426,0.3699321122067331,0.2587987067484058,,0.2524008466923571,0.3275456641082565,0.4622315821670648,,,,0.2401074847454071,0.1869093358469092
2023-11-13,,0.197534463071391,,,0.2527340102069871,,,,,,,,,,0.2495654953530117,0.1921754025112884
2023-11-14,,0.1938550169663563,,,0.2501637798388807,,,,,,,,,,0.253998095862178,0.2014612842882472
2023-11-15,,0.1944731126168779,,,0.2570813154382432,,,,,,,,,,0.262463254958274,0.1887574740695329
2023-11-16,,0.2042275852320887,,,0.2567629387983569,,,,,,,,,,0.2627335419877823,0.1922295259250459
2023-11-17,,0.2012352455291916,,,0.2534174947953282,,,,,,,,,,0.2621860727394557,0.1903168771375356
2023-11-20,,0.2015632320259929,0.3936850334387872,0.3196537460927961,0.2475224978062719,0.4124349774401035,0.3011143813889416,,0.294602570845394,0.322245503136665,,,,,0.2688403245815475,0.2042653877852591
2023-11-21,,0.1957639747673659,0.3461526596990369,0.318499602363002,0.2518311808903321,0.4301156924826814,0.3129253384505197,,,0.3155166987103731,,,,,0.2694435638251382,0.1989906166675632
2023-11-22,,0.1925351748139985,0.374796933735287,0.3050288753694883,0.243955635040054,0.3891094170482496,0.3284452160428547,,,0.3101238337165022,,,,,0.2659118957763687,0.1894264279480683
2023-11-24,,0.1900624546055944,0.382037551052654,0.3015611451767305,0.2420532088247223,0.38622297982822,0.3410292255460992,,0.286528367516288,0.3038474857932055,,,,,0.2779587866052517,0.1857711174120771
2023-11-27,,0.1934643354269389,0.4290808388142266,0.3435926160057925,0.2554998711841719,0.3785966509553,,,,0.3135142467200107,,,,,0.3022767725588063,0.197105133813485
2023-11-28,,0.1955426523742828,0.4612437322310879,0.3190727266376142,0.2409558036445325,0.3674912221025413,,,,0.317512180603376,,,,,0.3046622276765327,0.2011702276671196
2023-11-29,,0.1997505067308844,0.4561658844720415,0.3174221180922799,0.2425538816623608,0.3610841290823104,0.3439902967661248,,0.331605080128324,0.3081897085642713,,,,,0.3117554198907548,0.2102805525009755
2023-11-30,,0.1968245497797499,0.4506257852004445,0.312854162588164,0.2354977851777249,0.3741026348161179,0.2770711925964332,,0.2890023319264347,0.3036390575718936,,,,,0.3117755654110665,0.2028940558997542
2023-12-01,,0.2009548774901072,0.422406533172332,0.3149395635474574,0.2274659976103567,0.3755293112738049,0.2693823161613315,,0.2926062402290955,0.3001021700065022,,,,,0.3195560654785495,0.2105770988612214
2023-12-04,,0.2111058546872966,0.4118324199781759,0.3527160504950139,0.2608140395911998,0.4532972593099641,0.3028356089577068,,0.3004090327872538,0.340450347342494,0.4740544222888889,,,0.8118175681333392,0.3610750858568373,0.2179182525815656
2023-12-05,,0.2423119178205034,0.245955579397781,0.3611095178533538,0.2505782597668375,0.4276050704216165,0.2411973444245623,,0.2404047564713974,0.29870810805593,0.4611931263687276,,0.3297912688815846,0.8161892583984575,0.2275472062405692,0.22801507764752
2023-12-06,,0.2322998678215037,0.2393934518824375,0.3776069804511339,0.2505540027068249,0.4782589672219927,0.2464508736459418,,0.2461316211099197,0.2961630414877576,0.4680926085638157,,0.3316828432934234,0.7996518207138392,0.2327906527045581,0.2303689395270367
2023-12-07,,0.2406306464400066,0.2382546077351519,0.3793192529176872,0.247644420566841,0.41566574827936,0.2476379780714583,,0.2526057360319908,0.2856634036631675,0.4628095475165841,,0.3339822688036603,0.9281879005244288,0.2300959919673829,0.2462221633706833
2023-12-08,,0.2474810568193708,0.232086685464169,0.3587383941023473,0.2393872935727043,0.4202087350136203,0.2398124475054445,,0.2389666311324765,0.2796531107739333,0.4146249745376935,,0.3280603217631757,1.0263848807057754,0.2303007121521799,0.231127058207816
2023-12-11,,0.2413047566438814,0.2361707205127383,,0.2446842772595645,0.4273328547568243,0.2413048761047208,,0.2405113115906522,0.2942257221824862,,,0.3546105856010773,,0.2422330767796693,
2023-12-12,,0.2427255341880085,0.2332913481590699,,0.2375652330936974,0.4215864160875585,0.2377560123667325,,0.2404268324826963,0.2792260534174957,,,0.3419149694536912,,0.2448026814513866,
2023-12-13,,0.2662989827905961,0.2381646211261643,,0.2342655031191768,0.4104925729360573,0.2404636024504565,,,0.2785959914451646,,,0.3459023912057249,,0.2527370034486965,
2023-12-14,,0.2751661614974587,0.2544946891597967,,0.2434986359023033,0.4158887548230618,,,0.2524128135641821,0.291938493363708,,,0.3605470729275812,,0.2816127784635671,
2023-12-15,,0.2674956872496635,0.2254391685203587,,0.2219868389162699,0.4130644091664595,0.2415456419003763,,,,,,0.3568711277660081,,0.254355476445656,
2023-12-18,,0.2640655509360072,0.2475471266434034,0.3577519679780189,0.2437501905934285,0.4219337721936667,0.2540870757772125,,0.2513945026595564,0.2862381550627145,,,0.3554121650134898,0.5295872968108032,0.322231974038583,
2023-12-19,,0.273076338725329,0.2500149143026953,0.3606139753693635,0.2444533628980185,0.4227903668296985,0.253993738745849,,0.2539839276409843,0.2903943614118066,,,0.3655313183361857,0.5369186087087511,0.3117507407699622,
2023-12-20,,0.2677923883078406,0.2606908724463522,0.3888715101321671,0.2513130441328172,0.4444703842278775,0.265186335950023,,0.2620661508106879,0.295948328297215,,,0.3638781141700994,0.5068378438956835,0.2866693861495996,
2023-12-21,,0.2629307068868537,0.2505689043396127,0.3393634499293876,0.2494590887574537,0.4179629233674164,0.2639740303536277,,,0.2933452557251954,,,0.3738907895923029,0.5083348874330874,0.2876376950244914,
2023-12-22,,0.254893834881432,0.2464981846707402,0.3144759518761601,0.242229592568598,0.4110958893972182,0.259704555175257,,,0.2862017121336425,,,0.3815390524759813,0.5496232756044516,0.2908838106677205,
2023-12-26,,0.2626458724576874,0.2515785469447195,0.3345276710844769,0.247956249325834,0.4182401310321086,0.2633704653879399,,0.2683585054352729,0.2927058384001201,,,0.4586315851320509,0.6045638029759246,0.307343740011911,
2023-12-27,,0.2673725746655471,0.243492849527835,0.3165774092959855,0.240393271666304,0.4099462071323091,0.2525046444077067,,0.2556809364335896,0.2881228555851573,,,0.474293835386096,0.6444999042268729,0.2157562075711629,0.1966003456957171
2023-12-28,,0.263832038105798,0.2425435002959778,0.3144741019150015,0.2320026218302518,0.4000036897774398,0.2465555226269994,,,0.277092536672474,,,0.4459772828464178,0.6545122679597628,0.2070409493844274,0.1905477131948078
2023-12-29,,0.249939130793718,0.2380338190146948,0.292561012632279,0.226600280424169,0.3994200810543293,0.2383838599700391,,0.2382843988308006,0.2752437686603305,,,0.4443239283503387,0.6364136559876189,0.2009307551817423,0.179580387180139
2024-01-02,,0.2255586482271967,0.2432667277272673,0.3115618730123494,0.2386304644679517,0.4635078274152611,0.2493019101690364,,0.2484494937947093,0.297566122147447,0.574243981621259,,0.4050699214020544,0.7393512020289996,0.2116824068949633,0.1857111292459547
2024-01-03,,0.219109334534042,0.2467805284525222,0.3182616108637784,0.322801652608753,0.4638505889113691,,,0.2640150298260584,,0.5573099918954545,,0.3983504791083033,0.7499282277309246,0.2158910340306544,0.1815443488054143
2024-01-04,,0.2865054633012133,0.2344985029179322,0.3201421445741735,0.3297303164433778,0.4648521892464259,0.2537427075327144,,0.252216789676863,0.4074217708161289,0.5392622985402127,,0.4830860844664255,0.7206772497029792,,0.1735525600362155
2024-01-05,,0.2760692211108947,0.2279403751261691,0.3155149429664775,0.3219015618193443,0.4540621967758505,0.2419242626777447,,,0.39980007334373,0.5177745648108846,,0.4821586721899105,0.7304120847986402,0.1908530059039825,0.1710312197358202
2024-01-08,,0.2988162492059249,0.2533306685314642,0.3408975825171219,0.3258666282417232,0.457763384535354,0.2387493718832671,,0.2400202431427504,0.3935850403587416,0.5202980230498698,,0.5191475971998208,0.8621618972077921,0.1877385590819694,0.1757526600868801
2024-01-09,,0.2989748692068564,0.2459902109330869,0.3155389686234337,0.3216279314879489,0.4539721346205996,0.2379154883563448,,0.2378178956885135,0.3954327459618725,0.5137724641991803,,0.5164654935060634,0.8215063525575775,0.1825651841586117,0.1729616617110786
2024-01-10,,0.3052428099685121,0.286279637101329,0.3218002470415685,0.3212079102291265,0.457157569015637,0.2562318669354258,,0.2440059736606477,0.4010798449529303,0.5084707775853908,,0.5039780835606205,0.9263794187025852,0.1802270800786847,0.1800912001580707
2024-01-11,,0.2994474392859919,0.2936333398630485,0.3175885712812112,0.3220104370923207,0.4550431632104252,0.2476752835925949,,0.2490747089211125,0.4026099659224775,0.4982533415857568,,0.506476243888927,1.006317009042376,0.1762867552897547,0.1746068067438503
2024-01-12,,0.3019145949314733,0.308817932842881,0.3116677997184622,0.3204115617366359,0.44678442090538,0.2249707452258826,,0.22860784589554,0.3976028300910264,0.4870485893290565,,0.4888441249953688,1.050299295792476,0.1814665425728827,0.1721038260796679
2024-01-16,,0.3085549135575038,,,0.3383885274875403,0.4787999269861549,,,,0.4244389480699422,0.5285384619560224,,0.5266782563293299,,0.1893263479262232,0.1850440530645671
2024-01-17,,0.3092664071272171,,,0.3446451978680873,0.5038634954437917,,,,0.4327941249961605,0.5206284668094393,,0.5186184676280161,,0.1946954267527063,0.1847116153450702
2024-01-18,,0.3419127531877354,,,0.3409930577269769,0.5035699130480753,,,,0.427785359410228,0.5098084454600165,,0.5352993899169745,,0.1950528279095857,0.1942485838784942
2024-01-19,,0.3615684224204137,,,0.3399924079708714,0.5161635472857062,,,,0.4238657704227586,0.4994080350194302,,0.5924467424477091,,0.1930431607730485,0.2184858377229911
2024-01-22,,0.3996678101990054,0.368531092623628,0.483082719907796,0.3634625341593425,0.548238214032677,0.4181233297333878,,0.3880604934819889,0.4489622691738128,0.5456442640204946,,0.6095823752390532,0.9841237013884532,0.2012285542507998,0.2140047041203905
2024-01-23,,0.412689686675465,0.380528582849456,0.463990657546498,0.36595202441815,0.528853833515197,0.381994548520607,,0.4131722002140932,0.4405260886585438,0.5425156910873936,,0.625638955225069,1.0016585211304865,0.1919596603595201,0.2179513178728994
2024-01-24,,0.420131946565524,0.4098272142312223,0.5186095062313618,0.3781726377995175,0.551850134501559,0.4305255772371115,,0.4469890511171563,0.4455754645788861,0.5858632076078204,,0.6381588588564878,0.9569069943363137,0.1950705236005313,0.2227188264677997
2024-01-25,,0.4168819725347382,0.4324628762129362,0.5162087254555819,0.3914286377891746,0.5941015966668803,0.4962830011982952,,0.5006484082039198,0.4568278633474849,0.4568107323592646,,0.7243160749088959,1.0812254566313364,0.1997682670107078,0.2259651551887806
2024-01-26,,0.4050909344351098,0.4148444051529334,0.5009224239373904,0.3982351450406108,0.6180248265000621,0.4673395726576019,,0.4808826222762044,0.4555678974703582,0.4327266633727515,,0.3833503476422429,1.0941590830311383,0.1958655698699459,0.2206321623898835
2024-01-29,,0.4371870002309974,0.4694713304347269,0.5632745772146036,0.42442980443154,0.6562259537384258,0.5307637418000152,,0.5369738987410541,0.4872321625002458,0.4281850807262351,,0.4616644070366056,1.1922034843270035,0.2121305953132189,0.252933170333094
2024-01-30,,0.4127955136792739,0.4924068039255267,0.5058244040975133,0.464362731328647,0.6628052041349822,0.5161528709456351,,0.5210370803673137,0.5100338259501125,0.4311322074482927,,0.3928544601842825,1.2291632761369014,0.2342735480447568,0.2418743581002932
2024-01-31,,0.3768969311850955,0.3391283615148498,0.3423451436952567,0.4625811317985807,0.4508317308605423,0.2783864801255556,,0.3133331144599487,0.5175359057614916,0.4304236393821507,,0.3877278007299013,1.0700797043515515,0.2468807898656596,0.2348532034760826
2024-02-01,,0.3357982982297527,0.3473434453931464,0.3353477166946023,0.4680877987705598,0.4253842932165985,0.2728637317483568,,,0.3680186074546532,0.3999777887092888,,0.3862123422666768,1.0582541403207042,0.2540697061896391,0.2301187593037059
2024-02-02,,0.3518881183405089,0.3850445362496139,0.3322432244987316,0.2444842970340834,0.4255368706516115,0.2740001673170533,,0.3103986954611859,0.3178209029391951,0.4142628977529928,,0.3741532423982722,1.1314966228038428,0.2574227234061461,0.2186449997141061
2024-02-05,,0.3711605252854182,0.3944445212936856,0.3430626490601494,0.2443552484998973,0.4413448141776764,0.2837527015164277,,0.3515291642830347,0.3120283687805493,0.4784825878091446,,0.4057927316487532,1.2152140711410009,0.2662433353234806,0.2230913145603636
2024-02-06,,0.3915769150579496,0.3909713910536923,0.3445230743531605,0.2394538220136028,0.4459458908851599,0.2847807298412884,,0.3631451447209839,0.294734642765695,0.4718437856125291,,0.3850883593125625,1.322002139961392,0.2655348350857539,0.2138879614992855
2024-02-07,,0.3909403989853715,0.5218481401792301,0.3471929291512392,0.2343227761831669,0.4364736448976821,0.288108749441989,,0.4607109843159848,0.3030228494116327,0.4525056763292698,,0.3799558062086499,1.3566509316484552,0.2790667233907893,0.2314130655152222
2024-02-08,,0.3798123113479983,0.5335242769252646,0.3648652159839221,0.2364564275942026,0.4436165747254166,0.2899917386900495,,0.4195774877748506,0.3033286798150411,0.4360815533713099,,0.3797086204480617,1.4585054860415936,0.2862995582432096,0.2269954002544502
2024-02-09,,0.3916374538864569,0.6658730402738797,0.3744270628875728,0.2378886600039612,0.4530587203176254,0.3162443273594551,,0.5365934782794217,0.2932559396699874,0.4064880733163739,,0.3943269599619692,,0.2848462347341018,0.2410456374582068
2024-02-12,,0.3930681231225016,,0.3917645566103586,0.2503921269820057,0.4751291961022575,0.3180798649084961,,,0.3053889125204912,,,0.4512590966166389,,0.2965778419810369,0.2371805837108354
2024-02-13,,0.3805268654817151,,0.4003120115275445,0.2599643753752488,0.4814551693508432,0.3147287288512127,,,0.3068315084677306,,,0.4499928434437576,,0.2958791854783759,0.2387908505586274
2024-02-14,,0.367554989136396,,0.386602993918967,0.2483518302443566,0.4870400438602822,0.3073618481179156,,,0.3058686563410298,,,0.4450865955507729,,0.3008012990057482,0.243711114579729
2024-02-15,,0.3840314989535959,,0.3907758630760808,0.2522606359521481,0.4781506676731633,0.2910649836801097,,,0.3240342389983687,,,0.4590107715661262,,0.3036466102861945,0.2611114747386946
2024-02-16,,0.3574354415203751,,0.4016773992390504,0.2594286434578762,0.4832258161407693,0.2867269428834952,,,0.3176750442458562,,,0.455041663424611,,0.3098374286072346,0.2324262376639648
2024-02-20,,0.3801985513732913,0.2889395179447867,0.4148998877510245,0.2748817805829481,0.5160023621102978,0.3045155371230193,,0.3063559080279568,0.332371309869776,,,0.4854696210601725,0.6354978661091352,0.3313719162332086,0.2422329929850523
2024-02-21,,0.3903813142669817,0.2893023538652443,0.4088230060334344,0.272809205460587,0.5278703104840016,0.3112154561120148,,0.3131176937821675,0.3300169254433319,,,0.465529526535783,0.6651190819342088,0.3273292724558134,0.2443727517437675
2024-02-22,,0.4071612603023983,0.3065106622014646,0.3859309479440708,0.260213884531607,0.4676744518360138,0.3079543019835351,,0.3080046948622693,0.3427477890883701,,,0.404078704983859,0.6686579556151472,0.3419774638036635,0.2698968350831819
2024-02-23,,0.3560445013720456,0.2962180675882698,0.3691403910583841,0.246687729149789,0.4588131262462323,0.2951909736973268,,0.2904092778181971,0.3303199999076261,,,0.3877393798603422,0.7085213025940729,0.355769204048081,0.2554612489465264
2024-02-26,,0.396814252082247,0.3017334427194336,0.4251156625956355,0.2579255936379709,0.4684653866040367,0.2972894922211559,,0.298879124737562,0.340649696642601,,0.3056305962668645,0.4034718702385961,0.7147235440413438,0.4035029178561742,0.2715670670788502
2024-02-27,,0.4300868833316186,0.2968628126264064,0.4186702617265768,0.2466270558420057,0.457845964053056,0.2892092810042417,,0.289905819860798,0.3442314906287671,,0.2952011190563874,0.3970497531404141,0.727697781730157,0.4081889596603852,0.2887033563064346
2024-02-28,,0.4198141967441978,0.2997932318744913,0.4125334077568284,0.2501852363460758,0.4504390297530646,0.2845480759226559,,0.286018265228161,0.3453794495075422,,0.3002540044068571,0.3910224712143554,0.7321744091690268,0.4363886533222551,0.2602802067458347
2024-02-29,,0.4043014013424076,0.3270948092249123,0.3990625477870213,0.2270918013412515,0.4902023529046997,0.2641175148783856,,0.2744538093589369,0.3362076754509067,,0.2471451355944149,0.3983596450432791,0.7452137711888897,0.4282826569703418,0.3009519393281258
2024-03-01,,0.3977696536924534,0.346162162193153,0.4354950789394436,0.2309723245823427,0.4834473014465635,0.2751306844131965,,0.2735290542013401,0.3824816863918248,,0.2543146967960615,0.4765232549235152,0.785030926621666,0.4787247418925683,0.3547830428696863
2024-03-04,,0.3764138290089249,0.3805703128541191,0.5087435213650611,0.2488333564761694,0.5504765550837227,0.3125610610028552,,0.3099243316064008,0.4111507266832653,,0.3193525199783473,0.6876632795185518,0.9997008030257593,0.6066844959743948,0.37093587029143
2024-03-05,,0.3336960636421857,0.3450351897746441,0.4872994215196416,0.2597172520739203,0.5801751320945999,0.3268569735047512,,0.284136414037212,0.356425867236205,,0.388110575991077,,1.0297299531539017,0.4045401585181096,0.3162314723586271
2024-03-06,,0.3255636702444536,0.3488337429308393,0.508104661455905,0.262561238230414,0.6240208166164799,0.3322964905176802,,0.2902702778783097,0.3546928311850105,,0.45875953828569,0.5675108005306962,1.1087031084585406,0.4368657980469569,0.3127298600633144
2024-03-07,,0.3198475342832327,0.3723615337056067,0.6073430944774413,0.2626449017372547,0.5474944817352887,0.3317556573757239,,0.2881442674825146,0.3800233737829679,0.5074776320065962,0.4555567555441028,,1.1346594927449,0.4425819203194362,0.3169213740613734
2024-03-08,,0.3365348560040972,0.3547589903856059,0.4781834454082169,0.2592383905375345,0.6408382990906132,0.3065219568411336,,0.2896930898627717,0.3830121676258226,0.5261122410840472,0.4325105377258236,,1.2907264363252555,0.2922550736191244,0.3285807684242086
2024-03-11,,,,,0.2597252909177292,0.5933815137855261,,,0.2855010856242199,0.3764405515308705,,,,,0.2702294440142712,0.3286468065354219
2024-03-12,,,,,0.2500983074105107,0.6363913479477394,,,0.2730684354964712,0.3865192477937076,,,,,0.3028003665074088,0.3393356362332715
2024-03-13,,,,,0.2522778247152549,0.5702848789582503,,,0.2744203815236508,0.3813249782120545,,,,,0.3023067156665926,0.3354484434393083
2024-03-14,,,,,0.2544819964199704,0.6065578523271447,,,0.2708342439507917,0.3697980129729213,,,0.7068538434307244,,0.2908567841769042,0.3208563799223565
2024-03-15,,,,,0.2548789207078591,0.589141904122096,,,0.2687115606776205,0.3597309828622478,,,0.6609266915742561,,0.2862484075487984,0.3223186728161558
2024-03-18,,0.3480966779828352,,0.6213127262157173,0.2519982616594595,0.5788990250175179,0.2859277795007147,,0.2827723311625215,0.3756705222117312,,,0.6030270481230654,0.6419180816641197,0.3002907100779626,0.3461875268060981
2024-03-19,,0.3714110084955869,,0.5588599353982514,0.2395519627231344,0.5099977038157951,0.2649362637246217,,0.2652242117834504,0.3611193634095684,,,0.6522192079293171,0.6423046543510201,0.2924806284431844,0.3487053658774205
2024-03-20,,0.4020601322460147,,0.5878528045551494,0.2363434957691783,0.4990865138873143,0.2433777463897344,,0.2525652050572303,0.3714936383210351,,,0.7517131104855137,0.692386338967574,0.3124733793821975,0.398510578402599
2024-03-21,,0.3537328695643532,,0.3976947376782638,0.2410813026993228,0.4958222337741585,0.2638892430016496,,0.2589072262621749,0.3683137975803229,,,0.677879309424437,0.7177313783472397,0.3531276756323169,0.3893907584157025
2024-03-22,,0.3414980903665439,,0.3808531723035441,0.2383193689407933,0.5225469413353737,0.2719681920820252,,0.2658184052407546,0.3700343789172349,,,0.5182394009211527,0.7172611372931409,0.3028479272453742,0.3779666350485905
2024-03-25,,0.33971888815809,,0.4778198474421005,0.2462863412524184,0.5831728660113747,0.2764091965962878,,0.2755943311987217,0.3737631538438913,,,0.6612438575228482,0.7674125585145994,0.321722266761914,0.4045946985595436
2024-03-26,,0.3296748972990374,,0.5151740658614733,0.2486274459745864,0.5249936255985023,0.2818267174816763,,0.2717262417280774,0.3614789406480665,,,0.742047203266655,0.7508514564352412,0.3252593306593652,0.4141433721637982
2024-03-27,,0.3678098510679857,,0.5288850276638324,0.2406786523250539,0.4531605594031143,0.2721572654167524,,0.2648837899224371,0.3477333530210214,,,,0.7958164397702319,0.3077194008713209,0.4166018515222213
2024-03-28,,0.3409353655198025,,0.4609049923800968,0.2240204882302486,0.5749503413385549,0.2623860653223167,,,0.3326356790901656,,,,0.7966590276407408,0.3159931634181123,0.4139183582615711
2024-04-01,,0.353228083834058,,0.6410855503112776,0.2456246638352023,0.6482489024822045,0.3206273928259118,,0.3085171344571623,0.3598560628434003,,,,0.9463152072727004,0.2889116006788863,0.4630831856802888
2024-04-02,,0.3509797175647237,,0.5919894370868829,0.2567178379086415,0.534943991763985,0.3268017789406148,,0.3143634135876711,0.3925391414802033,,0.2258007551199237,,0.859826280444124,0.2860177841242382,0.4523694727622887
2024-04-03,,0.3654581288742283,,0.7662502199152114,0.3419173175692161,0.5937550890255311,0.3440676860818378,,0.3331592873592112,0.4218548427418946,,0.2306120394498244,0.6880716846902013,0.7998127225184942,0.2134965584128438,0.4797906555101513
2024-04-04,,0.3767701695701119,,0.7052127027704295,0.3478053523035258,0.5544069197891351,0.3553822553070704,,0.3515387711951181,0.461424372814004,,0.2382959170863365,0.8035592506003227,0.7337639458315434,0.2890124842687344,0.4364825001513275
2024-04-05,,0.3755639282724138,,0.6801271156299213,0.3536664223221863,0.5219661039656659,0.349830888302019,,0.3470807582355954,0.5486437861698885,,0.2354719023949776,0.5989811308495576,0.814658384699145,0.2141073248202432,0.4722913009708624
2024-04-08,,0.3920784610197944,,0.73994753164055,0.3615425377622023,0.526524507648454,0.3520567126631743,,0.3514313803469691,0.5582856415506188,,0.2435437768021395,0.8240821190122775,0.8838083788810246,0.2151083485097455,0.5512204184073612
2024-04-09,,0.4204582553307485,,0.702841882459363,0.3619922931936709,0.5199176809622075,0.3458784675304736,,0.3455542910025616,0.5644366571198568,,0.2424848762646062,0.7310712521404873,1.1883472908297703,0.2128913912237689,0.6076647883992574
2024-04-10,,0.3955453307900114,0.7127280560652398,0.8114468021601848,0.3671270254584376,0.5158047730549175,0.3560569361456133,,0.3521406501228531,0.5835435177269721,0.6014654758349856,0.2595523495854122,0.5559347276509111,1.08861247671624,0.2195359787028425,0.5312492745134852
2024-04-11,,0.5937335537378242,0.8037080333570704,1.0211375360586716,0.3679098184329702,0.5094553365581221,0.3469284483676748,,0.3462163805373787,0.6512382883046773,0.6549305671990657,0.2541174665922696,,1.256597490028702,0.2117225581107982,0.6767781225443837
2024-04-12,,0.6940247808681218,0.787206572239582,1.0142214195282728,0.3850705267483673,0.5305213438397741,0.3581561868547359,,0.3606546208208719,0.5993593214584303,0.5844458706878517,0.2708068402272534,0.5572183675418618,1.18229082730083,0.2226096002731908,0.6293350097223843
2024-04-15,,,,,0.3947241287284455,0.5583759650704345,0.3721962103514301,,0.3737076030844496,,,0.2790933389770966,,,0.235347102918075,
2024-04-16,,,,,0.3922632594378651,0.5409747697348696,0.3676604287933396,,0.3670041326469024,,,0.2752955058159324,,,0.2298345996255112,
2024-04-17,,,,,0.3986791061063557,0.5659112950656653,0.379416319259999,,0.3784801095300593,,,0.2818053912199906,,,0.2346719109301255,
2024-04-18,,,,,0.4017331449599043,0.545759360708996,0.3914261839114843,,0.3889671730814723,,,0.2749058542822145,,,0.2296530301923743,
2024-04-19,,,,,0.4117243969662816,0.5662852092306534,0.3884577233791538,,0.3884496289723718,,,0.2778594007396927,,,0.2278182176430749,
2024-04-22,,0.2943400068177522,0.3730079301613502,0.4360742580822381,0.4120972945373912,0.5547577965839192,0.3916503614856549,,0.394977748814759,,,0.2865753632878187,0.5350908603412298,0.6906710576390188,0.2279668944110799,
2024-04-23,,0.2886102634996166,0.3888454303751349,0.4301305053425938,0.4142726969847808,0.5509954588938994,0.3839802058728029,,0.3852730940765956,,,0.2752883525766925,0.545259957258539,0.696174384984597,0.2186404722938196,
2024-04-24,,0.3009632638375398,0.4064340776430999,0.4417645569729809,0.4342355683912569,0.5774079654800367,0.3985084370323398,,0.398325832614684,,,0.2846847980722634,0.5900803365850887,0.7138001723165827,0.2156479326339888,
2024-04-25,,0.3113049206438375,0.4440073724367404,0.4477315745452682,0.4614586095195354,0.5679956408623842,0.4271790736221534,,0.4320325727882294,0.3881233568550726,,0.2909370079162314,,0.7200984640095622,,
2024-04-26,,0.3161621018926874,0.2870278169594795,0.4279515601619132,0.4527974759710411,0.570096710678213,0.3086293551915348,,0.3075025853828783,0.3671557498183727,,0.2931316369955035,0.3627503164836111,0.6893247888786374,0.2140267744086272,
2024-04-29,,0.3419924190329792,0.2928101146055041,0.4533914353638497,0.5137493253493101,0.6202521113580688,0.3172277363765298,,0.3158836165493824,0.3740627547007956,,0.2957438744870336,0.3631949798176918,0.7576363662705717,,
2024-04-30,,0.3694637807796775,0.3116073746292371,0.4636869599538342,,0.6284023240404015,0.3360384387542379,,0.3317351360596212,0.373326755483478,,0.3087015029412644,0.3717068055517893,0.7316511359888441,,
2024-05-01,,0.3695057771942894,0.2942274842186368,0.4416326827528204,0.2958260352586494,0.4607261562627136,0.3387351112831396,,0.3317008265302902,0.3606480128483305,0.4823398516543234,0.3235205129066693,0.3491968655417281,0.740547163531894,,
2024-05-02,,0.3544490324787972,0.2819704529880543,0.424446338186921,0.2691060874273978,0.430073795277152,0.3318886449954143,,0.3374005214851853,0.3325461536073055,0.4700784204482865,0.3342436570169338,0.3420415374470592,0.7519864755432506,0.2293789274459122,
2024-05-03,,0.2379403769750033,0.2754656030640993,0.4095263424567098,0.2438578517499913,0.3991049668119769,0.3210582251031368,,,0.32274443436031,0.4557767685205608,0.3273954254190924,0.3184521013231981,0.8087028615813296,0.2305691696138131,
2024-05-06,,0.2443299568142992,0.3234396416119152,0.4397634806060929,0.2535006085693235,0.4109232180540751,0.3378613223916681,,0.3399679965320782,0.3550070596314759,0.4759891910136282,0.3753113660440032,0.3368523873449816,0.8885182749388321,0.2433822079467338,0.2184629818455502
2024-05-07,,0.2225434251868975,0.3029044648316434,0.4209867069775078,0.2342033374519651,0.4148334689616836,0.3285484579740158,,0.2551302158700406,0.3592081877246185,0.4378244007288234,0.2372482364084521,0.3389087558138513,0.931759594549687,0.2588984247112272,0.1655650101529735
2024-05-08,,0.2172760108728736,0.3143048337302487,0.4174218350411293,0.2336629949142196,0.4082606916216845,0.3459054280894343,,0.2583204700862185,0.3639856263303277,0.4270595265540626,0.2439984302783489,0.3600576700051402,1.0569062183908642,0.2544260650198612,0.1591889164407361
2024-05-09,,0.2109270989190205,0.3171806906276115,0.412208011900257,0.23041407211225,0.3967628900418678,0.3413130469889672,,0.2485301310575617,0.3662630338199645,0.4159755038797353,0.2437833968527737,0.3202360008847439,1.1047486326851967,0.2612442340813062,0.1602692012877654
2024-05-10,,0.2140417414543301,0.333285290233128,0.4123262564671475,0.2212841640885219,0.3897257460692571,0.337285124194702,,0.2495344202148743,0.3550318281596995,0.4108961357622442,0.2412445688815902,0.3151313870769418,1.2004572320497098,0.2851789773130658,0.1567645045238887
2024-05-13,,0.2173282593668623,,,0.2294901359811448,0.3964092665198335,,,0.2639727629987574,,0.4217009516769441,0.2480095252741431,0.3297783877238714,,,0.1629037538767507
2024-05-14,,0.2078077313003477,,,0.229755312345763,0.3919068061010486,,,0.2517535987239559,,0.4272764212625099,0.2478187133162015,0.3326157815752266,,,0.165192638201253
2024-05-15,,0.2004589370059963,,,0.2343715191065605,0.3976530093430921,,,0.2421560803032385,,0.4225115111394912,0.2433418539803051,0.333277065575676,,,0.1631228003047418
2024-05-16,,0.1965344274403545,,,0.2310669451947073,0.4083463749468004,,,0.230133030573509,,0.418815670747402,0.1785872207471275,0.3433471030140769,,,0.1602876724200941
2024-05-17,,0.1936320766955446,,,0.2211509142564472,0.4058517723135905,,,0.2399444921695179,,0.4125599932609444,0.1750750240734239,0.3484199503384841,,,0.1547535381017629
2024-05-20,,0.1977704795093131,,0.4525621544745582,0.2279300926561409,0.4088877273648262,0.250620053142096,,0.245216662317973,,0.4272989534470937,0.1756371346929217,0.3485462629346224,0.5532276542059391,,0.1593248135447021
2024-05-21,,0.1974779759190263,,0.4564417093497262,0.225376991099239,0.4023805130359244,0.2516096139154843,,0.2258861674921123,,0.4291263340049428,0.1825296564922468,0.3413713072335123,0.5659076532071076,,0.1591582772142646
2024-05-22,,,,,0.2263392322478278,0.4210225343061576,0.2521020330900588,,0.2477314839095189,,0.4409009140658579,0.1870462921576806,0.3491492473668836,0.6460383385692577,,0.1634951529269793
2024-05-23,,0.2202567162662894,,0.4347345398151073,0.2274781751673891,0.3999191508869598,0.258109890763398,,0.2443405339439996,,0.4452249686655,0.1786593965657327,0.3370198086358716,0.5374854617729418,,0.1516181623449654
2024-05-24,,0.2128231765515899,,0.4140504992744213,0.2149447369172975,0.3760615671363609,0.2439391527053322,,0.2407004034860916,,0.426222704630582,0.1796472342061731,0.3283573362080628,0.5158454170508537,,0.1517161210209918
2024-05-28,,0.2372145445438705,,0.4477077526936043,0.2287416359628902,0.4238449633287476,0.2661236434470603,,0.2582164000762119,,0.445770279768192,0.1851000151991534,0.3631378729684725,0.5348359804919623,,0.1638522782671621
2024-05-29,,0.2476750197291262,,0.4229763601931826,0.2393544058026154,0.4341077276433057,0.27326357748739,,0.2684968759334603,,0.448456068545672,0.1957148622506508,0.3693352544420298,0.5436248051851537,,0.165442796216728
2024-05-30,,0.2601696219296568,,0.4254210924790558,0.243771953870662,0.4266926464081118,0.2737500251888868,,0.2666955333864505,,0.4597588466088776,0.1981588014634398,0.3646255756176143,0.5721086589771239,,0.1632570457016471
2024-05-31,,0.2539047457457364,,0.4038813519020959,0.2446042832937304,0.4444664934909945,0.2751629429606557,,0.2651565073762663,,0.4448289564093291,0.2004839013877197,0.3708045392283005,0.6144556670719731,,0.1580667163196157
2024-06-03,,0.27148329003209,,0.4247733307004229,0.2472561261208577,0.4676800165867728,0.2813034968255735,,0.2744066488991499,,0.4752750264365613,0.2166920544306014,0.3784261305918523,0.6817119492443479,,0.1704326656813179
2024-06-04,,0.2656401792037947,0.2336424585050168,0.4178291918257221,0.245078081567787,0.4406326420953415,0.2787205616002102,,0.2729809079945587,0.3128647297857537,0.4704751797339567,0.2418808034378838,0.3711295642454121,0.757412735537458,0.2346931276352604,0.1726976304547181
2024-06-05,,0.277151174659387,0.2380777280077559,0.4295711529949553,0.2318957154905092,0.4316435140515468,0.2760385286329191,,0.2717672450639055,0.3307678548468023,0.4740304292278184,0.266462482006447,0.3528014057476089,0.372277801496812,0.2346298663681621,0.186344363818372
2024-06-06,,0.2786899087709586,0.2421240713306961,0.4310177041538406,0.2321438605500922,0.4342854765025813,0.2839148466945066,,0.2720920643896699,0.328179248888692,0.5527039127766603,0.2729811259729743,0.3520837233277067,0.3755218890067994,0.2443982281057541,0.1833640720994551
2024-06-07,,0.2780278694904657,0.2362712175427911,0.4152791109307089,0.2211274218310606,0.4082579679839936,0.2773497683136714,,0.2641405304773306,0.3239367405761407,0.554863172556517,0.2254876236520124,0.3468479111373919,0.3519672999682954,0.2447705854426577,0.1752864882797037
2024-06-10,0.45012884144454,0.2622191862223593,0.2466404925827495,0.4360188574880467,0.2280903896949493,0.4391130905237088,0.2714601450835337,,0.2655954229586922,0.3423154982280842,0.590672597872148,0.2833886974585067,0.3593427885434386,0.3611256511757564,0.2501816424090864,0.1792385625355305
2024-06-11,0.4353364944837811,0.3342303368998787,0.2638581081771354,0.4328053788309852,0.2264374714533878,0.4189754438189963,0.2768161770940346,,0.2708147437666675,0.3504089472240569,0.6182941475869627,0.2753936650476948,0.3591480867898914,0.3636537846234979,0.2524393970197855,0.1930207977278698
2024-06-12,0.4263629230067377,0.4431921713602101,0.2891975615972151,0.4593720076711955,0.2270575589850021,0.3878571304509777,0.2691085097279681,,0.2589159290767914,0.3487329700530366,0.5964964543744246,0.2512525834203409,0.3526757479824746,0.3626572931823127,0.2438132216632881,0.1915757031512373
2024-06-13,0.3749400135138782,0.436156320952959,0.2863441563891992,0.4804774398732201,0.2365981590143766,0.3888422427969117,0.252467447462684,,0.2491922609552246,0.3490673660058027,0.6086086239628241,0.2753527398624839,0.3558122734714724,0.3489866839925549,0.2455944406752868,0.2091534037490341
2024-06-14,0.5058444457485484,0.4255977006135437,0.2920752300914433,0.4457905822630484,0.2240510330495757,0.3642820535176733,0.2532838735311268,,0.2383687298369656,0.3500230495648423,0.3989598234778255,0.3088805813229802,0.3569107054096599,0.360532672261567,0.2623888982907544,0.2155187130650503
2024-06-17,0.512528811516865,,0.3278314646431859,,,,,,,0.3591500699154169,0.5651301280044084,,0.3607168079000021,0.3744266292052459,0.2933191745394378,0.2356712540459019
2024-06-18,0.5101391328838197,,0.3177241551432897,,,,,,,0.3689290358201232,0.559082811864243,,0.3610867592311206,0.3977983213659601,0.3036354593264653,0.2473181339536178
2024-06-20,0.6449225469352365,,0.3231687213214282,,,,,,,0.3549442853449988,0.5746156413491189,,0.3730374918992217,0.4605580076493739,0.2918074443984966,0.2390594512512652
2024-06-21,,,0.3310824102469812,,,,,,,0.3324216262690667,0.566402732090119,,0.3659370806998677,0.4999000787757818,0.2755132633852857,0.2444405176753493
2024-06-24,0.5746542198139694,0.2381881298700804,0.3364770904635723,,0.2552696690863167,0.4236056290001534,0.2626822002882585,,0.2564140392186422,0.3469344555518049,0.5836049141369546,0.2253047300549191,0.3623624948782691,0.5306698394126003,0.2755783209594744,0.2314042922164432
2024-06-25,0.5358170780699585,0.2305024292703629,0.3595142794403064,,0.2560447378832985,0.4049390018968375,,,0.2804668520038928,0.3728472734280404,0.5540842976127499,0.1982325428100198,0.3498718350847153,0.5653049446576554,0.2793261243191011,0.2392382975407409
2024-06-26,0.5368654805581555,0.233455072560253,0.3708412361880387,,0.266167684033374,0.4110281382593588,0.2865508653662828,,0.3001636297635703,0.3850516133192069,0.5429365937237822,0.2151712029566677,0.3534266543867079,0.4890412518094645,0.2863533602140557,0.2202409139031698
2024-06-27,0.5201864165890605,0.2362305645427243,0.392562314960002,,0.285028212734325,0.3989966838791581,0.327212687075169,,0.3181756993338313,0.414036734070154,0.5616269822406387,0.2093990920558897,0.3545664991647791,0.5620094991292168,0.2886405717033947,0.259431300730516
2024-06-28,0.4890389214923417,,0.3532282110963037,,0.2955748957419929,0.3817619927288737,0.2691121642245638,,0.3436607128382193,0.3812787056699989,0.5677876508159713,0.2007579399468431,0.3405873468812549,0.5863536125969664,0.2820266083611622,0.246728361136693
2024-07-01,0.4820784797867782,0.2452919472476089,0.4479013998294529,,0.3038424041553788,0.4008650363893877,0.2871918625687936,,0.3569249762337166,0.4015651975891933,0.5849534587667404,0.2029542708933582,0.346039080763895,0.6139006016260986,0.2795205066704515,0.2564647576722099
2024-07-02,0.459546473517311,0.2535506433248612,0.4488609339850739,,0.3217237855774965,0.4183366442055206,0.3148921870768452,,0.3300513176483428,0.4030194746262075,0.5020003194804282,0.2138479438405286,0.3350963020817796,0.6254346572558974,0.3309484739409836,0.2916336599248427
2024-07-03,0.4805365563324392,0.252836081126903,0.4683934438963976,,0.2968523331694579,0.3924628371481237,0.3204164070641618,,0.3449345892313306,0.4091600642385354,0.5489667944716071,0.2180917800202639,0.3364052331330693,0.6577649632133395,0.2223326324861099,0.3250562146978533
2024-07-05,0.4900024428717769,0.2834995715959345,0.5757338382917285,,0.3095870161848811,0.4477698068208723,0.4196636245035109,,0.3682136659176591,0.4781232396384112,0.6217365279578758,0.3029677396964871,0.3815352365347759,0.5662086916106477,0.2541789256162063,0.2712119308516119
2024-07-08,0.50269556045779,0.2899784808368727,0.6281416194438001,,0.3555413689820857,,0.5099438564862829,,0.4614942319891479,0.4913055582263022,0.6623649061776675,0.3129547617852948,0.4700406798557828,0.5913663471724182,0.2605450278766172,0.289367871084153
2024-07-09,0.501631276609982,0.2907480022040755,0.5860183462324295,,0.3482212584752159,0.5240867400874762,0.4451681574418965,,0.5549398919520223,0.4711098069027044,0.6788198990261213,0.3363652062677316,0.4388575328344978,0.5689577443367857,0.2707098035942829,0.287538131240035
2024-07-10,0.4965650076368982,0.3087485797585242,0.6833407738987501,,0.3581245518648294,0.5709759692360049,0.3976335806427447,,0.5543086740886645,0.4713025564287511,0.6907017354890856,0.3754140617038943,0.4832170475311145,0.6597308284970451,0.2792768138296688,0.3052512662159442
2024-07-11,0.528434732957218,0.3010392963120492,0.6214456881447288,,0.3752875425858124,0.7018137376471482,0.4259404397772847,,0.5740056865170589,0.4802076616854346,0.6377274079487408,0.3628678634256394,0.4291576192276012,0.7655240743553162,0.2510962600522626,0.2808682485122025
2024-07-12,0.5366797763344977,0.3046310716171311,0.6305470688855456,,0.2490333795899444,0.8149012482326797,0.4672239478775045,,0.4401982193882027,0.4929254780699333,0.6370685939684354,0.3299119466512729,0.5340411590386338,0.9259324563700714,0.2363791282775024,0.2812804698436017
2024-07-15,0.5161934592088256,0.3368356032857763,,,,,,0.4849430891800144,,0.5218096079991474,0.6179854442896674,,,,0.2411299081170366,0.3067967107098991
2024-07-16,0.5032606940155167,0.3307843143210623,,,,,,0.4677714497745391,,0.5138286376954965,0.64207197761788,,,,0.2411091363184986,0.3045611645770612
2024-07-17,0.5093061230388037,0.3254557687722935,,,,,,0.4747919392103211,,0.5464093116813221,0.6354201955610811,,,,0.2458612019576771,0.2798261789762404
2024-07-18,0.5230754996160439,0.3178095389093065,,,,,,0.4763042919689286,,0.5427375204945235,0.6822925256770328,,,,0.2397133211621113,0.275315614008698
2024-07-19,0.5258578855270368,0.3183693794436901,,,,,,0.4647431668270663,,0.5427931049400554,0.625805025091321,,,,0.2399424433578873,0.265868891662569
2024-07-22,0.4963624332580667,0.319593175398902,,,,,,0.4668776113811414,,0.5503033860228985,0.7091794377580707,0.3188839732729182,,0.5073117202958589,0.2468511487141323,0.2801634692625003
2024-07-23,0.4906695609412521,0.3291793552145501,,,,,,0.4844218770418503,,0.5623009058638662,0.6690215460043933,0.3229762491994898,,0.5079500805266196,0.2460968275454929,0.3045264766342347
2024-07-24,0.5406765720087594,0.3271290810071054,,,,,,,,0.5998960331488118,0.5157777214782469,0.3314120374987658,,0.5829552392115024,0.2527061221876461,0.2793846588633752
2024-07-25,0.5353412737285568,0.3388075024032056,,0.5087802417152901,,0.6072291899070251,,0.4591699849565067,,0.5882636401347374,0.50816536720687,0.3329851801765565,,0.594759309411547,0.2502170873533347,0.2711377090083396
2024-07-26,0.514726587708251,0.3310289804733201,,0.4542899424167939,,0.5926040305052735,,,,0.5782456500544969,0.4838006324292732,0.3320165090741988,,0.6154913208768283,0.2374472413138737,0.2619595989366792
2024-07-29,0.5408336733080463,0.3465260675521009,,0.5084202207651699,,0.62525377259869,,0.4691284920748655,,0.6056383415874271,0.5236066949696562,0.3494617948431847,,0.6582797682012748,0.2438563580374416,0.2752370217783455
2024-07-30,0.6172574458629149,0.3580157262686451,,0.540431499039728,,0.6619981178661161,,0.4770755752599975,,0.6236085778070987,0.5177425865469761,0.3500026507350136,,0.6762586492435643,0.2447235495904362,0.2417145906448373
2024-07-31,0.5437694729032095,0.3715953605383495,,0.5226127592408514,,0.528688273235032,,0.531551818010777,,0.6027364242439943,0.5097252863660655,0.344451257942071,,0.7154377651397291,0.2485702874687724,0.3079474142856041
2024-08-01,0.6388317778500474,0.3834592474874898,,0.5527758874598611,,0.5351424617935401,,,,0.4031636916837728,0.5277004921115692,0.3854240816341554,,0.7339779395642412,0.2625451049620205,0.2681270531855459
2024-08-02,0.6870085320887036,0.3289358604595696,,0.6119953936950308,,0.5504755832901732,,,,0.4139006765024255,0.5810671337727048,0.3966389765510306,0.6440510223073447,0.7303003427123883,0.2883267156749603,0.2944651235056762
2024-08-05,,0.3966612127246169,0.4304450844309024,,0.4368217771577891,0.6431358581362716,0.4785129031819937,0.6525835516602938,0.4996836046331671,0.4679797796457557,0.6761489312581686,0.4801162537421062,,,,0.3901090777535319
2024-08-06,0.6829309019598738,0.3557269814237433,,0.5901588875310243,0.3534590227500289,0.5178556862105825,0.3767231188685348,0.545241780942142,0.3836807692214528,0.3638700986913847,0.5850763112430618,0.4481617269395333,0.4612462145400866,0.7908789886004873,,0.3056870581533336
2024-08-07,0.6996047917122626,0.3461928085906967,0.3717698432877243,0.6039837734465511,0.3498695294932931,0.5102668895549531,0.3790420950008667,0.5581821393205005,0.3919510060591479,0.3690077768508526,0.5956546908097599,0.4900752033112865,0.4837539177324508,0.8053697495981511,,0.3162612478749349
2024-08-08,0.6518003046109729,0.2988451371164973,0.3389323858178972,0.5776111846143341,0.3055982357991361,0.4660935361729449,0.359413832869219,0.5327476224788059,0.377518076169354,0.3469171050145574,0.5207544767953765,0.5160083162110521,0.4448110229215965,0.8686009993779746,0.319604882990919,0.2921496081892972
2024-08-09,0.6397811980651008,0.262331378253902,0.3182252219084301,0.5501168811405489,0.281604018938936,0.453456257084418,0.3618478318332495,0.5142846252922709,0.3845310201058311,0.3263517369979754,0.4865223001693368,0.5182948250211615,0.4303966079901763,0.8715476006379923,0.3103325308170118,0.2568366079897569
2024-08-12,0.6520056004586541,,,0.5603353756945348,,0.4555942802497382,,0.5287570849749942,,0.3180143835406387,,,0.4362159005104404,,,
2024-08-13,0.6475912246678565,,,0.5488127226235554,,0.4351998274642702,,0.5476526832868759,,0.3057090708068622,,,0.4098979499891171,,,
2024-08-14,0.6315446073994957,,,0.561539851408912,,0.426814695586526,,0.5155583153435179,,0.2905803488298978,,,0.4063986233153177,,,
2024-08-15,0.638872890662874,,,0.6028797965256371,,0.4391979515864782,,0.5356400928527374,,0.2907240794389681,,,0.3925363977530918,,,
2024-08-16,0.6250713027154369,,,0.5927703507283686,,0.4367265416643488,,0.5381238046708758,,0.2870819403191977,,,0.3905234931308355,,,
2024-08-19,0.6410054255657527,0.2457011767723302,0.2476149020611825,0.6132487272191542,0.2431164402934273,0.4498853495337614,0.3048354021865122,0.5467258513897202,0.288746082386091,0.2852237539852458,0.4915544297803175,0.1806043512208584,0.3937658833646649,0.3468615118672215,,0.237993527250949
2024-08-20,0.6931768074249788,0.2507827789786056,0.2635231105836361,0.6349463580733924,0.2482294826413476,0.4689995694245928,0.3164566106829018,0.5547082763916841,0.3253055644897153,0.2937671917557284,0.4925564623567479,0.1848801773690266,0.3993080131726246,0.3667941649961784,,0.2510406602650973
2024-08-21,0.667767164605233,0.2515197974856715,0.2623258131288492,0.6445697956828529,0.2533976361679239,0.4608997255504132,0.2922688215143253,0.5577083815758891,0.2980621162692939,0.3043790490787977,0.484475400757791,0.1890379514096631,0.3950962707272103,0.3890714289918789,,0.2579277429743237
2024-08-22,0.7533695401932887,0.2578833649314192,0.2662220613586329,0.6090687521248197,0.2721988564160057,0.4782350849201329,0.2950375661214597,0.6401089947427,0.3037705378548342,0.3171571765848228,0.4966184982607993,0.2040924283273585,0.4416689654576228,0.3948943715910972,,0.2554679128998415
2024-08-23,0.7019601584657092,0.2541292147619188,0.2487328809698613,0.5806680169140245,0.2530971601023833,0.4530444452787217,0.2845745596561054,,0.3215417386380241,0.2950442200063285,0.4711275968082575,0.1861678579951332,0.4108288207438903,0.4069154972661593,,0.2465586336578359
2024-08-26,0.7357689551485451,0.2743872168723534,0.2585775281980711,0.6114526791532353,0.2615715416700967,0.49801726423465,0.3020112464354302,0.6072686524107181,0.2982917824117002,0.3042657685192779,0.4896934723998613,0.1947830213874336,0.4459986278893431,0.4367656119582319,,0.2435388483298114
2024-08-27,0.7516619886930594,0.2779700576563989,0.2564564363462531,0.5935395715298438,0.2718901538524128,0.4792671559414618,0.3030998809489728,0.6067596360326833,0.2696148367084444,0.3002129617824748,0.4892477499107089,0.1979362431817795,0.4396246356558094,0.4288924042182964,,0.246942837789078
2024-08-28,0.704310699121019,0.2813760248727505,0.2659199708025681,0.6028586258955132,0.2831321652955049,0.4888925473979631,0.2879096196109206,0.623727309082605,0.3007432597330811,,0.4955544227708626,0.1973181453840158,0.478642046362304,0.3839363093486404,,0.2473041768868215
2024-08-29,0.5331711371005218,0.3037549272497007,0.2550881643536559,0.5338546350469737,0.2721157316820072,0.434205520523548,0.2812686707883845,0.5828004798016388,0.2914592233971748,0.2891127367094325,0.4788357737377904,0.2027257037186534,0.4339603203669858,0.429088550716853,,0.2394394146122917
2024-08-30,0.4518791530352179,0.277656576732305,0.2370366164754597,0.5165638980965302,0.235462687628894,0.4039271693068819,0.2579000266159355,,0.2745040429088513,0.262270853939735,0.4449259592334958,0.2030628528245303,0.4401156831924389,0.4230056883459286,,0.2238095505890008
2024-09-03,0.5745992807511787,0.3035332230210341,0.2742401318990913,0.5598817115015112,0.2866664465839031,0.4818876031937709,0.2902832831602033,,0.294217293394613,0.3052357142077119,0.5060688857392731,0.2403251546469956,0.5161588513346286,0.4599866863453946,0.3055206784707287,0.2365296556046026
2024-09-04,0.5672155489097891,0.3050383274875636,0.280821323433747,0.5396292629886517,0.294073861456649,0.4659412729131674,0.2912031016713796,0.6374464062265267,0.2924620495583723,0.3078087069343302,0.5800081853870879,0.2045281144005939,0.5051385266279689,0.434365853160322,0.3140981494156151,0.1986790845611909
2024-09-05,0.5299674070056783,0.3158807479141037,,0.5513380907323171,0.2737661290326444,0.4647563743135571,0.2888930663746341,,0.282762256142552,0.3006001490030829,0.6142400340937693,0.2022013184755179,0.5144225817485962,0.2277230327103863,0.3199307386121377,0.1998576593454887
2024-09-06,0.5620131505558105,0.3381346253278449,,0.5398716021322616,0.2941873248759913,0.4789462208146619,0.299648090528486,,0.2963566308005502,0.3337791343218843,0.6433081993032409,0.2045111108850721,0.5573349339935514,0.3744815772957707,0.3221035342053904,0.2012040603913103
2024-09-09,0.5343924917195921,0.3275606947121244,0.2835094968536178,0.5490011368949789,0.2741001619221443,0.4697449415848061,0.322828603165275,,0.2838020158719634,0.321023229985381,0.6241297896343163,0.208048704008545,0.540222019155643,0.4246817983892959,0.3380077296446512,0.1997115294940326
2024-09-10,0.5185842181993116,0.3060359937558425,,0.5268657168361169,0.2777275767127579,0.4882975223147703,0.335889992098657,0.515400237895048,0.2810174748317148,0.3277621616491141,0.6328649725558341,0.2265401911078967,0.5291417939173108,0.4241786603747177,0.3331429799389757,0.2000452478025557
2024-09-11,0.5168374258121954,0.2838147296591721,,0.5513921047401006,0.2673556122482391,0.4898631420120173,,,0.2744853432512407,0.3142801912975994,0.6410788463288293,0.2162979718358803,0.4965427767237,0.4471949350538602,0.3411075418899478,0.1986188098244977
2024-09-12,0.5170858219250598,0.2933890057796247,0.350821658818306,0.5197778232882151,0.266170607524257,0.4679615402655618,0.2869957512316316,0.5616473808128379,0.2739068688891405,0.3107293185207209,0.6348009939412746,0.2297962332391742,0.5028935049352786,0.4811696614475704,0.3510121774643348,0.2002730970936066
2024-09-13,0.4925816151374506,0.2730825750132618,0.3754142593052534,0.5354977412650156,0.2586458567413587,0.4649764088659913,0.2788556144091543,0.5515899206283409,0.2652114840307997,0.3036748899700778,0.631096960601295,0.2413263919186844,0.4932379117569295,0.5511658449604246,0.3519572003417797,0.1992679196898085
2024-09-16,0.4861449098908968,,,,0.265951625913362,0.4772208367678732,,,0.264857679282957,,0.6350591620885713,0.2552849061348922,0.5228265675007602,0.250858978639899,0.3562356017501084,0.2044245064920303
2024-09-17,0.4786927378435311,,,,0.2685180635328273,0.4708089517986948,,,0.2671253814512608,,0.6361622823973949,0.2283198861284876,0.5198267109649131,,0.3492803720818538,0.2078192205767172
2024-09-18,0.4855573067196702,,,,0.2627258204080347,0.4684108732350476,,,0.2720989917595146,,0.6297243761336809,0.2361338442023582,0.5165905981956487,,0.3490837590075281,0.2095884610929276
2024-09-19,0.4551923683336235,,,,0.2472998836214451,0.4576230321692578,,,0.2694766952579859,,0.648342647658887,0.2181807179903643,0.4851768688221593,0.233695430874764,0.353384960696303,0.2031493724436578
2024-09-20,0.4574560280721553,,,,0.2287663227255408,0.4454820358864317,,,0.2567991121470332,,0.6233754757601009,0.2289351083541233,0.6238127346853986,0.2438352236081213,0.3583792868868662,0.1937580600740752
2024-09-23,0.4399166178136584,0.2316056166109541,,,0.2447988207030759,0.4453137437567598,0.2589073284292356,0.461304104523974,0.2531807300049817,,0.6831003220007115,0.2559001914943023,0.5484556596494033,0.2387189435052461,0.3684083485495432,0.1981490181700049
2024-09-24,0.4370291801086363,0.2261218500361264,,,0.2436858974412273,0.4376386906621345,0.2612073330809744,0.4436897058797345,0.2561437977384642,,0.7028788163164241,0.2655561523963625,0.5132792410199059,0.2371029383514662,0.3571123544467901,0.2045771034346719
2024-09-25,0.4438687280868489,0.2357615356616131,,,0.2461745107941136,0.4503484564324984,0.2626160571398654,0.4455381699922969,0.253845007531872,,0.7132640776602277,0.2908297090666122,0.5152762896094015,0.2428594990027606,0.3685931813540218,0.2183012861588208
2024-09-26,0.4435072874947539,0.2313648574862155,,0.4755344406894698,0.2516490413574671,0.4427284977833131,0.266708853888884,0.4765788152252673,0.2569610729591187,,0.7085169817920441,0.2656201108758927,0.4819334134870974,0.2507325250324098,0.3911869502672652,0.2197494745804319
2024-09-27,0.4528112880908946,0.2388752699236644,,0.4558059239004365,0.2479425352663901,0.4472119958033203,0.2747437273846701,,0.2661009110904735,,0.7864897753635258,0.2594505664616764,0.4662550486743531,0.2544282522032153,0.2876788770762519,0.2130032140037499
2024-09-30,0.4425499238631227,0.260681593083506,,0.4591911803167527,0.2623954609094567,0.4590595787577223,0.3051563930992145,0.4702229708648583,0.2940505454064454,,0.799026240285997,0.3036603515059173,0.4786350784269755,0.2635631648551411,0.2898849610279158,0.2205776283431511
2024-10-01,0.4705376674353511,0.2523897288312831,,0.4733065592754039,0.2680367662335707,0.4785322295457094,0.3309842984916143,,0.3163268748080857,0.4609086884764344,0.7661886799841647,0.3295879089159386,0.4915167235481365,0.3488966243630005,0.2836177611852044,0.2221322410797027
2024-10-02,0.4475901136916522,0.248423586546047,,0.4709381381757656,0.2702389141166278,0.5643967236197212,0.3211956688823466,0.4542643613224392,0.3140217234261028,0.4608465795920817,0.6838410832501376,0.3081535628817397,0.488712702026033,0.3405810468308652,0.2814874023653351,0.2281513844994564
2024-10-03,0.4858473969435672,0.2478824708785841,,0.4847292073252472,0.278846621720743,0.581358650660949,0.3306879179984943,,0.318094033553166,0.475562439028025,0.6705605640448338,0.2618351221265554,0.5131446060922519,0.3409994666501041,0.2773034034024754,0.2250779203906649
2024-10-04,0.4570278241345967,0.2281295978921277,,0.447279862542583,0.2577929073776484,0.574160027900467,0.3164392375605858,0.4512033757205749,0.3067551523191362,0.4783498682254323,0.6477297006600683,0.2610870381471183,0.4820599661773001,0.3308668198921075,0.2755843327221811,0.2213289319101386
2024-10-07,0.4841774714363026,0.2624852977240048,0.339393504217353,0.5016249196783847,0.3010022570805776,0.6176206052280266,0.3441950836044312,,0.3317335481619287,0.4975094524502603,0.6917969519929547,0.2633738926801761,0.5296845439281356,0.3507646312325846,0.2984619119228328,0.2362219234501661
2024-10-08,0.475508958804987,0.254350378415794,0.3517409665636699,0.4780774070020782,0.2745596855531746,0.6121129933670963,0.3378521504140926,0.5689714781589202,0.3282714970508047,0.49115476208754,0.672108980208137,0.2576496447344799,0.5094911223933811,0.3508872811832353,0.3167600918691215,0.2487750573609289
2024-10-09,0.462448054720642,0.253821078215711,0.3696478864272279,0.4672776530823143,0.2622001254145973,0.6103981434344206,0.2993614787738797,0.5673238113842365,0.2872133202580033,0.4917133216623755,0.6869306058070294,0.2555719641810327,0.506834966598788,0.3653352242682427,0.3945472114171847,0.2534178760835883
2024-10-10,0.4775877792142357,0.2477334632678262,0.3479740503368477,0.4559749726148542,0.2535497453653821,0.5888638877130559,0.2965536006398108,0.5848501748789798,0.2844703236519998,0.4936485982254685,0.7002945095492532,0.2520269472238925,0.4998798121589992,0.3682782596955489,0.3290530163560676,0.2562302623313185
2024-10-11,0.4569490671365386,0.227728209336696,0.3311421197846595,0.407826933034404,0.229835471609338,0.5721303054755128,0.2856878548381947,,0.2702912024253918,0.4917413312235261,0.6634827773596297,0.2469897422407691,0.4550765976242342,0.3881054961296789,0.3091112104387559,0.2310643178722273
2024-10-14,0.467839875654314,,,,,0.5733339486870832,,,,0.5047679998995254,0.6374779548950645,0.2542574957640824,,0.4032105502576821,,
2024-10-15,0.5011036678380999,,,,,0.5907677527326225,,,,0.5093600933430902,0.640297432944042,0.2692102900636752,,0.4180430160642695,,
2024-10-16,0.4894829262093761,,,,,0.5860664664686525,,,,0.5061915343338884,0.6289530317546286,0.2699882349200513,,0.4885444784156195,,
2024-10-17,0.496248606401922,,,,,0.581091696155845,,,,0.5098238814151328,0.6173184731490027,0.2633633243361751,,0.4785894894121422,,
2024-10-18,0.4676335653768205,,,,,0.5623400495665127,,,,0.4982110224210979,0.6164021911226293,0.2649508215635999,,0.4885650891559007,,
2024-10-21,0.5077279474053137,0.3648328873829189,0.4044224802440883,,0.3737679197632307,0.5881091207269126,0.369573546597294,0.6179323985269604,0.3750113029065131,0.5181224551818323,0.6522372161251683,0.26735608451314,,0.5024394380096028,0.2570972051813525,0.2634021722455534
2024-10-22,0.5096791689072278,0.3645006291676629,0.4434305958640663,,0.3914842648420815,0.5850869224269358,0.3880970147923296,0.6158951478548327,0.38842359860052,0.5428782673938302,0.6805079820380863,0.2966932497803219,0.6946545115668198,0.5115823036881859,0.2642274949013007,0.2605730726343068
2024-10-23,0.5065634307876212,0.3585300119131744,0.4489311762130132,,0.4139439732190357,0.5942894179578845,0.4003303117294168,0.5940473753840271,0.4029135211670472,0.5518048568842552,0.7233731040128074,0.3211589064160668,0.7084550796595491,0.5150601533948401,0.2808318648809716,0.2694734559812062
2024-10-24,0.4922005431212167,0.3816263341638148,0.4590062603417963,,0.4109025983015471,0.5944694521824317,0.4083953703605664,0.5878808134350391,0.4095448229546415,0.5515116288175631,0.6295213729315999,0.3199458499605713,0.6991501443086714,0.517749557368051,0.2747663648710016,0.2750786153518537
2024-10-25,0.4826600843673801,0.3419968205227668,0.4749557248101189,,0.4217901102219042,0.601916292254197,0.427054419080331,0.600446354686685,0.4306245279819741,0.5678303233916163,0.6449679714245644,0.3053476286915271,0.7071363006641959,0.5199515744527737,0.2731519883995687,0.2769517881399219
2024-10-28,0.4899824570817831,0.3815486474856381,0.516499091360747,,0.4558195578746619,0.652664622133085,0.4865797633516487,0.6139627011177302,0.505862855318326,0.6092558305766567,0.6269808038349842,0.3261982104168319,0.7526629539108494,0.5257545830134128,0.2807714624363955,0.2971356695579559
2024-10-29,0.4936554247943044,0.3928737041714934,0.5543642505045768,,0.4644130900285763,0.7001312326160226,0.5105185347284563,0.7591681488120163,,0.6326978745395756,0.607642644843744,0.3136006146693622,0.7843474300549035,0.5661448873650567,0.2791700904994132,0.3447223199700465
2024-10-30,0.4887924075197168,0.3885948917550619,0.5558539695204142,,0.4839369011128007,0.5152130589651905,0.3364748778486886,0.7258644248209539,0.3897631454823152,0.6976263042997068,0.6251053750414401,0.3177196143465723,0.857050034868609,0.5973136124938866,0.2803282286533725,0.2975012744367641
2024-10-31,0.5213730782032678,,0.3792460651503674,,0.5291480163961494,0.51625273932485,0.3396608206739895,0.650356369171073,0.3334295627271256,0.4349886302183442,0.6510215232782339,0.346802570438343,0.9302637372180964,0.6020601907739249,0.2968547968603134,0.3115695947386133
2024-11-01,0.4779514775365602,0.3155071440080714,0.3401308259588898,,0.2968020494875146,0.4627863453113023,0.3101100389837141,0.6031319905130578,0.3137493362630146,0.4074403924726025,0.6419010834386742,0.3476757305446245,0.5590854801221198,0.6538560531788127,0.2868108503470536,0.3031763678522644
2024-11-04,0.5042960442652985,0.3231199160516535,0.3727797990328541,0.5910933390803081,0.2865799141139967,0.4871797976528801,0.3123886340089543,0.6762144431817517,0.3187292519892092,0.427753317434269,0.8129169205279851,0.380925966757276,0.6035987788502448,0.7667369234199344,0.3242481017345058,0.321262613705209
2024-11-05,0.5567710125361188,0.3247492352247267,0.2455972801280921,0.6009861228963991,0.2438159528919696,0.5240588651753049,0.2511454440439793,0.7610897437752671,0.3182560925800665,0.4605010031182669,0.6692943891927698,0.4192157340180606,0.5746681150048498,0.8127391616622429,0.2859178662524598,0.3473109171756615
2024-11-06,0.5656653074668073,0.282944732958967,0.2298172302213797,0.6239774392564095,0.2437161356281009,0.3937369661079438,0.2372130837486738,0.8169160811183699,0.3430112783092597,0.4088730108304508,0.6342618410639198,0.3521552330556199,0.5350459285810253,0.8977804422875755,0.272047100118639,0.3319936141404178
2024-11-07,0.5240763059589888,,0.2332774034374514,0.6594696420382239,0.2354116550205372,0.4459694329087435,0.2248189971862531,0.9633960582417564,0.4339288560328826,0.5042522032426751,0.6011306796714817,0.375249937284131,,0.9720016839561676,0.2738530025815776,0.4255384929759603
2024-11-08,0.5035553946715396,0.3075629174203789,0.2256319704523577,0.6047219760576562,0.2317776964498796,0.4364072364309178,0.2240828440318627,0.979660252744704,0.444335792229147,0.5027382117263418,0.6402843909933349,0.465498561537336,0.4480832047712264,1.0191573546761483,0.2942295546373257,0.4231583385073753
2024-11-11,0.5347249567788641,,0.2323140366612252,0.6082561170793591,0.2458368667439622,,0.2347871983844359,,,,0.7173342606369192,,,,0.2847634137614577,
2024-11-12,0.557517345586489,,0.2390283143491917,0.5969613437034337,0.2456628164390503,,0.2358879736415789,,,,0.6733424234478854,,,,0.2881930219154711,
2024-11-13,0.5583142624082955,,0.2429962033012756,0.5746028805137329,0.2478054739415462,,0.2348199178269064,,,,0.6842423474926643,,,,0.2852283876833698,
2024-11-14,0.5613743212543498,,0.2417229883442669,0.5752939470788797,0.2479326364102513,,0.2375525930598658,,,,0.6795653995193397,,,,0.278687995729922,
2024-11-15,0.5867808844344096,,0.2397657869152386,0.5649116707582447,0.2700347728790988,,0.2501572368635867,,,,0.6810393347289344,,,,0.2799793223268062,
2024-11-18,0.5729130594897944,,0.2379723355343253,0.525826832024715,0.2770452300659727,,0.243759426032472,,0.2437432660038238,0.2983513184029412,0.7007721787553604,,,0.3767460842808265,0.2949887999369447,0.1950187062636294
2024-11-19,0.570596700256084,,0.2350661781031097,0.5890277652107238,0.2649987941800288,,0.2428666365788143,,0.2380835172750378,0.3017561518561542,0.6970510100848163,0.2328453859554919,0.5397766647226114,0.3515393119496514,0.3010358903145529,0.2050893644886886
2024-11-20,0.5806803406034878,,0.2418091303346922,0.6173744938392743,0.2774864245390714,,0.2492993505446737,,0.2578005144963156,0.3106530897359035,0.6865071359488508,0.2274383965489789,0.5518906819178094,0.395130240274413,0.3074173919361146,0.209591284152358
2024-11-21,0.4739947267155912,,0.2298818423282834,0.617510837612109,0.2908012201873582,,0.3006689702856716,,,0.3085734980123694,0.6626148350578616,0.2343594358680048,,0.4123108773401514,0.3274791509687885,0.1997088838282081
2024-11-22,0.4334202039912707,,0.2197720359260133,0.6351347899171177,0.2932968194298933,,0.3066172867380006,,0.3037541963222779,0.2914168490217005,0.6736664072235253,0.2556861295433338,,0.4539760091609377,0.3202871735550971,0.190103752931603
2024-11-25,0.4304421848119566,0.1911037212300372,0.2211408432896785,0.7196540677884136,0.2816944757696277,,0.2826784341327818,,0.2852291631603789,0.2949051392715901,0.6504203899344643,0.2481219376390895,,,0.3145048033923612,0.190396894304919
2024-11-26,0.400599279259613,0.1874244169381229,0.2223307062856265,0.6651690166463,0.2689984259343631,,0.2725259840669263,,0.2759596191201569,0.2887271151250072,0.6000155735251296,0.2675082013915925,0.5566728405719816,0.4810952098482663,0.3308347578974084,0.1902118433389466
2024-11-27,0.3874047688322944,0.1868207529991084,0.2189670602742724,0.6006384443471952,0.2658828017451322,,0.269787746050972,,0.2732818416584926,0.2812408406663984,0.5761598128239647,0.2727676043534398,,0.5274954939402419,0.3164963617887246,0.1751846799516878
2024-11-29,0.39357810482549,0.1861698657992516,0.2258960307547741,0.7208219729104623,0.2640585595554441,,0.2756976079991277,,0.2776369835332553,0.2826384730400421,0.5612000757055707,0.2804252918221435,0.4595132036530793,0.5383805161944842,0.3386146019970624,0.1842147474259337
2024-12-02,0.3944657851304076,0.1933361401359198,0.25932240145184,0.6326518295374062,0.2637778087286486,,0.2737873936496596,,0.2729296207451948,0.3228753404832815,0.5957425520230668,0.3078508557181066,,0.599178298992682,0.383663041333494,0.2155459140456888
2024-12-03,0.387010621859172,0.1917838600758639,0.2599606222934685,0.7799550282928538,0.250901981463961,,0.2690818904868255,0.4787697088467277,,0.3626190679483401,0.5605476898921973,0.3379395483257962,0.5540196274348793,,0.3889032454126034,0.2252781226960149
2024-12-04,0.4066886774527261,0.1891656885602736,0.2948478270745242,0.5340249912598461,0.2556312730052398,,0.2429046456950124,0.4805557733467354,,0.3566830176368726,0.5737552013894393,0.3688327901970666,0.5660453303194424,0.592075782712025,0.3995545500602555,0.233912097442837
2024-12-05,0.3936234529807753,0.1854011083331944,0.3114087659302268,0.5481250504176907,0.2496958011908129,,0.2489031890262377,0.4882418688578323,,0.2993490404491915,0.5889872293167167,0.3185277330251991,0.6241707061022097,0.6212271214098787,0.3101853503830846,0.2251921303375386
2024-12-06,0.3967461450440238,0.1807995167377417,0.3445822906722268,0.5467766640546017,0.2491147162611016,,0.2432932642669338,,0.2683402869380529,0.3065951084488096,0.6008338029342015,0.3234818497665197,0.4838539434473315,,0.3123047475087602,0.2467356047933561
2024-12-09,0.4186023224572265,0.205793123881733,0.4030225713194462,0.5664464300855067,0.2647983006172871,,0.2562618778931247,,0.2858763742373388,0.3038351329687675,0.6582139865065296,0.3052138575167329,0.537933674101599,,0.3134096033069167,0.2562535637491634
2024-12-10,0.4199158874906646,0.2105902204872841,0.3849519767606407,0.600714379417431,0.2636574668266697,,0.2561742929291612,0.5121978822306316,0.3043279797298803,0.3180798344870826,0.63586049313793,0.3228658505678494,0.6172252725051444,0.7642735433674317,0.3292711558360099,0.2678239029287692
2024-12-11,0.4176218093914125,0.2125657318735392,0.4653615311185507,0.5951939972939275,0.2607289916232592,0.4510395879999709,0.3117290724672313,,0.4446777478429439,0.3203238771200825,0.6299070068085348,0.3332725465502882,0.4886740704436899,0.7134408298381155,0.3275806915453443,0.3117763331491122
2024-12-12,0.4161202718635979,0.2189429337021426,0.4883770138181804,0.6110815483465675,0.2618910899777353,0.4446786094602308,0.2753979468187769,0.5203853475908027,0.33557745477624,0.3167702177659711,0.579484273769028,0.3183702928111783,0.45324043990002,,0.3467033189060768,0.2922763924828601
2024-12-13,0.4284583669594398,0.2046499144403747,0.4760643332798785,0.6258539681295586,0.2593839308434587,0.4876877905154704,0.2723617529426191,0.4480377941322657,0.308432933705387,0.3016621268521223,0.5658670144360226,0.3155547192291192,0.4986678107737607,,0.2848701994007584,0.3319813277775189
2024-12-16,0.4664617095228085,,,0.6993786731345799,0.273066936974791,,0.3171647979694632,0.5487652395948103,,0.3309304166878399,,0.3414332062791712,,,0.3103123048229327,
2024-12-17,0.483135991371055,,,0.7273502609461309,0.2806626337521988,,0.2988752557612821,0.5032139614197106,,0.3368986029822697,,0.3558777056559949,,,0.3074627995712232,
2024-12-18,,,,0.7123932392740894,0.3144017560851136,,,0.520565832908958,,0.3705128025587486,,0.3358456235002435,,,0.3125918899320895,
2024-12-19,0.5227326062362292,,,,0.3129053023008032,,0.3121693987395996,0.4624286917794037,,0.3650131163545326,,0.3439712543275587,,,0.3052822501441568,
2024-12-20,0.4717960294310936,,,0.4294535782327488,0.2860772632527013,,0.2947266410572507,0.4417844923972518,,0.3502842507844886,,0.2927849201331968,,,0.2651958765681879,
2024-12-23,0.4436591048712349,0.4624186354198432,0.3265211338798268,0.4300643252962837,0.2618491832261229,,0.2842846135416696,0.4707230490777656,,0.3227191730752674,0.6326042534084192,0.2689654067531579,0.4931246934502398,0.3446702754640181,0.252712560609636,0.2296549934579166
2024-12-24,0.4380084477984589,0.4725343587007092,0.3196157291427348,0.4227951808909537,0.2417405545338709,0.407229521872731,0.2678182119888879,0.4676109721840665,0.2675126189500451,0.3074397489192914,0.6456566994423045,0.2964385500156284,0.4518015285951439,0.3819250764127891,0.2528430524453156,0.2369904094967052
2024-12-26,0.415484088261371,0.5398534802411816,0.3253604864033432,0.4242008768337142,0.2519688271578292,0.3937733914683253,0.2687182668664652,0.5126895219021598,0.2444540120152759,0.3187971930810956,0.6443564907964362,0.3151120740301302,,,0.2612361601296393,0.2351691474328515
2024-12-27,0.4273233299102794,0.4249670657782544,0.2844600565168368,0.4252618992842727,0.2566591335196015,0.4074316516022966,0.2899770366364304,0.5079199302818429,0.2711048873125926,0.3188209415907393,0.618179228495511,0.3083085476130118,0.4701366238442375,0.4123347617222146,0.2462077014127857,0.2314163682514006
2024-12-30,0.4477917826478493,0.4875284749205248,0.2794362034237412,,0.2591657846911574,0.4126901407193133,0.2956562582125523,0.4789429656502917,,0.3236070233677435,0.6084681645199171,0.2868504454602261,0.4965781979726939,0.378498908171365,0.2312383461639102,0.2188950656628844
2024-12-31,0.4433954964645955,0.4585984073955296,,,0.2662347208817003,0.4019704496293939,0.2765062955420742,0.4923251781055879,0.2726697032512308,0.3150863383714145,0.6208565848195932,0.2884723881482512,0.4893551473535648,0.393339531243026,0.226610123390677,0.2185524047592476
2025-01-02,0.4590522258324419,0.4096405649693151,,,0.2695656890798634,0.3994001815540481,0.2780941634610817,0.4685302886692526,,0.3323652213760999,0.5928037202847884,0.2849181680743853,0.4545333503688563,,0.2257406029888925,0.2289965585664004
2025-01-03,0.45119866808631,0.3948961915340073,0.2568562637021038,0.4397752142635446,0.2485716520540275,0.3841515753193358,0.2524383484135185,0.4593020642364382,0.2496788923858179,0.312150932613698,0.5823353084055963,0.2868161391104796,0.4375294281833615,0.4045106464428398,0.2282333319752958,0.2171804994051474
2025-01-06,0.5538137818144222,0.4783274391935135,0.3257520565403809,0.496698093027117,0.2703445632499998,0.4350549071978537,0.2935301561148557,0.5081382247800171,0.3020259172427901,0.3902766080101236,0.63290900882778,0.3361646916847564,0.507895816634217,0.4370937204219001,0.2541322336388167,0.2719874167726824
2025-01-07,0.476366419239068,0.2566028730778918,0.3119326878305919,0.5356506533397014,0.2726547099344309,0.4308657285581083,0.3242258975564462,0.4844516759209497,0.3872318618977081,0.416676110554136,0.6450602430746442,0.329338325235567,0.5333411874846169,0.4549473518865813,0.2528354339504514,0.2568805388444068
2025-01-08,0.4514522681666601,0.2546063984492333,0.3158899793548664,0.494293764514546,0.2649912985302763,0.3997039093209726,0.3015933371808947,0.4787249896008489,0.3697344289559169,0.4229936874416259,0.5950689133343141,0.3666940594663511,0.5070287007348913,0.5054804437737874,0.2721735711708137,0.2429141615747318
2025-01-10,0.439532668209103,0.2595449280288467,0.3124844183206002,0.5075896235078987,0.271997693576982,0.4109094499224921,0.3204690792034856,0.4670933843418446,0.3773571652406131,0.4275876781062739,0.5830174719611623,0.4753328880097424,0.5779500273118475,0.4916085772282186,0.2995447108086033,0.2378570235895401
2025-01-13,0.4660385961403435,0.2616678806293173,,,,,,0.473527561648814,0.3763394358623274,0.4361011938919548,,,,,,
2025-01-14,0.4355103658075328,0.2587428793340705,,,,,,0.4844666130173555,0.3763766069706529,0.4343116000765726,,,,,,
2025-01-15,0.4121899601310926,0.2439235567446836,,,,,,0.4513085070682021,0.3826462303234707,0.4224311726957245,,,,,,
2025-01-16,0.4037400884582235,0.2683711456229847,,,,,,0.4499025080861292,0.3740577138161453,0.4236599628452788,,,,,,
2025-01-17,0.3813382731372891,0.2553636285582053,,,,,,0.483131463503614,0.4040066730532137,0.4262259285649968,,,0.6244839486044085,,,
2025-01-21,0.3923875498921155,0.28712915039113,,0.4376400206701674,0.3575379373602558,0.4752069301107993,0.4605846998549259,0.5089491783697296,0.4269549459546343,0.4264704114388958,,0.3354867022688788,0.6366148572560831,0.372478467057546,,0.216497794833717
2025-01-22,0.4047405985459197,0.3039866134577468,,0.454809488268653,0.3728131324039904,0.4789606696283576,0.4300255322089499,0.5301068203250686,0.4236332998296321,0.4408949738002229,,0.3419486598618221,0.6717877235881203,0.3997925697881105,,0.2162809524492431
2025-01-23,0.392640496521723,0.3031824993737207,,0.3793912270791212,0.3681748541167889,0.4828265334577739,0.46891317291076,0.5217683722890653,0.4783483261287349,0.447233715082571,,0.3501124361057096,0.6463145995372722,0.4344354555281791,,0.2176713575732292
2025-01-24,0.4037364450922255,0.3111246288599125,,0.3687574515384069,0.3665586792754379,0.5013157237538276,0.441322718748993,0.5194576437593659,0.4433525385059433,0.4407320175690569,,0.3626098096857632,,0.404493069320709,,0.212386269814421
2025-01-27,0.6234584297467183,0.3217484923815263,,0.5261884753588792,0.4169928830054884,0.6154803864870094,0.4691821717867943,0.6020694596036127,0.5098949146744943,0.472175364172105,,0.4148517642423723,,0.4151496480841293,,0.2274870413818488
2025-01-28,,0.3244829208792976,,0.5049330067509085,0.4300915366884577,0.5748137169395101,0.4741263641360563,0.5195808122854905,0.4730494855134932,0.4763236708280858,,0.4289441665999035,,0.4067900041113735,,0.2237943411055325
2025-01-29,0.5633703020232635,0.3249039511524612,,0.5423024763870259,0.4572640648494681,0.6014388183011865,0.5236911816954468,0.5148130052622002,0.4713388866026615,0.5113726337191893,,0.4381339642707513,,0.4489377968449516,,0.2171011395820735
2025-01-30,0.5794419637486508,0.3217423412906155,,0.5065812895866701,0.43257608528232,0.5734542459779044,0.5065689823672916,0.5209758243400856,0.4871958316817956,0.3346691543896992,,0.4635030205597235,,0.4374446633577917,,0.2275893490777693
2025-01-31,0.6255514487275255,0.2444212695237067,,0.487256014165013,0.4329643506332785,0.577899712022534,0.52708608201767,0.5259165176465865,0.5317320165509771,0.3251133343094725,0.5697013894208675,0.4542910662212593,,0.440107741373841,,0.2230879465387928
2025-02-03,0.6138109914951282,0.2725351307726764,,0.5112978152823505,0.4786022837896347,0.6337890927058131,0.6107953067410816,0.5491170299812228,0.5516403511915694,0.3604948731974012,0.5936813730425446,0.5289713267667447,,0.5027128597889186,,0.2448846392914621
2025-02-04,0.5481402316316747,0.2435355868207526,,0.4881334460370578,0.4821781144779427,,0.5708427999095794,0.5588965737868016,0.6534519185284774,0.3504290654319211,0.6319059606864545,0.5641563242878407,,0.4937273934481143,0.404748727883483,0.2239674391408187
2025-02-05,0.4887743785717022,0.23930695274369,,0.4488517946817763,0.4931614882853257,0.387270664971352,0.3779556048564742,0.6784898745052009,0.3970998127046096,0.3486505279173802,0.5317579806979743,0.6292673228954012,,0.5505092747891276,0.4308367636684782,0.2454072215979961
2025-02-06,0.6137336362677982,0.2216686292947805,,0.4459045718057411,0.3865386863130642,0.3680539124933532,0.3898027437277934,0.6771448144958472,0.409383409942459,0.4292030157970438,0.5236804316956647,0.5699215202230837,,0.5467063920070414,0.4376924236262836,0.2168506226528232
2025-02-07,0.6368338526526163,0.2472426131068807,,0.4472985077929682,0.3360018669532615,0.3650634503283221,0.3187333307929584,0.6604499473730298,0.3862406614027976,0.4199776557503119,0.5012528112526413,0.5083443294492368,,0.5632813173820667,0.4272303710598416,0.2194056702364097
2025-02-10,0.6134206156097902,0.2484696872300238,0.3460625521562346,0.459412431898459,0.3550427642018034,0.3609368205518092,0.3716130670367182,0.7039870376156427,0.3687962771896838,0.4507384107856602,0.5312095069036645,0.5920259560914174,,0.6640559511937092,0.4668387254431135,0.241257780034925
2025-02-11,0.6137372381747348,0.2408497145839003,0.3582018299582267,0.4665619800028887,0.3510546984181297,0.3630135856889257,0.3672136973069528,0.7210975154821222,0.3634983263459002,0.461717954678049,0.5691016109941025,0.6007466624529129,0.7361368495611342,0.657697284817185,0.4667639356082009,0.2468428424013661
2025-02-12,0.6093921094247607,0.2339044290602584,0.3395116244254432,0.4566205876955223,0.3400242818063451,0.3464263251432795,0.3717973281046103,0.728072585147171,0.3754988826012853,0.4745604542044108,0.5157877449427289,0.6458435504521098,0.666928585523255,0.6708218150598044,0.4834407116060319,0.261500361049839
2025-02-13,0.6237501096378569,0.243348008215061,0.3394302955500937,0.444299765530345,0.3286441052080232,0.3345229189902252,0.3654248663809728,0.7267450860945779,0.3477232244707039,0.4805737680510148,0.4989777006203741,0.6583555451478679,0.7310171217255088,0.5582914236427854,0.5045093428691305,0.280838508959022
2025-02-14,0.5913254429252717,0.2478071350285677,0.3160937238990319,0.431470186056028,0.3201961667710464,0.3122366355273308,0.3509829315863155,0.7205427336492805,0.3467760518220386,0.5070869020962072,0.4519253391147219,0.6130491769797998,0.760201197738445,0.7172396621737414,0.4974800059283796,0.3406602855745921
2025-02-18,0.6419792496768602,,,,0.3495497784531446,,,0.7193830923290877,0.3800460464466328,0.4928772324990917,,0.6817303650861177,,,0.4971826176904947,
2025-02-19,0.6322170144915445,,,,0.3541511573042978,,,0.7224186380341542,0.3873192800889796,0.4718289898051154,,0.6427283741272588,,,0.5071055206794598,
2025-02-20,0.6308475782674646,,,,0.3298995565189759,,,0.7295688168547322,0.3483034459193747,0.4562381567388224,,0.54017239403187,,,0.486472997809677,
2025-02-21,0.5967695095400729,,,,0.3336761224042468,,,0.7046625604327352,0.3719955628802118,0.4393945465644557,,0.5004495785789691,,,0.4853594281617353,
2025-02-24,0.7679417068177375,,,0.6795649024735847,0.362193999156006,0.4334383332202822,0.4021614274912917,0.7177287597380921,0.3974339288468794,0.4374515287612066,,0.490904902605736,0.5654060826604562,0.6447394641252188,0.5126481924665535,
2025-02-25,0.7486541192496181,,,0.7025989373024184,0.3691999755260654,0.4539255681713378,0.3864341617998767,0.7786749969769088,0.3718318976868322,0.4433638648223709,,0.6022939383757029,0.5792609721959878,0.5996435172314767,0.5777079729334896,
2025-02-26,0.7404993387470477,,,0.7276902124296373,0.3602175864141214,0.4476419102706991,0.2931584099032096,0.7593554646126468,0.371407779908791,0.4811031143430996,,0.5720960408509645,0.5851686949018662,0.7281601038540924,0.5479507997380916,
2025-02-27,0.6949715436824123,0.4320164438404124,,0.7651392290253572,0.3820694444850953,0.4565231123603762,0.3692425762537855,0.7383975609294086,0.3839541110631192,0.4763531260692483,,0.5753682084904367,0.5815421876965509,0.6535002169202115,0.5391900338972415,
2025-02-28,0.5877344115330038,0.453311884750514,,0.7991845863279459,0.315308119734019,0.4352768199896429,0.3657548978553885,0.7380151904541111,0.3719472630364687,0.4754444081727862,,0.6404736537953976,0.6014258109442233,0.6212140756986209,0.5941003010469406,
2025-03-03,0.6936220029974578,0.470611414112639,,0.8039614921787321,0.3883948423623249,0.4766621762032277,0.4225744698130068,0.7757324705096365,0.3949239192761784,0.4921273047084702,,0.7302038673893274,,0.7851643731519329,0.6403606867802502,
2025-03-04,0.7144536320572272,0.4713638975324041,,0.8342643176983328,0.4069199576105644,0.4845267926661136,0.4563508192529637,0.8049833477741768,0.3551746856408233,0.4915614090259376,,0.6529080412540185,0.6815662478052901,0.7500037861597678,0.6316694756609392,
2025-03-05,0.682680322228389,0.4549556029328981,,,0.3880174002238024,0.4672298360909381,0.4313080846085931,0.8086803207171712,0.4055136141229775,0.5014080660196225,0.7511320567366908,0.583995926551141,0.6938276771983511,0.8211420521208175,0.6821099599670228,
2025-03-06,0.6851583874767674,0.477034970760269,,0.8891680716177867,0.4218258052164628,0.500794099345457,0.4288270858651645,0.8001785476402168,0.4358366661966,0.4901559654937903,0.7470390790092339,0.6313515781219005,0.71573854254143,0.7565453183587603,0.6373202331307087,
2025-03-07,0.6492849110157053,0.5079112400505174,,0.8657588576925512,0.3954604544000225,0.4522812751329719,0.4673157937495724,0.6614936475989313,0.4762217916330589,0.467957353018684,0.7268749610494858,0.5059208834298121,0.6881483679112548,0.7186661715020484,0.4590280592843745,
2025-03-10,0.7516588005789417,0.5167521504176955,,1.0414431863534144,0.4914284189671246,0.5454509450485897,0.4867942934467574,0.6787827658014027,0.4824390007678988,0.5774439125237594,1.0047912001543138,0.5334543828248143,,0.8175202251124173,0.4625224908059612,
2025-03-11,0.7277533568764921,0.4532604310978751,,1.0206675891230514,0.4656844695273321,0.518734974473871,0.4621911227562172,0.6961195500681278,0.457935514077827,0.5455776427713935,0.9534139936850308,0.5011561736122553,,0.6730996547736747,0.4495034616504608,0.4151183750779877
2025-03-12,0.6928134290860642,0.4123932775034515,,1.0368818397630712,0.4146275781804304,0.4883181263041382,0.4342471017156443,0.7212770797259235,0.4273767951159331,0.5301275787063278,0.836155398439413,0.4295963947458196,0.777030652209079,0.671729331855838,0.4278647450210995,0.3616304244103918
2025-03-13,0.6721222171770734,0.3995714761393308,0.3657565642627671,1.0597532215292755,0.4134210314610351,0.4793209115689062,0.4142548380383203,0.6639316263565676,0.4093005996766564,0.5176947762446332,0.8139508487723935,0.4229186615954585,0.6479689215080343,0.6582048045383868,0.3540260492841448,0.3798622251033541
2025-03-14,0.6121729938713225,0.3416807652811252,0.3511053087001842,1.0747622240081198,0.3540672264351304,0.4134768732064211,0.3825163443600435,0.6581896803357207,0.3689342078802003,0.4462687399825027,0.7114880607270222,0.3842568348377903,0.5442929416982458,0.7259619396628515,0.3344602142813301,0.3222285056877113
2025-04-01,0.4244471357306725,0.3560365973624599,0.2763053433618348,,0.3539461179016373,,0.3603102598399138,,,,0.6838838708685263,,,,0.231360349245393,0.1892796414453049
2025-04-02,0.4325104411096179,0.3590034508864522,0.2760530773191716,,0.3613603188807812,,0.3591788797418124,,,,0.6834245502042855,,,,0.2350349923528269,0.2003403810023446
2025-04-03,0.497370163396871,0.3941272213984826,0.3090672411167642,,0.4090468128361951,,0.3888519140497667,,,,0.7096994780435061,,,,0.2729066522881227,0.2303314814665429
2025-04-04,0.5892876775120204,0.4413911378139605,0.3543093277051251,,0.4675209094844863,,0.4552296012019576,,,,0.7574860007837659,,,,0.3347543686708689,
2025-04-07,0.5857282471568156,0.4713651266099755,,,0.4810026676097422,,0.4571081271420235,,,,0.8044821988795251,,,,0.3537214652349702,0.2966400843180103
2025-04-08,0.5891600370285823,0.5071430490745644,,,0.4928786345831896,,0.4730450078627243,,,,0.8296051803038801,,,,0.3582224606896844,
2025-04-09,0.4616827967964265,0.4051588924041525,0.2836098725951527,,0.3931305242435254,,0.3854038141881047,,,,0.7165739867425142,,,,0.260121466818222,0.2264472140861096
2025-04-10,0.5018133415557923,0.4663481798859918,0.321678574647698,,0.4420803480536443,,0.4311155027797644,,,,0.7543091063273962,,,,0.3407313351710208,0.2686279079362695
2025-04-11,0.4866781962332527,0.4577737523825296,0.2951350168473117,,0.4230960536569971,,0.4175418451994883,,,,0.7241429369501355,,,,0.2955333994508954,0.2520355558497066
2025-04-14,0.4697229708719751,0.4389724567328302,0.2866924838322626,,0.4071314366825329,,0.4084529630887156,,,,0.6905699085220409,,,,0.2862157057233788,0.2341594864946607
2025-04-15,0.4482036678097589,0.3843023334496979,0.2787756966076678,,0.3896856662518196,,0.3904530756497063,,,,0.682791809532274,,,,0.2569045516516484,0.2279754482148927
2025-04-16,0.5052090567429954,0.3978105929709156,0.3098504557714041,,0.4183154194945763,,0.4044478975669288,,,,0.7295998268396651,,,,,0.2669747211382675
2025-04-17,0.5254276396455775,0.3864772699936983,,,0.4065561124815333,,0.3956491947425591,,,,0.7160664918854069,,,,0.2837187564313411,0.2614812627830566
2025-04-21,0.6070571296493678,0.4227971687708628,,,0.4707263680150817,,0.4348713930519838,,0.4329059645618607,,0.8500006756451066,0.4124646232373444,0.6962414360855858,,0.3120375837858197,0.3122007178700073
2025-04-22,0.5791328171207701,0.4117456396977281,0.3241295641559153,,0.4366126020244492,,0.4313990737317763,,0.4293808252285477,,0.832643604839829,0.410104494172184,0.6683354843733514,,0.2876348945420579,0.2850571986728132
2025-04-23,0.534924475333445,0.4083042565606064,0.320435705553129,,0.4342364058772811,,0.4356206875171903,,0.4300033553295244,,0.7115243618655247,0.4041617319075333,0.6483075425325447,,0.2901392426539665,0.2694901390281399
2025-04-24,0.4907781934134248,0.4028905040335189,0.3077640432011447,,0.4392967202562752,,0.4635734659061443,,0.4596213672560941,,0.6618610303013378,0.4126137303323715,,0.3929124301778322,0.272204226991611,0.2525444243959625
2025-04-25,0.4712573518672293,0.3897333151845473,,,0.4219855542075041,,0.3251191120385298,,0.3199839027677826,,0.661201598322598,0.4002114838072167,0.5108637261610005,0.3743089600516033,0.2600976899500317,0.2356376335274332
2025-04-28,0.5042583444365085,0.4080398306789737,0.3306736494133356,,0.4413279732093549,,0.3233680743524798,,0.3191669525078207,,0.6856812476422922,0.427563140918419,0.5391630660847729,0.4075082980045451,0.2777445527624234,0.2409762451857661
2025-04-29,0.4974967733381019,0.4068403314022648,0.3323454862873147,,0.4426400600233047,,0.3151244111912529,,0.3122871995611897,,0.6729779680899102,0.4305798955296236,0.4941257759762672,0.4091724485201651,0.2759287175753654,0.2318001073019129
2025-04-30,0.4825770513144918,0.4277807227440707,,,,,0.3146477699170885,,0.3186874956507687,,0.677162308211936,0.4564836987404053,0.4949852881600383,,0.289308497055192,0.251656841685935
2025-05-01,0.4926804898263565,0.4377876988975525,0.2499319649651702,,0.4951336318406583,,0.3072041559155967,,0.3013675545532979,,0.6861695712349496,0.4686930352023868,0.4829282306211765,,0.2910379838605479,0.2226814063337893
2025-05-02,0.4486739495507236,0.3189724112465099,0.2436140645424035,,0.3047260447454188,,0.295490922963169,,0.310162637458662,0.3457747232170409,0.64766567287914,0.4680864553165566,0.4546038774198323,0.4262883739793752,0.2773234034706256,0.2159273290360246
2025-05-05,0.4782996081347625,0.3568762713950905,0.2613761338399896,,0.3340009510312503,,0.3239920532917766,0.4778043426750669,0.3177337760175274,0.3643670751431485,0.6916907897258721,0.5279482939216411,0.4692229936862301,0.4899045999865841,0.2985692166803818,0.2285121933469618
2025-05-06,0.4842316550395119,0.3462624228644061,0.2515318884110802,,0.2961339616753283,,0.2987710999371357,0.4987048135824061,0.3150830142736553,0.3251053777895349,0.721324277441987,0.38077278481548,0.4672043375413753,0.5325066018973484,0.3292263838936092,0.2522331478292
2025-05-07,0.4987210594697112,0.3375650494274877,0.2542550371138552,,0.2912313742975572,,0.319768619421729,0.5296620885712567,0.415716564997489,0.3202201472021309,0.7144258769060368,0.3704348907544376,0.4643298829652615,0.5708376701981492,0.3266537953972587,0.2504542984507225
2025-05-08,0.4790898877939694,0.3343730962293548,0.2523058299938029,,0.2892526468408716,,0.2943341619409213,0.4810243247439119,0.3556945758127278,0.3113204732635061,0.7080468340089341,0.3601273597829728,0.446305010749886,0.2977463652326413,0.3195862492522569,0.2506511545395339
2025-05-09,0.4725624233246436,0.3227647531396755,0.2285122797852724,,0.2849701303719956,0.4997333243024935,0.287562533415172,0.4552116635103827,0.3641468968901217,0.3044110562143314,0.6969299088734223,0.3604833495487154,0.4469892337102135,0.2868814401547074,0.3263554130946736,0.2537442671835184
2025-05-12,0.4470943585731788,0.3180523838580062,,,0.271841010173465,,0.2657498896515727,,,0.2909210400937916,,0.3478072150992135,0.4403504278515316,0.2923959726759356,0.3041877665115647,
2025-05-13,0.4718079146529043,0.325278146359139,,,0.2722795684483505,,0.2730806291428801,,,0.2939063550291511,,0.3526932331017504,0.3927528733124978,0.3071548152463292,0.3142841954678433,
2025-05-14,0.5025667130164292,0.3378434308303049,,,0.2848213560996773,,0.3027262107996479,,,0.2985902245657825,,0.3418469945609479,0.4712837989263446,0.3030054864509027,0.3091784005325291,
2025-05-15,0.4892266750137121,0.324493065948627,,,0.2808114777732342,,0.2985657873064846,,,0.2943300642263707,,0.2850757926321406,0.4327474263505322,0.2758164929620859,0.3090525757356317,
2025-05-16,0.4831032385348361,0.3200846556391534,,,0.2679321217284789,,0.2979025762509815,,,0.29237132974078,,0.2930394245188301,0.4164180048262312,0.2482755476387924,0.3209803325291245,
2025-05-19,0.4906455811376313,0.3249842084236402,0.196934006944341,,0.2773141051988041,0.4393689080262141,0.3096599289026707,0.5153067773599872,0.3054020005048159,0.2986791997896743,,0.3014823185764326,0.4053034410477347,0.2659733414098186,0.3437965176471733,0.2124058840287571
2025-05-20,0.4818224013139364,0.3287681500653568,0.2042251728080047,,0.2813524713315694,0.4293702152500752,0.3052175273524743,0.520671436943368,0.3004331003857604,0.2988346320003963,,0.311304784153362,0.4183790835510753,0.2580229088631823,0.3617729778464989,0.2078070820531622
2025-05-21,0.5011828618729058,0.3435135971021398,0.2094564017497495,,0.2921815143453253,0.4398537357933861,0.3265013498613474,0.5401393068119885,0.3212432169110753,0.3126184801093458,,0.2954019871630979,0.4403279079170537,0.255213485585126,0.3642297272171567,0.2183786659428761
2025-05-22,0.4956426214933959,0.3376383906708934,0.2205091832436094,,0.2928186948405776,0.4470683354808361,0.3450459589478458,0.5406138218022705,0.3392729025334433,0.3105254378001232,,0.2839030237922989,0.4362022343002476,0.2571744769953719,0.3463226818120266,0.2213420580474388
2025-05-23,0.4942153605877527,0.3499406964708114,,,0.3003860686015702,0.4479679515644591,0.3366941816506498,0.5418344802493752,0.3293413148073157,0.307186740818681,,0.2996638941960462,0.4552769423630343,0.2511222927138432,0.334694231169337,0.2200263090305761
2025-05-27,0.4946962660808501,0.3350907686583431,0.2249528437950788,,0.282730726142963,0.4461545693570271,0.3361956761241538,0.5645590048974043,0.3020219677758979,0.2928590531948903,,0.3122544850029138,0.4150884299713925,0.2536675861653824,0.3360042164361998,0.2244043709571941
2025-05-28,0.5083141901582251,0.3362395934293314,0.2088487774036678,,0.2870865116081494,0.4538671225453564,0.3330334082410161,0.5925782111627782,0.3261784664930109,0.299123027134118,,0.309231027024316,0.4486446138260993,0.2476127430823294,0.3488233829494998,0.2264424987784169
2025-05-29,0.382425908724439,0.332302842213118,0.1985111853752721,,0.2790318761645606,0.4202814395785517,0.3243301535697181,0.5752890034637478,0.3135230350608233,0.289308341521157,,0.3012873666087922,0.4330700150461606,0.2450445666100415,0.3379552155144306,0.2139254668209886
2025-05-30,0.3617274375273101,0.3283463629889117,0.1859575713904079,,0.2702182728404259,0.4255552776068363,0.312371434606969,0.5565754939867185,0.3049574327623069,0.2739120028004586,,0.3284212286707066,0.4369792024583107,0.236273080596093,0.3376578388501293,0.2151000595856608
2025-06-02,0.360039608858168,0.3353600328126491,0.206895045967631,,0.2746260453135368,0.4240486440345689,0.3232275723681897,0.5925321964899138,0.300593557929195,0.3040829690735153,,0.3757808579212298,0.4304076178156975,0.2684998154923214,0.38590075966269,0.232831193754216
2025-06-03,0.3556512043257289,0.3276189724973165,0.1962686669657031,,0.2733440662972581,0.4278777882159936,0.3033283665263491,0.6154401586028655,0.2995489734838224,0.2981799440753168,0.6063960437972692,0.3848182937671784,0.4053862012512579,0.2800415312955416,0.4003846529112867,0.2223484670904782
2025-06-04,0.3436254794637304,0.3286203341444591,,,0.2735180461401764,0.4212207030541853,0.2759394516499664,0.654518320721412,0.2711969619703789,0.3179434273151054,0.6087737390662579,0.3852906330408777,0.4395707676014083,0.2806081237748448,0.4111947931785208,
2025-06-05,0.3574552298436753,0.2873805849395784,0.1744278191048587,,0.2687484598730945,0.4294611207537084,0.2821842648645488,0.6429360453950985,0.2809326038049808,0.3221998456737059,0.686557004064338,0.3519034384629409,0.4437746618206534,0.2908373029197306,0.3044893346549024,0.229555782235712
2025-06-06,0.3425547011302183,0.2810174730397926,0.1697526100775377,,0.2629944094268547,0.4190209606932085,0.2697367742244633,0.4347507011454046,0.266173743234408,0.3097451070037957,0.6325152726406567,0.3307847132772554,0.434081526600328,0.3624028909860459,0.3031395405507123,
2025-06-09,0.3571931141133038,0.2851991096462047,0.2271667712340937,,0.26526949352044,0.4378512221191547,0.2690358843800399,0.4138218945335297,0.2669924658737503,0.3206686797845919,0.6247154020343003,0.3353008921540862,0.4392336041887953,0.3865421595536328,0.3022026436035743,
2025-06-10,0.3456954719721935,0.2766769405603592,0.1749843496316657,0.4425253336163548,0.2638875119430758,0.430665665024337,0.273383225111221,0.4080481918656775,0.2703644810920363,0.3319048177112573,0.6239672690940993,0.3534765296904482,0.4927237005899976,0.341944062085952,0.2941438193819084,
2025-06-11,0.331771553838,0.2802985461863066,0.2346875691583528,0.4416681767276053,0.2612300789164269,0.4262890012441393,0.2709017190846227,0.4525335756126871,0.2671430407359139,0.3194563065702064,0.6278464854544012,0.3168748802750471,0.4857074494759723,0.3008462335020738,0.3010860842531835,0.2705379651194076
2025-06-12,0.3225610922946165,0.2719627020712267,0.1799036871499757,0.4180597108954867,0.2558780944125481,0.3977638839487966,0.2675078233670409,0.4620694513199585,0.2661875932314886,0.3133207282331921,0.6123620244658918,0.2880747766622356,0.4811515581402762,0.3568175454408064,0.2925606261709059,0.2697517663784985
2025-06-13,0.3240732097334859,0.2726278764521981,0.1864218358311125,0.417488239951505,0.2621703227848982,0.4200692535501646,0.2671247334697454,0.4272445642544136,0.2647912029964188,0.3034513298119278,0.6348829041478126,0.295980831302688,0.4819032075854541,,0.2877361065039109,0.2723740664101717
2025-06-16,,0.2645104050728069,,,0.2581447233952406,,0.2678152487497086,,0.2665739123561289,,0.6227073475186279,,0.4563132370273237,,0.2758419155527407,
2025-06-17,,0.271816219741306,0.1706397036502589,,0.2608111271687034,,0.2688424335760932,,0.2669165058751296,,0.6256276427887107,,0.4688537521978368,,0.2815665120872427,
2025-06-18,,0.2543610431166246,0.1735082945623983,,0.2596582149735262,,0.2675888790368657,,0.2646406287568285,,0.6142971412578081,,0.4487886976543908,,0.2789680002380404,
2025-06-20,,0.253178111733371,,,0.2599058453155317,,0.2841366513194752,,0.2822504706003569,,0.6022738554924397,,0.4576710345419216,,0.2782022084116382,
2025-06-23,,0.2438997552085074,0.1766413457904294,0.6179344964682703,0.2488069082969177,,0.2921306644190364,,0.2852509930532187,0.2847552116826661,0.6072593970729054,0.2615056251632154,0.4224366356151141,,0.312772587773944,
2025-06-24,,0.244623981635556,0.1771385713040689,0.5843744832453617,0.2402168857981712,,0.2817884549355779,,0.2761986681864399,0.2899652387267493,0.5833997631195601,0.3752892631039921,0.4276558760577673,0.2838002738849737,0.3103955758833184,
2025-06-25,,0.2391966679299433,0.1782642889815123,0.5787303339380067,0.2413042794588965,,0.2718190714302975,,0.2694655455356412,0.2802041449901065,0.5714777459160333,0.306310733564708,0.4171238213962566,0.302158901515985,0.2952707727517551,
2025-06-26,0.3271410699486505,0.2424782579628754,0.1923661731105199,0.4505555058255661,0.2519215461436735,0.4146633164662396,0.2606779556252483,,0.2644494359224971,0.3054390335506854,0.5480477247397584,0.271613808156208,0.4101284435504809,0.3196331798731932,0.2882954105070038,
2025-06-27,0.3263834881711849,0.2428177550600595,0.1844093660412476,0.4233066850329739,0.2481719078804333,0.4065470199211917,0.253869481311324,,0.2513446504212978,0.2981143764131449,0.5330887208645044,,0.4122771026508398,0.30348474475069,0.2830283944465265,
2025-06-30,0.319261122522059,0.2732895234308776,0.1943877371999627,0.4112621413548244,0.2651048504179886,0.4108610281233869,0.2874979511538612,,0.2800721619337295,0.3260872941763164,0.5355086710555625,0.3330115846528681,0.4034179040959713,0.3491026210871014,0.3123150818663556,
2025-07-01,0.33917534090568,0.2747575272864381,0.1871078869207798,0.3995680101006993,0.2650843256636098,0.4367291499993346,0.2711414343000111,0.3774888458129051,0.2653397675976338,0.3089742216498594,0.5737234777178498,0.3488278896207015,0.4159821825551601,0.3525893402524511,0.3091085236313428,0.1687482950757327
2025-07-02,0.3431589710359936,0.2705363132587959,0.2474696417351186,0.3880986497634273,0.2639114931772766,0.4262533554292519,0.268439570430299,0.3678659084547218,0.2666612796608023,0.2954238454851007,0.5893230173554793,0.3331025508207217,0.4337134475347448,0.3815343200542394,0.3069652991946514,0.1715235500871577
2025-07-03,0.3395458224020576,0.261541411931021,0.2498521825858135,0.3843652139639065,0.3275865943945423,0.4303251680530887,0.2566100219522537,0.3683001041024262,0.3363080343427385,0.2893558613483943,0.5665650105174247,0.3541856913731866,0.4170389745779915,0.3918880533686205,0.3072239288388502,0.1748397272548921
2025-07-07,0.3457686843160397,0.2830381046541453,0.2625651267485177,0.4445216393770593,0.3472132233883841,0.4946996251925832,0.2892441052039036,0.4083043884468009,0.3598597956509423,0.3372724893109791,0.6061130306242196,0.4753812781731424,0.4574321134706923,0.4302974509123611,0.3929311143908161,0.1767667060640075
2025-07-08,0.3433597879808465,0.2790705116644146,0.2543388269148898,0.5212104374366655,0.3454507146650131,0.4635834340850854,0.294783588633769,0.3876802991661627,0.3586533398001812,0.3207546758004589,0.5854340438405717,0.3844873426975083,0.4884549551437689,0.4319799465949968,0.3678691790821579,0.1723696573466215
2025-07-09,0.3439799872750886,0.278439278857098,0.2696238763957294,0.4410897626041087,0.3347162904789106,0.450523656065222,0.2806692475752343,0.385636313636412,0.3578800646449656,0.3487030740289267,0.5588706586282204,0.3716110381493321,0.4442638514404477,0.4249767759482911,0.3704395109849329,0.1698724585480355
2025-07-10,0.3430989183411483,0.2728089093015717,0.2675772028503096,0.4582642255782195,0.3393755511463398,0.4176646841391001,0.2762753460789233,0.3760707688669791,0.3571960115972898,0.3302646389662327,0.5611805826285815,0.3200007123868169,0.4145453156975626,0.4157301713794042,0.3309472699287505,0.1650690117682065
2025-07-11,0.344388596034746,0.2692523842459685,0.262238133351292,,0.3357143801014076,0.4050439008607875,0.2630735470555019,0.3739416718573268,0.3521241453828325,0.3084019733531409,0.5533394614810703,0.2953795293131128,0.4093304664392366,0.3998621659514003,0.3292637988253878,0.1630638894287316
2025-07-14,0.3382139881635873,0.281930293198305,0.2738487538214359,,0.3370899144273978,,,,0.3753822482984388,,0.5568046504993828,,,0.4170233744489789,,0.1710771466933843
2025-07-15,0.3430790455768821,0.2856420726759903,0.280913484516825,,0.3426618004077711,,,,0.3700783794884222,,0.5590696937489027,,,0.3971246682972895,,0.1684664355988222
2025-07-16,0.3409232007754025,0.2843148675670082,0.2801774609614382,,0.3387823169397143,,,,0.3729791273959548,,0.5526628546994731,,,0.4200712667370379,,0.1691223073912255
2025-07-17,0.3391183237636128,0.2905430057401063,0.2866624099666336,,0.3373862130699013,,,,0.37099245953917,,0.5480569720459141,,,0.4413263359510041,,0.167257759147731
2025-07-18,0.3234269728947552,0.2868070015604619,0.2831824699840077,,0.3319912597476278,,,,0.3625065291363837,,0.5455508434299804,,,0.4430081649416288,,0.1642575738745973
2025-07-21,0.325885208071728,0.2943191950060939,0.2933824828422913,0.4168215782453263,0.3476960987935494,0.5319176481370098,0.3825964194651194,0.3711224270626848,0.3764203875299051,,0.5743936994649166,0.2207248460230874,0.5420812439968891,0.4593089898180372,0.2136975166300063,0.1722358669841709
2025-07-22,0.3334640938138372,0.3010453141580521,0.298429149329676,0.4305576612851326,0.3528878229407269,0.5313644403310019,0.4018441682088651,0.3774863612435012,0.3972287512674827,,0.5762406713253309,0.2257405378564788,0.5702195637908327,0.4595575526036283,0.2088196327129556,0.1657094199922142
2025-07-23,0.3314928007322846,0.3053944587179505,0.3000480712640321,0.4198193239055265,0.3587738029862284,0.5327843074044335,,0.3873929827019067,0.3894779726820097,,0.5884797535838885,0.2237582795650549,0.5885232544516671,0.4724989279726627,0.2085953361712103,0.1783081855010643
2025-07-24,0.3079300304199338,0.3029496542665405,0.3030229013820142,0.3966176929086093,0.3592723795081307,0.5279304441238443,0.2966403846433412,0.3675505356164952,0.2974702694963805,,0.4731499607400327,0.2292506655018077,0.6211137127467193,0.5008278133414354,0.2063226758822464,0.1652690378653502
2025-07-25,0.2933136051438111,0.2938746362881433,0.3141871324149852,0.3907902456079983,0.3465754180781256,0.5252602364451662,0.2762560560819856,0.3559526638759943,0.2750073726105989,,0.4652892668391906,0.2221992332420196,,0.4970477101152925,0.1964832573294637,0.1549084438711531
2025-07-28,0.3116218326905807,0.3056346959589749,0.3287661487904296,0.4051277322327988,0.3755356013281717,0.5808562828755428,0.2807233230148126,0.3626683506684255,0.2817416566169869,,0.4615928147120821,0.2374014843199312,0.5265923613120994,0.5125140727130328,0.2049061083552358,0.1587086145085125
2025-07-29,0.329133357854233,0.3313452712769654,0.344542452669938,0.4264652568808631,0.388828616533121,0.6503395674383842,0.2965747328309586,0.3844358496098516,0.2895167453395328,,0.4655193214768707,0.2530917899968877,,0.5329255674349771,0.2176652986436468,0.1608840461592068
2025-07-30,0.3406040441746888,0.3387733410590946,0.3332529051945117,0.4352854852803089,0.4089349872769452,0.6398593718362344,0.2877754519796784,0.4086222777228308,0.2833476485317288,,0.4543810018273698,0.2476957624371986,,0.5607001721853097,0.216377426886192,0.2030890060314657
2025-07-31,0.3585059984047051,0.3834988671951342,0.3206062096682401,0.4563458517757902,0.4420694455050483,0.6458216726864952,0.3070316174445571,0.4054166196396858,0.3039929131945764,,0.4740352597160745,0.2583239117119513,,0.5744832771875215,0.230598957409992,0.160616571980769
2025-08-01,0.3592704649781984,0.3450362016481995,0.2950975162757071,0.4832169478064284,0.2978620597020635,0.6176799715605984,0.3111842777731164,0.4141817802558197,0.3115653767482093,,0.4836764047878297,0.2606444278168489,,0.5634792849922918,0.2317072737669826,0.1665803525427578
2025-08-04,0.3593307447238192,0.3478855143893938,0.3671801928985941,0.4538883350019262,0.3074252309010256,0.6845557670455271,0.3244616150414265,0.4085271978096477,0.3212147335316631,0.2983707700034844,0.4624497838063195,0.290308672907476,,0.6748270288547114,0.2357119426791236,0.170850528690849
2025-08-05,0.3701231692805708,0.2715536231137883,0.3375108227761361,0.4818771764468597,0.2843737908752676,0.7198943413995358,0.3026082164089467,0.4299225410215827,0.3265174965320822,0.2947861522411948,0.5248127728631968,0.2806175173960228,,0.6806801866354502,0.2323411993341785,0.1656756787914697
2025-08-06,0.3492699062432112,0.250324666854633,0.3240264146209349,0.4767517453161862,0.262652686180392,0.4723902868308988,0.3364885221701021,0.4229607726435378,0.3308016474297438,0.2831248095915229,0.5116340125396058,0.4220742905621866,,0.7849511660502277,0.2419988371251197,0.1640029798109754
2025-08-07,0.3487450169092343,0.2398145585299846,0.3176215945808285,0.4627392953862193,0.2514974591950044,0.4496659991004738,0.3556982385960178,0.4243428197615128,0.3503560334561911,0.2816482610797223,0.5180034638163329,0.4238319238755056,,0.860088535804809,0.2502137563481904,0.1871373158771807
2025-08-08,0.3408485885854688,0.2444817630867586,0.3004575974433423,0.4755663353297015,0.2306050612994558,0.4299253056373876,0.2925492212130794,0.4095647369592166,0.3750326224845445,0.2711629148585984,0.5183470340659272,0.4797765473462962,,1.0300771385449274,0.242423853587323,0.198692240248611
2025-08-11,,0.2419432126638802,,,,,0.3064197313813103,,0.3028043425355418,0.2812257695477879,0.5309440685003405,,,,0.2574157870413184,
2025-08-12,,0.23598527456493,,,,,0.3110957132562232,,0.3061846305595344,0.2871359030613533,0.5091183128190115,,,,0.2521086991933035,
2025-08-13,,0.2400392469737625,,,,,,,0.3081281758160205,0.2790156380025284,0.5136054786202683,,,,0.2444980176324135,
2025-08-14,,0.2296834739841633,,,,,0.3265793063568561,,,0.2689533856111611,0.5151883878599466,,,,0.2437506392656542,
2025-08-15,,0.2259281113068358,,,,,,,,0.2788688056353764,0.517567424937489,,,,0.2421812166530841,
2025-08-18,0.4228258642073499,0.2305410981989947,0.2353140422803061,,0.2330307412495167,0.4492329340649966,0.3235453865754975,,0.3185844277644745,0.281145250494417,0.5122324692261205,0.2964757661557874,,0.2769947667493626,0.2412326840522572,
2025-08-19,0.4418349537356112,0.2224586317461823,0.2306962570707793,,0.2353898017213137,0.4564931379810761,0.3412556107294854,,0.3353491059829027,0.2793981159253429,0.5192730785831138,0.3153574334405414,,0.2783942064359667,0.2550571913869199,
2025-08-20,0.4481013835314906,0.2279168847386016,0.2208471509210283,,0.2422406332593152,0.4530660835937935,,,,0.2795699288282293,0.539465868401191,0.3291417400060117,,0.2824588294293932,0.2747732646318303,
2025-08-21,0.4540322439499491,0.2226588576484627,0.2259690531358179,,0.2451019349458596,0.4477450168264913,,,,0.2812842223745262,0.5515325554237617,0.2237329254051331,,0.2882456510687969,0.2588709823839147,
2025-08-22,0.4487007965220673,0.2206149934319271,0.2117171990265842,,0.2307061498927989,0.4343916048715361,,,,0.26436519698448,0.5319835321813172,0.2105755933497198,,0.2784950345373836,0.2304270837312134,
2025-08-25,0.466595879304603,0.2377822937382486,0.2137298358068929,,0.2361284066081498,0.43474551324187,,,,0.2660551550708014,0.5398618244664231,0.2144366622235905,,0.2834487614315463,0.2324413686670415,
2025-08-26,0.4767054429556364,0.2405444823274292,0.2113071646937431,,0.2319094224168776,0.4467364386461857,,,,0.2635032451754531,0.5365603862281333,0.2036555867695365,,0.3234813264247224,0.2318756433843304,
2025-08-27,0.4735521021348973,0.2398117194622852,0.2154164835475287,,0.2340808246684499,0.4488318884228621,0.3929735298872704,,0.3812223699514555,0.2654836132907611,0.5269879251383485,0.2039114294997026,,0.3256606802508101,0.2403248819204501,
2025-08-28,0.3379450601915452,0.2367468615290941,0.2016950492563037,,0.228430821755252,0.4091192955000725,0.375420199709139,,,0.2521770699745728,0.5126474744698041,0.2061127209225941,,0.3582727882275603,0.2246053783015068,
2025-08-29,0.3372862201498874,0.2268522623184569,0.2176378033625932,,0.2240299173598476,0.4101645245890081,0.3881430724137663,,,0.2556677451304436,0.5120966213378862,0.1968692467695477,,0.349384762515521,0.2174786780963794,
2025-09-02,0.3532167000817449,0.2481597922948747,0.2341307252198185,,0.2394875363032512,0.4442977241366315,0.404108079740042,,0.4009843696297918,0.2772723154424549,0.5548504207317054,0.2102277788801887,,0.3381578238790114,0.2246190815877657,
2025-09-03,0.3361170997349801,0.2315836247905816,0.2132368367385372,,0.2384993332779453,0.4230054554640444,0.3269985418154408,,0.3221861422960683,0.2978362693716642,0.5318934783103431,0.2225509100273707,,0.3465614326982386,0.2734822235698536,
2025-09-04,0.3164592921957843,0.2207114995577862,0.2199993873753723,,0.2513623697249931,0.4128722378338293,0.2901091429635045,,0.288102161798722,0.2976923159108565,0.5275013426952089,0.2327819762463857,,0.3548156404860909,0.2718580583270498,
2025-09-05,0.3317540352882097,0.2180827399401915,0.2114381417295502,,0.2416294172486944,0.4058984553336644,0.2873841157129132,,0.2831069473689398,0.3018562184376548,0.5320210091526308,0.2270387360557401,,0.3005466637117849,0.2731317746754955,
2025-09-08,0.3340046774537701,0.2416231822651159,0.2123205814047006,,0.2687818617828348,0.4174670821657315,0.2910013667104835,0.4306603290071866,0.2870233610467566,0.3103755611947636,0.5299791875098318,0.2799308882516572,,0.3253265014385401,0.2908193538448922,
2025-09-09,0.3341706643219924,0.2487790495750622,0.2154369577014347,,0.2735998238474428,0.4211078909967822,0.291771350287761,0.4013938305240612,0.2887316033313735,0.3135916164061391,0.5183054663301315,0.288492464803906,,0.353623343892421,0.3018051956289266,0.1441118386413037
2025-09-10,0.3584648972373797,0.2969851090156264,0.2223495014061357,,0.2784561425848986,0.4438610394147209,0.3005824384004785,0.6191127434146309,0.2956852000388636,0.3146101939383725,0.5281153655324915,0.2670445135179861,0.6364606604564623,0.418628395756734,0.2901214490516945,0.1467379896892936
2025-09-11,0.3189845147440058,0.2649585433277359,0.2149794614587415,,0.2635302479612431,0.4115763294815996,0.3022200896611596,0.5212153409670366,0.2982532235085454,0.3061700528741481,0.549548146302912,0.3013608505007529,,0.4027207523669713,0.2973048182785034,0.1489175423874331
2025-09-12,0.3009009309073682,0.2513183971444604,0.2298057902856162,0.5068734942888758,0.2561647764641555,0.4142885529261106,0.3034119701459919,0.5301847117655375,0.2938915020726305,0.308423271060626,0.571277838028854,0.3307194535767723,,0.3323371340193851,0.296504090961912,0.1511429911067504
2025-09-15,,,0.2499358066110169,,,,,,,0.3305167464638297,0.5852281658564015,,,,0.3091429682323003,0.1586768478544894
2025-09-16,,,0.2450926031812662,,,,,,,0.3494990573224918,0.5677573100889847,,,,0.301854037208966,0.1666504170942118
2025-09-17,,,0.2341481782637517,,,,,,,0.3419140916055177,0.5607852235112332,,,,0.3080488470554818,0.1634311604739418
2025-09-18,,,0.2367643828241559,,,,,,,0.3418131063608419,0.558962399595953,,,,0.294733565027668,0.1647236997536253
2025-09-19,,,0.2444332789137024,,,,,,,0.3343846587217802,0.5413985519807103,,,,0.3007002587588481,0.1740305124289678
2025-09-22,0.3939303552514531,0.2640503020332547,0.2552207905190375,,0.2988850916297673,,0.3058837630754956,0.4485161264712504,0.3055734644212152,0.335658112594197,0.558066311041916,0.2398599043882941,,0.2833642686650202,0.3017352690232922,0.1837182457478705
2025-09-23,0.383984381999163,0.2581109384060642,0.2578412052187676,,0.3209288201187152,,0.3135775434767315,0.4453058413278571,0.3108006159393511,0.3325096047222703,0.5578003496424959,0.2318272253890794,,0.262800406422356,0.3145104451844,0.1870991497326544
2025-09-24,0.3626768278127609,0.2461113781415985,0.2454579009497562,,0.3196701662505604,,0.3062640284085858,0.4310685125565773,0.3047665319749323,0.3389959332467123,0.5436399869327385,0.233742450966852,0.718726441563901,0.2591004645968068,0.3066570296598788,0.1839826813307793
2025-09-25,0.3616960106067927,0.2620927940389467,0.2468395805287165,,0.3198515369455057,,0.3085252566044112,0.4292609543939639,0.3041784633226813,0.3310403060601957,0.5437476347347896,0.2356880504394889,0.7647711615012243,0.2843165920534386,0.3029088664083127,0.1805095325271689
2025-09-26,0.3342624897371057,0.2432498469901606,0.2383426473936572,,0.2996794221053013,,0.2902182409812091,0.4017908768928267,0.2880926051050422,0.3088374796875665,0.5351513477343597,0.2172476517027046,0.7344317025507208,0.2622967550648459,0.2228592641641661,0.1751541371798236
2025-09-29,0.352970936942729,0.2474180558629028,0.2573635926650321,,0.2998748353421732,,0.2980207245165036,0.4313833366912885,0.3088340596437907,0.3283320066687306,0.5470943477195421,0.222908005804651,0.7478187767775761,0.2761296066716363,0.2296861547203895,0.1771531026648191
2025-09-30,0.3916761027581443,0.2444221341437844,0.2519460381214595,,0.2988974114156801,,0.3154079107755639,0.4269487291134401,0.3120502184376218,0.3213611741037711,0.5525304538448197,0.2295816513777141,0.7153580441380188,0.2819237265257213,0.2364923449641531,0.1719435292940481
2025-10-01,0.3899189650212811,0.2603048330407649,0.2795868845706554,,0.30784455279913,,0.3202668634463609,0.4417945142839142,0.3192558692912876,0.3325197380439861,0.5611437406543025,0.2321510203917324,0.7348492811799617,0.3024228363241836,0.2315866788170363,0.1800938867719084
2025-10-02,0.3971548001592502,0.2652525115413263,0.2737269894561807,0.5714273268770997,0.3116716804417413,,0.3219799012060036,0.4508732672428351,0.3212430916867334,0.3285318247108195,0.5534791732356338,0.2373639411679205,0.6769862393429927,0.2850598684263241,0.222802030452738,0.1932739411100193
2025-10-03,0.3766805341307051,0.2584025600319769,0.2705496379715552,0.5591660868467991,0.3050071092115772,,0.321980499751376,0.4385349356397691,0.3188612646379788,0.3423058112391323,0.5324071091007188,0.2286278264392102,0.6259157042235329,0.2814028771646479,0.2180919890459503,0.1742920749936075
2025-10-06,0.4254146178525587,0.2785583405791088,0.3463554724238302,0.6358489250600069,0.3206743722316402,,0.3622002136894827,0.5306878553642083,0.3589515763999935,0.3739989708004186,0.586374893622037,0.2457829839923691,0.6892127063538819,0.3268955995472997,0.2275613058459984,0.2001152994991296
2025-10-07,0.4070706629830473,0.2553194377787012,0.3776323337955626,0.610916305901681,0.3734314426228187,0.6413551140971836,0.4039380925587463,0.5196457587585877,0.4003667606551653,0.3619394799040487,0.6169346436694155,0.2485884339337237,0.7237158746669425,0.3210002693632927,0.2350622922774709,0.2329954823825298
2025-10-08,0.4269679891454533,0.2561657801400221,0.3777425115614319,0.6361647689312447,0.3763114132250553,0.7416283460775128,0.4031576399132869,0.5461028425483875,0.4014167546424786,0.3460158091912056,0.5985232240991495,0.2591960420040647,0.7317873823349921,0.3379713363329276,0.2305617442041778,0.2315432626077518
2025-10-09,0.4594449965694734,0.2608434637758018,0.3699762859849621,0.6051112782575592,0.3834524887818393,0.6544904984670562,0.4131860790911431,0.5217205132812187,0.4109280100745949,0.3489141971319666,0.5781125527616003,0.2724217848082561,0.6610078680434064,0.3339846417134012,0.2482043685390066,0.2316454909968353
2025-10-10,0.5206990901638365,0.2866704842834231,0.3791834423495094,0.6491308804220074,0.4122667819891654,0.6403008786847685,0.4123584320846465,0.519447984177814,0.4122319790193654,0.387134648697308,0.6042847311465376,0.2890289069340738,0.6806861881561843,0.3655699184071335,0.2567428032483264,0.2487535662665187
2025-10-13,,0.2747855199839869,0.3748660834495154,,0.4021634087790926,,0.4246675671997237,,0.415903282348832,,0.5983512242690611,,,0.3594346998835309,0.2514009599514032,0.243195011424585
2025-10-14,,0.2807392922774739,0.3865835334697521,,0.4150201577861778,,0.4189924735591966,,0.4176716324983223,,0.5947602673519767,,,0.355161553477182,0.2622417570745425,0.2456738264799448
2025-10-15,,0.284725199601903,0.3942999078812904,,0.4255212030794054,,0.431574929195988,,0.4291430697581745,,0.6018585308047618,,,0.3640482204882838,0.2779113388439219,0.2635952633579153
2025-10-16,,0.289618250283248,0.3910693344355058,,0.4409702238680431,,0.436497837856451,,0.4340048704606156,,0.6165959132037959,,,0.3733896948627126,0.2806604811616375,0.2692937377976561
2025-10-17,,0.2842648758593289,0.4037302347481193,,0.4257390626082054,,0.4233472256485767,,0.4156764087793753,,0.6083301243043354,,,0.3555060624015259,0.2507045784578461,0.271676722559085
2025-10-20,0.4982829648451493,0.2889228945769135,0.3982586854630787,0.650702128128902,0.4210273848539195,0.6901643900231873,0.4257982784714429,0.5086299224893088,0.4230380922573072,,0.6119701525798878,0.3406973083431769,0.7475633482495855,0.3533678670059225,0.2483974202353347,0.2658304392571217
2025-10-21,0.4867760403173072,0.2792494145010264,0.4023724278991574,0.6255240858592849,0.4186101530791887,0.6759262037162542,0.441380734775229,0.4926794804567842,0.4383112625479175,,0.60881583277973,0.3399748211905632,0.6821473345060886,0.3528410569093668,0.253063308049606,0.2437436495905947
2025-10-22,0.4861976291064663,0.2811748075319372,0.4285779183479759,0.6275666753842398,0.4296014185772668,0.6697203007560597,0.4438587666784147,0.4904293612330754,0.4412912300945786,,0.6079531976053701,0.3505571689022074,0.7520952536337191,0.3575690019967956,0.2767158636435096,0.2584375259280048
2025-10-23,0.4817331400520175,0.2697952065165675,0.4145404281677365,0.6172903455726887,0.4146844115427635,0.6531730433178791,0.431934440709759,0.478681960491554,0.428519823846411,,0.567162103698572,0.3415025497226019,0.7408219989812874,0.3587051492334006,0.2594933185985896,0.2630415534911098
2025-10-24,0.4872727836599919,0.2708484504369095,0.4256165103130371,0.6425159242729098,0.4071597339904122,0.6938319995859603,0.4121884856940578,0.4958585745779548,0.4087014342796337,,0.5228595428382742,0.3467276739727394,0.6109383474057017,0.3477272538197627,0.2416454443872973,0.2599118551582595
2025-10-27,0.5374650539923399,0.2892412241885239,0.468268438695526,0.6790544596731447,0.4166165735709925,0.7563804561289197,0.4315043090769892,0.5389715030006315,0.4278784889744101,,0.566418339176954,0.3481519529999156,0.6230207539400908,0.3743914631802387,0.2397478693916078,0.2969989536099895
2025-10-28,0.56224595689558,0.2878170664255928,0.5303201443075971,0.6902936504473396,0.4363502945437376,0.7428979829336088,0.4535303361421626,0.5831764248223346,0.4497235597385894,,0.6120860736998357,0.3537648813562762,0.8070441475183845,0.3948421141460198,0.2492398421928094,0.3100634638886305
2025-10-29,0.6590354019569369,0.3002746134944673,0.5544595252584706,0.7284184627167392,0.4616880818762146,0.7568602874468314,0.4869717636612993,0.6413053362382157,0.4889904061255384,,0.6208573562586744,0.3586416250230534,,0.4022545147400227,0.2473083359241823,0.2901170455298331
2025-10-30,0.5686900360162646,0.2893474044475488,0.4590275136862872,0.6333327207854413,0.4865735705181156,0.7442025798944626,0.3388682416643452,0.5775708054335374,0.3388514486065618,,0.5719901732825022,0.3580828152815291,0.8192805357751964,0.4099130980181071,0.2507160878729939,0.3618984501169174
2025-10-31,0.5421328444280515,0.2459635357469833,0.4246050849417627,0.687321294551324,0.345224905421039,0.7869293472984229,0.3303688567287242,0.575837537264553,0.3278560218799049,,0.6105785223858476,0.3629159193340739,0.5815457303367546,0.4088987668343553,0.2580308110534128,0.3160319492162252
2025-11-03,0.6203847056389648,0.2445431537793076,0.433598000513504,0.7201616551163135,0.4327993426524696,0.8029346949429539,0.3237532992017315,0.5615789051750156,0.320756359779388,0.4242071662783888,0.6644224262138777,0.3779784097624779,0.5673271424199751,0.4378616861321342,0.2788647594074986,0.355183342362588
2025-11-04,0.5652973094190212,0.2520590467639724,0.4467005743376191,0.6868289417854401,0.4864899698590096,0.8138410832590063,0.3216170042116674,0.5585407907828945,0.3206182384615341,0.4283875474599821,0.6187925975632692,0.3947761973447894,0.5498310988087145,0.4240651515969132,0.2803517888835403,0.316409672785464
2025-11-05,0.5910134715028496,0.243846825239013,0.4096577097214238,0.7569186547261202,0.4148872362840745,0.7193225317373104,0.3239248904243581,0.5556181664409507,0.3214479688582498,0.4236353415883552,0.5784441804352747,0.395047315289758,0.5612223515587578,0.3260382255990131,0.3306642084952249,0.223948695214334
2025-11-06,0.5048183156661551,0.2632690343452619,0.387564036052364,0.761643912142406,0.409609534796169,0.693480550751574,0.3381206172708095,0.5464126708223408,0.3403437654621598,0.4150523937216175,0.6097027987463758,0.4139909614757938,0.5545135920229225,0.3285327898715839,0.3027529517709419,0.2407275598280312
2025-11-07,0.5219438885607485,0.2448456661521502,0.3823611418787956,0.7132753965609621,0.3463296156360518,0.6057408619125453,0.33237859347195,0.5293016549622258,0.3289287311871405,0.3891117047368721,0.5700572744232413,0.4148202361334966,0.5611255855178473,0.3237229606177054,0.3186210123811832,0.2372743249140319
2025-11-10,0.505127873095155,0.2442292216066899,0.4712874535840921,0.8170960888170676,0.4207648807305364,0.6639958977797514,0.3333391467257301,0.5699805257058654,0.3326128718398654,0.4094075909610852,0.5466174189433793,0.4561498510061165,0.5316808656211234,0.3323794689771145,0.3198243700237911,0.2360444419977165
2025-11-11,0.5144778744174517,0.2701899839477357,0.5060518590352776,0.8008459791952408,0.4623838268368114,0.6951048286318784,0.3179681237484423,0.5714342061168167,0.3085679391374049,0.3956354471487603,0.528997287029922,0.4712429319908849,0.5286968355983369,0.3517507272434411,0.3238942949791348,0.2366369487878424
2025-11-12,0.5048992736810245,0.2572689162177386,0.5620200277670857,0.7875026885115168,0.4261772893029521,0.7608974073798744,0.32017407325822,0.5823250509813659,0.3171217117377003,0.3836932087973614,0.5206655670927826,0.4936575455845063,0.5221564578958322,0.367271703122481,0.3276065586323575,0.2384033693595156
2025-11-13,0.5201954363975161,0.2862845434928842,0.524233976373468,0.8143259537922714,0.4260898528178805,0.8107818720996771,0.3618557851919766,0.5811565330613371,0.3584111820742844,0.4108677073953814,0.5706121002809112,0.5110823223410889,0.5327739571257917,0.3063309002491432,0.3285145902505762,0.2501752747893143
2025-11-14,0.5140708564981448,0.2743610712902328,0.5974811476670813,0.8960176548496298,0.4139073621877067,0.8046541605158719,0.3585892800571293,0.5620050182208061,0.3563032020465701,0.4088400455652228,0.5350180122718671,0.5230629806570323,0.5129430218013693,0.3008194385455135,0.3374482715440534,0.2436024257392645
2025-11-17,0.5320325009554902,,,,,,,,,,0.5466975137372647,,0.5499630920169496,0.3196412773950396,0.33432042146446,0.2559752642763671
2025-11-18,0.5531970249246846,,,,,,,,,,0.5584055351238205,,0.5597298245932706,0.3222077831222004,0.3403782712439293,0.2512606252991283
2025-11-19,0.5567372268094606,,,,,,,,,,0.5531409766234396,,0.566187988731842,0.3380445196796752,0.3354461982468896,0.2487021050323194
2025-11-20,0.5315550117345214,,,,,,,,,,0.5847084778633288,,0.5659946224486262,0.3137285409240832,0.348224065954367,0.2498004738362523
2025-11-21,0.5103078496080613,,,,,,,,,,0.5504575546546485,,0.5406987091938438,0.3165480528014658,0.3538316530796929,0.2382692186372078
2025-11-24,0.448037735179692,0.2445637050553702,0.2667745337365015,0.7337856636346256,0.3270055412305827,0.597941570054193,0.3911212280213974,0.7670068045827017,0.3902349698520093,,0.5437911808170178,,0.5196096228723858,0.2648274943032085,0.3270271960008559,0.2374963415533396
2025-11-25,0.4593632659918356,0.2454664127955455,0.2633240171987903,0.7688672457891104,0.3188455356803693,0.575055969306975,0.3788444216871545,0.7455649828095554,0.3933902430308877,,0.5131414126969736,0.2144980301646045,0.4997163220048643,0.2750984583630805,0.3275152803567803,0.2204025782970407
2025-11-26,0.4212788985168855,0.2330236541497459,0.2541695269379969,0.7531575670022572,0.3083054671375548,0.5342416875353194,0.3548820414585721,0.7241479547168751,0.3538979530664958,,0.4825575920682288,0.2125677879088122,0.4791520109121222,0.2461470231713094,0.3571792097062656,0.2244418789457611
2025-11-28,0.4092724619277648,0.2356531419927109,0.2660286152842588,0.7359218679673526,0.3021609152631632,0.5250443349010416,0.3570698581501254,0.7071295168972278,0.3549188297099212,,0.472317301559904,0.2081360851918871,0.5795074618048244,0.2476648305398681,0.3520016721572838,0.2215039681869136
2025-12-01,0.4243094952306457,0.2780974115188765,0.2835871222661262,0.7909308751098042,0.333751398111582,0.5703791068196433,0.3600674258825151,0.7305507946413317,0.3573944123525162,,0.4803903481081895,0.2290868180127797,0.4994442426152903,0.2610152162134446,0.3753301784526394,0.2309281144598763
2025-12-02,0.4120558383684791,0.2681285609608486,0.2749642527389976,0.810733475666901,0.3157310472669609,0.5468163748732343,0.3501048331237784,0.7031367548450039,0.3326250374408245,0.2931901583821635,0.4596487392943492,0.2278224557288302,0.6287134096506625,0.2760543682991198,0.3926539912865125,0.2364519609940026
2025-12-03,0.3992784596557494,0.3054919762826051,0.2730130041949632,0.8020034384222569,0.3079505990669023,0.5274996669193178,0.3400948779797816,0.5333989979905944,0.3195521002496615,0.3127637572635466,0.4834460989771741,0.2367667769312046,0.6084492547957742,0.2822752837980298,0.2587281709131458,0.2004840539918404
2025-12-04,0.3981212560657755,0.2862094125695094,0.2678332863708756,0.7924301622139474,0.2898106681186564,0.516141271209809,0.3084584052075127,0.5290504839224107,0.3107488003754994,0.3183870541687535,0.4711829390201128,0.2421192212425029,0.5510079360381597,0.281900867469267,0.2562916529349066,0.1990030156959282
2025-12-05,0.3869757805872426,0.275045704915355,0.2523798333920583,0.811364309326387,0.2763353420692498,0.4853499211525442,0.2995893115113517,0.5338504294662482,0.2977529808205744,0.3150770546051497,0.4424329699629576,0.2462762919491767,0.5467706818709824,0.2749239956481537,0.2503763009715139,0.1993428880902945
2025-12-08,0.4015413545765382,0.2888345767795158,0.309104230210832,0.9098115434257884,0.2867777311909199,0.535337476977576,0.3110210264498689,0.5627545781249333,0.3090323052252635,0.3282244328241034,0.4851974599258207,0.2460601926783697,0.5783744929290943,0.2892078071811799,0.2644919163531072,0.2012126421653693
2025-12-09,0.3958352188378503,0.2865944297563657,0.3081182338720559,0.9204673709621264,0.2784596710194337,0.572315120620383,0.3010815732827238,0.5540718710603751,0.3004204310058831,0.310673701756482,0.4583123415800429,0.2794298456301958,0.5730258027281432,0.3112937466176928,0.256936032633364,0.2009633283301204
2025-12-10,0.383565375086171,0.2810556274324352,0.2878968023526362,0.9131615149467832,0.2762236256272762,0.5378006162048645,0.2992605252537501,0.5742887596732853,0.296129091602235,0.3079536691221726,0.4536746508058714,0.2649895413428051,0.5712846388321232,0.3372616644677468,0.2704779790102269,0.1966761706094859
2025-12-11,0.3765298772881673,0.2843658006682097,0.2779827001160656,0.910508297086862,0.2711351418958482,0.5015990928826296,0.2968334274470418,0.5797539261896881,0.296900611928077,0.2938906738627746,0.4521076272676009,0.2954936484523249,0.5583571817324575,0.3200826292562133,0.2534014131517983,0.1889599612333726
2025-12-12,0.3751799849383861,0.2878459671990363,0.2565210699786678,0.9478336728882149,0.2670632676333098,0.4929960384247456,0.2837531463874402,0.4536571463006087,0.2822827142941034,0.2913402932169847,0.462875552163688,0.3411624351171198,0.4832759035084139,0.2810585693313849,0.21676816901058,0.1835727446324477
2025-12-15,0.3565216802474314,0.2779578910324401,,,0.2629892344371442,,0.2812659749474007,0.4276905554434112,0.2774974111570967,0.295506430041215,,,,0.3034385187908308,0.2389698611036445,0.1804550896994018
2025-12-16,0.3446354296255424,0.2678413122774917,,,0.2583084819126335,,0.2840807245002504,0.4146140604400314,0.2765922922409121,0.303983025968545,,,,0.2929375535335273,0.2309988491676509,0.1702988295738669
2025-12-17,0.3594459182418536,0.2795202684986422,,,0.2676481317111234,,0.289837137518862,0.4335196323217095,0.2870353664399792,0.3156376028770757,,,,0.2661014609827827,,0.1889792549917859
2025-12-18,0.3427768188540505,0.2694370988120076,,,0.2588131573660344,,0.2758942087913406,0.4206267152557586,0.2714437802118378,0.311972752558695,,,,0.2851468186903757,,0.1688289554614681
2025-12-19,0.3311635634841092,0.2663162953964178,,,0.2508519927247427,,0.2640204129100804,0.4138181810080451,0.2619889311941283,0.3083840981809777,,,,0.2938375438023869,,0.166663181880727
2025-12-22,0.3315470149797233,0.2507752092863388,,,0.243096657484476,0.4422235167637911,0.2555779858675707,0.4010374399082209,0.2512022170702039,0.2924322038290841,,0.2017375362850268,,0.2934883549974807,,0.1662427085194417
2025-12-23,0.3413079373738013,0.2502563641727309,,,0.2386032804934328,0.4360436473877401,0.2535049021301214,0.3945200062985634,0.2510823465853619,0.293801518272398,,,,0.2842287761258653,0.2204918702868014,0.1670752390563877
2025-12-24,0.3374721982586475,0.2693301311910675,,,0.2337587377017097,0.425219347301606,0.2524738133321026,0.3932368407099838,0.2474076657154119,0.2934394300860788,,0.2038091778025542,,0.2947109031262129,,0.1599318077622711
2025-12-26,0.3446144276163631,0.2683041496735572,,,0.2319220157417356,0.4313753212162752,0.2483610684434566,0.4043495913912108,0.2455688887056578,0.2920109817926845,,0.2066954546335687,,0.2927232978016147,,0.1655472973191807
2025-12-29,0.3517759396133559,0.3026229050051825,,,0.2358453541040332,0.4460910556626233,0.2458903258007644,0.4080584108966888,0.2430793516090295,0.2872524868769248,,,,0.2785057668192144,,0.1681122311766801
2025-12-30,0.3478741055998566,0.2869865538597558,,,0.2336777237944584,0.4331570084780733,0.24627767833391,0.3994940724286574,0.241592374402026,0.3119633870059498,,,,0.2815485834229903,,0.1727463118953799
2025-12-31,0.3541512563798521,0.2860755458354544,,,0.2346304803511514,0.4466447484342333,0.2447060921799289,0.3916288100713374,0.2400318608390797,0.2992806295321967,0.4070928795849129,,,0.2882116525415905,,0.1687358343060473
2026-01-02,0.3678236636455591,0.2937123546807388,,,0.2534468319392536,0.4687698858569982,0.2561855758378603,0.4079267209152717,0.2518759979665988,0.2932688840555623,0.3907943312256843,,0.6567028527174075,0.2880962491996029,,0.1696244253398864
2026-01-05,0.4085275122115767,0.2975731178073443,0.3158334639945812,,0.2573184107430197,0.5066996564230286,0.2719866052982976,0.4471634501127486,0.2676926856042099,0.3214931165945489,0.4038605728632636,,0.7253936275513472,0.2830299651136539,,0.1756305242193094
2026-01-06,0.3757999636431499,0.2450700092167674,0.4301695616993674,,0.3779293252140154,0.5351135704348954,0.3464775903566633,0.433695178092317,0.3468014093288207,0.3674664608915058,0.4124189758950869,0.2471092091495536,0.5891711245919158,0.2763095480618685,,0.2045313820154278
2026-01-07,0.3717393842513157,0.2529358465593981,0.4712002113265812,,0.3804448898023344,0.5267983788762819,0.3619204598679496,0.4377415624707758,0.3602290517073313,0.3731835276935025,0.3951111641810852,,0.5880279675981455,0.2723160403377194,,0.2058535197374563
2026-01-08,0.3652744267958047,0.2587716177874636,0.460689795438799,,0.381412037602894,0.5107786653519154,0.3654126483062581,0.4114027637598074,0.3626766216115237,0.3692967626503158,0.3868951515722083,,0.6143124566792301,0.2730269890175872,0.2619314684254364,0.2045570354319086
2026-01-09,0.3550961231665135,0.2493963482974749,0.4464866691768882,0.5525882287893846,0.3768331994896519,0.5058300993470153,0.3507391696224912,0.4186742580897239,0.3530345284943727,0.3645675976418927,0.357879604454779,0.2687473321040296,0.6249991126861653,0.2428973509918419,0.2343999084969686,0.2033676729288952
2026-01-12,0.3535035568579307,0.2620279558100751,0.474559717402633,,0.3931010901121771,0.5160380132041774,0.3724124019362876,,0.368849078735547,0.3851720384370838,,,0.6186915666716797,,,0.2119137350824474
2026-01-13,0.3536275449395528,0.2558383837318906,0.4409277601372677,,0.4021425453225636,0.542689966297775,0.3840257121997476,,0.3830607150052714,0.3852196364638104,,,0.6495508614930792,,,0.2135712450205482
2026-01-14,0.3522024520929555,0.2606620222966292,0.4380154029939966,,0.4080720330699344,0.5504289589084006,0.3848336510254141,,0.3793604123682101,0.3884196887142503,,,0.6521705476188184,,,0.2125514327918847
2026-01-15,0.3553989945353716,0.256754617538634,0.4460476555898701,,0.4027605414326937,0.5456923871061655,0.3668693089155977,,0.3634782285569768,0.3742151323195946,,,0.6106701771629194,,,0.2043813808844053
2026-01-16,0.349275452188783,0.2502984062259146,0.4483050298772951,,0.3976319867725355,0.5466682236364492,0.3635895614563736,,0.361951860160056,0.3702602895079837,,,0.6067274812771355,,,0.2074093718126745
2026-01-20,0.3900985330048014,0.2889038683087307,0.4542341010931184,,0.4596256914552747,0.6119106450687989,0.4032706525435082,0.5106389280553114,0.3943664740016507,0.3984325502589622,0.4853600899631294,0.3206190604043683,0.6564146248550597,,,0.2325220777322983
2026-01-21,0.3732261248312294,0.2792819917987746,0.4315790377908547,,0.4223612707657752,0.6110580540036671,0.3868592197819728,0.462220415771459,0.3839380183702053,0.3957016956523521,0.4620099950538906,,0.8144580656246236,0.3283470896799263,,0.2284764190972745
2026-01-22,0.3627698126891693,0.2735642420656073,0.434499025440342,,0.4130890030767745,0.6211685250281026,0.3849460598032432,0.4602547451740043,0.3800395040577483,0.4101332217252317,0.4710480557384571,0.2959408293778807,0.761675601493886,0.3061156188137165,,0.2108663631395742
2026-01-23,0.3659309850067798,0.2769626840033968,0.5143265158309747,,0.432932879887895,0.6053199488361938,0.387504839127362,0.4500032104731335,0.3848542759298742,0.416587716843265,0.4692598719264832,0.2900098947309734,0.5284475097221484,0.3141348598075683,,0.2158152306041381
2026-01-26,0.3686038945782346,0.2916453323588708,0.5714436820508787,,0.4725699713737331,0.6225080490751645,0.4162904581562315,0.4668403390346459,0.410709106806404,0.4486151779037893,0.4844752731804457,0.2971394788633172,0.5259878583705583,0.3546963132156111,,0.2286896611180433
2026-01-27,0.3797907613948208,0.2834829548691424,0.625597484763719,,0.4907027816885072,0.6259217681072818,0.4236139532000572,0.474237175967974,0.4171807151300022,0.4585602018499445,0.4822598502061043,0.3038850736982795,0.5069082517099782,0.3832530490727064,,0.2403968985947037
2026-01-28,0.4015930553664638,0.2912446703280259,0.6391520485684795,0.7035897219304145,0.4657956503537058,0.683338830658494,0.4205477429459565,0.4997677268136523,0.4167158118412349,0.4505253091637371,0.464509717571605,0.3123191655927612,0.566932994568083,0.4018791133426955,,0.2494644518537909
2026-01-29,0.3957846280712028,0.3258874253918506,0.3829496480374357,0.6835847366267371,0.4670299405026309,0.6442158751413618,0.436955763156135,0.498218287620474,0.4334255106672003,0.4153917121041455,0.4284512197855181,,0.564820788911068,0.4218299436667873,,0.2411466431118187
2026-01-30,0.4017766577344627,0.2405116873884591,0.3764320893413729,0.6981888141480885,0.5153175754408342,0.6840803979247049,0.4297853747199284,0.4808456156289212,0.4063410197175546,0.3541362544708781,0.4244614070180854,0.3275684298349405,0.5595498840122518,0.4230785760242442,,0.2320401632883228
2026-02-02,0.4059919076936826,0.2373553158035646,0.3647373273638649,0.7073758926615333,0.5191806546102423,0.7050088441549115,0.4525902648942422,0.4852231380112448,0.4552663839893225,0.3536822848215143,0.4250674872292499,0.3714621948045025,0.5985981841134048,0.4919892749955751,,0.2488080410878992
2026-02-03,0.4123577100012749,0.2570973242635083,0.3365884218967908,0.7213222846909392,0.5775576503507692,0.7968958084391388,0.4897788238119991,0.5151256719593639,0.4827035146296756,0.346062181038887,0.4297775025070015,0.4319036309553767,0.6412321740176599,0.5469362536427941,0.2669948165813766,0.2591903506271498
2026-02-04,0.4281438564489614,0.2924277548540873,0.3283734386710437,0.7705508891216227,0.6234355711900366,0.6146327715780693,0.4334955765536762,0.5514877451248978,0.5153211915771094,0.3638119352987836,0.4554963119018326,0.4463047220892101,0.6947357214347374,0.5199465492405906,0.275980528986319,0.2644313913994981
2026-02-05,0.4415397999870759,0.3248959113360105,0.3447476845169626,0.7678570948056279,0.497198392660713,0.6007109804224056,0.396985549771533,0.6305834925514386,0.3916321182795491,0.3881095299783023,0.4631513238628467,0.4583889839370688,0.6318427529288088,0.569724907611221,0.2819703816605637,0.2595704734788082
2026-02-06,0.4047676475493966,0.2805457596455685,0.3252171527136345,0.6625466801387608,0.3250988553636668,0.5553085451704491,0.354552475809016,0.6116575351927871,0.3346039830176253,0.3391181009962106,0.4025176756083767,0.523558831833835,0.6437510567626241,0.5535876255063795,0.272020500232238,0.2248974161126352
2026-02-09,0.4160437253393567,0.2794488381715294,0.347176977233787,0.7120320655542212,0.3223706999693639,0.5792623734842699,0.3399406764352201,0.63018947554516,0.3096331275987019,0.3530150646459263,0.4000602230187309,0.5324048399678325,0.6187106302078781,0.7093385204901786,0.2764283336158289,0.2487405606511846
2026-02-10,0.3920792598193434,0.27825798080924,0.333931085026213,0.7323871048373901,0.3171337081818076,0.5621979245185201,0.3236659768384985,0.6301291659824136,0.3229297282175319,0.3452240280669895,0.4082008738726621,0.4930303241993228,0.5959969091226294,0.7674295169287687,0.2652078017751266,0.2404169311148187
2026-02-11,0.3835993188111019,0.2977379280619329,0.3278210884850295,0.6790846214466701,0.3200916399089784,0.5606821433316213,0.3154807702168028,0.6270998922765415,0.2880563102289544,0.3506141449700934,0.3991086865774881,0.6250447891973019,0.615688055120237,0.7552411179753383,0.269537669922363,0.2305197379797126
2026-02-12,0.4170298185587047,0.3015616463707516,0.3494358676748451,0.7344461706330047,0.329511090952778,0.5828860392034262,0.3415882968228039,0.6501576603301464,0.3233305400629707,0.3583811045423655,0.4278329140231239,0.7687047601699656,0.6155407898595613,,0.2937401030112197,0.2597870233848921
2026-02-13,0.3725963085449675,0.2649859130794749,0.3336629978616061,0.652019172570062,0.3177685600307798,0.5536386543560777,0.3218813148034396,0.6370030333824518,0.2770807363309784,0.3176186619549629,0.3919014062162464,0.7355094127665412,0.5999928020628336,,0.2835099196158392,0.225638709695877
2026-02-17,,,0.3313384287448326,,0.3370787148205961,,0.3111581990600268,0.6516475380378067,,,,,0.6104942425286424,,0.303957633390625,
2026-02-18,,,0.3346854366199558,,0.3249602682768307,,0.3090058619543425,0.657675033581436,,,,,0.5820410943230051,,0.3031406409662653,
2026-02-19,,,0.3356879730722152,,0.3283510194841165,,0.3245883668237649,0.6499101398650117,,,,,0.5674736401738528,,0.2803164713226107,
2026-02-20,,,0.3322147080523092,,0.3362255193382764,,0.3590749875506274,0.6404368314625211,,,,,0.5617777716591674,,0.279103994897748,
2026-02-23,0.5962064534041761,0.345155180974002,0.3309200317542991,0.7499755947152933,0.3480728609652606,0.5788790921101064,0.3642037250455512,0.7012408618287623,0.3782294006502102,,,0.3501766389090541,0.6006539983123137,0.3012083525545319,0.2981989121231567,0.2986937470448313
2026-02-24,0.5889730149481266,0.3397782027547276,0.3166484484582605,0.7769253600901795,0.3483475691916594,0.5940864427841581,0.3515314601543726,0.6989702403523126,0.3529646225381978,,,0.3735848493020065,0.6393520288811004,0.3244452052919452,0.2927565082335644,0.293797592894481
2026-02-25,0.5882119233423562,0.3419231249091131,0.3395649130651396,0.8385579290428749,0.3320334380958383,0.6018352422255666,0.3292722319206588,0.7083106042344463,0.3549012341415784,,,0.3712254745712058,0.6278619791154726,0.3128960130972411,0.2968113722682676,0.2923158658355655
2026-02-26,0.5029032672919409,0.3524679525582915,0.3488306214627555,0.7963822244162642,0.3277972689158972,0.5473150283700953,0.3334104388371713,0.672999769177461,0.334057628952644,,,0.2929423669801793,0.6029818645791157,0.3131568030351779,0.2869709074265638,0.281880395372912
2026-02-27,0.5071456588040402,0.3480536274886252,0.3321549563815988,0.7801537966642392,0.3432971758206386,0.5348037798367878,0.3370887843945661,0.6711208911223103,0.339821489217658,,,0.3622291268308645,0.5951104689521668,0.3308871820817651,0.3232359845830012,0.285974569031678
2026-03-02,0.5139143766084345,0.3722129641132314,0.3602367838524547,0.8527329343642764,0.3567323552596082,0.5636449014741506,0.3513511322611389,0.6964244147257522,0.3559752571732484,,,0.4428639498103807,0.6437382623861009,0.3638458249121413,0.357533148254797,0.3110100436108204
2026-03-03,0.5317534253606006,0.3719668680649042,0.3977471007405087,0.8611897812230978,0.3674595139254768,0.5533551918375458,0.3593727645098611,0.7228124178747956,0.3428497819787552,,0.437398561469817,0.4464596881935823,0.609500433117578,0.3609147030302047,0.3519580473267165,0.3255319316022322
2026-03-04,0.535612400144857,0.3626071784177372,0.2948721022381579,0.8632816611590111,0.3630706911293394,0.5655411367347266,0.3424291549303747,0.67376941015345,0.3394954664762419,,0.4316572232909741,0.3801469173806967,0.6427286307275769,0.3807592839167816,0.3514915257489431,0.3326450337128146
2026-03-05,0.5305121410731086,0.261658174919583,0.2967698757005412,0.8482111066161103,0.2850772440770209,0.5529653763610403,0.3346855637118238,0.6253832932303308,0.29831443078659,,0.4279610755805635,0.3458644850067089,0.6240658819734871,0.4178718242281742,0.3125994124934519,0.1583148123270948
2026-03-06,0.5828315315278595,0.2663317045322213,0.3026958785987599,0.9319736144825224,0.3115584478038139,0.5887568618142087,0.3602213791248372,0.7240994105334547,0.306955974636471,,0.4509175004614192,0.3486353360807018,0.6652002765253214,0.3985538121221159,0.2995087408369532,0.1753567083134047
2026-03-09,0.5388920780446903,0.2556599161438109,0.293873443502622,0.9276729549759022,0.2959669520584883,0.5669239526922197,0.361558619991039,0.6959256405471651,0.2877904911398233,,0.4363458694747152,0.3962027652265877,0.6674195942730808,0.3591519234107959,0.3124632567850108,0.1558719226862032
2026-03-10,0.550876849993019,0.2548718278151694,0.2859610004390316,0.9632192984514214,0.2834896516790492,0.5885051253479482,0.3767470429104865,0.6895084909008699,0.2827648003067937,,0.4361724026571294,0.4134836347868665,0.6668708901521464,0.3839574975285891,0.3050411962931352,0.1626622512515647
2026-03-11,0.5490674952265366,0.2492262176807489,0.2687660187842593,0.9533844547408548,0.2892376477393716,0.5767788861012796,0.3452335353781165,0.6734029594292646,0.2771647056737135,,0.4409654779292199,0.3923093081216794,0.6820138628915461,0.4114995481631482,0.2828523292969667,0.154893745736941
2026-03-12,0.5686917374627783,0.2570991292179458,0.2808052325791624,0.9764254429670168,0.3006536741550717,0.5747745974237937,0.3493970678210493,0.6690212496151352,0.2868592419829792,0.529986533590947,0.4531242864607704,0.3721176608239091,0.6993888128608777,0.4091938102096908,0.3329016576962076,0.1707349721046572
2026-03-13,0.5375900540989211,0.2545224809109893,0.2711191451745417,0.9697933859190362,0.3024887133208424,0.531407146533458,0.3455332703705948,0.6238298550341527,0.2821955437245969,0.4220571665767667,0.447541484653456,0.5244142912197501,0.7302640308028335,0.4329145993078487,0.3138061340547466,0.1705712777228836
2026-03-16,,0.2362597458938957,0.2558022912439481,,0.2867709363648377,,,,0.2626953447508639,,0.4257028092233984,,,,,0.1476208571376773
2026-03-17,,0.2204618136070838,0.242678432112021,,0.2750006657126868,,,,0.2460182194768392,,0.3894172520487442,,,,,0.1413251937642655
2026-03-18,,0.2345898653512811,0.2536501002473397,,0.2997965618610479,,,,0.2591307194546338,,0.4008075432078554,,,,,0.1529204406079186
2026-03-19,,0.2244245223591543,0.2441064030779161,,0.3039489943768352,,,,0.253336149818603,,0.3908865569101676,,,,,0.1592141998733393
2026-03-20,,0.2360907952629499,0.2571340722456444,,0.3286286829281699,,,,0.2674883881218459,,0.3990731927970085,,,,,
2026-03-23,0.3135695969214218,0.2244724581023778,0.2470889974381084,0.6189894695729963,0.3043966728976531,,,,0.2597528062270811,,0.3848847586194537,0.2655899489464214,,,0.2354787434877751,
2026-03-24,0.3154565122729383,0.2287331660399887,0.2746668123565736,0.6105423008826809,0.3232061071559076,,,,,,0.3913783036511997,0.2771706831756045,,0.2549009344695209,0.2455662863866606,
2026-03-25,0.3015390247887666,0.2218481995377511,0.2800954948784078,0.6021096440154908,0.2889791776114245,,,,0.2916800507361703,,0.390846274298682,0.2695687730271291,,0.2677673689284019,0.2307585669343456,
2026-03-26,0.3579604027325662,0.2408098273884941,0.301806993682282,,0.3239558857419358,,,,,,0.3982521010759639,0.2793096510211824,,0.2852073465282291,0.2348185997752256,
2026-03-27,0.3894482026112178,0.2621690549315233,0.3381057798994234,,0.3956123872233671,,,,,,0.4156178218000457,0.288657721646791,,,0.243815176719866,
2026-03-30,0.4202225173180968,0.2623383170231151,0.3324829793570555,,0.3961794705755792,,,,,,0.4199849783418319,0.3025415403826964,,,0.2674212944515379,
2026-03-31,0.3424786711387211,0.2408309618914973,0.2973456430739969,,0.3470574432214812,,,,,,0.3870243332781718,0.2797723804824584,,,0.254514634910753,
2026-04-01,0.3327681652620205,0.2257686568220853,0.2886847533482428,,0.357038964270389,,,,0.3064186886808926,,0.3774461106751572,0.2595724775519045,,,0.2405825059814977,
2026-04-02,0.3369257476612595,0.243779995891584,0.3224561223494527,,0.353592327785242,,,,0.3019277468424066,,0.3774180020273424,0.2634761247194611,,,0.2218368074914739,
2026-04-06,0.3415034773329147,0.253110806120711,0.3272790125942408,,0.3566549622161361,,,,0.3152273285030725,,0.4299900301414096,0.2887489120700049,,,0.2219925746819216,
2026-04-07,0.3356547728329363,0.2782154818376836,0.3372849135187769,,0.3666510071899926,,,,,,0.4796636118681205,0.287241840438114,,,0.2194828598243843,
2026-04-08,0.3261078261481312,0.2580082526314806,0.3319334149412726,0.692365671303361,0.3568940539620189,,,,0.2764164096502987,0.4266835357181371,0.5045643795609,0.302421123495274,,0.2732415676738077,0.2101087792704652,
2026-04-09,0.3265508486060227,0.2538656433532973,0.3500472704688596,0.6818645052016337,0.3811720727150651,,,,0.288436519493173,0.368018829106199,0.4970998092009419,0.3152718011659851,0.7202900732553447,0.2699774483304885,0.2051903992048747,
2026-04-10,0.3302154877856331,0.2557093057195752,0.3627082100405555,0.6587230158564689,0.3838765854988429,,,,0.2733209392023647,0.3519765240351906,0.4785835986108229,0.2845479977456448,0.6769119858137409,,0.1991861679855138,
2026-04-13,0.3273775091606177,0.2736325047203312,0.3824389725471527,,0.3913699075645543,,,,,,,,,,0.2056809511995368,
2026-04-14,0.3319040855527498,0.2870515160136399,0.3790953673672102,,0.4132898203688437,,,,,,,,,,,
2026-04-15,0.335884507854128,0.2890921204130027,0.4007329732245572,,0.4028457053236458,,,,,,,,,,0.2002149166187886,
2026-04-16,0.325597120281223,0.2859636469903096,0.3968685483792186,,0.3956817785379789,,,,,,,,,,0.193263408104375,
2026-04-17,0.3139610996604775,0.2722942286609191,0.3845715002397507,,0.3976708184553784,,,,,,,,,,0.1803796434986478,
2026-04-20,0.3258929779020222,0.2825004054680802,0.3973028119904268,,0.4135546347917937,,,0.4137851606352788,,,0.4674035856358704,0.2650253724852376,,,0.1974178236985392,
2026-04-21,0.3252762411669994,0.2971918442432676,0.4143498028862818,,0.4329256011889984,,,0.4425251537541949,,,0.4870097854426954,0.2688295188551835,,,0.2023726891341273,
2026-04-22,0.3285583323153555,0.2813088443706436,0.4267597505554537,,0.4352921580280206,,,0.4647001581623683,,,0.4864110172153635,0.2758373436000154,,,0.2025855611929995,
2026-04-23,0.3267070428287062,0.2743568037089837,0.4345610754684015,,0.4428906144909871,,,0.4640415541861088,,,0.4374797779265216,0.2688465147175384,,,0.1975078364872953,
2026-04-24,0.3597556659074802,0.2895888161811167,0.4460808375134373,,0.4477207092971321,0.7497661763404629,,0.471898936509654,,,0.4254605842594359,0.2680369762073424,,,0.2041981000623941,
2026-04-27,0.4110121635996207,0.3133354135624392,0.4917622731541021,,0.4735242040490976,0.7649300531998723,,0.4836680638601999,,,0.4458280560137561,0.2734816767741114,,,0.2202949934590762,
2026-04-28,0.3902681591734606,0.3033264019061931,0.5106325540264723,,0.4769379551745704,0.7617566049896809,,0.4633482810214171,,,0.4452865448516651,0.2682423613365301,,,,
2026-04-29,0.3972294980814381,0.3206624794203255,0.513070229067922,,0.5338447827339464,0.8011016101322728,,0.4858167926812742,,,0.4422128955799935,0.2771718989507838,0.9342236043830262,,,
2026-04-30,0.4055826369018456,0.3513476503108559,0.3060885244066773,,0.2975769907027166,0.7792721989311661,,0.4503713759529499,,,0.4348197919404714,0.2704902238449179,0.8368437692280254,,0.2110658113131562,
2026-05-01,0.3808477839983087,0.2440396505228914,0.2883677870038844,,0.2788389701007367,0.7710075590349706,,0.422783890105565,,,0.4155167380566313,0.2573801432625168,0.8373779704074846,,0.2122264391747927,
2026-05-04,0.3991628437343486,0.2535238210290814,0.3108221958364179,,0.306500090333216,0.8357500432622035,,0.451104385298076,,,0.4449651239447213,0.2776984426122518,0.8208741044555381,,,
2026-05-05,0.4302994956028723,,0.2994975557902653,0.9043358882757504,0.3102267703654776,0.8757063545144489,,0.4891510717881657,,,0.4493303839317688,0.2775789285523853,0.9292633635182528,,0.2237072400709311,
2026-05-06,0.4112138117191395,0.2429693521747009,0.2991193172881762,0.8516247883388035,0.305134512122766,0.7090597723913045,0.3051912843284949,0.4513801678221339,0.296941291554685,0.3156729071243651,0.4413333694149655,0.2605933208612691,0.8767315115791867,,,0.2088099428564241
2026-05-07,0.3958905228387776,0.2473192381639135,0.3202000190249336,0.8312381076967921,0.2860223517772804,0.6290464060864142,0.3024236042094463,0.4564019028361329,0.2946815888075351,0.3135823819553326,0.4517648679511667,0.2566090708513556,0.8456869151558372,,,0.1858377339412409
2026-05-08,0.382670742189822,0.2337392928167414,0.2898228529677193,0.8889185951651252,0.2995034346986251,0.7015758364782061,0.2848673676719545,0.460925285177569,0.2784775875075727,0.2923447278960556,0.4306337289609412,0.2444881101080842,0.9789767915201212,,0.2145530528956001,0.2041897792785484
2026-06-02,,,,,,,,0.6098055475921599,0.3037670494507272,0.3565371032956414,0.4686551266757112,,0.7865659638839393,,0.2337696256335606,0.2605895441852865
2026-06-03,,,,,,,,0.5578969790523711,0.3115009282021029,0.3490421096318468,0.4714192512266932,,0.7834544469038193,,0.2293365244667403,0.254545033593949
2026-06-04,,,,0.9805612671536308,,,,0.4808763104337921,0.310405056713697,0.3298851338057084,0.46350371833148,,0.758173243459755,,0.2222765242959683,0.2325130113937048
2026-06-05,,,,1.0074402001158411,,,,0.4935639848082647,0.3350870116397458,0.3533751008984442,0.4831948350974956,,0.7788428161880251,,0.2496121043374391,0.2391752939688386
2026-06-08,,,,1.0102956348459025,,,,0.4704055551902962,0.318391717955837,0.3562087888643287,0.4797751326024041,,0.8140012123908285,,0.2545049794054622,0.2533929459151726
2026-06-09,,,,1.0314152073578104,,,,0.4884940417034742,0.3246570624632609,0.3478391698615494,0.4839247042287045,,0.8371043308839182,,0.2467759798292411,0.2651477432456481
2026-06-10,,,,1.0547607054782886,,,,0.4903672291016031,0.3254214555156161,0.3570502059308843,0.4953273390105605,,0.8460328235145493,,0.2523038100886708,0.2807275146483812
2026-06-11,,,,1.0639970397433585,,,,0.4852387490124142,0.3351207525037066,0.3634539049825784,0.4973981180574177,,0.8642282039562055,,0.2452238576858201,0.2927455606876394
2026-06-12,,,,1.0657913013995604,,,,0.4700197528213459,0.3143658594199256,0.3631237742427058,0.4859960585917479,,,,0.22933002823533,0.278755754574189
2026-06-15,,,,,,,,0.4611012458457694,0.3039336677197926,0.3422454358932925,0.4505462722180246,,,,0.239513690239672,0.2688470511540847
2026-06-16,,,,1.0675923644668244,,,,0.4520966205141192,0.318052149329255,0.3401010935229731,0.4338653202403656,,0.8617962917831097,,0.2409093902137045,0.278101513486914
2026-06-17,,,,1.084160068843534,,,,0.4893495402825269,0.3164161510225993,0.3717823866938248,0.4423512241011743,,,,0.232476471834384,0.2999698228010739
2026-06-18,,,,,,,,0.492783073823226,0.3208143997879539,0.3556586952659285,0.4242282179600706,,,,0.226725148391537,0.2676351747910238
2026-06-22,0.3604043844005719,,0.3353513277027591,,0.3380237478192606,0.7410967122627437,0.3290850208130592,0.4954928963038524,0.3242030143037754,0.3802179844500511,0.4412509989753373,0.2740739280379121,,0.3913427057694473,0.2343088863333468,0.3048099544457185
2026-06-23,0.3793292373125966,,0.3324436641889638,1.1415921882343982,0.3309282751993473,0.7560446919343052,0.3238887677213801,0.4942992680626967,0.3229218193487456,0.3740209892934995,0.4469093488540177,0.2894220233470427,,0.4173829296630391,0.2386465109518424,0.3329093692477214
2026-06-24,0.3736159098581491,,0.3471745327728232,1.0668385467087724,0.3361627061455044,0.7462175853300254,0.3270940107083716,0.4966349732546232,0.3300463551129683,0.37921010675329,0.4420858440959387,0.2874917856654613,,0.3882962572047163,0.241899514109843,0.3912368364490736
2026-06-25,0.3743995220653101,,0.3855267672379996,,0.3497376114724267,0.7372646616471797,0.3252211328686258,0.4913924265390975,0.3158284178400557,0.4033647558673289,0.4321543578811048,0.2634043756503053,,0.3596097223930765,0.232581082099917,0.3286314876056931
2026-06-26,0.3514260687660894,,,,,0.7007863908465977,0.3183135170367253,0.4602656889729589,0.3330371361522239,0.3862643793644988,0.4258174952021872,0.2425848952034234,,0.3436984185833585,0.2159568237147233,0.3039693697364599
2026-06-29,0.3673105484215457,,0.393135589476145,,0.3424412544311906,0.7435747694155478,0.3344910570271965,0.4830498218062448,0.3266984033714116,0.3814728803859581,0.4698121236623047,0.2653642239657821,,0.3632354903960341,0.2353729237756421,0.2978240890219508
2026-06-30,0.3606860882924335,,0.3499889902646487,,0.3493478577359878,0.7805811543917319,0.3043741820507399,0.4787856671793919,0.313572853072868,0.3868568531796891,0.4684082299554582,0.2434379651086831,,0.3898139729997582,0.2283802870578105,0.274338789377499
2026-07-01,0.3621517606452382,,0.3544862241302434,1.153927299435232,0.3437075953635249,0.737850272542036,0.3291852255993471,0.4658870748355079,0.3245626576216174,0.3926088665083384,0.4769742393542887,0.2527382656208053,,0.3753616755962989,0.2223045234411122,0.2574419115392854
2026-07-02,0.3556116328814534,,0.341946491668263,1.1200221675726465,0.3271926040939041,0.7372147170677281,0.3184427506995112,0.4716051253141379,0.3272364115973225,0.3796383537089259,0.4351987944720194,0.250687708263261,,0.3732698875479939,0.233097620489713,0.2724641181248345
2026-07-06,0.3821952645940431,,0.377814888011308,1.1352259604089858,0.3576915829468327,0.850240218281064,0.357814520750467,0.5181491058442353,0.3590126653726797,0.4069542751751624,0.5065464995613816,0.2850401647230655,,0.3856248535038964,0.2514603681363583,0.2752555882081442
2026-07-07,0.400220304893039,0.2710655682665759,0.3718785288627302,1.127303128265536,0.3570091261537194,0.8095733690144749,0.38598353954205,0.5042652495013163,0.3367213231584455,0.4686843585146641,0.4913873935508779,0.2779221751043957,0.9648219146908408,0.3935907834924139,0.2558043612896468,0.2822999580984626
2026-07-08,0.4072395963449948,0.2683060419668293,0.3458402640804309,1.131972126255716,0.3386129123877117,0.8100682911347199,0.378877996596816,0.5565338836455687,0.3384165593453446,0.4738046961663317,0.4671298164082132,0.2634667373110853,0.9600985807237202,0.3992604290214438,0.2698561600393291,0.2528582711150018
2026-07-09,0.3922623458081717,0.2706294766744503,0.3496744983726513,1.1585577430632423,0.3584906421182403,0.8125562888492597,0.3794956926110109,0.5559611457500102,0.3099719347079971,0.5107022662650454,0.463439984082142,0.2538711459928937,0.9488290071846824,0.2828395245660101,0.2434244332920429,0.2860213320271105
2026-07-10,0.3856489194263319,0.2689547572278422,0.3399274556976809,1.0058292492175174,0.3143932056425259,0.7757495039123152,0.3748896256239984,0.4734514230912254,0.3055021347497902,0.5576766633651901,0.4522365911392016,0.2367304042412006,0.911373527998423,,0.2154479929160644,0.2389822433122193
2026-07-13,0.3941721297693393,0.2837103145629338,,,,,0.3823013619369375,,,0.5285989940307648,,,0.9294071848975162,,,
2026-07-14,0.3966381222841981,0.2767608684768018,,,,,0.3876204895462862,,,0.518181312586473,,,0.944691512469322,,,
2026-07-15,0.3950328688973409,0.2846571998183314,,,,,0.386888707023722,,,0.5259089388631124,,,0.9503850972199526,,,
2026-07-16,0.392734561907756,0.3115365460514628,,,,,0.3930996241959105,,,0.5158177060228604,,,0.9535031399809912,,,
2026-07-17,0.3967965465152903,0.3167120845287505,,,,,0.3894810218684586,,,0.548020326855859,,,0.9862971981504284,,,0.2351299329761348
2026-07-20,0.3771779612698109,0.3241766062593977,,,0.4234766687356115,0.8856681664495447,0.3947834523452683,0.5236307537932584,0.3939372042965001,0.5438639417055604,0.4959849648629666,0.3592069416915305,1.0133644583276735,0.5405312758296887,0.237446026671782,0.2359269284953166
2026-07-21,0.3709005637727952,0.3129757612836934,,,0.4215725064855756,0.8671371752695665,0.3963171544741204,0.5196108469307658,0.3899760315532936,0.5535370939012209,0.4843904635178527,0.3340825017110546,1.0348483550306302,0.5056714518556219,0.2224079037902884,0.2328584208733933
2026-07-22,0.3810344183429615,0.3157887900835284,,,0.4368066525922497,0.8793989710293233,0.4006492691940252,0.5486905743341394,0.3978797617407246,0.5508574728959018,0.4871541303355113,0.3476499362142656,1.0316737378304202,0.4974133847255791,0.2222511379233031,0.2444020022866966
2026-07-23,0.3839473791384277,0.3057130735116495,,,0.4413112292812754,0.8633850995269079,0.3284702606627458,0.5244906654205026,0.327924528671798,0.5565323458782362,0.478401090726506,0.3449810663581682,1.0071970824619343,0.5152324665381177,0.2202797482286662,0.2469983212582094
2026-07-24,0.3814933395919086,0.3130975225142159,,,0.4267861424507433,0.8401588497857158,0.3011188687790097,0.5055415620034683,0.2977467175051263,0.5147918900824349,0.4871255502381507,0.321849358493911,0.8442975419364686,0.5007094185673925,0.2089629413771925,0.2262207524719993
2026-07-27,0.3847142365778355,0.3317111882532365,,0.9456688210362988,0.4413562747145903,0.8417441413163871,0.3117613671620275,0.518477385290722,0.3114063529095242,0.5337571505239542,0.488447721613611,,0.8347167775756664,0.5430679129041666,0.22075731072855,0.2228616787784808
2026-07-28,0.3891808345499647,0.3417053777407923,,0.9555831158661636,0.4476749271932131,0.830961097602259,0.3114352694658415,0.5270053132562131,0.3092622171046339,0.5444882370856211,0.4953365282278251,,0.8536535217726439,0.5557435319709002,0.2261993043512004,0.2208386582000515
2026-07-29,0.4059977080287521,0.3483257409901631,,,0.4681782583218858,0.8553494929578669,0.3265211891883399,0.5292020619388874,0.326566332661008,0.560589426990658,0.5177950817995911,0.3526329320551798,0.8668659675259314,0.5518289003205817,0.2163609404468438,0.2231991844255107
2026-07-30,0.3725894383825753,0.33541761116193,,0.93985431936827,0.5240527096403836,0.8265578936247254,0.3105174414046455,0.5127665981188261,0.3097789641558229,0.3892194481086075,0.4965164074849265,0.3591372801144964,0.8360438982340388,0.5362161331581264,0.2191032116820953,0.2305015206088929
2026-07-31,0.3666007201991983,0.278266034840102,,0.9204036570924368,0.3182232496174644,0.8283794163315431,0.3262936416002182,0.4981213224121535,0.3228028317475624,0.3830523451853321,0.4867114527888561,,0.8354291790850094,0.5728822780145105,0.2308862413307555,0.2009010752147627
2026-08-03,0.3840607952227762,0.2785885333138313,,0.915011589548607,0.3691114898781389,0.8536856870398607,0.36562052389607,0.5118966194936464,0.3513462762773185,0.4192182168238775,0.4878610448722066,0.3925875374172634,0.8293922822413762,0.6040151655555362,0.2547366991081581,0.2045245359892546
2026-08-04,0.3829044052792143,0.2720930537712313,,0.9452557826332352,0.350463055399257,0.919989905746872,0.3713485205060028,0.5789416618158395,0.3692966697662022,0.4114527989303038,0.493317034275441,,0.9186651497663736,0.6241680410611057,0.250463059884052,0.2320447903470656
2026-08-05,0.3827510019244866,0.2619191237971461,,0.8881439610414276,0.3253112921093837,0.6947516806171808,0.3688131436418491,0.4980362508010939,0.3553131182280514,0.3906143901375746,0.4697316199744213,0.3346208255525458,0.8203145997476261,0.6030361280786498,0.2307424976933121,0.21571655129556
2026-08-06,0.3691764109661191,0.2506989434502031,,0.7877375778742535,0.3166729524495632,0.6737496223549958,0.3167346682292642,0.5382061056393641,0.3204969197690299,0.3704535232902743,0.4692565290022617,0.3734522289674957,0.7982905220537866,0.5555972338138144,0.2165845062777913,0.2097793968200431
2026-08-07,0.3443059702327751,0.2332672156607258,,0.7179479563788719,0.3057097902098074,0.5995244745694712,0.2992552105928737,0.4472197961267283,0.2924192140132452,0.3469788415458775,0.4397734571615804,0.3762069144632396,0.7310942510646314,0.5428522280466331,0.1990889817784928,0.1871208633496267
2026-08-10,0.3649768599865484,0.2411095920486593,0.3154427645896449,0.7391116245168254,0.3342954539157627,0.6162173446776363,0.3090695145785362,0.4957623603821436,0.2987733744567327,0.3659730331483511,0.4397198335013503,0.4726914027522191,0.7248670027690852,0.6048387962599829,0.2139363800106564,0.1996576469955827
2026-08-11,0.3465622286503823,0.2323915895823451,0.3017536033220913,0.6858626586513129,0.299294779969641,0.5867518452799387,0.3082739232461777,0.470760390661095,0.3008427704929826,0.3863467017806999,0.4202934709951442,,0.6907476204882567,0.6380610216699155,0.2015480262036013,0.1860119694454388
2026-08-12,0.3528464893495617,0.2293785559220229,0.2757861499727576,0.6835774575927229,0.2968835676814814,0.5552376414563363,0.2922603237927256,,0.2868395988697582,0.3874797120888881,0.4325308204524378,,0.6898483769256947,0.6926097646887402,0.1875808253692187,0.1723775733771904
2026-08-13,0.3305810603051407,0.2285810448653295,0.2663550379746298,0.6603010071617611,0.2939508144642416,0.5358050680491416,0.278585095482301,0.4718102809433189,0.2660216637380596,0.2397157426403833,0.4134287208823474,0.3612913396387447,0.7798917807523655,0.3361163628156578,0.2010648501688995,0.1902806959105989
2026-08-14,0.3138945470628583,0.2017688085452991,0.2453994644636402,0.6143627345345053,0.2522705849832709,0.5660311225877482,0.2543872246273527,0.3461436153835053,0.2455821333044979,0.3648081152185852,0.395610639588915,,0.5230153146252836,0.2879125039100013,0.1739974855566602,0.1566410292283128
