date,NVDA,AAPL,MSFT,MU,AMZN,AMD,GOOGL,AVGO,GOOG,META,TSLA,WMT,INTC,CSCO,COST,QQQ
2021-01-04,,0.3837469152614114,0.3072788932901114,,,0.5577328370835798,,,,,,,,0.2503876199603493,0.2597619242023317,0.2366855733974099
2021-01-05,,0.3650081101363686,0.2749455237818776,,,0.5136804748974332,,,,,,,,0.2378645076858005,0.2041563750968993,0.1942986354076148
2021-01-06,,0.3861920848298317,0.2949967900774137,0.6879702397936359,,0.571697411405884,,,,,,,,0.2329026326038637,0.1960811040297855,0.2020319986794787
2021-01-07,,0.3630737721581021,0.2741196450368,0.6837261434516866,,0.5115724232846703,,,,,,,,0.2049901131653835,0.1762147347404879,0.1979094578035872
2021-01-08,,0.3633986497473127,0.2621796165046904,0.4643400040649957,,0.4713620365620792,,,,,,,,0.1936538425405044,0.1889351471152185,0.2083790537810172
2021-01-11,,0.399282635739578,0.2933014705678097,,,,,,,,,,,,0.1924152938870569,0.2178438184559665
2021-01-12,,0.3969565523834342,0.2842521370564713,,,,,,,,,,,,0.1960798990587514,0.2084155120194327
2021-01-13,,0.3862927733556202,0.2813260930256038,,,,,,,,,,,,0.1797881694652383,0.2023508693049534
2021-01-14,,0.3990607144576666,0.2972428846856567,,,,,,,,,,,,0.188489855353415,0.2097024646457058
2021-01-15,,0.3903228550301891,0.2947460447102579,,,,,,,,,,,,0.1851398697327608,0.1993381539304305
2021-01-19,,0.3676122707444652,0.274747021225853,,,0.5329591843010465,,,,,,,0.3713402244104252,0.2741553319310812,0.1969519432953832,0.2029415792027137
2021-01-20,,0.3800867754428647,0.2822958528922251,,,0.551681817097245,,,,,,,0.3888753793493515,0.2847357976429031,0.1897707913658373,0.2082774780660131
2021-01-21,,0.3882874483185056,0.2881278008494826,,,0.5564476293209417,,,,,,,,0.2913097297892501,0.1857967134617616,0.2115223169353118
2021-01-22,,0.3713434930073493,0.2949664030472189,,,0.5646032753930393,,,,,,,0.3377754812984923,0.2961376662038404,0.1784814162374436,0.2099409813160405
2021-01-25,,0.4305096167773949,0.3127809570441213,,,0.5783794566293913,,,,,,,0.3925654489930261,0.3167444584904235,0.1911600522399469,0.2223940529398947
2021-01-26,,0.4488404593988159,0.3352037028008132,,,0.6322959431065996,,,,,,,0.3905730408233556,0.3328017131273958,0.1911064503436449,0.2661098347314313
2021-01-27,,0.4514967403428052,0.3319299564224245,,,0.5893754694813664,,,,,,,0.4374105967056124,0.3609367788069753,0.2538167743718152,0.2681875305621397
2021-01-28,,0.3918897419556569,0.2608090054517166,,,0.5219908655032149,,,,,,,0.3752888490323027,0.3474977110304715,0.2209984972544209,0.2556984435058126
2021-01-29,,0.4214016847244829,0.2967597210835051,,,0.5304035411569721,,,,,,,0.3821458430394696,0.3823494465879691,0.2463108058810023,0.2492643430602678
2021-02-01,,0.3519605330168335,0.2725509998247548,,,0.4966196503396063,,,,,,,0.3438038904591909,0.3766725709982774,0.2248190377499917,0.2362028931040259
2021-02-02,,0.2813198303980895,0.2422012649726725,,,0.4429961261751774,,,,,,,0.3102407287246796,0.3609386220548936,0.1870055986412697,0.2287565379512239
2021-02-03,,0.293125656516898,0.2495334844382092,,,0.4188957683271585,,,,,,,0.3089217757591266,0.3565968339989731,0.2356214100127368,0.2684525457803582
2021-02-04,,0.285532417144284,0.2177883905667217,,,0.3936563854946686,,,,,,,0.2961194309784443,0.2849417882547521,0.2227705477301118,0.2544845055066991
2021-02-05,,0.2995911732775624,0.2223387848916554,,,0.3702685288990128,,,,,,,0.2877060742773653,0.2823834986378941,0.2138264680040084,0.2406405269778722
2021-02-08,,0.2957017695681523,0.2175141448025558,0.4043762627394086,,0.3936235703365686,,,,,,,0.304669248162228,0.2828246766807512,0.2048266361514477,0.2405918416012445
2021-02-09,,0.3132129965419887,0.2163300413249303,0.3958405823722999,,0.3882428530292612,,,,,,,0.3105858119885779,0.2983925819513785,0.1992882233771252,0.2521572184891078
2021-02-10,,0.3070546362929976,0.2285879140913303,0.4182570918873458,,0.3952419577103696,,,,,,,0.3229182759158127,0.2289920750665055,0.2154039648657056,0.2633596140370115
2021-02-11,,0.3040280111282927,0.201590910638647,0.4256487357493768,,0.370946395894594,,,,,,,0.3234838978159938,0.2240592015489671,0.2343709606369617,0.2462701133078297
2021-02-12,,0.2917699132084244,0.1931492009806862,0.3713085616657595,,0.3314040321199048,,,,,,,0.2924227231631908,0.2236630507679086,0.2394571502964699,0.2566654268685192
2021-02-16,,0.3005322441784436,0.2151424849349504,,,,,,,,,,,0.224071571063727,0.2706723629208328,0.2637264963459946
2021-02-17,,0.3090750545418912,0.2421877564510351,,,,,,,,,,,0.2199222433290145,0.2383590411650622,0.2662738947291397
2021-02-18,,0.3133887592282988,0.2355858351434669,,,,,,,,,,,0.2176612219412633,0.2350139496585388,0.26224413814251
2021-02-19,,0.3193254761305613,0.2538056338143009,,,,,,,,,,,0.2253448543436728,0.2698541778940936,0.2575155181414336
2021-02-22,,0.3411471154233917,0.2602723148536279,0.4747579208027536,,,,,,,,,0.3394066368670852,0.2393057778008422,0.2438223885060294,0.2774371237243301
2021-02-23,,0.3423428967959004,0.2555792151634279,0.4772117138740203,,,,,,,,,0.3309008156914957,0.2188592441936955,0.2581205858255548,0.2648402362993018
2021-02-24,,0.3360018664163978,0.2672181321745793,0.4831858469846285,,,,,,,,,0.3333844554126252,0.2165733320493434,0.2611462851306557,0.2894319274118308
2021-02-25,,0.3979435599639854,0.3227046724019836,0.5519268492444994,,,,,,,,,0.3897506909640146,0.2489268618920995,0.2843583241597682,0.318555337042747
2021-02-26,,0.3857808575931771,0.285254117293298,0.5223015599264854,,,,,,,,,0.3460724820542653,0.2317531428874194,0.2815986685945779,0.3051444377740579
2021-03-01,,0.3286043938115405,0.2372289691461574,0.4889964562313785,,0.4249664409080319,,,,,,,0.3228745034254532,0.2149362879319853,0.2504091154519686,0.2869520007714985
2021-03-02,,0.3438929532823679,0.2600336229914733,0.4640092510449863,,0.5050344360856667,,,,,,,0.3235995184345004,0.2277294334057695,0.2708067731808689,0.2867871060381831
2021-03-03,,0.3729890643535743,0.2980163994231966,0.4817532647643481,,0.4515412030458186,,,,,,,0.3528587581375949,0.2399046193738093,0.2766364235489749,0.222614857654399
2021-03-04,,0.4017758038944015,0.2767662988189327,0.5221103997194719,,0.4746872463608849,,,,,,,0.3491249685565453,,0.2896971153332449,0.2269049569032931
2021-03-05,,0.3581626561135494,0.2566591674691441,0.5059857221076949,,0.4349434016434333,,,,,,,0.3317120179181253,0.235869050879205,0.2721789702954512,0.2110988846720519
2021-03-08,,0.4270300439160288,0.2789040881417771,0.5810329731407191,,0.569127893620272,,,,,,,0.3512492730367061,0.2652497931717716,0.2971168767278575,0.2380701601698143
2021-03-09,,0.360026005869736,0.2426331142843898,0.4986409199671985,,0.4795308921848953,,,,,,,0.3484179490749445,0.2476247920972438,0.2730016701389752,0.2163805047516886
2021-03-10,,0.3645169360748934,0.2503679514090394,0.5147120176819583,,0.4746602296421646,,,,,,,0.3326183780049331,0.2349569772379682,0.2259364005647675,0.2220138000571019
2021-03-11,,0.3277586954517037,0.2425257200934292,0.4724722454389427,,0.4376976264923046,,,,,,,0.3289611728283374,0.221015984544221,0.2564161260719997,0.2127377579722291
2021-03-12,,0.3109099537036882,0.2477520536376146,0.4689201883827113,,0.4377681294295912,,,,,,,0.3246166587321218,0.220793097878651,0.2493453911254246,0.2160115425138752
2021-03-15,,,0.2470627000489491,,,,,,,,,,0.3292013328103572,,0.2607945880123177,0.2088001712695728
2021-03-16,,,0.2346912016134293,,,,,,,,,,0.3256225968841318,,0.2708374011342138,0.2120100987813145
2021-03-17,,,0.2326978172836654,,,,,,,,,,0.339370257447066,,0.2666048240065578,0.2033674787815249
2021-03-18,,,0.2748681938937281,,,,,,,,,,0.3496549581792476,,0.2917569786980274,0.2318672530199877
2021-03-19,,,0.2596447163622584,,,,,,,,,,0.3415082076780844,,0.2621745041761312,0.222834036098332
2021-03-22,,,0.2244575963488232,0.4726855478290619,,0.3660205492423936,,,,,,,0.3209904083587758,0.1813638837426689,0.2443519616997613,0.2030292819331985
2021-03-23,,,0.2233262987187163,0.487845857396801,,0.3659366867060605,,,,,,,0.3425279193599121,0.1781456501478565,0.2220763973638007,0.214519353437496
2021-03-24,,,0.2382347657854774,0.498585462949342,,0.3742344960374496,,,,,,,0.3018602811570366,,0.2350908530561124,0.2285921448734604
2021-03-25,,,0.2612705743750105,0.4906459144955792,,0.3777366949734179,,,,,,,0.2976898324555195,0.1864347803662403,0.2119011613515695,0.2303744112134049
2021-03-26,,,0.2204885981487884,0.4915882103033189,,0.3616065876047749,,,,,,,0.2959038699713592,0.1692035686780346,0.1972255240035322,0.2053773200161532
2021-03-29,,,0.2510906498997717,0.514813141785448,,0.3688359532798198,,,,,,,0.2935884574948278,0.1698785504346144,,0.2116170770970964
2021-03-30,,,0.2770445684040367,0.5145538671890896,,0.3793376743815487,,,,,,,0.2801323720366022,0.1731774180500624,0.2098880760431285,0.2138557068706359
2021-03-31,,,0.267231493271298,0.4834313982675267,,0.3407725663478564,,,,,,,0.2855776618268388,0.1627704027897022,0.1963608055313335,0.1949883988069267
2021-04-01,,,0.2137688443143492,0.3704742745902231,,0.3214657774650169,,,,,,,0.267291171076649,0.1545539230979385,0.1810476494297836,0.1747884342196685
2021-04-05,,,0.2431977206273003,0.3895089342929765,,0.349445735597632,,,,,,,0.2786402780678817,0.1843912969774949,0.1891546203670358,0.1893954440692967
2021-04-06,,0.2730632291501523,0.2165698951037024,0.3740266219980561,,0.3385089905175711,,,,,,,0.2792635548952518,0.2271884650627716,0.1747158595868553,0.1988811250970045
2021-04-07,,0.2659938546585225,0.2219367304140609,0.3487962945315431,,0.3406224430071691,,,,,,,0.2663466799834199,0.2219615280929698,0.1782954802012461,0.1982736490209367
2021-04-08,,0.2656597771036129,0.2139885628839677,0.2833774220844698,,0.3287063438395423,,,,,,,0.2554900981297515,0.2225574146666327,0.1714901179547898,0.2081565081243566
2021-04-09,,0.2579419854638402,0.214129865439843,0.3033460607254667,,0.2931780821911821,,,,,,,0.2547357630515273,0.217999597288011,0.1610146318628768,0.1902004440468038
2021-04-12,,0.2756895063283686,0.2172338322361848,,,,,,,,,,,0.2283637100881326,0.1571995960798028,0.2064717801389982
2021-04-13,,0.2749711487017953,0.215709300340086,,,,,,,,,,,0.2279039468216986,0.1555379632763,0.2044206400634916
2021-04-14,,0.2966848509543398,0.2283964344290684,,,,,,,,,,,0.2300940645578656,0.1552616495302238,0.212431496470996
2021-04-15,,0.2749040616933912,0.2107531929483392,,,,,,,,,,,0.2301682082218232,0.1515228398327289,0.1913047219745488
2021-04-16,,0.266438204666892,0.2045041251386662,,,,,,,,,,,0.2276343694317863,0.1445725480572919,0.1803248456438878
2021-04-19,,0.2831931652625716,0.2333899978446196,0.3702559746205672,,0.4221005520642021,,,,,,,0.2122191990737774,0.2505948787156015,0.1535327913427396,0.2073634882871612
2021-04-20,,0.2927686105908704,0.2412226851774994,0.376351576798458,,0.4372781401087149,,,,,,,0.3148919920911018,0.2564781389775657,0.1602152534348072,0.1964836604043061
2021-04-21,,0.280729882907216,0.2231966629006129,0.3738751962292258,,0.418442203000175,,,,,,,,0.2458886446485381,0.1529884370603213,0.2010533053414601
2021-04-22,,0.2948200740435041,0.2415165958430943,0.3727330776449998,,0.4452120981483251,,,,,,,0.3010317598357211,0.2520284278064401,0.1551141352284008,0.2234931064551585
2021-04-23,,0.2617870159580087,0.2086944200625988,0.3467900106064209,,0.4249372865655944,,,,,,,0.2038144856162499,0.2440518744834841,0.1481827436724134,0.2003617380963995
2021-04-26,,0.272904093777383,0.2337089112679802,0.3478409679219817,,0.2995448313822259,,,,,,,0.1951710254133365,0.2507428352001332,0.1552021353446011,0.2012330922185695
2021-04-27,,0.2465035962851496,0.188728998375327,0.3848017197448057,,0.4185316805700651,,,,,,,0.2132058875393277,0.2578347623230441,0.1522466429150719,0.2055399604348557
2021-04-28,,0.2519659541421118,0.1980927467754646,0.3693352886474896,,0.3658840800844073,,,,,,,0.2000046499645862,0.2628880151114951,0.1510121329189777,0.2262573846390305
2021-04-29,,0.1878145337235468,0.177184891348275,,,0.3534371013961154,,,,,,,0.1893798473252752,0.2638856718139786,0.1527438700364775,0.1948655405820431
2021-04-30,,0.1998540815590006,0.176082197506631,0.3679370363493955,,0.327451384955998,,,,,,,0.1985024490784168,0.27646091312595,0.1567919338782833,0.210451354897456
2021-05-03,,0.1838982316487309,0.1792719882376076,0.3588375492763412,,0.3551781232486439,,,,,,,0.1876505587361427,0.284091572123254,0.1463961729201425,0.2063580378562245
2021-05-04,,0.2573870251669439,0.2028387654799522,0.3863716433302612,,0.3682855046138921,,,,,,,0.2171599567999945,0.2983694984795108,0.161701053678254,0.2119630507827369
2021-05-05,,0.2453279694055124,0.1924997103566665,0.3880064239929508,,0.3491930138011683,,,,,,,0.1968461218326756,0.3122617726495235,0.1556566233455589,0.2193488775846331
2021-05-06,,0.2274324549657043,0.1888839141578028,0.3859538636427506,,0.3452149893618567,,,,,,,0.2440950508462269,0.3294420412854307,0.1829271998171106,0.1743364127090109
2021-05-07,,0.2217560125973755,0.1773361274659352,0.3504316339271234,,0.312064143331318,,,,,,,0.2306410852803293,0.3173902083713402,0.1727252717200026,0.1666213560778309
2021-05-10,,0.2399211795369358,0.1979806974767211,0.4080748506884849,,0.3605984750970094,,,,,,,0.2598842652071768,0.3743395769245016,0.1884101347071105,0.1826743594996809
2021-05-11,,0.2494755765351219,0.2067339250035753,0.4196611326846348,,0.3748417802837153,,,,,,,0.2796360277440627,0.395306470220131,0.19973242660308,0.1848508035601528
2021-05-12,,0.2901281042515166,0.244653618528445,0.4824202028162078,,0.4307252093377665,,,,,,,0.3274879485687059,0.4488832782775335,0.2199694475434582,0.2125866488978391
2021-05-13,,0.2603292004557991,0.2148928317172921,0.4201515955128423,,0.3945402861804777,,,,,,,0.2817740844951595,0.4273202520791447,0.2108201463422409,0.1904418294665537
2021-05-14,,0.2309902568189068,0.1826546775857766,0.3736984935700296,,0.3421722282648535,,,,,,,0.2466054222110647,0.4312264177873738,0.1959876278416407,0.17315078561868
2021-05-17,,0.2357376861545901,0.1972880989921586,,,,,,,,,,,,0.2029727224499735,0.1779504876387302
2021-05-18,,0.2360651622041358,0.2018238008426203,,,,,,,,,,,,0.20073824072785,0.1840126189324826
2021-05-19,,0.2470277561799296,0.2108911883223279,,,,,,,,,,,,0.2135572448313986,0.1814113128312564
2021-05-20,,0.2220302036470269,0.1945693340624261,,,,,,,,,,,,0.2008776720109625,0.173431624575748
2021-05-21,,0.2249858381313288,0.1885763232261874,,,,,,,,,,,,0.1971535157479694,0.168029158452395
2021-05-24,,0.2057276741946109,0.1735596794804266,0.3659834118014567,,,,,,,,,0.2305032202964677,0.1696955315092464,0.1921167896656935,0.1607736914620204
2021-05-25,,0.2065110779616209,0.1742767600439536,0.3541829523369875,,,,,,,,,0.2307494018703518,0.1719485098601553,0.1926814569061506,0.1642245520461296
2021-05-26,,0.2014229570543186,0.1676323151743333,0.3238773425006578,,,,,,,,,0.2206606663178498,0.1714422899454682,0.1814206296793653,0.154766341839626
2021-05-27,,0.2108991162986962,0.1679287915200654,0.3089092536255435,,,,,,,,,0.2354438107302801,0.1615393422698889,0.1651761833501635,0.1570978480895529
2021-05-28,,0.2038593623608192,0.1676878278675567,0.3152159075133569,,,,,,,,,0.2102533316532879,0.1604390109029482,0.1480895067582027,0.1469385941417885
2021-06-01,,0.22728320848251,0.1857307702489813,0.3347488359173726,,0.3265825960951281,,,,,,,0.2304444222570693,0.1726639298398109,0.1524923283401009,0.156293474022385
2021-06-02,,0.2157895154264174,0.1963563317596373,0.3711074094810737,,0.3227844237135236,,,,,,,0.2316450775528525,0.1637431898481663,0.1465371806925777,0.1456809267019071
2021-06-03,,0.230226345007178,0.2035827626168292,0.3811234062797037,,0.3227102943118761,,,,,,,0.2324296160122625,0.1796851408234503,0.1593880157044774,0.1526489817230762
2021-06-04,,0.2155598512409414,0.1916228562949881,0.3729689367531802,,0.3047263282727261,,,,,,,0.2248065892320524,0.1445388557722146,0.1517047226319249,0.1403370824426718
2021-06-07,,0.2310324398079859,0.1904698904197563,0.3813520320977567,,0.3093428669714451,,,,,,,0.2284534069372528,0.1599762667750673,0.1691394341299839,0.1425816416756941
2021-06-08,,0.222273850538039,0.1901949563205582,0.3787928991488743,,0.3058957070851775,,,,,,,0.2265448374796003,,0.1742038413852009,0.1449619782291714
2021-06-09,,0.2106794417128992,0.1876376255440911,0.3729782030293069,,0.317785168865499,,,,,,,0.2303575019782614,,0.1704037354380511,0.1473921928825357
2021-06-10,,0.2074277295644592,0.1745537436698048,0.3567818248830613,,0.289498911626471,,,,,,,0.2158171420071112,0.206396570011565,0.1608971174725458,0.1357106774912611
2021-06-11,,0.1709756632570458,0.1674983943733491,0.3450109165312838,,0.2788839323468496,,,,,,,0.2060485861878894,,0.1627341591394024,0.1264145937035738
2021-06-14,,,0.1670663548147443,0.3507480796728323,,,,,,,,,0.2180365998869914,,0.161720807502645,0.1328130882495444
2021-06-15,,,,0.3551176094815344,,,,,,,,,0.2205548548477024,,0.1635259192583166,0.141274210014596
2021-06-16,,,0.182462207435138,0.3750853034883727,,,,,,,,,0.2230402523395192,,,0.1411926995774461
2021-06-17,,,0.1691931338181052,0.3382562574708285,,,,,,,,,0.2229428456170233,,,0.1339826992499134
2021-06-18,,,0.1786130502490846,0.3851727338629983,,,,,,,,,0.2392699045525297,,0.1898364611956298,0.1417457924841651
2021-06-21,,,0.1671089890471795,0.3833209220685747,,0.3094393770230665,,,,,,,0.2213102878527776,0.1358102220791156,0.1674405575353522,0.1323250860629024
2021-06-22,,,0.1639081495172751,0.3734076716531996,,0.3015944393622568,,,,,,,0.2107757892376103,0.1320945861859524,0.1562847761318809,0.1274729605832447
2021-06-23,,,0.161256659335684,0.3621614623450338,,0.2963374671784818,,,,,,,0.2123176502309687,0.1288157266431683,0.1549907853786277,0.1273618869520954
2021-06-24,,0.2122841600696084,0.1559764777793539,0.3510359401705172,,0.2976930568089605,,,,,,,0.2034942685654983,0.1245451889246674,0.1522728092888336,0.1293775922650243
2021-06-25,,0.2120680314855575,0.1601886834516836,0.3495974989382475,,0.2882026774193378,,,,,,,0.1973457172188715,0.1176002801170711,0.1430908674729147,0.1215138209157846
2021-06-28,,0.205189083964364,0.1569767240186591,0.3677441867226016,,0.3036025040447184,,,,,,,0.210693169168358,0.1212505476622556,0.1461823680493109,0.1271073737021573
2021-06-29,,0.1950173299495657,0.1517615922791333,0.3587447902714478,,0.3034931475972992,,,,,,,0.2169960898324738,0.1193298478947243,0.1446241696216559,0.1399500064278856
2021-06-30,,0.1995760765336245,0.1493063777954379,0.3488910251084252,,0.3035118475573714,,,,,,,0.2252268949341163,0.1108045777674108,0.153142164232266,0.1361575554492158
2021-07-01,,0.1938772361828467,0.147169114597171,0.2805624415355437,,0.2885627472126984,,,,,,,0.2124768860506573,0.098441807429737,0.153758765668598,0.1240078060207715
2021-07-02,,0.1887585286397685,0.1381441080098958,0.2856184475279975,,,,,,,,,0.189593029998662,0.1319675015276595,0.1373195514900733,0.1213491017608933
2021-07-06,,0.2331772896218147,0.1890450179137859,0.292165082041032,,0.4195492916850813,,,,,,,0.2251182452071348,0.1572905561370596,0.2088663656228831,0.148434412669892
2021-07-07,,0.2352219980061327,0.1933941288517079,0.3077198815434249,,0.4172729218067232,,,,,,,0.2197699803008603,0.1541884163515001,0.1981338447445968,0.1514495643105394
2021-07-08,,0.2498234926210469,0.214471895042471,0.3168253356258114,,0.422739274444732,,,,,,,0.2450178694182854,0.1708794298698645,0.1999453109464588,0.1637103235326144
2021-07-09,,0.2222118212120343,0.1945975027400796,0.3014708183356188,,0.40959049540109,,,,,,,0.1953495747245721,0.1458692589113509,0.1856695944477952,0.1505941973634977
2021-07-12,,,0.1994008339321445,0.2957602999516945,,0.4145552575550606,,,,,,,,,0.1970563366972363,0.1529009496392266
2021-07-13,,,0.2029597021992531,0.3038415208251636,,0.4112532211526535,,,,,,,,,,0.1587884968981409
2021-07-14,,,0.1998904428694866,0.3015130901115733,,0.4122451451879243,,,,,,,,,0.1957331497813969,0.1542566207100462
2021-07-15,,,0.20131493823985,0.2944603965333133,,,,,,,,,,,,0.1458149480624113
2021-07-16,,,0.2033273342290453,0.3103304483334239,,,,,,,,,,,,0.1512562583417027
2021-07-19,,0.2795422068239183,0.2149471730508664,0.3254301039326628,,,,,,,,,0.3256185762068557,0.2279940656397065,0.2004774712159868,0.1606331814440883
2021-07-20,,0.2645369533828066,0.1974335636484738,0.3083100202418912,,,,,,,,,0.317152695670775,0.2137532600383222,,0.1500543095825691
2021-07-21,,0.2628412495693854,0.1883315069057124,0.2832708748149745,,0.4135780520712234,,,,,,,0.3137785006267038,0.2150359790567937,,0.1406929127392361
2021-07-22,,0.258586507123987,0.1905225634180445,0.2902109271560779,,0.4192229984375118,,,,,,,0.3076372897465071,0.2228865547172718,,0.1435715957679412
2021-07-23,,0.2410517882555756,0.1837931413976286,0.2916376223259966,,0.4316160947070387,,,,,,,0.194003624690898,0.2201655216086352,0.171893623049077,0.1348398830194959
2021-07-26,,0.2509819161409278,0.1918356950145339,0.2986058991022531,,0.4376753040788232,,,,,,,0.1834935080394891,0.2288265145914127,,0.1471024150330016
2021-07-27,,0.2613369713724411,0.2156462178198678,0.3286115463189465,,0.4455079747906243,,,,,,,0.1978555245552323,0.238794592473319,,0.1456091832224044
2021-07-28,,0.2183811840664335,0.1755081342321219,0.3032690612607199,,0.3854368312083703,,,,,,,0.1862295949129672,0.2378737895411476,,0.1415767407397958
2021-07-29,,0.1871079802806763,0.1641091785845026,0.2937302920396388,,0.3880800697072303,,,,,,,0.1589548498033316,0.2344659977723539,,0.1210123525713313
2021-07-30,,0.1870056265637233,0.1674882400545767,0.2617906588870032,,0.3791563220989494,,,,,,,0.1547441826199879,0.2426822849539192,0.1769535524155138,0.1463914980619189
2021-08-02,,0.1839102588951496,0.1786584079137625,0.2931098157690994,,0.4176950312146619,,,,,,,0.1496718629408726,0.2636140170397296,,0.1471947958211164
2021-08-03,,0.1811952820844307,0.1644384345425543,,,0.4684338605073358,,,,,,,0.0977946888493572,0.2635529021234672,0.1704452951745952,0.1302717011863156
2021-08-04,,0.1860380602279227,0.1731175483965492,,,0.6130159814074383,,,,,,,0.1194262240685299,0.2710687810590092,0.1713713477442933,0.1389338910907608
2021-08-05,,0.1767265859652135,0.151221725286329,,,0.5421474742900555,,,,,,,0.2013353750869088,0.2672335412890298,0.1537455236406641,0.1433958557948886
2021-08-06,,0.169693987886718,0.1436988763461351,,,0.4814666720157522,,,,,,,0.2265600691120285,0.279006931593711,0.1521370193760933,0.1371548138465495
2021-08-09,,0.1686212314621235,0.1499462536487174,,,0.4790374304313334,,,,,,,0.200489070531524,0.2977649458628538,0.1525809746716304,0.1386977740113303
2021-08-10,,0.1806322279102852,0.154497877296227,0.3387110575523773,,0.5034130866873779,,,,,,,0.2084352546019142,0.3017021530904604,0.1489851285657402,0.1417721608989124
2021-08-11,,0.1724111451414345,0.1452931583167535,0.3394215985826024,,0.4662450643684404,,,,,,,0.2610389813450431,0.3197739316882029,0.1516024572688696,0.1371231274045417
2021-08-12,,0.1907159384949742,0.1411875183605702,0.3612019429206801,,0.4281010999658967,,,,,,,0.2096317313327657,0.3280796465186819,0.1477249727466722,0.134159273699607
2021-08-13,,0.1714873090383107,0.1402830121596654,0.3142841759923613,,0.440043846124332,,,,,,,0.1969285571309428,0.3352957843238358,0.1442491131944725,0.1281746144902031
2021-08-16,,,0.1420307487143913,,,,,,,,,,,,0.1474100019736886,0.1327244204976755
2021-08-17,,,0.1570614086464342,,,,,,,,,,,,0.1537732233276408,0.1356904998831098
2021-08-18,,,0.1701403323095048,,,,,,,,,,,,0.161222188696527,0.156782709556434
2021-08-19,,,0.1827172231659703,,,,,,,,,,,,0.1650203914540143,0.1526615516791592
2021-08-20,,,0.1751017071557562,,,,,,,,,,,,0.1550707548898749,0.1347316983919355
2021-08-23,,0.2076097689032565,0.1604811457622486,0.2913000481749299,,0.4039547564717303,,,,,,,0.1987003549272613,0.145876270967612,0.1478850746314572,0.1347320288157793
2021-08-24,,0.200576202305527,0.1591655944435635,0.2914434960891346,,0.3815773031535847,,,,,,,0.2024307661097548,0.1598270197815814,0.1456497515820941,0.1299755578122464
2021-08-25,,0.1900747996225426,0.1538384895773253,0.3046776359049417,,0.3733325399639795,,,,,,,0.1969523310066948,0.1618204878016345,0.1429837132649911,0.1251871295448143
2021-08-26,,0.1987882139361998,0.1603775941960592,0.3055696489599957,,0.374469236265833,,,,,,,0.2058288645148392,0.1622208033795681,0.1445725253915327,0.1374819587588651
2021-08-27,,0.1683443689030573,0.1359985933092024,0.276952711731508,,0.3723262275428298,,,,,,,0.1866224925454211,,0.1351884653879777,0.1149027610798256
2021-08-30,,0.2097465212820973,0.1381206813857275,0.2845312756961456,,0.3755997535382659,,,,,,,0.1902610227880778,,0.1361229849364721,0.1337423529110847
2021-08-31,,0.22438824904262,0.1564007551179603,0.2783131455805506,,0.3589708096674445,,,,,,,0.1903240914746558,,0.1375404304796473,0.1428265001554203
2021-09-01,,0.2159260665717449,0.142782607876878,0.2737742093372287,,0.3382806482077933,,,,,,,0.1878603434428857,,0.1316081938851645,0.1532208854656601
2021-09-02,,0.2178863556987492,0.1566369870469983,0.3205252930392531,,0.3315593855132926,,,,,,,0.1867224398066758,,0.1320086949670264,0.1437799738466604
2021-09-03,,0.2134619371230956,0.1528276281472598,0.321214927528054,,0.3185103633436212,,,,,,,0.179082276057074,0.1457009850262664,0.1266287005915072,0.1486808268979053
2021-09-07,,0.2350641523894902,0.1701010277444963,0.3281784241580793,,0.3449308057194866,,,,,,,0.195516344736169,0.1660900771417797,0.1496612895957201,0.1518756470611017
2021-09-08,,0.2373232153930081,0.1671160092094933,0.3393727806084989,,0.3502844992777024,,,,,,,0.1987053049199143,,0.1443080755937325,0.1575173985030643
2021-09-09,,0.2366931898946227,0.1742692588799554,0.3462155905924469,,0.3402502571728951,,,,,,,0.1918046333742454,,0.121428914206706,0.164523910296005
2021-09-10,,0.2564910100217218,0.1831596000305284,0.35963219553702,,0.3470472616548201,,,,,,,0.2122728496055682,0.2288047751973839,0.1700068195355558,0.1745174270065333
2021-09-13,,0.2388665144608643,0.1706739368554337,0.3622001207163414,,,,,,,,,,,,0.1705971518684285
2021-09-14,,0.2366953981843961,0.1741816569324298,0.3793666399309829,,,,,,,,,,,,0.1713307562798401
2021-09-15,,0.219016162737628,0.1663429257246564,0.3609539820691714,,,,,,,,,,,,0.1551717307127197
2021-09-16,,0.2111176352761946,0.1612195013445846,0.3721847683595313,,,,,,,,,,,,0.14816840082341
2021-09-17,,0.2190160262791127,0.1812843820432323,0.3708986828860202,,,,,,,,,,,,0.157195611180055
2021-09-20,,0.2567902885553031,0.2168008470285377,0.4335344779754019,,0.388185508383865,,,,,,,0.2438849567047671,0.1730753390943271,0.2204873002191155,0.1989609365499354
2021-09-21,,0.2383989789458992,0.2048334609183065,0.4131265280009625,,0.3670170383905232,,,,,,,0.2299449141665015,0.1701657658894184,0.2114734782885497,0.1855084889995347
2021-09-22,,0.218692762778191,0.1862997125528113,0.3951879857068009,,0.3441469431664039,,,,,,,0.2098355648564774,0.1447194207775309,0.1991344518275999,0.17944564528007
2021-09-23,,0.199843511248923,0.1662987947996143,0.3675298991349948,,0.3306628160915304,,,,,,,0.2013258577270755,0.1110256435675199,0.1863670131611164,0.1641782469438962
2021-09-24,,0.1934885917588541,0.1559972751555678,0.3625488879100662,,0.321815959383174,,,,,,,0.1959793664344116,0.1043310493459071,0.1494365894244166,0.15427038417043
2021-09-27,,0.1972658566267993,0.1746621282594489,0.3701443223697883,,0.3562433937949325,,,,,,,0.2035803315173607,0.1181996642693239,0.1576543959751007,0.1595567117780601
2021-09-28,,0.2509502691315587,0.2477181735528293,0.4379049143102024,,0.4395942152464985,,,,,,,0.2405855425943553,0.1602367288956976,0.2008402440943069,0.1942533865226695
2021-09-29,,0.2424017822416147,0.2415334796736151,0.313328801153894,,0.4189681806129919,,,,,,,0.2378159659024977,0.1672746668411889,0.1857785786540872,0.1960983614557591
2021-09-30,,0.2495433472794159,0.2460281475010382,0.3284412084840033,,0.4021212578771364,,,,,,,0.2364179778296193,0.192054438937139,0.1948025330245224,0.1875628405187001
2021-10-01,,0.2152205793679774,0.2076267037679288,0.3070894101804518,,0.3892292212028788,,,,,,,0.2193222598620837,0.1572307125718732,0.1850092805114911,0.1716394479356022
2021-10-04,,0.2692716121618864,0.2706201667389347,0.3510728023484219,,0.4426765935574427,,,,,,,0.2462924023314969,0.2183482859688372,0.2103937604171394,0.2049446152988258
2021-10-05,,0.2422419909159246,0.2162144798565087,0.3076452492228729,,0.3786887067165474,,,,,,,0.2173392353462758,0.1938001448064824,0.1859289251051161,0.1601751816059109
2021-10-06,,0.2420322644529225,0.2110527914062139,0.3262698531500883,,0.3609439328317025,,,,,,,0.2307074673097077,0.1994300805550713,0.1885810975478517,0.156838897859269
2021-10-07,,0.2353223792048881,0.1949733138323288,0.2764321873899687,,0.338401311513057,,,,,,,0.2150993873388168,0.1915205897241943,0.1807835043223813,0.1468444186251648
2021-10-08,,0.2314852016747183,0.1808975490526833,0.2933993758443919,,0.3366036089919004,,,,,,,0.1960380071598359,0.1805269362730085,0.1683426505229975,0.1472543949449551
2021-10-11,,0.23584896126744,,,,,,,,,,,,,,0.1557960545271941
2021-10-12,,0.2485455578416701,,,,,,,,,,,,,,
2021-10-13,,0.2474879879971011,,,,,,,,,,,,,,0.152078646297309
2021-10-14,,0.2220407344728173,,,,,,,,,,,,,,0.1405295334931461
2021-10-15,,0.2117466928966892,,,,,,,,,,,,,,0.132468523997034
2021-10-18,,0.2147745995414191,,,,,,,,,,,0.2696200583519925,0.2343918730411038,,0.1333659086448725
2021-10-19,,0.2155249804527129,,,,,,,,,,,0.2365569609058041,0.2250734989970378,,0.1289456257054879
2021-10-20,,0.2184233592785698,,,,,,,,,,,0.2713063007029673,0.2356110583449042,,0.1286456906656388
2021-10-21,,0.2155269459659478,,,,,,,,,,,,0.2327818156249266,,0.1235413160499626
2021-10-22,,0.2270424907593959,,,,,,,,,,,0.1930327926817273,0.2451839495571642,,0.1306271179165256
2021-10-25,,0.2318363120617973,,,,,,,,,,,0.1684687015571031,0.2598600239480947,,0.1335627951533369
2021-10-26,,0.2330921351006251,,,,,,,,,,,0.1939998270737107,0.2632360971753529,,0.1321993850960904
2021-10-27,,0.2592611775466634,,,,,,,,,,,0.202403346565155,0.2700566813368372,,0.1404369313330207
2021-10-28,,0.232239566488986,,,,,,,,,,,0.1936788965572105,0.2777325730591072,,0.1277370980659046
2021-10-29,,0.2138590326779818,0.1712589112146272,,,,,,,,,,0.172637379149197,0.2706729624816101,,0.1315300957495716
2021-11-01,,0.2199133137338168,0.1793661427005441,,,,,,,,,,0.1728391751855957,0.3027976070258417,,0.1315938377052243
2021-11-02,,0.2134749445273034,0.1699207675744422,,,,,,,,,,0.1647766955330047,0.3070588256597676,,0.1329173270578616
2021-11-03,,0.2229234393816351,0.1654607439880099,,,0.5201766192431345,,,,,,,0.1428830963935324,0.3304254893384547,0.2046107322837943,0.156309796101191
2021-11-04,,0.2337479371898111,0.171851251267383,,,0.5565300792231084,,,,,,,0.2187433536833656,0.3199165241966529,0.2067885092210975,0.1668912342705497
2021-11-05,,0.2357639418954401,0.1764314296827161,,,0.5546989927612783,,,,,,,0.2229287913354553,0.2935038538940698,0.218044942990662,0.1763846217617433
2021-11-08,,0.2472385788059108,0.1721881526177799,0.4462242927252258,,0.6434111908865601,,,,,,,0.2626612768463369,0.334820863553596,0.2574338757144934,0.1828071756891979
2021-11-09,,0.2465804542083543,0.1759846236712288,0.4351566647602412,,0.6298213127458094,,,,,,,0.2405503935330515,0.3871613657875164,0.2326109257864694,0.1837238410399974
2021-11-10,,0.2652124492656543,0.1877639540466039,0.444938380267136,,0.6005758175858844,,,,,,,0.2333477750851558,0.4117860973513155,,0.1875293728894409
2021-11-11,,0.2581798432463296,0.1735347874463381,0.4272464919608428,,0.5202920314747504,,,,,,,0.2235749051120889,0.440845643454327,0.2155401971761969,0.1878714010788902
2021-11-12,,0.241315354252374,0.1739265840844522,0.3839778352212744,,0.4626495140698529,,,,,,,0.1914632920287821,0.4428256206469775,0.2045286644635227,0.1808790317761852
2021-11-15,,0.2488377863150942,0.1750235666391137,,,,,,,,,,,,,0.1880776902207884
2021-11-16,,0.2376170643242267,0.1614160900833078,,,,,,,,,,,,,0.1796053333317816
2021-11-17,,0.2377717763660683,0.2017013861174782,,,,,,,,,,,,,0.179738618012649
2021-11-18,,0.2508810880929892,0.1995606950649893,,,,,,,,,,,,,0.1853070846309251
2021-11-19,,0.2316935212105753,0.1733313360021497,,,,,,,,,,,,,0.1952309253035034
2021-11-22,,0.2527698159089234,0.2174232065382637,0.3810166227809713,,,,,,,,,0.2294599413631937,,,0.2202671161010299
2021-11-23,,0.2682049465965092,0.2134141904025915,0.3965445246738947,,,,,,,,,0.2398317982439537,,,0.1970345754430502
2021-11-24,,0.2636426773175623,0.2250247748503521,0.3831728733607367,,,,,,,,,0.2241152830455896,,,0.2110463333927226
2021-11-26,,0.3089027375194086,0.278575539370706,0.4212115954618192,,,,,,,,,0.2676929749039697,,,0.2518513594929428
2021-11-29,,0.2611266046010472,0.2262361640051353,0.4083343440795962,,,,,,,,,0.2458427522659893,,,0.2402065837277346
2021-11-30,,0.2935753184189358,0.2848120696825136,0.4498345219249812,,,,,,,,,0.2821609413552973,,,0.291345286463506
2021-12-01,,0.3147992642373254,0.2962413050177491,0.4728194984064497,,,,,,,,,0.2993710066388574,,,0.290763870990006
2021-12-02,,0.2899889645237604,0.2937459984706993,0.4512950496783894,,,,,,,,,0.2826038574163561,,,0.2665904468261398
2021-12-03,,0.304890627206206,0.3131468789560944,0.4746354968957421,,,,,,,,,0.3159780149304305,,,0.2721594177561421
2021-12-06,,0.2976619512906196,0.2818877849099887,0.4494926036871927,,,,,,,,,0.3025699952424244,,,0.2589477024562954
2021-12-07,,0.2849431043738201,0.2623732702247613,0.4267548926227706,,,,,,,,,0.2800986607700588,,0.253048748990339,0.265669004917414
2021-12-08,,0.324375094901207,0.2506509232820338,0.4053653198451629,,0.5209879570391921,,,,,,,0.2720108261279376,,0.2821993723797658,0.2037178233896836
2021-12-09,,0.3684196354001264,0.2973869571875893,0.3948425968706875,,0.5346457598066016,,,,,,,0.2717852539543335,,0.2870578392894125,0.2345462985646253
2021-12-10,,0.3710483252941656,0.2948720714090674,0.36135421242349,,0.4525559119163363,,,,,,,0.2296551748056661,,0.2208226774751544,0.1839601379885127
2021-12-13,,,0.2677085830434507,,,,,,,,,,,,0.2770150256178502,0.2259606788475505
2021-12-14,,,0.3040209012254521,,,,,,,,,,,,0.3026897806269608,0.2491613919136951
2021-12-15,,,0.228977744984342,,,,,,,,,,,,0.280854166216352,0.2129283983111453
2021-12-16,,,0.3072117524088387,,,,,,,,,,,,0.2939097547016897,0.2683972345277561
2021-12-17,,,0.2923545988691493,,,,,,,,,,,,0.2924520658375568,0.2887552905795282
2021-12-20,,0.3180624589839547,0.3104973330852842,0.5120872476154346,,,,,,,,,0.2718851789996752,0.1818094231672848,0.3660505297437387,0.3232123571555426
2021-12-21,,0.2897729818213121,0.2787160910627557,0.3952044167877799,,,,,,,,,0.2489637321295641,,0.3378251172424621,0.2517816327718413
2021-12-22,,0.2746637884540027,0.2700343156470142,0.3529510992693518,,,,,,,,,0.2275975793919288,,0.3191874522495205,0.2262731254373947
2021-12-23,,0.2759643665429497,,0.3304603550902475,,,,,,,,,0.2384975031581829,,0.3490032326008693,0.2103524113184687
2021-12-27,,0.2751305750292078,0.2132521923542692,0.3657874249789121,,,,,,,,,0.2380293981370061,,0.354140653704332,
2021-12-28,,0.28635223127103,,0.3331273802333085,,,,,,,,,0.221315107587582,,,0.3054113850243239
2021-12-29,,0.2598840579169461,0.2167222622475796,0.3112684058571472,,,,,,,,,0.2189068304426288,0.2761222774507052,0.3354999959388894,
2021-12-30,,0.2741970381896024,0.3512711556401764,0.3220661177740496,,,,,,,,,0.2135946632953478,,0.3793631235255567,
2021-12-31,,0.2641054128055414,,0.3485709011091836,,,,,,,,,0.2077706196922804,,,
2022-01-03,,,,0.3003409558453575,,,,,,,,,0.2137925982933956,,,
2022-01-04,,0.2300774598634266,,0.3799907848126572,,,,,,,,,0.2246886742830843,0.2473846895092857,0.4260704816908878,
2022-01-05,,0.2919552520671923,0.3553894986589553,0.3710054611288187,,,,,,,,,0.2472429449237615,,0.4339384427605617,0.3115363972963509
2022-01-06,,0.2994286525907586,0.2893558060343009,0.4367369049513791,,,,,,,,,0.3068808552674717,0.3435639406061425,,0.2800341267667566
2022-01-07,,0.2734067477247019,0.296969168835313,0.3707202900128278,,,,,,,,,0.2767762320555582,,0.4246674084908797,0.2482625585511595
2022-01-10,,0.309906262651509,0.3161288809270413,0.4408046254607256,,,,,,,,,0.2891226528195811,0.2724093246448206,,0.2550916506721504
2022-01-11,,0.2721356851236923,0.2879765924899933,,,,,,,,,,0.2390982554351236,,,0.2215304582908067
2022-01-12,,0.2815003012545567,0.3038121352913415,,,,,,,,,,0.2453704010839398,0.2905666529383529,,0.2520483237918471
2022-01-13,,,0.3479484298747118,,,,,,,,,,0.3157295468276856,0.3278660480771245,0.2816004853062984,0.2746975848257798
2022-01-14,,0.33911584195695,0.2737165228171057,,,,,,,,,,0.2799752582511309,,0.3101582804023783,0.2603068729121049
2022-01-18,,,,,,,,,,,,,0.3721601443727463,,,0.3081554222479146
2022-01-19,,,,,,,,,,,,,0.2711730639804577,,,0.2904135303100225
2022-01-20,,,,,,,,,,,,,0.3827966645941269,,,0.2654932960453026
2022-01-21,,,,,,,,,,,,,0.4550593283005869,,,0.3235498247661711
2022-01-24,,,0.4280838163525794,0.4551418125231406,,,,,,,,,0.501935394466653,0.3499821183815256,,0.3572545584331972
2022-01-25,,0.3660724928676091,0.5157943322853439,0.4793745722800867,,,,,,,,,0.5020366465584801,0.3524729842109509,,0.3228255196708995
2022-01-26,,0.3578235688118634,0.3838281817302153,0.4667275888754184,,,,,,,,,0.5246797965315233,0.3458527176649292,,0.335801867965155
2022-01-27,,0.3867072782256505,0.3740897053638864,0.4898672163974872,,,,,,,,,0.348269875517549,0.3582235663454756,,0.3511353263648638
2022-01-28,,0.3146154480839305,0.3414354158519926,0.4544791755224755,,,,,,,,,0.3285166916155234,0.3574561795242699,,0.3125277686877979
2022-01-31,,0.2826686917218228,0.3341987842302857,0.4209586157411323,,,,,,,,,0.2341067095472404,0.3472465211958605,,0.2826813949898413
2022-02-01,,0.2546625753475925,0.2828864288228824,0.4166491369023898,,,,,,,,,0.2537559499093408,0.3407751851164,0.2344553134128838,0.3733096479336864
2022-02-02,,0.2460074246652616,0.282223514650208,0.4084183529561997,,,,,,,,,0.2506349684866071,0.3568624548030567,0.2324274026969018,0.1380448672511453
2022-02-03,,0.2940262818279095,0.2973962899128318,0.4558182275544994,,,,,,,,,0.2820198899103398,0.3834310019460109,0.2592031231984417,0.3338176624655977
2022-02-04,,0.2725152223775842,0.2710400545447343,0.4496210183101907,,,,,,,,,0.3056554014800856,0.3770615837309699,0.2512345220444024,0.257756625927146
2022-02-07,,0.2742472153399151,0.2696584651236398,0.4555005897549793,,0.5961598289529011,,,,,,,0.3024139827823714,0.4154343966048364,0.2523085003822577,0.271320989897957
2022-02-08,,0.2582471481848085,0.2453938906727581,0.4228052018321735,,0.5302787810732603,,,,,,,0.2845283034175145,0.4202915902522554,0.2391272682510104,0.2574334764183799
2022-02-09,,0.236265442339628,0.2225576712595897,0.3946542299508821,,,,,,,,,0.2899226029435583,0.4305462547914538,0.2268689919457668,0.2488463537438746
2022-02-10,,0.2997578081224641,0.2599256312834339,0.4588537577775306,,0.5764427965503102,,,,,,,0.3010757035980941,0.4559482414522521,0.2589907677445097,0.2636488080471293
2022-02-11,,0.2919045111329415,0.300372071909444,0.5026158184974914,,0.7059388863264238,,,,,,,0.3187116528366823,0.5022607450723742,0.2776630954915237,0.2874041927008167
2022-02-14,,0.2991246103612603,0.2893592751372356,,,,,,,,,,0.3415675662582387,,0.2811217128510711,0.2865256769894714
2022-02-15,,0.2742858353314935,0.26039507392123,,,,,,,,,,0.3149708879876943,,0.2629130944288858,0.2630154126131439
2022-02-16,,0.2689573873560735,0.254815767058959,,,,,,,,,,0.3054213008406439,,0.2603589137229578,0.2571502892517965
2022-02-17,,0.2966445819068821,0.2927822817686103,,,,,,,,,,0.3220074472276215,,0.2721465755064227,0.2697057009634274
2022-02-18,,0.2874597791138389,0.2893418238546652,,,,,,,,,,0.2991887590586666,,0.2771123618847901,0.269484423758564
2022-02-22,,0.2881614661286628,0.3045930800040533,0.5662187524707946,,0.5919360411750891,,,,,,,0.2984072920832646,0.2766512558203768,0.2941062569217429,0.2949630092580796
2022-02-23,,0.3023156964139892,0.3176920019725708,0.574153368050733,,0.6189615133551228,,,,,,,0.3064557189386966,0.2809523963835905,0.3098289962783744,0.2827390068559917
2022-02-24,,0.2902046740986346,0.3047557776994617,0.5543921196547285,,0.5798517403175248,,,,,,,0.3020562604056462,0.262209505082434,0.28672568243143,0.2596684053567196
2022-02-25,,0.2592294111617812,0.2810760614735418,0.5230684954692365,,0.5262126883398,,,,,,,0.2839922806714798,0.2448240146239626,0.265935449860617,0.2653638984644742
2022-02-28,,0.2826222073053258,0.3074621570391684,0.562592249985777,,0.5591337028369688,,,,,,,0.3090705313802225,0.2694276247113785,0.3023740074837031,0.2875331437030388
2022-03-01,,0.3128214973937786,0.3504127544259587,0.6157503684391332,,0.6466248470036013,,,,,,,0.355538498428119,0.3048246918254188,0.3629685873941836,0.3174684821810558
2022-03-02,,0.2955986577920573,0.3146686005221112,0.5711898329055587,,0.5834653351259711,,,,,,,0.339631896653189,0.2769407864582868,0.3382989921435255,0.2840219505414816
2022-03-03,,0.3016729137311603,0.3150240607332522,0.6167711219338242,,0.5967909092678756,,,,,,,0.3411366985345354,0.2852716769606221,0.3743860137597125,0.2887208690852878
2022-03-04,,0.3163035869573991,0.3221094010148153,0.6195667886750983,,0.6119163264244747,,,,,,,0.3521558350327673,0.3005310164556514,0.2827340426187125,0.2734232839335269
2022-03-07,,0.359210107847709,0.3751177604331108,0.6606838188895643,,0.6728373459505775,,,,,,,0.3884238277173021,0.3445739893918888,0.3290090997373836,0.3114953549815377
2022-03-08,,0.3519534400256657,0.3809241941769253,0.6503792033910089,,0.6681218432266007,,,,,,,0.3974100826566833,0.344506547103911,0.3283492885541211,0.3129744000193078
2022-03-09,,0.3174547535499247,0.3197643289298108,0.6058428399179648,,0.6025860713755506,,,,,,,0.374891551376133,0.3236759053122578,0.2842774817165251,0.2928333360562846
2022-03-10,,0.2980013078941468,0.3185371284105094,0.5741291884859089,,0.5704356971727158,,,,,,,0.3301858687573786,0.298592894616245,0.2746455946609864,0.2740257370983408
2022-03-11,,0.3299566444928075,0.3362470599599952,0.580467259455788,,0.5873885555208628,,,,,,,0.3363670968550755,0.3016143160909206,,0.3031439978566834
2022-04-18,,,,0.4499582593701581,,0.5621748546560049,,,,,,,0.3763227870083404,,,
2022-04-19,,,,0.4457607848923707,,0.5642599845224276,,,,,,,0.3430735379141705,,,
2022-04-20,,,,0.4568209056561153,,0.5797341074601601,,,,,,,0.3552192355342978,,,
2022-04-21,,,,0.4835096531766278,,0.6088475730664332,,,,,,,0.383796523020797,,,
2022-04-22,,,,0.5070540547938174,,0.6477823482997416,,,,,,,0.429988522115412,,,
2022-04-25,,,,0.5205057762199368,,0.6734019421453482,,,,,,,0.4604110182413272,,,
2022-04-26,,,,0.5540680532570943,,0.7124024546635519,,,,,,,0.4913484558243091,,,
2022-04-27,,,0.4107792498000071,0.529250894259548,,0.6864397390619048,,,,,,,0.468658243273894,,,
2022-04-28,,,0.4329360387646492,0.5256034540564982,,0.6696048479354015,,,,,,,0.4822078862021598,,,
2022-04-29,,,0.4461430986637371,0.5506347935058243,,0.7151127389219194,,,,,,,0.3386388498233611,,,
2022-05-02,,,0.4470505756485179,0.5676639092081508,,0.7251327711419661,,,,,,,0.2989521868326082,,,
2022-05-03,,,0.4361468918909683,0.5534199354938606,,0.7215048901088555,,,,,,,0.266293784509496,,,0.4003708473706771
2022-05-04,,,0.3970769329265103,0.5079091749537608,,0.57599146856934,,,,,,,0.3935212700547473,,,0.1879810209514857
2022-05-05,,,0.4505489381055594,0.5782678206451326,,0.6365685146469047,,,,,,,0.4737931368384003,0.5347248880900666,,0.4323626180421704
2022-05-06,,,0.4999145060463518,0.562807080937893,,0.6276089285627886,,,,,,,0.4056407700663538,0.4905967827816808,0.5203449737219724,0.3433441111900364
2022-05-09,,,0.4906751784861904,0.6500747885530415,,0.7385856496689972,,,,,,,0.4763592686057825,0.5784428650536937,0.507886992502831,0.4384982059453741
2022-05-10,,,0.4550235422946054,0.6678428151294991,,0.6846962836262706,,,,,,,0.4764707903801889,0.6166234784636192,0.5270902154186781,0.402615406330111
2022-05-11,,,0.4643984856999518,0.6650223173689883,,0.7109112935667018,,,,,,,0.4456480225348049,0.5918609895453337,,0.4233831440455231
2022-05-12,,,0.4546406815116249,0.623225641378757,,0.7000251516470948,,,,,,,0.4417136571965532,0.613216517838533,,0.3929490104744829
2022-05-13,,0.5182417321028744,0.3715646796296404,0.5571845372003197,,0.6446929136749675,,,,,,,0.3906661110135047,0.6546928318392568,,0.3650363277095531
2022-05-16,,,,,,,,,,,,,,,,0.384684120259724
2022-05-17,,,,,,,,,,,,,,,,0.3590579373724718
2022-05-18,,,,,,,,,,,,,,,,0.352545977060043
2022-05-19,,,,,,,,,,,,,,,,0.3712905678651075
2022-05-20,,,,,,,,,,,,,,,,0.3465462689535495
2022-05-23,,0.4059947830000955,0.3540519830961907,,,,,,,,,,0.3857253466811945,0.2834912861645542,,0.3807447990982794
2022-05-24,,0.4284575793014891,0.3791670279887621,,,,,,,,,,0.3814480700151324,0.2908333067570959,,0.3830342008203627
2022-05-25,,0.4171231038161088,0.3711210585110993,,,,,,,,,,0.4024950293355325,0.2889818252637267,,0.3439954683519482
2022-05-26,,0.4029738599917292,0.3516991278587623,,,,,,,,,,0.3614867410847898,0.2876157158439263,,0.3221397129487918
2022-05-27,,0.3858211878759465,0.3299624924324585,,,,,,,,,,0.302166017308916,0.2637993268449731,,0.3769347486733282
2022-05-31,,0.4325285632894952,0.3683486747263744,,,,,,,,,,0.4189415440308131,0.3045440856082175,0.2785372133909787,0.3755975553933122
2022-06-01,,0.315767493061371,0.3653618161100311,,,,,,,,,,0.4475004460165454,0.277409609829764,0.2823369520483583,0.3375302697834521
2022-06-02,,0.3014316684077804,0.3511875564007382,,,,,,,,,,0.5379094424623608,0.2539320594068171,0.2792246348631096,0.2840622850413152
2022-06-03,,0.3103476397818226,0.4276177565918493,,,,,,,,,,0.5435589534896056,0.2709594495384726,0.276113336021389,0.2980043001917545
2022-06-06,,0.313757154027815,0.4083068867758777,,0.4389048332845097,,,,,,,,0.4785584343582806,0.2822009752242506,0.2701007918962401,0.2929203470892028
2022-06-07,,0.2993639127224905,0.3786854066117679,,0.4060953749211337,,,,,,,,,0.2908387503862054,0.2671129011264464,0.285453548603548
2022-06-08,,0.2995229245002644,,0.5346852120440259,0.3938845108478405,,,,,,,,0.3763595051755,0.2725173666837039,0.2674176325597774,0.2933463177952677
2022-06-09,,0.314751837248307,0.3851910367627493,0.5731911653997431,0.3999943275107137,0.7752180179007248,,,,0.4693497654182662,,,0.4557586081197741,0.285829743916533,0.2773185395724911,0.3018507791513109
2022-06-10,,0.3256465137862235,0.3968079468943307,0.6243098470705579,0.4042491145926505,0.755623150847094,,,,0.4829812057098093,,,0.4265256476609567,0.2940107264551733,0.2936137925897054,0.3065436910823454
2022-06-13,,0.3581764137633969,,,0.4756474573828465,,,,,0.5387448826922167,,,,,0.3381542156302356,0.3476693428634285
2022-06-14,,0.3433879384728111,,,0.4472960644375884,,,,,0.5178161974761469,,,,,0.3209528055986258,0.3228816326349816
2022-06-15,,0.3124609067824153,,,0.4278605409745469,,,,,0.4963491065384075,,,,,0.3021520407896307,0.3010680779756582
2022-06-16,,0.3476768506550893,,,0.4564666498826895,,,,,0.5263358046235462,,,,,0.3222216681444474,0.3293546435187577
2022-06-17,,0.3161565287288367,,,0.4271337360289414,,,,,0.4880209354446198,,,,,0.3136500875576349,0.3129327272568216
2022-06-21,,0.2974141837520038,0.3136511198057359,0.5164691540601569,0.4228870910563215,,,,,0.5085150668125213,,,0.3095420705836004,0.2135159307208157,0.286017846823714,0.3173553170478346
2022-06-22,,0.3016459639448117,0.3089925473319036,0.512796327965694,0.427255087527271,,,,,0.4959009766971774,,,0.3075380590806691,0.222948693128121,0.2865931924392467,0.3137877471003288
2022-06-23,,0.2913543971091676,0.3130605149444167,0.5098317583878617,0.4358992672830755,,,,,0.4837701735682224,,,0.3016462935468654,0.2240845356478914,0.2733239295768352,0.3035642577652969
2022-06-24,,0.2690753874630973,0.3047337229792176,0.5030698720567395,0.4498354703510807,,,,,0.4736767946557779,,,0.303246125057617,0.1944780764468169,0.2507570656532678,0.2975863778232839
2022-06-27,,0.2912432213357018,0.3189682473238693,0.5368179634825285,0.4162433420924267,,,,,0.4981724837233439,,,0.3206122695657511,0.2009293049754076,0.2707857706123505,0.3202395692644307
2022-06-28,,0.3118743864793761,0.3162104340335707,0.5619964914860258,0.4308384145285431,,,,,0.4988691382600521,,,0.3182387906508235,0.2128634162202228,,0.312346351002116
2022-06-29,,0.297965342746184,0.3191708348718234,0.5870554838140117,0.4306178934868951,,,,,0.5056451877908931,,,0.3185792507438495,0.2058431684378832,0.2882245790131804,0.3033773731016541
2022-06-30,,,0.3379932490913938,0.6215682536959678,,,,,,0.5052505741148353,,,0.3307443265072717,0.2071233577114699,,0.2964910900785071
2022-07-01,,0.2749542436230107,0.2937403582641706,,0.4038462249803506,,,,,0.4776092286384901,,,0.3081444985380065,0.1884349741632377,0.2606037994891673,0.2865772168508876
2022-07-05,,0.293559966866203,0.2940930270599526,0.4448724913492862,0.4699486273299688,0.5701158242672343,,,,0.5390629280897993,,,0.3200041872959057,0.2562205793467782,0.2604111060019965,0.2579664153122883
2022-07-06,,0.2970674687954714,0.2864288560377989,0.4204307348736221,0.4571171904959326,0.5653918687828938,,,,0.5196237494812789,,,0.309420936818993,0.2641154833384576,0.2592209648536527,0.2550874997210857
2022-07-07,,0.2771789289459264,0.2785568567625776,0.3965723754446333,0.4237982886549192,0.5245887705977345,,,,0.4950365624518852,,,0.3023924768270116,0.2555840794677959,0.2516547078258752,0.246368906277983
2022-07-08,,0.2558931305591925,0.2730227439259102,0.3839121485830407,0.4134600110172797,0.4829450446336842,,,,0.4681268824315776,,,0.2833593763530179,0.2350955464705131,0.23816000764202,0.2407958333854075
2022-07-11,,,0.2887295922938721,,,,,,,,,,,,0.2494968650791691,0.2544997061833269
2022-07-12,,,0.3046826024659477,,,,,,,,,,,,0.2596797648295426,0.2566054628244903
2022-07-13,,,0.3031949077142702,,,,,,,,,,,,0.2563781706010464,0.2539718089760898
2022-07-14,,,0.3010494220110786,,,,,,,,,,,,0.2573400441663663,0.2516073067441405
2022-07-15,,,0.2721585417069856,,,,,,,,,,,,0.2423101313496424,0.2362966280231414
2022-07-18,,,0.2888061190168157,0.4343681674413088,,,0.3853192850104672,,0.3894324541447756,0.635946941013284,,,0.4121772790021619,0.2960872927579187,0.2594584155637103,0.246185484408247
2022-07-19,,,0.2807053114080357,0.4283361005043757,0.4184562164066771,,0.3737662177856921,,0.3728728736579646,0.6528354016262123,,,0.4185592981456452,0.295761194785364,0.2429178328087854,0.2484294281916504
2022-07-20,,,0.2812215136790354,0.4260870126711106,0.4156767039919546,,0.3734453084976683,,0.3768075010403916,0.6464146225532837,,,0.4387964500385103,0.295810204370889,0.2357504792422735,0.2479959303522246
2022-07-21,,,0.2768082416049698,0.4148338154088613,0.4021048702194387,,0.3728621408011358,,0.3760154899245424,0.6505422022278984,,,0.4052141991548905,0.2981103320289145,0.2329383367332096,0.2253764854105766
2022-07-22,,,0.2857952201903494,0.4128148692044428,0.4155143337162283,,0.392233271651953,,0.3949354897434172,0.6613078315958517,,,0.4475231810895543,0.2958971712982801,0.2307472997950873,0.2387521059336956
2022-07-25,,,0.2964069772798046,0.4195478718877921,0.4350700900803658,,0.4101388998643739,,0.4117127052211004,0.6764568566350906,,,0.443304403569602,0.3137409722519734,0.2361538003376139,0.2396259423757332
2022-07-26,,,0.3272807405503297,0.425237304631006,0.4764244686704948,,0.4285533397862398,,0.4286668544325898,0.693698686154723,,,0.430548698775377,0.3273803595545344,0.253629787559689,0.2553331265751496
2022-07-27,,,0.2234976185798529,0.408324383033202,0.4269833479178755,,0.2841126826418674,,0.2818541652919235,0.6339932648315646,,,0.404453849387213,0.2931813581182335,0.2295692822694443,0.2295064910511822
2022-07-28,,0.2520112538197872,0.2326894791760193,0.3958565239736624,0.4406217926901814,0.5364880992326085,0.2790548431608465,,0.2729079144670346,0.4188754416675471,,,0.4253317577555294,0.3190544743333958,0.230934645783653,0.2505161734205465
2022-07-29,,0.2044195272826088,0.2171344418757295,0.3841953980842783,0.3428159080030007,0.5403425149765101,0.2655339781929579,,0.2584224559373136,0.400164703974512,,,0.2617523331172397,0.310165635462646,0.219187317158819,0.2253373129725419
2022-08-01,,0.2247839077924642,0.2310088664986186,0.4239808936542663,0.3555819961542746,0.5969430185852682,0.2871437051641599,,0.2823304727176332,0.4317091811132481,,,0.2541890484356127,0.3245427237673786,0.243755581924705,0.2488652505430769
2022-08-02,,0.2315987603724274,0.2358041764686545,0.4359728728400409,0.3686233062681759,0.6405984522308172,0.2895751311505258,,0.2917338890054311,0.4377156453274023,,,0.2700522335422297,0.3332005249308111,0.2547912222684,0.2492741088431499
2022-08-03,,0.2901373517320723,0.2956671683328719,0.4134321366879661,0.3617504277204885,0.4697396882653996,0.4570733286560709,,0.284972020487855,0.4367168293912162,,,0.2120709004969295,0.3131793629183258,0.2405280603709458,0.2394993419222705
2022-08-04,,0.2847079512052397,0.1886057763633739,0.4262891155720882,0.3864566266612087,0.5036517031800304,0.2609020162180405,,0.3218935770798801,0.460977635490139,,,0.300068120099615,0.3410521758927201,0.258565506586565,0.249235730270031
2022-08-05,,0.2932973637157532,0.275280854593942,0.3868703672901199,0.38136037702137,0.4608925508212076,0.2929214879931456,,0.3256097900162283,0.4407841346554234,,,0.2852387925000036,0.3349091650289214,0.2510487014292291,0.2294908425572161
2022-08-08,,0.2967881817147911,0.3028671534491381,0.4144585578625715,0.3862734589929905,0.4880019512285937,0.2929806368826347,,0.3387083520118584,0.4567531619857399,,,0.2998506293968531,0.3783200639336523,0.2731129283710286,0.2617185944890577
2022-08-09,,0.310765298516359,0.2805869133714364,0.4170798580281526,0.3878139536085221,0.4918788884434835,0.32725618233708,,0.2989765890967546,0.4664726636621695,,,0.3034173490551381,0.4176609522851284,0.2763279744971945,0.2735089791678929
2022-08-10,,0.2850450579502407,0.2052572919104267,0.3782622379664418,0.379075624090438,0.4574791171160033,0.2811269926163036,,0.353209233007866,0.4558443449540777,,,0.2655972922767518,0.3975150488089562,0.2568359639074866,0.2205523579197915
2022-08-11,,0.2897196964041633,0.2805177743615028,0.3959548741990548,0.3818293960624277,0.4620065595113182,0.3305101010841965,,0.378611505610471,0.46362814802076,,,0.2813861513979581,0.4427356933029892,0.2629283128377329,0.2417539235585485
2022-08-12,,0.2904311164922313,0.173752218656056,0.4004524243142725,0.365598165565062,0.4378835043355165,0.214122131935621,,0.2301978526472364,0.4466836165490165,,,0.253326864527386,0.4682728431086214,0.2506255940157842,0.2111490590800611
2022-08-15,,0.2468595394689032,,,0.3792902144282371,,,,,0.4290605015947494,,,,,0.2687638822004843,
2022-08-16,,0.2887834534859274,,,0.3876503078719495,,0.4088043940232597,,,0.4693923497104381,,,,,0.2547399738211317,
2022-08-17,,0.3245597598337371,,,0.382090319118197,,,,0.3314074405721323,0.4598651595445802,,,,,0.2608916076624182,
2022-08-18,,0.2996449536034581,0.3722889138149875,,0.3778301409503347,,,,,0.4459517369182234,,,,,0.2637862110337955,
2022-08-19,,0.3235256040351927,0.3858707309697406,,0.3747643771900157,,0.37391501628759,,0.3406412384645587,0.4430547967036901,,,,,0.2563470018735889,
2022-08-22,,0.3292856778119274,0.3375646347261797,0.4721359221134252,0.3065287852253831,,0.5299036226400152,,0.351391367859935,0.4817744644429572,,,0.4430968483638228,0.2562343316181858,0.284479455773389,
2022-08-23,,0.3663438100973315,0.3282205293447476,0.4495265506761277,0.4007575685288067,,0.3530225574032158,,0.3457456500212033,0.4565848362967264,,,0.4086776025546514,0.2646226974506319,0.278440896154682,
2022-08-24,,0.3462353327875763,0.3728059348130663,0.4632322883091763,0.4035117753038069,,0.3581840095807841,,0.3389134534947413,0.4620013496895656,,,0.3385815946781994,0.2383429195924518,0.2674860389539128,
2022-08-25,,0.3181946222852972,,0.4653633619374918,0.388323467212679,,0.3504693731632489,,0.2944890561760601,0.4616982010151605,0.4599538752158078,,0.3957795181153826,0.2558192746101369,0.2362808404994132,
2022-08-26,,0.3999083802150515,0.3930931037841695,0.4673643310977807,0.4123991977603271,,0.3835263698955663,,0.367069217955165,0.4776955743330973,0.4902601221942792,,0.4239533922298741,0.2712861774493176,0.2948361306896431,
2022-08-29,,0.3437320837049171,0.292523906152818,0.4651200236761746,0.4170456403051395,,0.3833861899137669,,0.3672106288459845,0.485218419126656,0.483934635872074,,0.4079164240790903,0.2780176195708193,0.3094513000745953,
2022-08-30,,0.340168443260941,0.3379239378798186,0.4905456399164929,0.4139257659324561,,0.3707659080499371,,0.3704668027968363,0.4722461270182484,0.4780957386853825,,0.4188402730139065,0.2719158489490373,0.2926224844551801,
2022-08-31,,0.3318302516784542,0.3821033946748614,0.4740110968284911,0.411203467039072,,0.3666787597963872,,0.3599766610702444,0.5075330437402618,0.4744415558382573,,0.376236229325527,0.2762278156077162,0.2965536913428057,
2022-09-01,,0.3466756135534975,0.3427354699334045,0.4951624319198086,0.4176031783540162,,0.3742578382978728,,0.371511618238238,0.532510985725088,0.4711249314981368,,0.4015216659957401,0.2614591980803138,0.2635524679261104,
2022-09-02,,0.3280856782431394,0.3180851947954899,0.4809915760253558,0.4174410472592123,,0.3653477714434935,,0.3586953179495728,0.5053509543691733,0.4736822942419699,,0.3790683729909017,0.2700987006154378,0.2781235413547669,
2022-09-06,,0.371078240487763,0.3778057389943848,0.5119952720962447,0.4558205149140958,0.5952640284502759,0.4046812487118906,,0.394887913333435,0.5483061738502316,0.4955928818716107,,0.4284257567969908,0.2878154871760603,0.3247114849711014,0.3162969133108337
2022-09-07,,0.3474957205965202,0.3224787743105175,0.4731705558030629,0.4291315830381549,0.5544670176115559,0.4077615707567888,,0.364250936298053,0.5208077567635983,0.4530238734832486,,0.391477384561919,0.2702204868560971,0.3290625661064812,0.3001936635351583
2022-09-08,,0.3134721002452213,0.2852622397726618,0.4624823359277368,0.4208926063341877,0.523357307645492,0.3369263856900683,,0.3379173049934911,0.5215538871043259,0.4137336691632238,,0.3663809723652074,,0.308373225881516,0.3106841046282884
2022-09-09,,0.2998061694730879,,0.4753105038586801,0.3863898183012776,0.5000809312068282,0.3875171231398429,,,0.5032443283313204,0.4044943949645495,,0.3146447648505203,0.2319403116886086,0.3023402354890691,0.2822862641381687
2022-09-12,,,,,,,,,,,,,,,,0.3221864124499857
2022-09-13,,,,,,,,,,0.5414435981538067,,,,,,0.3224189764760297
2022-09-14,,,,,,,,,,0.5221077583729327,,,,,,0.3220086634565571
2022-09-15,,,,,,,,,,0.5207676584687174,,,,,,0.3223702050752757
2022-09-16,,,,,,,,,,0.5199122552850898,,,,,,0.3185784853655428
2022-09-19,,0.3574743417524903,0.3139502675036215,0.4930480236095231,0.4271167984689805,,0.3515704699496507,,0.3547664701938658,0.5047065263654459,,,0.4208108305791362,0.2221487848027734,,0.338072981499306
2022-09-20,,0.3723606338426832,0.3273009398032102,0.4973336599961476,0.4366284787902623,,0.3631533356514508,,0.3625669909797251,0.525704849524448,,,0.4181053144628048,0.2222297620225467,,0.3492372042673545
2022-09-21,,0.3858852023650973,0.3327589642493926,0.4975508151224844,0.4306398733095153,,0.3621972888782881,,0.3663400422108784,0.5213941278498806,,,0.422306713365013,0.2345827045112082,,0.3314875185452726
2022-09-22,,0.3716985507972263,0.3169745197092564,0.5074360872503583,0.4194485224307966,,0.3584569231342541,,0.3567878877589036,0.5101108936403966,,,0.4068437455558599,0.2320604078707993,,0.3265416925033967
2022-09-23,,0.3834299274020396,0.3368766492199966,0.5122254460054778,0.424465705716414,,0.3663730095460258,,0.3668309458382954,0.5274910646494989,,,0.4226136861857237,0.2431180341268946,,0.3347341163356891
2022-09-26,,0.4037706898697643,0.3604611079691159,0.5394098964313051,0.4545274881480423,,0.3903699490699002,,0.3861594122386347,0.5606324676176622,,,0.4315205145971862,0.2623902111729791,,0.3493949379969175
2022-09-27,,0.4141468682251767,0.346288507129186,0.5386498641591331,0.460494365353686,,0.3946167538247608,,0.3931584864368325,0.5495010018621556,,,0.4380570707547702,0.2625632095315023,,0.3651243472766002
2022-09-28,,0.3824273220023207,0.3378430772865599,0.509700478174812,0.4470516124273135,,0.377928291853255,,0.375561987633465,0.5382891300731151,,,0.4153836809454772,0.2447487360114495,,0.3492746888702869
2022-09-29,,0.3936251077460658,0.3489646223345378,0.5293891221408322,0.4628857943105048,,0.3930609494098114,,0.3903094468714509,0.5485509126003386,0.8573242304946229,,0.4320805221360027,0.2553487057973823,,0.3525028607005787
2022-09-30,,0.3751255630779944,0.3486031685541101,0.4504656525207006,0.4397133584573594,,0.3766686499881476,,0.3779628849544821,0.5337876968065239,0.8798205068127283,,0.412150096034971,0.2571825597181181,,0.3558143970212043
2022-10-03,,0.3489772155138477,0.3330438371198649,0.4468493090410268,0.4341408165615498,,0.3600521621610139,,0.3622040015961487,0.5356238900415409,0.8141967172904495,,0.4168110395035201,0.2383062764721832,,0.3469284242182708
2022-10-04,,0.3324551820908252,0.3325629890647701,0.451745795966225,0.4369115994794327,,0.3651482709182252,,0.3687405627106027,0.5363822793042894,0.7947195713297969,,0.4081222056843122,0.2642025610329769,0.2703829158573471,0.3321383282761675
2022-10-05,,0.3495832185837736,0.3311215332865891,0.4623118615026372,0.4418863162302525,,0.4111305794572227,,0.4097292949989382,0.5442263566419562,0.7802336463124775,,0.3934935710711705,0.2669877270224927,0.2685914765458629,0.3527781487707448
2022-10-06,,0.3613326704698781,0.368831171638038,0.469372616199718,0.4577330807345955,0.6641788449040549,0.4248321350783866,,0.425629158570615,0.5586499202503336,0.7885520656092203,,0.4139274434713011,0.2714787615488918,0.2762131428446776,0.3202076597886428
2022-10-07,,0.3546232345044656,0.3625333637063651,0.482103674198503,0.6054206533569244,0.6151757716003919,0.4314863787894408,,0.4299059856877616,0.5697486877485122,0.7671968911377531,,0.428354632330763,0.2845464477978293,0.2839716377558647,0.3151056772857461
2022-10-10,,0.3737544360903078,0.3742184172259681,0.5106657782715476,0.6154336686732752,0.6630265820374879,0.4431905356310979,,0.4411969069470061,0.5960667851664637,0.7943534135704376,,0.466596020301628,0.321024255428237,0.2897163822320954,0.3304650999753163
2022-10-11,,0.3731727686273314,0.37681051830029,0.565657349145559,0.6263623221111532,0.687225843906949,0.4517493983104059,,0.4505957584863922,0.6126569181243704,0.8041667140357881,,0.4802018931578044,0.3389563355496867,0.2950168272081833,0.3356837365710572
2022-10-12,,0.4016018329431284,0.3797075940840967,0.5725398761314462,0.6348981358378452,0.7046040419378186,0.4554587923167664,,0.4561806249984678,0.6382041776913063,0.7919449527002199,,0.4820442875863127,,0.3011887260205496,0.3374250171858775
2022-10-13,,0.3618117799967939,0.3795210949675865,0.5425831770153298,0.6131024277220263,0.6295902494925124,0.4463393413871305,,0.4422743138262331,0.5745404478924392,0.7854892358937725,,0.4695477097381002,0.3247431503778586,0.296583829565135,0.325407309124521
2022-10-14,,0.3566228443728528,0.3794772937779826,0.5088086612301917,0.6093776761372619,0.6076046151399672,0.4476427974786172,,0.4489666508060921,0.5504102542548167,0.7978547059955007,,0.4786198933477528,,0.2966444285584683,0.32641758223225
2022-10-17,,,0.3801639993949703,,0.6154067526379373,,0.4574150326416041,,0.4498102115902717,,0.8097981745982522,,0.4572766387959319,,0.283978195635756,0.3333917815323157
2022-10-18,,,0.3843359676655785,,0.633571826448119,,0.4622545566336081,,0.4591214309202349,,0.7999821315592929,,0.4668110555803228,,0.2770552658800497,0.3515728493310073
2022-10-19,,,0.382172896664963,,0.6535292614864697,,0.4677804366182158,,0.465813351695959,,0.8481221550130843,,0.4713579474681436,,0.2771477973055445,0.3227007659460743
2022-10-20,,,0.379116441063715,,0.6278133570542739,,0.466025100914073,,0.4609299903777891,,0.7049158610727119,,0.4696877133852399,,0.273545637192022,0.3221771892219723
2022-10-21,,,0.3831701795161314,,,,0.4656468767798936,,0.4653890793782578,,0.6982201136199455,,0.4827569396485003,,0.2669959791694316,0.3266446426307633
2022-10-24,,0.3863839169955289,0.4157543128228742,0.4856513624466914,,,0.4877975641919675,,0.4806750084626418,,0.7297371797738096,,0.4799215519914799,0.366386729532469,0.2835470971264526,0.3418989016099659
2022-10-25,,0.3825466259123806,0.3894711345278935,0.4694595447609784,,,0.4965653928435248,,0.4809540020451954,,0.7266572910084166,,0.4822202144180257,0.3581405269304079,0.2772877629635889,0.2853578705218099
2022-10-26,,0.3866793674969819,0.3394611545076268,0.4734341229905755,0.7272325228999597,,0.366941257419326,,0.3627934922635322,,0.7292514555133097,,0.5115719831696992,0.3509566620775779,0.2762215944547301,0.3250915518874035
2022-10-27,,0.4208771025666741,0.3293400327378336,0.4833220934034536,0.7625097784570358,,0.374688422898202,,0.3730913872331655,,,,0.5879386724017144,0.3549277855213598,0.277186649197263,0.2705986662068053
2022-10-28,,0.3253087228937247,0.3097246701772219,0.4584312349970975,0.4767896396678336,,0.3497527296186205,,0.3474837842309829,0.5072311171582368,,,0.3502647226416064,0.3539895988396122,0.2724997018839022,0.3248868146954228
2022-10-31,,0.3371746786489169,0.3215794182262698,0.4756184675728571,0.4728694609442448,,0.3629428135542334,,0.3560551697075581,,,,0.3573996608475719,0.3692716680868831,0.2737363297803614,0.3207389092140641
2022-11-01,,0.3355049415470884,0.3279242124580483,0.4779755144593802,0.4789019053119392,0.5819226337311195,0.3688455474756709,,0.3687928917888359,0.5694917168136223,,,0.346838264049952,0.3779094843580021,0.2679036098438239,0.3142121517251033
2022-11-02,,0.3634451060681476,0.3320503113087217,0.4718247698208498,0.4574177518483348,0.5334339956764913,0.3831209976384308,,0.3893494550963997,,0.6946547991850925,,0.3644557068771595,0.3841782295080012,0.34940599054694,0.3139958923740801
2022-11-03,,0.3587275979983762,0.3026596647637405,0.4656000744066705,0.4566255005893945,0.5331751502046088,0.3602907358462289,,0.362527791014309,,0.6885978612571881,,0.3626757692201202,0.4005959091964587,0.3450985655601383,0.3041559767521427
2022-11-04,,0.3698072029783385,0.2950651788966811,0.472493061429056,0.4440694026550812,0.5315294469163788,0.34465546379413,,0.3397664952828039,,0.6569152553864918,,0.3669394485662839,0.4007889868961342,0.3352605492868298,0.2937862790293632
2022-11-07,,0.3759993395711221,0.2997514416981242,0.4901485587073109,0.4518552381485616,0.5449656960827804,0.3482812804156322,,0.3433014710580863,0.5766250885351107,0.7219227076559395,,0.3839110611837329,0.4077735511906155,0.3480317339404977,0.3033046063889091
2022-11-08,,0.3803444298418467,0.304256260886762,0.4945226996087687,0.459191276006504,0.5398052235894442,0.3510641158706559,,0.3488563372783485,0.551922712085379,0.7250248862927579,,0.4059810302111465,0.4172038447139814,0.3620071768240513,0.3030901234567172
2022-11-09,,0.3806353990459125,0.3116678888626984,0.5091195924727491,0.4623200666818617,0.5505764465979404,0.3615391245042577,,0.3589990016250481,0.553103475357667,0.7742230950264282,,0.4411935616074079,0.4531636117282205,0.3658195851200743,0.3154338464188063
2022-11-10,,0.3400869371080364,0.2897468651600034,0.4763382559185311,0.4750219950741456,0.5558556399120299,0.3564302273850067,,0.3515221965299281,0.5161456030424102,0.739422242566539,,0.3627141817438234,0.4214022326024894,0.375362547902184,0.3072527490965077
2022-11-11,,0.3636003603763539,0.2977976479420721,0.4937782459481694,0.4712094513239114,0.5806495684262345,0.3610309209106345,,0.3579699975225067,0.4843482728098496,0.6597928641883092,,0.3688493704226816,0.5038806794624826,0.3667491790845378,0.3039736851322522
2022-11-14,,0.3757466870981802,0.3029715227122971,,0.4906652752646544,0.5943001706113727,0.3590932620644401,,0.3543101285225091,,,,,,0.3696677412763068,0.3251704338210572
2022-11-15,,0.3806177115910468,0.2985049714629112,,0.497512724673801,0.6274055944846083,0.3911549851385443,,0.3807693429539609,,,,,,0.3873951175693466,0.311263255028857
2022-11-16,,0.3813780560730206,0.3098677819491359,,0.4983341576824691,0.5995014651140358,0.3874289872183615,,0.383006845201004,,0.7626968912259521,,,,0.3997687172292556,0.3288198665043205
2022-11-17,,0.3683729696403152,0.3026901114005312,,0.475991156549036,0.5892897514485778,0.3749355417715057,,0.3736127086286618,,0.7369121550790645,,,,0.3719513544624063,0.3062821938005201
2022-11-18,,0.3735399017994083,0.2949216899221501,,0.4645959658966553,0.576878460830928,0.3632171723321963,,0.3658957545649723,,0.7248699708581964,,,,0.3754977998116484,0.2936601843956145
2022-11-21,,0.3669197682229788,0.2914148011412389,0.4862054354571276,0.46943157741413,0.5698091232703932,0.3625891008701073,,0.3617451357034805,0.4480594856460873,0.7513173605256611,,0.4062139141494805,0.2272298162279533,0.3973078086363024,0.2966053856395992
2022-11-22,,0.3550203193693076,0.2844175235055695,0.4753447374062956,0.4563706643649526,0.5566018247994099,0.3540491304466499,,0.3508269607012779,0.4376241634613982,0.7092598480479244,,0.3896958689085426,0.2244167493470383,0.3616179103898189,0.2818975039812928
2022-11-23,,0.3724305669026678,0.2766884969414884,0.4656756759550345,0.449950294581585,0.5674248391930715,0.3291308790332922,,0.3353185696814857,0.4162881303969276,0.7131471009295531,,0.384018385635391,0.2205942925770929,0.3416901268079279,0.2854819753074768
2022-11-25,,0.3613694712372068,0.2825002588816279,0.4749858173776629,0.4672264188814823,0.5989483520368849,0.3593396040979539,,0.3408924339925193,0.4206954753024388,0.7230805094561511,,0.3837311788947687,0.2207024970448416,0.427427279095656,0.2824390771858984
2022-11-28,,0.3928361399382048,0.3093705118035219,0.5008374462855435,0.4970991233887435,0.5830652479667714,0.3972043798926997,,0.3882990778884096,0.447812605292556,0.7456839617417309,,0.4034033040853178,0.245638184645909,0.4304544798651489,0.3136402721657302
2022-11-29,,0.3871674989615364,0.3062106792870497,0.4827870006631371,0.4809917093898221,0.5900053944088776,0.3889133893312163,,0.3831065402619033,0.4483603691106379,0.7342270439351011,,0.3942738376747994,0.2350129148448216,0.4095611717009625,0.2997658298744342
2022-11-30,,0.2914117095889449,0.2998739614150781,0.4907036913785729,0.4647948608915501,0.5810377885963782,0.4129444268105873,,0.3751064412512506,0.444927857524977,,,0.2952348682931676,0.2295946739423472,0.3394184188118604,0.3229275284845759
2022-12-01,,0.4042418344330171,0.3225833121312039,0.4803474656672007,0.4549988603608852,0.6114489522370807,0.4215686189903718,,0.4090116052036977,0.4623865186973163,,,0.4310347749083406,0.2548857752657013,0.4156937792027667,0.2872505576230148
2022-12-02,,0.3284493733956816,0.2816956080420704,0.4501573351412545,0.4408266923967336,0.5699844899036048,0.3435951020929207,,0.3719266972799255,0.4575014182303443,,,0.383622832453117,0.2347391080974961,0.392994301733566,0.272946786911044
2022-12-05,,0.3891460536207943,0.3444223274632189,0.5063178075169588,0.4808309641659947,0.608748168374113,0.4540257768791316,,0.4325463464867921,0.4981225360750463,0.7173518568042485,,0.4736453275837781,0.2620837882496295,0.4330632400803193,0.3099007688596814
2022-12-06,,0.4333934905591968,0.3149986171224101,0.5287883015376393,0.4049201351671977,0.530483786677569,0.3405549360181699,,0.3392622761726564,0.528828453778232,0.7906296154606506,,0.3598282919009983,0.2208421949436557,0.3052993359502396,0.3527119269026164
2022-12-07,,0.426314005267647,0.3193223191292985,0.5591982420172009,0.4098820830394575,0.5314185038341074,0.3380786310643561,,0.3369349670061211,0.5431469897824102,0.7770811211778925,,0.3657215127487313,0.2225058803137223,0.3114962720691878,0.351372793898285
2022-12-08,,0.4299376364736763,0.3164929470283305,0.5278745522259658,0.3981507332980565,0.5396765519783427,0.3332083263440962,,0.3328026033699116,0.5364002020775989,0.7686807278665863,,0.3594787548125032,0.214638667103631,0.2976530312843183,0.3641394730963797
2022-12-09,,0.4189756707147877,0.3186516546493524,0.5370017352438368,0.4049049823336387,0.530667365879272,0.3286317346575219,,0.3317592895223881,0.5244395213800419,0.8396319260824271,,0.3623953259908787,0.2150930761755293,0.26683908984683,0.3714285025176057
2022-12-12,,,0.3337208345701036,,0.4136580629070947,0.5478386649058982,0.3457692088596807,,0.3457388054844881,,,,0.3703225792142841,0.2183035723071648,0.2729423630756613,
2022-12-13,,,0.3265394759321763,,0.3874038509583445,0.5280296294733695,0.3246292651358486,,0.326581296058623,,0.7391954207656171,,0.3579533418898791,0.2034426783963085,0.2664057791156758,
2022-12-14,,,0.3274540798541512,,0.379992632439196,0.5021301981504697,0.3102205347850329,,0.3098383655668208,,0.7238625852800679,,0.3420555843894953,0.2040141309361759,0.2540467644080426,
2022-12-15,,,0.3288233942585884,,0.3889944792446585,0.4991763936690265,0.3225603438848962,,0.3187283497430554,,0.7145396869840281,,0.3420159640067925,0.2075017921239997,0.2535939805744428,
2022-12-16,,,0.2935951500768219,,0.3808739126086392,0.4810731282018605,0.3190058860482531,,0.3196600089786078,,0.7102816953777076,,0.3349724500775821,0.2002143285753742,0.2466434786907554,
2022-12-19,,0.3266170251066178,0.2908232529019317,0.4359609971449373,0.4061045282935452,0.4808423980260248,0.3236479622038716,,0.3234445389621649,,0.7306557966022911,,0.3346499154845251,0.200983220583592,0.245972708666189,0.245305608166028
2022-12-20,,0.3215343265901486,0.3013968624601409,0.4282175043842648,0.3970310792089916,0.4807133037231749,0.3110853743891028,,0.3136388109849178,0.4516865950817195,0.7545107787424365,,0.3340117445867084,0.1894698750055494,0.2383162423158676,0.2406023046619854
2022-12-21,,0.310973112492225,0.287058901318757,0.4310234153161636,0.3764570210492804,0.4711783929441105,0.3003325367813836,,0.3008855396948653,0.4354764043013237,0.7388558811265996,,0.3187599118990125,0.1847952732276731,0.226787217401316,0.2371700218181862
2022-12-22,,0.3303412389732651,0.3016302805254555,0.3757082537038461,0.4056221486679057,0.5002491909527064,0.3231159004255974,,0.3229660206719576,0.4556998674174657,0.8219345013178865,,0.3489086917888311,0.1980193928959589,0.2396503610717334,0.2350001831825861
2022-12-23,,0.3185269416436341,0.2943465193789824,0.375000226789048,0.3913109785327668,0.4857546813721722,0.3126440439643027,,0.3134197597659301,0.4409461905785613,0.7915776959747872,,0.338697208298523,0.1812798165362136,0.2253593342616131,0.2276930777827026
2022-12-27,,0.3367644858201727,0.3082920047916508,0.4068959646116878,0.4314271064614418,0.5084693153165455,0.3333752605528974,,0.3363033737638277,0.4657617931209926,,,0.3572145134196025,0.1931979696346915,0.241541527659697,0.2442367682373879
2022-12-28,,0.3593488705982086,0.3097841662631395,0.4249742765539728,0.4418297778834694,0.5160640231597546,0.3505982292756585,,0.3507617072996227,,0.8828835757833136,,0.3779409213142069,0.1987923845214766,0.2496586668473922,0.2546613263494555
2022-12-29,,0.3303514736322896,0.2992874317051203,0.3922441286314682,0.4098340310049313,0.4904925010252471,0.319076508575452,,0.3224751774831207,0.4575197786309336,0.8366105645560546,,0.3477534279476688,0.1804925141844151,0.2375014778154179,0.2387986781087724
2022-12-30,,0.3310200512685053,0.3043945114864795,0.4102872249672705,0.4145800730276575,0.4937908118547124,0.3223765731519557,,0.323700925939157,0.4549829189526818,0.8239914712239235,,0.3583897768227296,0.1774488978806735,0.2354638564746194,0.2442539941860113
2023-01-03,,0.3671150951360123,0.3229325165300194,0.4315609489754204,0.4378929349797073,0.5227474193954358,0.337201640743363,,0.3373761907177059,0.4804491063576289,,,0.3755265435938378,0.182063370485616,0.25251282498973,0.2508049269006958
2023-01-04,,0.3321709787294282,0.3041740338482825,0.4220478346982496,0.4303974303130826,0.5071138784714255,0.3469081692431765,,0.3760877485389522,0.4631614375057311,0.7458963824424627,,0.3678034704946742,0.2459235639779514,0.2494410695683226,0.2452391815433448
2023-01-05,,0.3445189283379941,0.3124863127177462,0.4249721886449887,0.4619832130029266,0.5105094002918004,0.3753005335366521,,0.3794605592322352,0.4672930838659707,,,0.3772075322940532,0.2469430433449106,0.2564175010659297,0.241750415583916
2023-01-06,,0.2900922865742271,0.2725250641321814,0.4120278093686849,0.4026239242779617,0.477260934586567,0.3390734186786537,,0.3549109550900685,0.4155811271586263,0.7123987861772553,,0.3529540082476191,0.220775290917752,0.2349189747607899,0.2285941539753344
2023-01-09,,0.3125230108628258,0.2881395959872283,0.4345258362234069,0.4234504779758744,0.5300847247756767,0.3652416195238107,,0.3783064684028618,0.4358355583362137,0.7171385350948445,,0.3931502067529921,0.2517258177336431,0.2515873232548622,0.2372088713997809
2023-01-10,,0.3069180577774778,0.2935967957697908,0.4286411954742338,0.4199591330528876,0.5219163097955791,0.3634720256464513,,0.3767072406958713,0.4204715014726555,0.7065554085080917,,0.3773511858776864,0.2441993215808127,0.2407905068137904,0.2330672612611413
2023-01-11,,0.3173910294952499,0.3019503193414085,0.4451670232984861,0.456076639645846,0.5274527753507013,0.364760423862623,,0.3889877041058616,0.4348913265106651,0.6813752262077201,,0.3906469785286625,0.2610757916673401,0.2623581537378908,0.2384646770670087
2023-01-12,,0.2598644032614414,0.2414557393618715,0.3667510550706542,0.357985742535591,0.4423184223027565,0.3068788980960026,,0.3641829591531961,0.3589984478458465,0.6274544937025334,,0.3377168406131842,0.2311837832404912,0.2134426965426549,0.2161557131211942
2023-01-13,,0.214983055308181,0.2106603064888058,0.3042718386423813,0.3419094862218416,0.397495707480803,0.2825475609036403,,0.3463523175155917,0.3061803111340421,0.5874654465019454,,0.2926599705455148,0.1683008814939161,0.1757189801259236,0.1992614772109408
2023-01-17,,,,,,,,,0.3749564345913185,,,,,,,0.2049345565861529
2023-01-18,,,,,,,,,0.3751038070231993,,,,,,,0.2072790340597431
2023-01-19,,,,,,,,,0.3882720514595822,,,,,,,0.2086810865950057
2023-01-20,,,,,,,,,0.3999684936820398,,,,,,,0.2064575550750813
2023-01-23,,0.2875918491284679,0.2939853436303912,0.4092764649697346,0.5187495754707749,0.5336735561519466,0.4195092408897207,,0.41953121865038,,,,0.4578474585356585,0.2714083732949378,,0.2202101178332557
2023-01-24,,0.2873796784028638,,0.4066485263226733,0.5290270340094648,0.5436821447134111,0.4088273302169852,,0.4101956082652768,,,,0.4637841942038044,0.2761597336139936,,0.243295917511418
2023-01-25,,0.302607246605718,0.2445835128694037,0.4089627138158386,0.5405716384657914,0.545355106133699,0.4109966992393783,,0.4170439571714255,,,,0.4686664172537043,0.287926873813576,,0.2232486273997667
2023-01-26,,0.291751844823382,0.2450205592946648,0.4069867581063521,0.525231672584666,0.5415744489898622,0.4022346994909597,,0.4050872441297569,,,,0.4575626100771799,0.2786747030919506,,0.2306816765340233
2023-01-27,,0.3033692117275722,0.2388335016561674,0.4146072167625008,0.5466939182328353,0.5528031963106781,0.4117997334423536,,0.4166781188115798,,,,0.261007636049464,0.2850830435003021,,0.2405735024249788
2023-01-30,,0.3520991447237306,0.258290396086164,0.4321052861229633,0.5986189478315795,0.611421319646728,0.4493858360362948,,0.4499404348373884,0.6487754290269332,,,0.2789898501029882,0.316779245576665,,0.2656367923010472
2023-01-31,,0.3433923681052021,0.2515292073344859,0.4179560193384511,0.595823464877804,0.5999567038718995,0.467148597372183,,0.4592025546455258,0.70142159577557,0.656266625364294,,0.2739883117771699,0.3166228297369366,,0.2483727757932267
2023-02-01,,0.2663137502356726,0.2182359841344724,0.4114378466424186,0.4610224246456713,0.4881813794072881,0.442671111416503,,0.3305460917175774,,0.645523212570728,,0.219772391271225,0.2478476475832683,,0.3019077966145655
2023-02-02,,0.282840090275641,0.233928133893133,0.4193826626650863,0.4463953149315569,0.5225740054172067,0.5714589758428367,,0.4080994710316367,0.3979309374545748,0.6599215488367014,,0.276794049987893,0.2529338183048475,,0.187877631302537
2023-02-03,,0.2705133570164325,0.2471371529329288,0.4148253516465015,0.379911516559654,0.4899382833553544,0.5938179900982853,,0.3129601397089844,0.4127248778917537,0.6894151306260573,,0.2805934824503507,0.2544555842323329,,0.2403565288489313
2023-02-06,,0.2717490455088545,0.2494406261661433,0.4349421563170147,0.385275322754889,0.509789005035846,0.4557759485746664,,0.3327679363671013,0.4111213341889101,0.717258798704908,,0.3297497561539946,0.262657270934637,0.2523539993853856,0.2441763303718239
2023-02-07,,0.2696985566477242,0.2501904189297435,0.4137620785899591,0.3884293444997206,0.5317620134734009,0.5392101582150848,,0.3470751840485361,0.4076092592996457,0.6948733261671227,,0.3184788923929078,0.2676140467094052,0.2471201887055827,0.2408401438310526
2023-02-08,,0.2832243595404283,0.2683604186809268,0.436317578885822,0.3998067249785578,0.5153508881304876,0.3073727393476739,,0.3583509715183116,0.4115954798898176,0.7121218987166785,,0.3351416826623773,0.2806944547595749,0.2540376521369102,0.2505364603643414
2023-02-09,,0.2878546425524974,0.284688434324685,0.4609767302990978,0.4126777332774374,0.5336057395880486,0.4500350825761435,,0.3804391570924085,0.4208873039724273,0.7403333818046078,,0.3480182826808273,0.2944641271627169,0.2568097753190602,0.2572660898019778
2023-02-10,,0.2836498599870649,0.2767188049052004,0.4320260582238208,0.3977235190343871,0.5328311895837902,0.4146819887989035,,0.358928101235372,0.4192483284472797,0.7185902583596439,,0.3360072187313963,0.2911715430538555,0.2506755602601093,0.2518467470012416
2023-02-13,,0.2920663545129879,0.2822780428413894,,0.4014515100207991,,,,0.3642077673038942,0.4267092391672679,0.7247050209384097,,0.3399687253825385,0.286706283902202,,0.2614363273633625
2023-02-14,,0.2744128522135884,0.2631476632045624,,0.3788131309797523,,,,0.3382302594707126,0.3929522098685621,0.7542569418044773,,0.3275303235577479,0.2860989879685169,,0.239208682871301
2023-02-15,,0.2659644726986288,0.2575555005061697,,0.3670635090620048,,,,0.325596331872975,0.3847962246131416,0.7583819196490782,,0.3139504987856043,0.2802626381762221,,0.2437911487914862
2023-02-16,,0.2747581463565625,0.2670830810151064,,0.3769188452531478,,,,0.3368391655175577,0.3923369082732065,0.7657365444873194,,0.3127334470119836,0.2262142984640062,,0.2353058846984421
2023-02-17,,0.2559728379603466,0.2581824590508186,,0.3639515314553376,,,,0.315508764022391,0.3741152854163292,0.7463000132540768,,0.3168533009245235,0.207510994444701,,0.2327631024082549
2023-02-21,,0.2755062555685736,0.2888562018088855,0.4207975484001183,0.3887402135012556,,0.3467391027652154,,0.345193338222336,0.4077329591395052,0.7891617767838185,,0.3736812164703503,0.2296991141224162,0.3093388478758377,0.2511826208237645
2023-02-22,,0.2737885658332826,0.2847122830598594,0.4149201989670312,0.3845769406370222,,0.3425991758974262,,0.3466069118568599,0.3946964982938848,0.7619861404893077,,0.3876829922515938,0.2323384695462271,0.300868552547448,0.2411002372088013
2023-02-23,,0.2577908894179448,0.2667917453276744,0.4108788394550263,0.3691617122764894,,0.3349917158725696,,0.3356054168289388,0.378810475129351,0.7193969288288893,,0.3705803737112743,0.2164364330706761,0.2897549873530982,0.2271139459934696
2023-02-24,,0.2578690395372601,0.2787304812195162,0.4079187391207216,0.3682682361173856,,0.3395109171882208,,0.3399780524413829,0.3821337736913188,0.7024603522946639,,0.3977365488660835,0.2126158950732067,0.2874870633377373,0.2286701519860094
2023-02-27,,0.2576197937168952,0.2823010202104304,0.414621174423958,0.3729795880855376,,0.3353962448844434,,0.3377555735882538,0.3912746305740555,0.7345367531413395,,,0.2185798400182309,0.3065827570842108,0.2366993158028904
2023-02-28,,0.2533599969482828,0.288302199923348,0.4093780106299116,0.3677614069732537,,,,,0.3994892597204169,0.7214279226382552,,,0.2013628094812176,0.2935819746495052,0.2253656690343945
2023-03-01,,0.2565539479673142,,0.4247935933850788,0.3782351962389497,,,,0.3376423690055406,0.4052955074658202,0.721507812240815,,0.4404238681187501,0.209483207277002,0.3067603927299407,0.2360045027109791
2023-03-02,,0.2512613508591809,0.2847373381967238,0.3935194180042713,0.3650467399633702,,0.3202566709916233,,0.3237477639368811,0.3795120129596042,0.6361843311946873,,0.3962951377857195,0.1936596879223233,0.3039699650631549,0.2263135367583254
2023-03-03,,0.2368923022258731,0.2658991504320455,0.3750258613167499,0.342210695504325,,0.2965904257503579,,0.2950737804721243,0.3894489387949027,0.6086929213215685,,0.3725835566285446,0.1866226474129933,0.2039594394192146,0.2284509152108032
2023-03-06,,0.2680532924667619,0.2780456262433873,0.4027023825049122,0.3756402145192123,,0.3222269805743279,,0.3344010903635372,0.4056545723350086,0.6249460383629276,,,0.1963378003725494,0.2113110109793715,0.2421575450461643
2023-03-07,,0.2324442691825476,0.2464341391144037,0.4043801004768865,0.3766904216395668,,0.2935034439385555,,0.3290211778134415,0.4110896266227163,0.6694761379750526,,,0.1987504611014924,0.2389380945300586,0.2082366830932083
2023-03-08,,0.2312011128540758,0.247227179968412,0.4062796886568453,0.3736378478535676,,0.289118992166302,,0.3427353584438863,0.4093197736939777,0.6562116310446896,,,0.2072413762118905,0.2436645104744271,0.2034456836797202
2023-03-09,,0.2471816777728894,0.2632588170196406,0.4408609576096783,0.4210964601874201,,0.3135264478851092,,,0.4397703883127938,0.6636527512136281,,0.4903248587543861,0.2325410489870247,0.2660351242000354,0.2130270242843277
2023-03-10,,0.254583367409349,0.2762627099855073,0.4414072605910289,0.4273082804989434,,0.3178186929753413,,,0.4260228477674299,0.6683328932910283,,,0.2483844742505263,0.2746038483482628,0.2127666010038015
2023-03-13,,0.2629477771479207,0.2894778256475475,,,,0.3301448831825143,,,,0.6942353663327112,,,,,0.2275845982547271
2023-03-14,,0.2428005882501039,0.2546763389530398,,,,0.2904718800619978,,,,0.693230756159657,,,,,0.2057337831134126
2023-03-15,,0.2500044849758631,0.2818135658345846,,,,0.3170670258957476,,,,0.7036004251406606,,,,,0.2152549654592892
2023-03-16,,0.2372425678675605,0.2648294155906308,,,,0.3028183037164366,,,,0.6559497651454824,,,,,0.2096600542964009
2023-03-17,,0.2500330772193071,0.2845368489278425,,,,0.3191346381566485,,,,0.6793761503282083,,,,,0.233686846885705
2023-03-20,,0.2480576913653431,0.2715249553706803,0.4504547075191845,0.3521649979559368,0.562058546048351,0.3156835900741324,,0.3124128395788658,0.3999372003358641,0.684759487627398,,0.3637713321836924,0.1999336896516705,,0.2292873572618506
2023-03-21,,0.2345052468841593,0.2561398584134772,0.443566947505275,0.3367129255785312,0.5337593107648296,0.313135395294596,,0.3114353933757645,0.3822332135830139,0.717765701536454,,0.3436751986003615,0.1461125820696283,,0.2221624776532373
2023-03-22,,0.2436495520660041,0.2659456933294655,0.4498786807346999,0.342153393307059,0.5606053428688397,0.3186676429648781,,0.3213505944231847,0.3889665077356573,0.7147203624490763,,0.3532626796443684,0.2059147512749667,,0.2268781510121939
2023-03-23,,0.2413550047578063,0.2738742301295803,0.4829712284915267,0.3462684183472796,0.6041361339291953,0.3273686317282772,,0.3251739909544745,0.3959657065096993,0.7440436126960887,,0.3774902825021622,0.1924641587734843,,0.2271716692547185
2023-03-24,,0.2419453584261937,0.2754293360330183,0.4844594856833481,0.3388751798180016,0.5493073521151379,0.3262778710345418,,0.3236109810294627,0.3929353694808903,0.7277294682181276,,0.3772078771018599,0.1701271699031353,,0.2268782379157402
2023-03-27,,0.2376003802140789,0.2893501154098529,0.4693433320700867,0.3354980073212445,0.5342712980223788,0.325912072839479,,0.3292417219548108,0.3842488972818215,0.7425757110207758,,0.3700990951210479,,,0.2168491836979955
2023-03-28,,0.2243770368679973,0.2457808212036093,0.4640644056388708,0.3288541124130189,0.5171407071767359,0.3055373838098693,,0.3081498074387389,0.3685744928055395,0.7245983799900871,,0.3729850308274762,,,0.2080074103252226
2023-03-29,,0.2162092128539151,0.242640231275343,0.390707582125652,0.3139200407361702,0.4935944933048207,0.2998426620842998,,0.29685645356581,0.3603372340223408,0.7086228371973315,,0.3790322982067916,,,0.2048916590008159
2023-03-30,,0.220438558237988,0.243074692622091,0.3655257817258535,0.3153877410588249,0.490417402041833,0.2869930752686812,,0.2881986276047609,0.3582910178215789,0.7156781359547035,,0.3663253257134193,,,0.2134319707403889
2023-03-31,,0.2131150170679575,0.2376110309185786,0.3573781582143723,0.3024370716677919,0.4801157371945416,0.277339442625948,,0.2820471447553526,0.3418020125409107,,,0.3686883518268892,,,0.2201315062900206
2023-04-03,,0.218307002907772,0.2424595942673568,0.3477467335068218,0.3074516505878288,0.4971094944121689,0.2951643116720383,,0.2905610248321451,0.352790914226135,0.7152935611735395,,0.3983112738449691,,,0.21276705594196
2023-04-04,,0.2242799581099258,0.2473761072291549,0.3544150070327605,0.313400380892799,0.4882762324140519,0.2905528153564369,,0.2842986525601818,0.3486876168895862,0.7476902713794736,,0.3973708194701368,0.2754699153776,,0.2173027456006974
2023-04-05,,0.2392252130395077,0.2346807448820859,0.3520094176325058,0.31488760803638,0.4665530968516468,0.2870427737389235,,0.28616750419137,0.3446851893368695,0.6176714990155967,,0.364696851991699,0.2892413429973189,,0.1980874210236784
2023-04-06,,0.2360560198116344,0.244339573325773,0.3595669092202519,0.2933482663896467,0.4374074804335323,0.2918531739400466,,0.2916601520684785,0.4556705985503868,0.6060249671689812,,0.4172763119458565,0.2536648948874707,,0.1944208046722098
2023-04-10,,0.2445360073313986,0.2544488436230344,0.4145337072566273,0.3182892219032043,0.4824345800489041,0.3140698307073296,,0.3075806737222095,0.4688119880572859,0.6224646860085025,,0.4174525672604374,0.3139757984583479,,0.2001879668600439
2023-04-11,,0.2408311056079021,0.2524102109015257,0.3943643579199736,0.3277597801611884,0.472118467362658,0.2977592158966648,,0.2882350031935579,0.4652652345280412,0.6261555670728406,,0.4169769511903933,0.2775342486187795,,0.1990734129866047
2023-04-12,,0.2363293626166694,0.2442141031643413,0.3777316791685593,0.3364658407004199,0.445732494332228,0.2856136125958948,,0.2908649240470321,0.4599549302578631,0.6307340994987041,,0.4151572260432684,0.3009014554306359,,0.1938105974271355
2023-04-13,,0.229474550402345,0.2326614761455183,0.36800513781961,0.2956031414147814,0.4225171644866038,0.2695020340700547,,0.2711323931029025,0.451047155332628,0.6096444556677809,,0.3973503898753566,0.3583051067546366,,0.187252483600523
2023-04-14,,0.2219809599749333,0.2051363706139213,0.3414923135454704,0.2775506198673643,0.3842872709883363,0.2560208479620025,,0.2895394374132043,0.4476964517491639,0.5926587782826954,,0.3963612075752776,0.3211278931524547,,0.1818538870513374
2023-04-17,,0.2249122858096886,,,,,,,,0.453266657943716,0.5914499920622234,,0.3978156205568003,,,0.1789308050345452
2023-04-18,,0.2178017627758849,,,,,,,,0.4509454365032853,0.5845719794322017,,0.3997212635360711,,,0.1721855771695107
2023-04-19,,0.2231208676820987,,,,,,,,0.4617405372915186,0.5952709989045751,,0.3876176511829068,,,0.1670148888864481
2023-04-20,,0.2282423837800646,,,,,,,,0.4695342390584149,0.5073783008229392,,0.3929204533398882,,,0.1708637750011712
2023-04-21,,0.224029643256821,,,,,,,,0.4709362696879181,0.4605820265241543,,0.393627673076424,,,0.1625671290169813
2023-04-24,,0.2304683304131888,,0.3311407215126096,0.4151947109717911,,,,,0.4911962862393834,0.4703892122997236,,0.4037539487454066,0.254721237069083,,0.1628678431857349
2023-04-25,,0.2488058436413397,,0.3566545691452998,0.4354600373822342,,,,,0.5137241512205059,0.4803706136768498,,0.4206858172661804,0.2676685719248678,0.2089446713860937,0.1867942134574696
2023-04-26,,0.2452598260305901,,0.3495010183117586,,,,,,,0.5043972120551573,,0.4342253461508568,0.2679262288526707,0.2030986058010712,0.1756108964751176
2023-04-27,,0.2408212609345938,,0.3280707752149113,0.487753279907176,,,,,0.3210977063875561,0.4661194593364587,,0.4679553104548519,0.2559975475089682,0.1797650261529515,0.1754849874800176
2023-04-28,,0.2419924406644212,,0.3249143993255138,0.3031988785563207,0.4895281551841055,,,,0.3013899131655132,0.4335333278860124,,0.2786191191375612,0.2612465605688921,0.1737108172070072,0.1634507013600602
2023-05-01,,0.2694107942536942,,0.3353931776276253,0.325698807198959,0.5525578391181447,,,,0.319254706526262,0.4577096034967332,,0.2992934004471325,0.2652353665695965,0.1853269232374308,0.1632845621811687
2023-05-02,,0.273269953417614,,0.3572848657120309,0.3220148888935085,0.5667701336798354,,,,0.3230442769601558,0.487479962576428,,0.31357788023461,0.2876224291588628,0.1932994155254421,0.1651454301926492
2023-05-03,,0.2370049121034051,,0.3582187877084788,0.3278047004460092,,,,,0.3176307353931609,0.4920010849358018,,0.3292091929124204,0.3005791457266048,0.2035723189994612,0.1738066310361382
2023-05-04,,0.2514553222786752,,0.3652179315952807,0.322127443219057,,,,,0.3262276709876449,0.4795991860945617,,0.3652621156800529,0.3250642680183676,0.2106098710393438,0.1687734211188772
2023-05-05,,0.1898594752766748,,0.3372087546053052,0.2914762142920538,0.452926636935799,,,,0.2903179936611713,0.4162089508621246,,0.323349359554378,0.2961437623282595,0.1845003895637129,0.1415702221779702
2023-05-08,,0.1845190498706169,,0.3345845185827254,0.295275194085448,0.4912311383305299,,,,0.2997164405572389,0.447578992743302,,0.3493985389497856,0.3302785061650358,0.1964484622211522,0.163403919998429
2023-05-09,,0.1849994235883956,0.1839882217870407,0.3469381749804913,0.2893592549118753,0.4595351204818402,,,,0.306560117383781,0.4455581208458404,,0.3299509037907195,0.3521005596200651,0.2055436018226534,0.1550390741324462
2023-05-10,,0.1754839824200913,0.1688925081241624,0.3340927713332279,0.2809541460601976,0.4509961708923717,,,,0.2911706349074344,0.4378990864473068,,0.3214236205102793,0.3578132660188628,0.2018757996306562,0.142063574398232
2023-05-11,,0.1782223132754648,0.1640460878100426,0.3441787624806351,0.2877584018535643,0.4353970782520849,0.2952560225122518,,0.2908279241822113,0.3044137668324644,0.447791423599493,,0.3173313144607821,0.3859528633033967,0.1970231294927904,0.1310815463627185
2023-05-12,,0.1798131683643827,0.1530802889772603,0.342756971307908,0.2773355449093366,0.4210432252135713,,,0.2447062039107454,0.3017071168967529,0.4783574439585346,,0.2749734984203845,0.428059951751692,0.1908817857013805,0.1604717899738284
2023-05-15,,0.1766305680477048,,0.3642468397813456,0.2823062555886737,,,,,0.292080901586708,,,,,,
2023-05-16,,0.1808263054787037,,0.3684336911371244,0.2798755803634554,0.4376025213715806,,,,0.2938235051602248,,,,,,
2023-05-17,,0.1728678156922013,,0.3660950374479512,0.2713870563991712,0.4205583185508166,,,,0.2805974266331223,,,,,,0.1501490876081694
2023-05-18,,0.1690785182038148,,0.3724033171862839,0.2739031635699505,0.4231412731900773,,,,0.2913987113019204,,,,,,0.1501910433551967
2023-05-19,,0.1690856992433063,,0.3778262454335231,0.2735661856640564,0.4197629109036077,,,,0.2937639968568171,,,,,,0.1574348488635626
2023-05-22,,0.1791505356854744,,0.3690385401199726,0.2788085206932712,0.4416401145121102,0.272618433958234,,0.275500166378444,0.3033473828546233,,,,0.1617225907799745,,0.1626243700585711
2023-05-23,,0.1897725554915273,,0.3701501291953772,0.2955443118885987,0.4542667445249235,0.2796539328865214,,0.2826588609874677,0.3124407105429561,,,,0.1758872278867554,,0.1759336199362162
2023-05-24,,0.1971894786046725,,0.3882574971956393,0.3054074926602548,0.4648126881826761,0.2849594799663657,,0.288634998789344,0.3151477379725674,,,,,,
2023-05-25,,0.2104343699141519,0.2234845120100776,0.406821185707761,0.3186767497093337,0.5177310081920395,0.2926583620405009,,0.2961930299981291,0.3218873789029188,,,,0.1609845735653313,,0.1753451032709122
2023-05-26,,0.2089899791809063,0.2279013396321701,0.4410734602602149,0.3144533769500623,0.523436750387032,0.2832492228224201,,0.2834546799846534,0.3218561307023091,,,,0.1752302112150051,,0.1900581173016418
2023-05-30,,0.2297792076139273,0.2340745658400921,0.471649438197432,0.3321492745296146,0.5733166839356317,0.306147014033068,,0.3233409531972016,0.3506736734885382,,,,0.1894887974768101,,0.2061414958104815
2023-05-31,,0.2514443112563789,0.2387401269044539,0.428599878286359,0.326652110640719,0.5503598009989209,0.3208369398063657,,0.3095389113058277,0.3460022502407629,,,,0.1887799872605822,,0.1973665959143859
2023-06-01,,0.2338367210158609,0.2204613645944969,0.3868232894275148,0.3074311496336211,0.5432183112535066,0.2743587382878971,,0.2756097224394102,0.3307849599006438,,,,0.1817981006211338,,0.1931177286506843
2023-06-02,,0.2326396501480292,0.1982287145959001,0.3712470383777028,0.2908463788604253,0.4986313436840829,0.2782186632663541,,0.2714665628471283,0.3041046145067833,,,,0.1841691392983074,,0.1822307280483733
2023-06-05,,0.2375714401898328,0.2030025355225599,0.3639076763939628,0.2983062764345987,0.5362189025095806,0.2719233488529662,,0.2762389211572447,0.3235307429728286,0.6316452331287756,,,0.1827984764414429,0.1738856321885001,0.1953161189757592
2023-06-06,,0.2094329212522682,0.1843465903878196,0.3529920344354759,0.2646439933934322,0.5621821313602123,0.2631437623823544,,0.2480977122335899,0.2880440198012425,0.5640429383381984,,0.3380805033552266,0.141885203656638,0.1601755623689413,0.1561436254992586
2023-06-07,,0.2259366536710138,0.1936714309769028,0.3681885790724833,0.2881837173427737,0.6108441544021279,0.2688455822255359,,0.2701403438616403,0.29086371128721,0.5563752376554184,,0.3356334362436843,0.1403994895658362,0.1635692009074405,0.1562791885725732
2023-06-08,,0.2059731079758014,0.1893122940313981,0.3603112277031003,0.2742754119545932,0.6456818500631394,0.2583479400144736,,0.2562502757545017,0.2914457649168316,0.5700659469917726,,0.3347611928966948,0.1338704381484018,0.1578841511772938,0.1512445293894049
2023-06-09,,0.1883525252993778,0.197239300898076,0.3789084032059454,0.2820520853161199,0.7344559780172121,0.2536435350594135,,0.2531928516040296,0.2919460549435601,0.5802428381999377,,0.3408744363688298,0.1377390802609839,0.1582651503435228,0.1570053933052929
2023-06-12,,,0.1961317250003003,,0.2876330639713466,,0.2623737827439201,,0.2633524893244613,0.2965988910374471,0.5917020204807116,,0.376183292227374,0.1355995789261073,0.1543764088844675,0.1692508544007246
2023-06-13,,,0.1983238080338103,,0.2847050099089176,,0.2557162599551594,,0.2599224514896331,0.3003786151170545,0.5919922308775902,,0.3476825392050375,0.1313062804784925,0.1465892526836686,0.1676068925370613
2023-06-14,,,0.2044613886290666,,0.2842216828533438,,0.2586908357785227,,0.2648575224844319,0.2983113097342139,0.6101097276364476,,0.3867940358638264,0.1300100454624981,0.1428871092246095,0.1699637499992078
2023-06-15,,,0.2242034683586605,,0.2825152166774441,,0.2632406645210009,,0.2659874567861955,0.3061458066627014,0.6232366346902889,,0.3850282652179461,0.1252784477766582,0.1444491322305711,0.1737814725944284
2023-06-16,,,0.2250156963982373,,0.2765413770988703,,0.2542487456903651,,0.2475526821248348,0.3198159357362396,0.6207138189836935,,0.3933498043454683,0.119894104620138,0.1455059967524881,0.1758820544121151
2023-06-20,,,0.2235685477998311,,0.2836176347058345,0.4476857795374119,0.2587405954651029,,0.2114136770760176,0.3225036819867764,0.6566851077692,,0.3887234295875978,0.123526012537968,0.1539979571508771,0.1780012551531467
2023-06-21,,0.1664671565091414,0.2190335805338353,0.4167553080217857,0.2820114531424047,0.4425727330865635,0.2517371668747854,,0.2473747450033831,0.3145726978412516,0.6641902677163601,,0.3404715510161295,0.122220794361586,0.1471921395552404,0.1734153370919472
2023-06-22,,0.1647673497406583,0.2099640301958524,0.4103702557071161,0.302210701056176,0.4263457042411894,0.2504471194097348,,0.2465969033217759,0.30776390103427,0.63943037612525,,0.3364273506884976,0.1128010955023406,0.137307744927819,0.1670119626170013
2023-06-23,,0.1662856949438859,0.217426229285062,0.403956808802587,0.2944390008475108,0.4267027763740064,0.2502837019127389,,0.2767377761475991,0.3141540575150059,0.6157978802817787,,0.3305627242448223,0.1242507036342045,,0.1649269901079941
2023-06-26,,0.1686701327040186,0.2210632255141171,0.4432302636220459,0.2969969615288737,0.4363102122516214,0.2604127160200224,,0.2615000415822092,0.3298333161132731,0.6491280754338772,,0.3542675383354764,0.122231806339511,0.1437773388397166,0.1716087233704458
2023-06-27,,0.150631618053682,0.2180863167622299,0.4367135181722608,0.2900843786288373,0.4193781709832903,0.2487539059745883,,0.24925721469701,0.3143139588879508,0.6091083537105627,,0.3500620542373945,0.1216305511812706,0.1372145092840074,0.1630113614381306
2023-06-28,,0.1602769436518011,0.2078022030403183,0.4358811006103404,0.2964401891534542,0.425508459703152,0.2484219688087399,,0.2562441765518883,0.3130764236509653,0.6133362992466972,,0.3402385086203301,0.1210488134922238,0.1350217680072729,0.1716732516844836
2023-06-29,,0.161922648513864,0.2097789162282877,0.3178468577744858,0.2848148992741516,0.4118589214659345,0.2534883616763675,,0.2453459183746325,0.3079329814533424,0.6172440813157769,,0.3355323207917376,0.1148959372749046,0.1372314783673438,0.1661400029623734
2023-06-30,,0.1646473481304813,0.198565078852762,0.3006187633296685,0.2584561879233211,0.3894363797653409,0.2305085269243364,,0.2049631049884866,0.2843045456490942,0.6121196993052336,,0.3082949940342163,0.0984163419800863,0.1228365285619668,0.1565597104298693
2023-07-03,,0.1689419502310974,0.2071075317598146,0.3005507810773164,0.2748734717845355,0.4063169228055096,0.2394199493761164,,0.2434564464776852,0.2934922524713392,0.6127803001213692,,0.3140592327178876,0.0979282848253754,0.1290524918068952,0.1613287437366514
2023-07-05,,0.173131892647641,0.2157567245692407,0.3212544901154116,0.2804576123853508,0.4873427158245593,0.2590477410447359,,0.2480603118106635,0.3365646098321366,0.6262898922806188,,0.3806989261238713,0.131899582507272,0.1432924037883,0.1625076522692541
2023-07-06,,0.2594838682785506,0.2318811689444234,0.3359179946446551,0.2916660376374054,0.4851925073438123,0.2583342039057503,,0.2602233370762029,0.3596077646721088,0.6321767004472398,,0.3912539309856712,0.2083407733511902,0.1555316031357395,0.2134947542821518
2023-07-07,,0.2534786118171402,0.2177652742469673,0.3173311700238736,0.2700477692370725,0.4779273235698638,0.2448098457389033,,0.2766562434940467,0.3344790830830723,0.6252733545324799,,0.3793541143335431,0.2078507553017126,0.1529324113716745,0.2119712133350545
2023-07-10,,0.2605735925178641,0.2516174690290762,0.3300298183870391,0.3048057319650704,0.4822264372730883,0.2866086865529825,,0.290431772486258,0.3678433288167241,0.6748876484157759,,0.3955808731536981,0.2143937963634449,0.1539248865547594,0.2190407711350562
2023-07-11,,0.2612733004704987,0.2450168442703637,0.3275389234271252,0.2962871049030466,0.4850188670477348,0.2659798604526713,,0.2607606802243052,0.3470232705498861,0.6716170310496598,,0.3932657075715072,0.2136271843958509,0.1486936150940821,0.211212401624241
2023-07-12,,0.2512688154654779,0.2348581736220019,0.3079764517439104,0.284485082440017,0.4740173874987669,0.2488310300892457,,0.2454159718776581,0.3493608160501648,0.6717085578930118,,0.4058503686036519,0.2171739119695308,0.146815068195034,0.2140322137339967
2023-07-13,,0.2565448122548439,0.2231868555084164,0.2973212812387908,0.2569280028757364,0.4905512569467758,0.2406177290080318,,0.2466064038897356,0.3434501920819806,0.6851067830156296,,0.3993229362149328,0.2126312799807696,0.1470396919253051,0.2152980945329047
2023-07-14,,0.250563704451363,0.2296120490942992,0.321593384892922,0.274548010056018,0.4969432206469675,0.1658032536726884,,0.2687181788298572,0.3428201740868807,0.6885405559896001,,0.4024529542790686,0.2197470201074622,0.1504608151660396,0.2199077535056663
2023-07-17,,0.2676424760775184,,,,0.519059060575015,,,,,,,0.423265060384551,0.2258940357814427,0.1627936597519966,0.2090831917045509
2023-07-18,,0.2727910444121877,,,,0.5140671252569072,,,,,,,0.4302385896207567,0.2297014436722613,0.1679693970649468,0.2100446081802091
2023-07-19,,0.2783434320232028,,,,0.5308142138116752,,,,,,,0.4287869597813031,0.2307555356407633,0.1672101432111196,0.2086757527581407
2023-07-20,,0.2746886675914107,,,,0.5279880241260841,,,,,0.55733231255898,,0.4377301945730658,0.2383039939119962,0.1649434933531086,0.2239264659655515
2023-07-21,,0.2624781072544046,,,,0.5064448499820449,,,,,0.5323801502212733,,0.4203418151085347,0.2345704802863955,0.1605108373003521,0.2148045948742886
2023-07-24,,0.2731722542021809,0.3448317348196821,0.3423272737803959,0.4404120959439822,0.5245362312331077,0.3638130733314486,,0.3687099041428668,0.5495709205969587,,,0.4397602958409307,0.2495875504678364,0.1735279821286977,0.2178800620917046
2023-07-25,,0.2807011970079621,0.3638780604592687,0.3404698537677008,0.450667246382819,0.5370887795293146,0.3598287628827343,,,0.5778897847415028,0.5500516453611243,,0.4443557237203336,0.2567996600699783,0.174831256167454,0.2691204498695485
2023-07-26,,0.2904500750425776,0.268604895218652,0.3412567848550381,0.4456113028531415,0.538566745426169,0.2551055075632892,,0.2694256449917039,0.5642499763013077,0.5587080474259952,,0.4640448032556523,0.2463365912094653,0.1785911299610201,0.2532428385210655
2023-07-27,,0.3056516570652867,0.2679630766458006,0.3656627470364003,0.4466491700295052,0.5449016750008833,,,,0.373251164442858,0.5157607341162251,,0.4659918414689694,0.2498036803646903,0.1839869944371263,0.2345665795116613
2023-07-28,,0.26614859840605,0.2572391720416421,0.3701174913577126,0.4298650561940498,0.5352106954595938,0.2726564684156541,,0.2636347054379762,0.3701424153245002,0.5317934683994828,,0.2161810314756365,0.2516858728311926,0.1664045227112859,0.2068906984650397
2023-07-31,,0.3249441608712628,0.2420728245243297,0.3985896091477905,0.461962595403638,0.5827371115149145,0.2540608772857587,,,0.4001892316874193,0.5630721056849357,,0.3264752886735185,0.2730281930793724,0.1751638240806582,0.2644503876778087
2023-08-01,,0.3017655651086491,0.2535327671891115,0.3823217879302761,0.4856574537252208,0.6139982679762719,0.2527504897597283,,,0.4023944172042785,0.5510553082529609,,0.3132338923587187,0.2742042491735044,0.1774836449932,0.2363790031062969
2023-08-02,,0.278448811014231,0.2609059409593898,0.3438930338179227,0.5310799551104892,0.4679331894102398,0.2685751689975322,,0.3115089880625422,0.3565550080992582,0.4481663063514567,,0.3208657242629884,0.2859201543426465,0.1964230463007221,0.2551871948733472
2023-08-03,,0.273387778926124,0.2505211450441262,0.349561795521948,0.3843997242322092,0.4449489575015445,0.2653398718805301,,0.2717093998185548,0.3557576566547806,0.4446980297535612,,0.3234597054755847,0.2926896069610616,0.1839585344965697,0.2328273219020904
2023-08-04,,0.2356861096351382,0.2491217860741418,0.3563218704676866,0.3050069327684489,0.4553953559890556,0.2541926224250662,,0.2950541101841262,0.3530740737885444,0.4398619446529112,,0.3323824405767755,0.3012817869297281,0.18456117339207,0.2096440626930361
2023-08-07,,0.225858639318539,0.2424297071899809,0.3487509805808435,0.2988228053209382,0.4560006570464611,0.2515424818297631,,0.3048016042554733,0.3528615518188984,0.434085523421454,,0.3197197923266194,0.3300452953194664,0.1989192186889421,0.2049653620932408
2023-08-08,,0.2314603419853142,0.2447907342979502,0.34532454225816,0.3045802872494028,0.4563351888042846,0.2608821239865121,,0.289345131949898,0.3553788075229553,0.4385516557351024,,0.334972546936099,0.345405884151988,0.1988616331602356,0.203600881390801
2023-08-09,,0.2272731697080148,0.2463598347753903,0.3463393515643292,0.3038554999066078,0.4671350689997514,0.2635796013254941,,0.2912713318152715,0.3571002342918569,0.4460089808202336,,0.3369004224799044,0.3770704092101366,0.2205507465296301,0.2076339255489411
2023-08-10,,0.2198366357542702,0.2395634886427998,0.3460828955768905,0.2929863448128766,0.438078843986159,0.2572477528311159,,0.2796729059201464,0.3458536925546273,0.4284265538911316,,0.3235288734209962,0.4131009283686178,0.2069554808656869,0.1971690202755738
2023-08-11,,0.2182240821087627,0.2396768574509887,0.3382802462130221,0.2828824049914144,0.411554598980015,0.248319006306943,,0.2460717907493863,0.3387173180206001,0.4254501012137672,,0.318809014463304,0.4255394476393544,0.1809720001061694,0.1895998489851152
2023-08-14,,0.2175224003256483,0.2391697984980153,0.3497186756169059,0.2823319513120124,,0.2454794836606717,,,0.3411986922598111,0.4274229645042099,,0.3171664177896336,,,0.192783951116244
2023-08-15,,0.2236729343894579,0.2463277989443324,0.3589106573345209,0.2945604447693975,,,,,0.3297319612800828,0.4490219889275594,,0.326264962936266,,,0.1965383574332817
2023-08-16,,0.2207386810540047,0.2526200885505502,0.3616463578657048,0.2936877656396501,,0.2569674928916846,,,0.3422897171101547,,,0.3442094154524032,,,0.1917377538401689
2023-08-17,,0.2213566032636417,0.2507892256999967,0.3673535588611642,0.2954720289377583,,0.253588374139341,,,0.3485154169911527,,,0.3570205786599323,,,0.1905165112488479
2023-08-18,,0.2181016683741259,0.2547492059141414,0.3616170711300875,0.2902122447277927,,0.2694676517162009,,,0.3492349542947487,,,0.3536064634571564,,,0.1853014580887108
2023-08-21,,0.2172716351561956,0.2481635253185395,0.3526158110640088,0.2785552326473443,0.4707971346530283,0.2577977669945598,,,0.3427298918487979,0.4735887667715481,,0.3507972734295678,0.1672739833005207,0.1709476681777393,0.1862021309177607
2023-08-22,,0.221070441557924,0.2506324889704299,0.356339777139517,0.2835928345759694,0.4776234582459904,0.2600207247733708,,,0.3415042876861929,0.4905626239887843,,0.3656361829164285,0.1678823753006476,0.1736089335276945,0.1923189185315995
2023-08-23,,0.2300261774093832,0.2532190825582602,0.3589446581603224,0.2781301338867056,0.4883196387354977,0.2676947930556371,,0.2680464911129507,0.3371476467873576,0.4660158314986767,,0.3544030081692715,0.1695216181204527,0.1598097331678424,0.2023450767217655
2023-08-24,,0.2256802984678171,0.248305094945624,0.3503838972130566,0.2884608617581702,0.4506950413839074,0.2611197310422036,,0.2624017349518689,0.3432186537445921,0.4863985528125696,,0.3709941739894201,0.1571646689458886,0.1690988292307327,0.1889919803745223
2023-08-25,,0.2104614453841609,0.222008051889747,0.3286037972669299,0.2593667006297509,0.4197529971537022,0.2406956364412547,,,0.3259700909837418,0.4576280221258573,,0.3385335107371368,0.1518107113471868,0.1533352034534821,0.1777991430579741
2023-08-28,,0.2267373483010891,0.2232230084025501,0.3268243923769058,0.2553461474135568,0.4234056828620847,0.2597729898244499,,,0.3298676591842488,0.4657753337554295,,0.3297992416414557,0.1483804175120558,0.1501953213302335,0.1823866667261422
2023-08-29,,0.2254197113527566,0.2194961147982019,0.3126482925607665,0.2489266160029637,0.4136575406121711,0.2411859046782882,,0.242708514199978,0.3207863231554061,0.4439099334931096,,0.3134865943143395,0.1545615847575176,0.141412575354156,0.1903469451985867
2023-08-30,,0.2784277570214717,0.2137846474084068,0.2991285216138365,0.2443622238028976,0.4071926536893571,0.2256465418472376,,,0.311769099593902,0.4464140749718505,,0.3072347447775561,0.1488978841519862,0.1410476450374691,0.1881490704028305
2023-08-31,,0.2585940654000719,0.2013698567591073,0.3034175998135066,0.2393008282819275,0.3963979059343853,0.2189030226908629,,,0.3113504395267633,0.442003547236119,,0.3172589600514164,0.1607297113426675,0.1372483880355761,0.1827914095398274
2023-09-01,,0.2449669205330159,0.1877141836768994,0.2766849231544184,0.2264362588094917,0.3668568115723672,0.2052954841764387,,0.2053710777402286,0.2949599430315801,0.44416724506359,,0.2932400242673172,0.1484932658421671,0.1321191329131865,0.1713558324893058
2023-09-05,,0.3144374374564117,0.2126996778051692,0.3065628378506833,0.311308176066274,0.4664610892519794,0.2234694956847082,,0.2291650772220315,0.3225600593006876,0.4648982541036439,,0.3498825623860678,0.1703722940372706,0.1495992673300424,0.2084264955869983
2023-09-06,,0.2916595544031396,0.2214797953135404,0.3134114860677329,0.3143653413856462,0.4439741979021736,0.2364462235557569,,0.2169572508539829,0.3263367233479571,0.4563093147699511,,0.3649091101539051,0.1658569848325798,0.1491657015766619,0.2098548439520168
2023-09-07,,0.281920107140072,0.2185256085540022,0.3113452089878267,0.3153654614457912,0.4416671630697888,0.2242723067751292,,0.2311165552945203,0.3354937273659721,0.4639386176971531,,0.3838065779708438,0.1549941539199808,0.151991349750289,0.2083020860380127
2023-09-08,,0.2580827089169212,0.2100158155288241,0.2960443155518017,0.3136941750135067,0.3868530422597525,0.1911976660094371,,,0.3057183951217975,0.4441459514463252,,0.3715580564860843,0.1397208217058454,0.1351663900090856,0.2128382649023911
2023-09-11,,,,,0.3257188956100773,,,,,,,,0.3707427150945139,,,0.2077595770074895
2023-09-12,,,,,0.3213878672063296,,,,,,,,0.3694095629004761,,,0.2090408816135937
2023-09-13,,,,,0.3481458344878592,,,,,,,,0.375367027017739,,,0.2084974507202434
2023-09-14,,,,,0.3071136050714109,,,,,,,,0.3514460693074716,,,0.2075964795812391
2023-09-15,,,,,0.3181009179564891,,,,,,,,0.3634453971553785,,,0.1925982163390361
2023-09-18,,0.223354923235784,0.2183476486774838,0.3738943809470687,0.3237043774204858,0.4011227983351417,0.2396937884026941,,0.2539878839567707,0.3212774405143523,,,0.3473510785183185,,0.2120025742355732,0.2214971639089239
2023-09-19,,0.232142102520504,0.2212339947699064,0.3806964221215681,0.3241294502229876,0.4002273632264363,0.2167354386576441,,0.2412531471155618,0.3241795827022309,,,0.3255723846966227,0.089186820506129,0.216561433001494,0.21669086585347
2023-09-20,,0.2322021179977258,0.2263071751260125,0.3864044322566677,0.318377768569649,0.3996606604812456,0.2445073306772597,,,0.3264279567388469,,,0.3239969692916654,0.114099746101732,0.21740454181776,0.202423801808816
2023-09-21,,0.2316598646968564,0.2491867817797222,0.3992666860975276,0.3241429996167378,0.414033241704163,0.2623045625207045,,0.258752192111499,0.3432335302241718,,,0.3338227748024882,0.1423141358345714,0.2233283294234256,0.2122935321750793
2023-09-22,,0.2369504188897835,0.2360324220306253,0.4008396167182866,0.3144784439628565,0.4088452316879533,,,,0.3503141723797452,,,0.3273921992620245,0.1265713089091358,0.2346365565227292,0.2211106357624322
2023-09-25,,0.2506028866035098,0.236087308507383,0.4134667290009945,0.335849318023818,0.4176325581357542,0.255606396737401,,0.2512674481220424,0.3615737949069473,,,0.3344034380986562,0.13418185530712,0.2438741809039388,0.2231132200763586
2023-09-26,,0.2552722250462867,0.247534509965495,0.4350472068437487,0.3506395490059961,0.4363287561614191,,,,0.3727866031809972,,,0.3547016472058129,0.1546709374685051,0.2489626592714799,0.2298647480315889
2023-09-27,,0.2445984105168387,0.2386703393016455,0.4097675899442167,0.3447741968625498,0.4324937991581433,0.2629422938505972,,,0.359385211729239,,,0.3679431604283772,0.145459826021401,0.2124482660744762,0.2320368310284926
2023-09-28,,0.23448542424025,0.2312427144314044,0.3258560347917155,0.3285365392608371,0.4308109502699668,0.2592384181291953,,,0.3452868199222949,,,0.3519643287475275,0.1333345857888953,0.2141905903636142,0.2175290996563798
2023-09-29,,0.2303064764046223,0.2213227450069025,0.3221724698675768,0.3158550356231322,0.4175905098081678,,,0.247518124444319,0.3378366535753379,,,0.3462436680793024,0.124073702463926,0.1977816122876805,0.224912163343024
2023-10-02,,0.2350083343445837,0.2339778401557378,0.3430729099788947,0.3346904757875217,0.4302664074189469,0.2686957957955515,,,0.3523138909602728,,,0.36121715516798,0.1063534755031685,0.2133233700788571,0.2300880078470059
2023-10-03,,0.2625121362043093,0.2661986110991272,0.3735608797477647,0.3641132951281524,0.4599625950060479,0.3318036187979628,,,0.3776262846794055,0.5558658584173163,,0.389753290312079,0.2120675720894265,0.2329564854068286,0.2376210545355769
2023-10-04,,0.2322884642555578,0.2420297894103259,0.3323055436726462,0.3712531905201895,0.4429906836130532,0.3056149907718208,,0.2982639361507704,0.4381283920119886,0.5529068500547962,,0.3660692284791048,0.193531483745094,0.2210995138138718,0.2278976849064857
2023-10-05,,0.2307206736516633,0.262411327221369,0.3268214769039476,0.3731167667557951,0.4440444384177042,0.322802672194051,,0.2764523265214491,0.4426170295942498,0.5505275665749322,,0.3608817035656407,0.1909711750492932,0.1860468172993808,0.1801121729879013
2023-10-06,,0.2239592615052574,0.2490840596733512,0.3166821733796051,0.3581896988329021,0.4281003736193732,0.3162571402600612,,0.2585252181782728,0.4346453456714272,0.5351508302337471,,0.338582302239685,0.1863832620968172,0.1860132390726385,0.1815302153020105
2023-10-09,,0.2263451641930236,0.2613199922326189,0.3218264531696345,0.3610920399887748,0.4583735307407029,0.3242774605486638,,0.2705669857400011,0.4501275706113062,0.5416617930497404,,0.370657640189594,0.2018091036952191,0.1854192244985037,0.1830831863336592
2023-10-10,,0.225228741386414,0.2438957329033324,0.3136621173714429,0.3546404935361943,0.458439823556661,0.3158175124346558,,,0.4457336272530233,0.533838684936663,,0.3677133830767901,0.1985826614910558,0.1791871962315119,0.180434002164586
2023-10-11,,0.2188777934142064,0.2479591171897637,0.3025210037523728,0.3537754925693329,0.4517382368119504,0.3168833996971916,,0.268436530945327,0.4478478508739466,0.5354736831515559,,0.3879790355215512,0.1957906385415802,0.1755853630772256,0.1776157132103011
2023-10-12,,0.2214991275541382,0.2478926997940764,0.3044898553457615,0.358073668947608,0.4245533063867374,0.3161908673070728,,0.2578103809995412,0.4426736316688109,0.5253214308847609,,0.3901287927356813,0.1974340082056173,0.1710471324289413,0.1696961108500195
2023-10-13,,0.2332144100240304,0.262261582774325,0.3152269029556136,0.3776696586315057,0.4661741721300539,0.3341642893072554,,0.2818863485861826,0.4604605306382626,0.5410727853688708,,0.3776071840365232,0.2097862327301875,0.1821449752869508,0.1704534872145149
2023-10-16,,0.234570575229728,0.2526575060144528,0.3128492025491353,0.3608271926874308,,0.3043872997601711,,,0.4638329672808805,0.5316254425137632,,,,0.1763071046395831,0.1716080495327699
2023-10-17,,0.2314211449841864,0.2503845369257352,0.3079901039080925,0.3707939298514822,,0.3446019026135503,,,0.4663448228862075,0.5347048035496244,,,,0.1757285959877215,0.1712911882410349
2023-10-18,,0.2425354723635499,0.2686495836945062,0.3229940214620383,0.392928072056827,,0.35638590642799,,,0.5226714403552575,0.5447082396395255,,,,0.1885804011601501,0.1820887336395073
2023-10-19,,0.2479726906596254,0.2819979363974915,0.3354077993996043,0.3892545206979033,,0.3667524638932903,,,0.5112426990328753,0.4807820290036379,,,,0.1976083761556729,0.1777802610641127
2023-10-20,,0.2459639569738688,0.2860964470636596,0.33792602638524,0.4183484614718326,,0.3822127333713718,,,0.5089949903561817,0.4874444629309155,,,,0.2046281445229479,0.1835336317144315
2023-10-23,,0.2431581947336349,0.2843834060827225,0.3443268573899715,0.4136933530922473,,0.3809082907391598,,0.4218281281749955,0.5178529077775318,0.4825022279371698,,,0.3523822830101079,0.2020898450406801,0.1900793095671547
2023-10-24,,0.2400789407082723,0.2995748006407263,0.3298104032973247,0.4131917385378074,,0.394700774795637,,,0.5135306080641411,0.4657689790433816,,,0.3542261329366514,0.1913477963150844,0.1720078046245407
2023-10-25,,0.2554887896044668,0.2348973122818182,0.3516018030730302,0.4882078392867577,,0.2852383363563508,,,,0.489664799236728,,,0.35622999113932,0.19831492996785,0.1928098922589284
2023-10-26,,0.2831736379595791,0.2577155585399542,,,,0.2915928758794101,,,0.3768024850177135,0.5194498943688809,,,0.3519956619457247,0.2021072832481685,0.2062387205206863
2023-10-27,,0.2749040386771949,0.2487669202880959,0.3647847748777158,0.3192692816512206,,0.271936063554584,,0.2760862320406255,0.3610360864812612,0.4902166122322482,,,0.3604651572633212,0.1981552933582413,0.193779418191011
2023-10-30,,0.2722108871685265,0.2408060162279935,0.3725367365160755,0.3039940196328106,,0.2701075496421732,,0.2646200358923856,0.3451598937189747,0.5355212495179468,,,0.3746749352607776,0.1915265968896729,0.1908562895744572
2023-10-31,,0.2678977594807769,0.2280019268474745,0.3487829245670167,0.286694612349391,,0.2519282723700075,,,0.3311965222968299,0.5034952931131769,,,0.3693658097064591,0.1831190771592189,0.1834513346868505
2023-11-01,,0.2479539100971658,,0.323446287453102,0.2698006187333664,,0.2243037312583489,,,0.3028896991457616,0.4763399353988432,,,0.3600177595302172,0.1770507269836775,0.1664018390731775
2023-11-02,,0.2620993084621403,0.1938507546849585,0.3027466680585703,0.2562887673681348,0.3833440406016943,0.2135925669098609,,0.2121931066490069,0.3031498716486867,0.4382851953061129,,,0.2664922937856556,0.16510701436121,0.1602518137410736
2023-11-03,,0.198782626551311,0.1833589578696721,0.2889877639939633,0.241189735260203,0.3724252739895038,0.1970107163177265,,0.1979199434768313,0.2908887393982324,0.4372103935088845,,,0.261546007290827,0.1517703930200769,0.1565796655119791
2023-11-06,,0.1904010908004362,0.1847744886084693,0.2958695330229317,0.2434775819575015,0.3766339452444757,0.2011164302296736,,0.1961965074162843,0.2843809302251015,0.4632813208161075,,,0.2702429865856476,0.1703487185845513,0.1526268139328584
2023-11-07,,0.178270580066111,0.1884131212993747,0.300224653190442,0.2491277699190374,0.3717828938137225,0.2017260589939055,,,0.2790825846644678,0.4631910774460749,,0.2989523624341275,0.2699587592612379,0.1711695745710164,0.1532375295293955
2023-11-08,,0.1727442531944481,0.1921573751230346,0.3006836777778185,0.2454539479967019,0.367153962319736,0.1977631385734328,,0.1983520942760973,0.2793104563006519,0.4448663338409499,,,0.2748392739978094,0.1702990611310068,0.1496502940239085
2023-11-09,,0.1734330354802187,0.1940865508353658,0.3234551020937282,0.2435542656386385,0.3722501509974162,0.2135212210828111,,0.2151586839063892,0.2818497290564757,0.4992136062280123,,,0.2736295062368271,0.1718857752114777,0.1549647554643053
2023-11-10,,0.160020606790739,0.1920427662751711,0.3144064556191657,0.2434996415392426,0.3699321122067331,0.2007464368114467,,0.1945792807274414,0.2771110807972169,0.4622315821670648,,0.3041555783144885,0.2673525003049956,0.1686759492138174,0.1518334729155899
2023-11-13,,,0.1974866679622643,,0.2527340102069871,,,,,0.2862295592947473,,,,0.2759742841110804,,0.1565316529563002
2023-11-14,,,0.1946050425666146,,0.2501637798388807,,,,,0.2788182977553377,,,0.3009849300268952,0.264715844188857,0.1851899289154344,0.157011551260085
2023-11-15,,,0.200091081345418,,0.2570813154382432,,,,,0.2747308783795297,,,0.3031439782063341,0.2966988149468706,0.1849303192068613,0.1473427259109396
2023-11-16,,,0.2089539753625717,,0.2567629387983569,,,,,0.2731377675243246,,,0.325304768319292,0.1730876665515747,,0.1483949827409684
2023-11-17,,,0.2052860567082745,,0.2534174947953282,,,,,0.2670471127932442,,,0.3034478944029932,0.1598396704313833,,0.1466510815439294
2023-11-20,,0.1542185811315491,0.2218510981811357,0.2848865805339825,0.2475224978062719,0.4124349774401035,0.2195591944795105,,0.2260723423710931,0.2656634463339472,,,0.3135718929721526,0.1529816920073113,,0.1488826326083356
2023-11-21,,0.1524273544825497,0.210731799647924,0.2896271500013743,0.2518311808903321,0.4301156924826814,0.2220919937511908,,0.2395007267194314,0.2626439211412766,,,0.3204943699766343,0.153364376913483,,0.1482055683386271
2023-11-22,,0.1464951642508416,0.1908611993549911,0.275275183241997,0.243955635040054,0.3891094170482496,0.2330908794245371,,0.1824085748327341,0.244816756559442,,,0.2955002688269678,0.1366762530962152,,0.1361761590729047
2023-11-24,,0.1494997779737907,0.1927769639993385,0.2720348054537381,0.2420532088247223,0.38622297982822,0.2088230446857078,,0.2265037563966275,0.2442913576376439,,,0.2916540006922923,0.1314152026599532,,0.1342690232965807
2023-11-27,,0.1519266786639123,0.2033755899776052,0.3087015107650313,0.2554998711841719,0.3785966509553,0.2194645699040173,,0.240745880599426,0.2565652955302588,,,0.3000461359426672,0.1519459376314863,,0.1422787880258594
2023-11-28,,0.1494911523133264,0.2044481955681318,0.2896409905073275,0.2409558036445325,0.3674912221025413,0.1830291177280578,,,0.2479968946885155,,,0.2898097210562766,0.1537132700987649,,0.1414367960038635
2023-11-29,,0.1579418193894679,0.218197402226823,0.2858157154617226,0.2425538816623608,0.3610841290823104,0.2178054606585744,,0.259496254156037,0.2548591525799681,,,0.3060214961320469,0.1522049672692236,,0.1510368971795651
2023-11-30,,,0.1972068294305965,0.2830156953009032,0.2354977851777249,0.3741026348161179,0.207461267660914,,0.2236255427723467,0.2588418928266959,,,0.3114816869358714,,,0.1483121203772203
2023-12-01,,0.1497607412231171,0.2038512308304775,0.2852153982379429,0.2274659976103567,0.3755293112738049,0.2035377521931264,,0.206261968158247,0.2597390653555875,,,0.3192830726704382,0.1475901092445758,,0.1514610762630998
2023-12-04,,0.1671970891583094,0.2190493393936805,0.3246257358670505,0.2608140395911998,0.4532972593099641,0.2544147021758725,,0.2620938154115158,0.3028039382841003,0.4740544222888889,,0.3673941937222874,0.1696355275131172,,0.1679108028369406
2023-12-05,,0.1741429541551398,0.2259374472606739,0.321061353731451,0.2505782597668375,0.4842098107043012,0.2269367869060989,,0.2541176800310183,0.3138857744187196,0.4611931263687276,,0.3952083245538392,0.1706380376702331,0.2761182154551316,0.1725831206877979
2023-12-06,,0.1747930783107278,0.2198769791094008,0.3251766669739666,0.2505540027068249,0.4782589672219927,0.2342909664701106,,,0.3036381253343423,0.4680926085638157,,,,0.1877187206604656,0.1824904497140793
2023-12-07,,0.1715988361682973,0.2166791552520878,0.3212741818892204,0.247644420566841,0.4511906781344563,0.2717734107972624,,0.2325558980873715,0.2962482893629461,0.4628095475165841,,0.4224381777523815,0.1667945898673108,,0.1757783542160003
2023-12-08,,0.1589035816878471,0.1930724707739321,0.3193878702144445,0.2393872935727043,0.4169219638266992,0.2219795736669098,,0.2281071235218335,0.2763833380445083,0.4146249745376935,,0.3998604707242283,0.1590049284003212,,0.1563523825503583
2023-12-11,,,,0.3392654025937243,0.2446842772595645,,0.2264585909719952,,0.2263185419792656,,,,,,0.1864689639453445,
2023-12-12,,,,0.3253733109632259,0.2375652330936974,,,,0.2297750099625879,,,,,,0.1856241463142008,
2023-12-13,,,,0.330059435214981,0.2342655031191768,,,,0.2286411483656025,,,,,,0.1820085090696097,
2023-12-14,,,,0.3312767745753633,0.2434986359023033,,0.239115108758795,,0.2383066855043287,,,,,,0.2137429103521133,
2023-12-15,,,,0.3280784604926296,0.2219868389162699,,0.2279018697716073,,0.2288995735471523,,,,,,0.1675815652480406,
2023-12-18,,0.1777612490474477,0.1993899033253208,0.3314564160058771,0.2437501905934285,,0.2313386478100749,,0.2346803822042435,,,,0.3129472452628561,0.1285845133856914,0.183603040839445,0.134340982779012
2023-12-19,,0.1791574527834142,0.1989688213088915,0.3328759198255446,0.2444533628980185,,,,0.23775778216125,,,,0.3146030411662275,0.1284950229000094,0.1803626767032142,0.1402482481281672
2023-12-20,,0.1843561113160119,,0.3682174076567982,0.2513130441328172,,0.2409492612808395,,,,,,0.3190830118296403,0.1345106041774497,0.1880291070333083,0.1440474451242567
2023-12-21,,0.1794900305036082,0.199015372496786,0.2981959159187499,0.2494590887574537,,0.2356589368692551,,0.2382095305237204,,,,0.3135756769474688,0.1350596261142289,0.1790261910551227,0.144571039189649
2023-12-22,,0.1774365806027298,0.19223500502483,0.2724722077696513,0.242229592568598,,0.2272873311721414,,0.2223196268505241,,,,0.3119184101905951,0.1272998871999076,0.1711479543728457,0.1400243626114964
2023-12-26,,0.180942768593214,0.1926102651872965,0.2866156977476327,0.247956249325834,,0.2371138056963296,,0.2307779842081092,0.269429587401736,,,0.3470872145325234,0.1284000106349266,0.1741927659890788,0.1443734273018913
2023-12-27,,0.1838802798525258,0.1841577514105699,0.2704043754518749,0.240393271666304,0.4099462071323091,,,,0.2658925385661032,,,0.3377590719899015,0.1211354509992541,0.1713071727635291,
2023-12-28,,0.1741219676868385,0.1858698473247113,0.2634498074508163,0.2320026218302518,0.4000036897774398,0.2169336924760523,,,0.2488384241240142,,,0.328641616650328,0.1143731109793172,0.1666149691550191,
2023-12-29,,0.1687229490319733,0.1772547929898821,0.2577868256881452,0.226600280424169,0.3994200810543293,,,,0.2537197073973584,,,0.3166310303537307,0.1060096339087218,0.1672692105665272,0.1286233278204211
2024-01-02,,0.176453733591275,0.1891376609512683,0.2906389126913752,0.2386304644679517,,0.2237257916653094,,0.2243538088499358,0.2797414298121803,0.574243981621259,,0.3251284943910599,0.1160500739893917,0.1831368847265327,0.1451525481464869
2024-01-03,,0.176782665452856,0.2513002195811778,0.2919762104690325,0.2397298188706194,,,,,,0.5573099918954545,,0.3274108337618692,0.1513511854897276,0.1920354709365496,0.149985300531396
2024-01-04,,0.1868593002950414,0.2447343678530737,0.3164147287036303,0.3297303164433778,,,,0.2309391333861719,0.2706618666725134,0.5392622985402127,,0.3213158361021111,0.1475075455411829,0.1829738507933329,0.1515095466555995
2024-01-05,,0.1842103878418551,0.1907725406927814,0.3184261800544363,0.3219015618193443,,,,0.2250486076659721,0.2460954552742138,0.5177745648108846,,0.3080691248561911,0.1409875998006029,0.1714474132777286,0.1482295404215357
2024-01-08,,0.1777705921593264,0.2427462109407975,0.3242618930006117,0.3258666282417232,0.457763384535354,0.2139221748025901,,0.2126398808334376,0.240046078489379,0.5202980230498698,,0.3336899632597527,0.1368283517082739,0.1663647837113389,0.1375357277957568
2024-01-09,,0.1764791818550353,0.2375330757442587,0.311941171179768,0.3216279314879489,0.4539721346205996,0.2034182655468377,,0.2021410255962755,0.2479831531669975,0.5137724641991803,,0.3280363455604169,0.150840106887554,0.1593011223560424,0.1347966130937024
2024-01-10,,0.1801723225884109,0.2414889907368156,0.3103810330936394,0.3212079102291265,0.457157569015637,0.2018150953433094,,0.2070471409405459,0.2571513905166208,0.5084707775853908,,0.3159912754141851,,0.1561326595228193,0.1434281854170401
2024-01-11,,0.1793963837815144,0.2455702340632711,0.3036687180565231,0.3220104370923207,0.4550431632104252,0.2048266480099445,,0.2044389926049359,0.247343041203871,0.4982533415857568,,0.2929622360656433,0.1370221055928775,0.1519463459517951,0.1328546319709844
2024-01-12,,0.1688689352136988,0.2448145935772794,0.2984227539390806,0.3204115617366359,0.44678442090538,0.1742802935735706,,0.1800793604867612,0.2307800426068136,0.4870485893290565,,0.27540721221507,,0.150012780424999,0.1240797645809383
2024-01-16,,,0.2561619302008305,0.3333328669407814,0.3383885274875403,0.4787999269861549,,,,,0.5285384619560224,,,,0.1587740630891654,
2024-01-17,,,0.2581593605745687,0.3315662126637314,0.3446451978680873,0.5038634954437917,,,,,0.5206284668094393,,,,0.1614898841920107,
2024-01-18,,,0.2565452925150712,0.3321251761967088,0.3409930577269769,0.5035699130480753,,,,,0.5098084454600165,,,,0.1588068385684864,
2024-01-19,,,0.2520447316985084,0.3393276169994597,0.3399924079708714,0.5161635472857062,,,,,0.4994080350194302,,,,0.1506790577038596,
2024-01-22,,0.2556683072968223,0.2687980194610541,0.3683439780893699,0.3634625341593425,0.548238214032677,0.350993740327773,,0.3358727289390511,,0.5456442640204946,,0.4521019942119448,0.2798534127643767,0.1589866271652321,0.1541711017189835
2024-01-23,,0.2492602550464479,0.2730021828500903,0.3449722824110695,0.36595202441815,0.528853833515197,0.3083297884311026,,0.3245093770014932,,0.5425156910873936,,0.3994566428514614,0.2997060003511304,0.1562978853645383,0.1524354886966748
2024-01-24,,0.2619853355191845,0.2869719810318612,0.3589131622951143,0.3781726377995175,0.551850134501559,0.3141705944514968,,0.3402327443062342,,0.5858632076078204,,0.4504735844117644,0.2973461739597515,0.1586135326202316,0.1516033273016379
2024-01-25,,0.2565006827834413,0.2976196876020169,0.3642539410821576,0.3914286377891746,0.5941015966668803,0.3397480824248318,,0.3876584401513058,,0.4568107323592646,,,0.3151744614310032,0.1691378655574489,0.1529201139720805
2024-01-26,,0.2570943524284926,0.28686955880903,0.3624022548575268,0.3982351450406108,0.6180248265000621,0.3638398005199786,,0.4381778041034,,0.4327266633727515,,0.304902982847438,0.3024111798710105,0.161607710880193,0.1533850765345177
2024-01-29,,0.2875679117259879,0.3105414727206871,0.364906891954366,0.42442980443154,0.6562259537384258,0.3876925643775759,,0.3837892175602205,0.4691188126776134,0.4281850807262351,,0.3116688389326128,0.3405677513860204,0.1650726163911794,0.1653893011973387
2024-01-30,,0.284817937087497,0.3271710382088708,0.3749171026267368,0.464362731328647,0.6628052041349822,0.3603864273783133,,0.3980793877630657,0.491968870778556,0.4311322074482927,,0.3198696663016928,0.3397644649456699,0.1760476755626119,0.1634092291128888
2024-01-31,,0.3043574738466389,0.2216353517804049,0.3585119962055925,0.4625811317985807,0.43903012967169,0.2486218844078218,,0.2563427391723501,,0.4304236393821507,,0.3098886746479451,0.3557323344338312,0.1798112708045416,0.1730384448778862
2024-02-01,,0.2991964476794534,0.193070293076667,0.358609485043748,0.4680877987705598,0.4253842932165985,0.2434346694414082,,0.2357266824082387,,0.3999777887092888,,0.2877302500019738,0.3713446894322705,0.207885065821382,0.1786848873141471
2024-02-02,,0.2101091591851881,0.1775236838602726,0.345872646554952,0.2444842970340834,0.4255368706516115,0.2311818426932773,,0.2342984852771997,0.286227652546094,0.4142628977529928,,0.2830590503056764,0.3635890334491369,0.20678279016601,0.1612466147409784
2024-02-05,,0.2120746215129046,0.1953482056490272,0.3917072812946865,0.2443552484998973,0.4413448141776764,0.2432169697477103,,0.2472060769843036,0.2803895306771984,0.4784825878091446,,0.308861416073429,0.4442846103893244,0.2122907859584986,0.1644738014901427
2024-02-06,,0.1980044643643383,0.1837795206139814,0.3702145171843514,0.2394538220136028,0.4459458908851599,0.2447644253980898,,0.2427646801360941,0.2717622353228786,0.4718437856125291,,0.3031636034904534,0.4587659927172164,0.2111139628173408,0.1571991320243704
2024-02-07,,0.1799398265940164,0.1806243784348078,0.3736785060425092,0.2343227761831669,0.4364736448976821,0.2328709467741109,,0.2451275498235344,0.2736430392528938,0.4525056763292698,,0.3006858171921105,0.4603241038498751,0.2160012015882439,0.1646250289930196
2024-02-08,,0.1764116705651691,0.1366293687289849,0.3427786274633712,0.2364564275942026,0.4436165747254166,0.238923035060046,,0.2289565404426779,0.2740753501662345,0.4360815533713099,,0.2925355339241047,0.4896274279924561,0.2174382310948057,0.1586431959719988
2024-02-09,,0.1980665813885159,,0.2983517959485474,0.2378886600039612,0.4530587203176254,0.2677757571738119,,0.3071070126774734,0.2669652807055624,0.4064880733163739,,0.295654352433459,0.5093409758492082,0.216002971646534,0.1614979247653749
2024-02-12,,,,,0.2503921269820057,0.4751291961022575,,,,0.2757238318689385,,,,,0.2264578326938027,0.1607353848416695
2024-02-13,,,,,0.2599643753752488,0.4814551693508432,,,,0.2810426022038594,,,,,0.232442959076357,0.1720527213719716
2024-02-14,,,,,0.2483518302443566,0.4870400438602822,,,,0.2718421947440815,,,,,0.2278882044094682,0.1664210775362627
2024-02-15,,,,,0.2522606359521481,0.4781506676731633,,,,0.2816961322732454,,,,,0.2278388216072067,0.1772979935754015
2024-02-16,,,,,0.2594286434578762,0.4832258161407693,,,,0.2824403954380346,,,,,0.2333677054290255,0.1619942650409515
2024-02-20,,0.2478544264605236,0.2070717926711323,,0.2748817805829481,0.5160023621102978,0.2551292197921221,,0.2554338037825359,0.2951851555461876,,,0.3906699198009012,0.1746072680311809,0.2473576356604381,0.1738660547264427
2024-02-21,,0.2483225592806855,0.2070884454950912,,0.272809205460587,0.5278703104840016,0.253362088862515,,0.2532556511980431,0.2982430775117758,,,0.4530629445617752,0.1800447378349617,0.243999277835462,0.1765864659468226
2024-02-22,,0.2304576671368443,0.1951312727937851,,0.260213884531607,0.4676744518360138,0.2388867145220144,,0.2366347990593788,0.2957758758438868,,,0.3379923216265044,0.1623395663923798,0.2399251625961242,0.1666358585877509
2024-02-23,,0.0992298067503383,0.1869889157332347,,0.246687729149789,0.4588131262462323,0.2243329468447847,,0.2245749770503501,0.2842096318289758,,,0.3190830849415953,0.1521923362796969,0.2440940605542318,0.1540812539204193
2024-02-26,,0.2059034800548181,0.1951867087885062,,0.2579255936379709,0.4684653866040367,0.2552847823899969,,0.2568463321549437,0.2937296739652094,,0.1493040908107642,0.3268200099095268,0.1608464670088734,0.2672759885436122,0.1623328187479271
2024-02-27,,0.2374174785301855,0.1881675404935984,,0.2466270558420057,0.457845964053056,0.2415374515364539,,0.2421351577818524,0.2890425265896011,,0.1363915048136834,0.3230171646598967,0.1583738881128126,0.2689250429478202,0.1678309448306602
2024-02-28,,0.2350956330563849,0.1900057953656397,,0.2501852363460758,0.4504390297530646,0.2473824284579049,,0.2482063126536414,0.2928303946762494,,0.13423226512173,0.3293344456106891,0.1581254250953958,0.2861249037128666,0.1508792918049346
2024-02-29,,0.2237205108836028,0.1822959963260154,,0.2270918013412515,0.4902023529046997,0.2191988636536287,,0.2268015657140478,0.2662518944332431,,0.1392882596860424,0.3175213834753786,0.1488819046062081,0.2842561796278752,0.1628696949350779
2024-03-01,,0.2160280150769852,0.1835685867413889,,0.2309723245823427,0.4834473014465635,0.2350008579366718,,0.2351588140537864,0.2825837275451783,,0.1369017841829793,0.3436040560754843,0.1572297923244375,0.3207533959210386,0.166338781431135
2024-03-04,,0.2425035599214428,0.2040421422998843,0.4190619555486252,0.2488333564761694,0.5504765550837227,0.2810929057517969,,0.2790758841735743,0.3113925064626118,,0.1445300656983133,0.3972835785998791,0.1816533360589623,0.4078244233508445,0.1694512558536273
2024-03-05,,0.2357750505439556,0.2229056889148951,0.4089413456704461,0.2597172520739203,0.5750922152766272,0.2745913470255741,,0.2709527108773966,0.3170875389558556,,0.1419219493819886,0.4484020951376537,0.1933252473777484,0.2993178437764455,0.2141036478934824
2024-03-06,,0.233027889916298,0.2212783824758949,0.4089243385558174,0.262561238230414,0.5113465559788737,0.2809924747019041,,0.2773825150390848,0.306077506604489,,0.1428600992238238,0.3761125843703236,0.2022064584625588,0.3199668011493898,0.2014310549547297
2024-03-07,,0.2306393598897995,0.2229130347012511,0.4482875045051827,0.2626449017372547,0.5498240948706171,0.27872026723276,,0.2740670225332292,0.3225074647086223,0.5074776320065962,0.145537100087244,,0.2008892360800474,0.298725655752924,0.1743664118732706
2024-03-08,,0.232562374547322,0.2216407704812159,0.4237961259744205,0.2592383905375345,0.5595336819049737,0.2767951710827034,,0.274984973879224,0.3338729732081283,0.5261122410840472,0.1371636913888659,0.4083382703177479,0.1849684260353585,0.2121197951014138,0.2151000514092232
2024-03-11,,0.2382612076918265,0.2260725283984649,,0.2597252909177292,,0.2731048913518664,,0.2692417931227139,0.3412010880564915,,0.1390508478984709,,,0.1963777002976843,0.2135833498536509
2024-03-12,,0.2265795855574134,0.2174131460168323,,0.2500983074105107,,0.2600007689923783,,0.2567576294216339,0.3361175492726317,,0.1355466660474862,,,0.1979945431346693,0.1967426658730508
2024-03-13,,0.2237899875079597,0.2350155076907925,,0.2522778247152549,,0.259769481877187,,0.2571921140669526,0.3358631969755252,,0.132878131140177,,,0.1988000032535941,0.2035962435236348
2024-03-14,,0.2317973067583532,0.2426942790466677,,0.2544819964199704,,0.2574783960961407,,0.2507143305264735,0.3247271040555954,,0.1534466550846256,,,0.1891494869364826,0.187038757521573
2024-03-15,,0.2263363635531678,0.2381960422420067,,0.2548789207078591,,0.2554066167670926,,0.2504635798702058,0.3195779053051822,,0.1511355228135687,,,0.1883832273826092,0.2074816635942974
2024-03-18,,0.2373745432740676,0.2366362104759138,,0.2519982616594595,,0.2574271096915738,,0.2568379734441524,0.3186363304663449,,0.1484841469758601,,0.1338161123611736,0.1918440245263147,0.2256679674921609
2024-03-19,,0.2374232512103169,0.2213060562686726,,0.2395519627231344,,0.2392693330058739,,0.2405027743192582,0.3062008643432337,,0.1466726955070146,0.4187302519397919,0.1297512091084232,0.1814036523718552,0.2200763630198576
2024-03-20,,0.2450998350347271,0.2198284715813155,,0.2363434957691783,0.4990865138873143,0.2299062603927053,,0.2254622812610205,0.3079445791833189,,0.1456525628600425,0.5810026585319304,0.1158698868413633,0.1823482236563463,0.2569129260150711
2024-03-21,,0.2215451517438263,0.2239021886164484,,0.2410813026993228,0.4958222337741585,0.2349025411879506,,0.2328131190963271,0.2952863670309185,,0.1412431393904014,0.3944167135846084,0.108428010989859,0.1888313681293676,0.2298152973895201
2024-03-22,,0.2318303436777088,0.2299897875434357,0.3056882054662894,0.2383193689407933,0.5225469413353737,0.2349788025844342,,0.2336630691830729,0.2880026427454669,,0.1393748954930471,,0.1025798431733334,0.1783745658675986,0.1957501152982401
2024-03-25,,0.2297978092671311,0.2289965588600538,0.4313693825518063,0.2462863412524184,0.5831728660113747,0.2399924868055599,,0.243230432674641,0.2965015506952017,,0.1436865667566721,,0.1114082357655743,0.1866489074742688,0.2298537405973566
2024-03-26,,0.2256640981662987,0.2254626173190121,0.3438164026259103,0.2486274459745864,0.5249936255985023,0.2439039344133161,,0.2378353318254193,0.2978993477933815,,0.141959520307008,0.4885494386994344,0.1021555340956831,0.1841139177598287,0.2450903136364474
2024-03-27,,0.2227361086345847,0.2185256157750377,0.3620214934926942,0.2406786523250539,0.4531605594031143,0.2324842235241726,,0.2301691077533743,0.2834982638573646,,0.1348315843791072,,,0.1683399686342722,0.2276863320352382
2024-03-28,,0.2288984701687714,0.2031843943596173,0.3728403037589251,0.2240204882302486,0.5749503413385549,0.224938971452636,,,0.2817653780952333,,0.13056691187903,,,0.1240045404659576,0.2187203901972187
2024-04-01,,0.2246403382523486,0.2377648210215914,0.5380337190625699,0.2456246638352023,,0.2524110397831828,,0.2522041473299724,0.2883656906849148,,0.1396748896914716,,,0.1724104488904607,0.244466845685685
2024-04-02,,0.2293923798991943,0.2465566042420043,0.5342685381526712,0.2567178379086415,0.534943991763985,0.2597545932725819,,0.2596055328840316,0.3197679583444732,,0.1397783020591658,,0.0822014812737255,0.1758806113865884,0.247164533585883
2024-04-03,,0.2284328908281088,0.2550243293130527,0.4736371647742702,0.3419173175692161,0.5216429835959155,0.2541614704893268,,0.2556106879623741,0.307206295232645,,0.1857490576224196,,0.1686422452595335,0.1763532161808014,0.26531114177201
2024-04-04,,0.247097374216701,0.2613834738304417,0.4383595658874997,0.3478053523035258,0.5544069197891351,0.3401014321963772,,0.2753661677358274,0.3407341156763612,,0.1927975689742855,0.4119434220635724,0.1793499193119316,0.2074071196423872,0.247885039942292
2024-04-05,,0.2371534624367426,0.2628264353829123,0.4119475882285517,0.3536664223221863,0.5219661039656659,0.3338042262318856,,0.2650461891007733,0.2944245280716043,,0.1888518484836794,0.4228437297704119,0.1678886644587455,0.1975458776947531,0.2338207802079121
2024-04-08,,0.2386196870425522,0.2665010494212397,0.418886772224128,0.3615425377622023,0.526524507648454,0.3346255572708982,,0.2859028631239747,0.3659610005950047,,0.1948546268971,0.4733786121934589,0.1753612494953026,0.1984918190846373,0.2921796658731932
2024-04-09,,0.2313096270720342,0.2618575982955828,0.4030078604477137,0.3619922931936709,0.5199176809622075,0.3276078410410167,,0.2710173034567488,0.3600436140176947,,0.1932109296396002,0.3953127445506804,0.2141305920006922,0.1911519382713832,0.3340290521331253
2024-04-10,,0.2428451952263997,0.2689514694038586,0.4026805878901331,0.3671270254584376,0.5158047730549175,0.337643777283118,,0.2648062259880359,0.3355179743732134,0.6014654758349856,0.2005730512258725,0.4519862752918703,0.1876939761706155,0.1950269499158617,0.1843825219961491
2024-04-11,,0.2396180291998229,0.270383660382723,0.3994282571121149,0.3679098184329702,0.5094553365581221,0.3267016106003946,,0.2565246397699084,0.3716570245773442,0.6549305671990657,0.1989904493536733,,0.1810815459763719,0.1879703221251256,0.3273618073777012
2024-04-12,,0.2601082913358989,0.2818535222069294,0.4081752887898951,0.3850705267483673,0.5305213438397741,0.3385423590739168,,0.2681979035946209,0.3688721162753872,0.5844458706878517,0.2117401121550735,0.4233435865818278,0.2012447340233434,0.200868552541176,0.2894578434622786
2024-04-15,,0.2690801344430991,0.2983989599075783,0.4056008773574237,0.3947241287284455,0.5583759650704345,0.3535202321971135,,,,,0.2216090218434463,0.4380829865433783,,0.2147607604517042,
2024-04-16,,0.2701944251442646,0.2949507596966185,0.399857794513049,0.3922632594378651,0.5409747697348696,0.3492816346096686,,,,,0.2169638656440022,0.4220985740130306,,0.2109109496074593,
2024-04-17,,0.2767052244912444,0.2999260426201726,0.4115173212450395,0.3986791061063557,0.5659112950656653,0.3599460471225172,,,,,0.2241431151190668,0.3269031759561356,,0.2141905690982834,
2024-04-18,,0.2770506705486772,0.2969874362579188,0.4125204725492361,0.4017331449599043,0.545759360708996,0.3711328586706895,,,,,0.2236171876409058,0.3382709962779067,,0.2125837546138068,
2024-04-19,,0.2875016695412908,0.2963550265525363,0.4455737827026493,0.4117243969662816,0.5662852092306534,0.3692821461117817,,,,,0.222626978487717,0.4504278775193981,,0.212069832565265,
2024-04-22,,0.2802948413969708,0.298277279566625,0.4188631447408714,0.4120972945373912,0.5547577965839192,0.3706172861362065,,0.3707470892943346,,,0.221791684381559,,0.3017620030887862,0.2078349488114811,
2024-04-23,,0.2734455631443985,0.2915623538218418,0.411134322229391,0.4142726969847808,0.5509954588938994,0.3616292972281329,,0.358975938945673,,,0.2262579229034686,0.4554354126211852,0.2942886450932347,0.1992646759134539,
2024-04-24,,0.2818989625319691,0.3130106782761452,0.4233366714285216,0.4342355683912569,0.5774079654800367,0.3747914250169731,,0.3616733704407663,,,0.2239360858919221,0.4561720492896067,0.299814278971524,,
2024-04-25,,0.2896742638482919,0.3645672654028882,0.4290664687750063,0.4614586095195354,0.5679956408623842,0.4046823011485244,,,0.3629621703046113,,0.2288475352181221,,0.3143771625943368,,
2024-04-26,,0.299303347404004,0.207844661607713,0.4054240134109052,0.4527974759710411,0.570096710678213,0.2702484678532475,,0.2640612140196218,0.34209469832783,,0.230356384293682,0.2911406762301836,0.3107174747015471,,
2024-04-29,,0.3158184211049124,0.2183642789214583,0.4282773981198907,0.5137493253493101,0.6202521113580688,0.2876708119823171,,0.2850927964410571,0.3548316281790913,,0.2321419085122847,0.3085798465665022,0.3330322260747404,0.2093787762538901,
2024-04-30,,0.3442503633361038,0.2585406722587722,0.4422656618227467,,0.6284023240404015,0.3097265935242154,,0.3075355471587022,0.3539984189479281,,0.2538214322946331,0.3345233926941754,0.3496879810994692,,
2024-05-01,,0.3477570780525134,0.2338074829667949,0.4293027363837887,0.2958260352586494,0.4607261562627136,0.3106310722660316,,0.3027145534624184,0.3392704506744574,0.4823398516543234,,0.3132376724799284,0.3562076988191597,,
2024-05-02,,0.3258531151313976,0.2161826176322761,0.4032871038394894,0.2691060874273978,0.430073795277152,0.2995647283411523,,0.3010937952132026,0.3134487317875994,0.4700784204482865,0.2693792370274613,0.2960871362774461,0.3546138374186396,,
2024-05-03,,0.1932446588099636,0.186312604633159,0.385501276803161,0.2438578517499913,0.3991049668119769,0.2876260060869521,,0.2846532312780169,0.2908752078577281,0.4557767685205608,0.2605615482569515,0.2713643906314912,0.3543612134578983,,
2024-05-06,,0.2091568899969275,0.1916708697107997,0.4024452871687846,0.2535006085693235,0.4109232180540751,0.2996661484169354,,0.2971574920413771,0.3036916239373946,0.4759891910136282,0.2925865360986379,0.3025647448988249,0.4032440860411548,0.201812066792818,0.1520821756155324
2024-05-07,,0.1907995793538326,0.1915304954024801,0.4128284623528398,0.2342033374519651,0.4148334689616836,0.2332915392326402,,0.231866627235728,0.2863025372957537,0.4378244007288234,0.3035250720934101,0.3165423471064395,0.2506158521447484,0.229108808628428,0.145500229400432
2024-05-08,,0.1840421279929349,0.1906882338317622,0.4099487712909935,0.2336629949142196,0.4082606916216845,0.2374583330299295,,0.2365901073461299,0.283325397633457,0.4270595265540626,0.3422773854034434,0.3403177609864545,0.2570082325294121,0.2304752649845765,0.1408177697520141
2024-05-09,,0.1699856470137977,0.1812729570225755,0.4107668986459882,0.23041407211225,0.3967628900418678,0.2279679559981694,,0.2266094210659786,0.2758164816437284,0.4159755038797353,0.3713003856840798,0.3004992825785471,0.2537127086827234,0.2230403189589613,0.1401548883406713
2024-05-10,,0.1759608255614885,0.1771000544435264,0.4140650500129693,0.2212841640885219,0.3897257460692571,0.2284700669493791,,0.2286596425450235,0.2623769007469776,0.4108961357622442,0.3913035701299019,0.29636222172154,0.2537350467166691,0.2178182279263608,0.1370187514551311
2024-05-13,,,0.1831552198811318,0.4122884794619099,0.2294901359811448,0.3964092665198335,0.2453346893764357,,0.2416074136349654,0.2743435641305917,0.4217009516769441,,0.3070886386726575,0.2691506449443211,0.2278898504381664,0.1421543602503828
2024-05-14,,,0.1799320749184086,0.4086442779051658,0.229755312345763,0.3919068061010486,0.2305799068353027,,0.2286352934314016,0.2676058052723684,0.4272764212625099,,0.3063469791872328,0.2499421777070642,0.229902210034495,0.1423571847233775
2024-05-15,,,0.172685865422661,0.4073311976922338,0.2343715191065605,0.3976530093430921,0.2191910752024158,,0.2169249954764056,0.2609014565333861,0.4225115111394912,,0.3050854185129017,0.2564323836013314,0.2270627114328953,0.1375410288200928
2024-05-16,,,0.1750962027208049,0.4101139611725524,0.2310669451947073,0.4083463749468004,0.2133826502633407,,0.2029345010477079,0.2629999199479668,0.418815670747402,,0.3080454351577772,0.1874094550648525,0.2320489809964918,0.1363892285937804
2024-05-17,,,0.1716848140726518,0.4199624330754854,0.2211509142564472,0.4058517723135905,0.2113224576659834,,0.2090579595271407,0.2553827552039597,0.4125599932609444,,0.3146901834291656,0.1664478874494434,0.2291175617054187,0.1315018869346006
2024-05-20,,0.1840659563656893,,0.43397981781996,0.2279300926561409,0.4088877273648262,0.2120625371605956,,0.2107958395804862,0.2592346592504592,0.4272989534470937,0.1355368767964545,0.309951905134483,0.1781862571748189,0.2408496123210548,0.1332489041653893
2024-05-21,,,0.1728885028269436,0.4218900688459202,0.225376991099239,0.4023805130359244,0.2103992397671077,,0.188685971814434,0.2612722800334562,0.4291263340049428,0.1259158591904462,0.3060412501125649,0.1645899825032578,0.2519884157506881,0.1319162630173391
2024-05-22,,0.1906535653021541,,0.43938670748102,0.2263392322478278,0.4210225343061576,0.2148449932356146,,0.2134069661852515,0.2776481421319476,0.4409009140658579,0.1314894312737191,0.3166101033495684,0.175594306353679,0.2494767453813795,0.1353567005899512
2024-05-23,,0.2102494797085676,0.1628143066076217,0.4130694071184401,0.2274781751673891,0.3999191508869598,0.220789882459565,,0.2153637345897896,0.2690835150227575,0.4452249686655,0.1283394234128718,0.3141857306011367,0.1731186752167214,0.2537905280370972,0.1261313342621692
2024-05-24,,0.1999684213809165,0.1532479344133789,0.392880882246615,0.2149447369172975,0.3760615671363609,0.2098180872694642,,0.2092297740773119,0.2530182611591,0.426222704630582,0.1227808180253108,0.3009882283516517,0.1621542433262371,0.2514735144511819,0.1221722033960582
2024-05-28,,0.2230280981973519,0.1576864613370549,0.4227318214946754,0.2287416359628902,0.4238449633287476,0.2237142549839636,,0.220578661709192,0.2696801194275258,0.445770279768192,0.1290881361142886,0.3305663173732443,0.1722409583576206,0.2708758659355513,0.1297256794469677
2024-05-29,,0.2313787345871804,0.1745211119177891,0.3983926339983777,0.2393544058026154,0.4341077276433057,0.2347655467410719,,0.2315017501765476,0.2790992277316116,0.448456068545672,0.136407627932121,0.3436789560829997,0.1784899487595366,0.2910407422338148,0.1342028689874376
2024-05-30,,0.2417822494434298,0.1972927018295916,0.4062837202261108,0.243771953870662,0.4266926464081118,0.2409024063445162,,0.2369826993054216,0.2880429420427792,0.4597588466088776,0.1390906153084943,0.3382424373852557,0.1838984678554587,,0.1392408923487302
2024-05-31,,0.2346536177222223,,0.3792226844579958,0.2446042832937304,0.4444664934909945,,,0.2344439111547785,0.2714695993545582,0.4448289564093291,0.1230522655968124,0.3382959334657853,0.1838084106449122,0.1929444911033,0.135348367834142
2024-06-03,,0.2466376596839541,0.2016629216005559,0.4007206377503163,0.2472561261208577,0.4676800165867728,0.2424975914049702,,0.2410189945518468,0.2793022615025029,0.4752750264365613,0.1327632603924431,0.3490320932561382,0.1914929526262452,0.1917207462835957,0.1409912469962694
2024-06-04,,,0.1968815367901734,0.3965201717667237,0.245078081567787,0.4406326420953415,0.2386608955424618,,0.2375702577438403,0.2751682658195103,0.4704751797339567,0.1321613846348633,0.3434740267257948,0.202187236426425,0.1886050465546273,0.1411585952132827
2024-06-05,,0.2235034284222724,0.1792199639626161,0.3984933399550874,0.2318957154905092,0.4316435140515468,0.2355058703450402,,0.2306100996137443,0.2892331621773019,0.4740304292278184,0.1311393234162255,0.3345397848720595,0.1742622639824847,0.1787718533220329,0.1396724146704977
2024-06-06,,0.2269580320848033,0.1823611170457925,0.4041936241712847,0.2321438605500922,0.4342854765025813,0.2314306658333643,,0.2193849994604732,0.2869532657565813,0.4878803397342453,0.1338476616093235,0.3370226502575478,0.142229060963535,0.1799356701800249,0.1430855909294722
2024-06-07,,0.226869128356108,,0.3880858909967053,0.2211274218310606,0.4082579679839936,0.2306862498844551,,0.2202439529879633,0.2825571295361945,0.4801955865790442,0.1372700376502449,0.3309404477700361,0.1362577872080886,0.1668082640233187,0.1362557095448829
2024-06-10,0.4414247137487901,0.227549070829021,0.179280608839406,0.3973183358441046,0.2280903896949493,0.4391130905237088,0.2239612664137938,,0.2212516245898267,0.2905925452474834,0.5538569352548214,0.1384066527508033,0.3423740356874493,0.1345000194721524,0.1744477742624252,0.1369440640515111
2024-06-11,0.4272726126321536,0.2202002852697725,0.1815908895241306,0.3948134685000506,0.2264374714533878,0.4189754438189963,0.2228512536780487,,0.2193795601746607,0.2925599601559359,0.6207819072224277,0.136681171644187,0.3420312917180213,0.1364443045044036,0.1715791474315423,0.1438382973313452
2024-06-12,0.4158167146413197,0.2262745036080035,0.1849533213635128,0.3930033036862344,0.2270575589850021,0.3878571304509777,0.2135708562395857,,0.2154664534071835,0.2873892928630667,0.5907201154711029,0.1389663012871849,0.3360576494024773,0.1359274894250725,0.1586874546124499,0.1334776328059474
2024-06-13,0.3587870032129565,0.2132029279206023,0.1713840491281185,0.3891300496894518,0.2365981590143766,0.3888422427969117,0.2076419012772813,,0.2304680998105942,0.2928978246102628,0.563610948911291,0.1326532809409309,0.3398975509842296,0.1381470743380373,0.1527148064470363,0.143695780159925
2024-06-14,0.4910240351243012,0.2073904024445727,0.1489327427544078,0.3667078085338902,0.2240510330495757,0.3642820535176733,0.192174816583374,,0.2146445822780678,0.3001501978905173,0.3989598234778255,0.1238181702577042,0.340893225327554,0.138436878365185,0.1500484067437583,0.1446469244242072
2024-06-17,0.4975095056642478,0.2214438308430227,,,,,,,0.2211522561829429,0.3033530952454403,,,0.3425493995741718,0.1438636662099091,,0.147543600134442
2024-06-18,0.4892437008358973,0.2319732400354535,,,,,,,0.2207500443435945,0.3211373785550885,,,0.343944612340312,0.146372645086225,,0.1566906796203535
2024-06-20,0.6310935655795645,0.2289566907799329,,,,,,,0.2217092498520757,0.3008032856257404,,,0.3553789142046128,0.1460296991898644,,0.1557594416869349
2024-06-21,,,,,,,,,0.197271377508196,0.283782395269649,,,0.3465740475727822,0.1354194785906879,,0.1624672715468602
2024-06-24,0.5661242540209303,0.2176976305187453,0.1678255126375402,,0.2552696690863167,0.4236056290001534,0.2201301437350636,,0.2190161267629638,0.2893446129002563,,0.1328530859531707,0.3445036937372244,0.1298040383509603,0.1823335868823852,0.1668524231682074
2024-06-25,0.52222889159712,,0.1700307980681258,,0.2560447378832985,0.4049390018968375,,,,0.2938992929930535,,0.1436509203736068,0.3315306679171517,0.1248076555400676,0.1849309418010312,0.1612011846148768
2024-06-26,0.5225950820660993,0.2093589494680412,0.1885215406126642,,0.266167684033374,0.4110281382593588,0.2215308169854433,,0.2168062429236797,0.2989349806958823,,0.1403785922439216,0.3355758161047871,0.1292326806951564,0.183120749861559,0.1394465009025616
2024-06-27,0.5073939632925972,0.2097946320102032,0.2042526579918795,,0.285028212734325,0.3989966838791581,0.2565121358521824,,0.222839026425915,0.3130083887677364,,0.1442778170007073,0.3363215997107068,0.1194776818288452,0.1862010818354101,0.169266071227464
2024-06-28,0.4759582915250555,,0.1871579012842406,,0.2955748957419929,0.3817619927288737,0.2083824739410373,,0.2122923233685582,0.3090091135551056,,0.1388673993976635,0.320946519640598,0.1103109055329243,0.1745685992595732,0.1609868062368864
2024-07-01,0.4665929844823885,0.2099236977810393,0.1981001464419847,,0.3038424041553788,0.4008650363893877,0.2154771367267444,,,0.3208648693132369,0.5849534587667404,0.1481230588543872,0.3261471651187514,0.1153060418006964,0.1707053584949783,0.1524702336482651
2024-07-02,0.4451542707017809,0.2062875741940802,0.2068744210223078,,0.3217237855774965,0.4183366442055206,0.2240600168849447,,0.2111366823588873,0.3016813414798616,0.5020003194804282,0.1377682466358633,0.3141463806578339,0.1123108476594052,0.2014593865882167,0.162696272095173
2024-07-03,0.4560277732038463,0.2387877260558263,0.1877668933110418,,0.2968523331694579,0.3924628371481237,0.2179704848003215,,0.2131316374574692,0.3003699140085424,0.5489667944716071,0.1397180412290681,0.3142223303241676,0.1194515985700511,0.1872627137145575,0.1801452868025028
2024-07-05,0.4829760559690084,0.2448875024285776,0.2163452419820265,,0.3095870161848811,0.4477698068208723,0.2692835309929861,,0.3704869159557356,0.3940951289467543,0.6217365279578758,0.1393575344236603,0.3513963837232308,0.1546791632246029,0.1831209838676814,0.1860276467546601
2024-07-08,0.494638544175876,0.2473991576566761,0.2795410927624192,,0.3555413689820857,,0.3861816611686107,,0.2512467089593055,0.401167842287638,0.6623649061776675,0.1446398226461961,0.4048567055105027,0.16716070606672,0.1941957065765611,0.1987641825631357
2024-07-09,0.4921905595126976,0.2459164735379304,0.2403301251134024,,0.3482212584752159,0.5240867400874762,0.2689885060620989,,0.413769637339653,0.4623399834413105,0.6788198990261213,0.1487490723658937,0.3422231614287912,0.1858477211752254,0.2062410489184405,0.1936733192785122
2024-07-10,0.4851071873019675,0.253845827405115,0.1757752250608793,,0.3581245518648294,0.5709759692360049,,,0.2138596484219624,0.4351334388037097,0.6907017354890856,0.1501281775305515,0.3692640726820019,0.1846521123338695,0.2038224293311905,0.1989590049606988
2024-07-11,0.5203579490641069,0.2573565832544293,0.2353283772269415,,0.3752875425858124,0.7018137376471482,0.2774967059353853,,0.4047488197132572,0.4016253608961045,0.6377274079487408,0.1578314889071863,0.3629332660458005,0.190932579200648,0.2098919293692318,0.1973395519523371
2024-07-12,0.5278184028901406,0.2539376643306383,0.234430574922058,,0.2490333795899444,0.8149012482326797,0.3252188912556959,,0.4285539543133618,0.3939562665277968,0.6370685939684354,0.1633202203221148,0.4271126175894456,0.1807286789318067,0.2033268057962314,0.1880365696101937
2024-07-15,0.507165827755822,0.2743497108194463,,,,,,0.3680202051116233,0.3521012522554211,,0.6179854442896674,,,,0.1992216981874587,0.2079888510189251
2024-07-16,0.4949237566340294,0.2648727557382425,,,,,,0.3552053015581214,0.3661592817609798,,0.64207197761788,,,,0.1956798374156776,0.2021988101280808
2024-07-17,0.5034593201558348,0.2750193872068552,,,,,,0.3919095818191716,0.369226232183196,,0.6354201955610811,,,,0.2006198013760965,0.2084824754467816
2024-07-18,0.5162898951227555,0.2760888091271416,,,,,,0.4005702892086781,0.4566283021075091,,0.6822925256770328,,,,0.19901388221094,0.2064523508039972
2024-07-19,0.5198335018581565,0.2757778653095008,,,,,,0.3934371597439631,0.347220306156406,,0.625805025091321,,,,0.1981849497522152,0.204010635024386
2024-07-22,0.4883360428767084,0.2755691742788946,,0.4401874664311617,,,,0.3800060619493173,0.4076623414636171,,0.7091794377580707,0.2401195628293454,,,0.1980653801224077,0.2013175905090326
2024-07-23,0.482897813703242,0.2820892857206115,,0.4477973644771824,,,,0.3850612047596447,0.3890043806960869,,0.6690215460043933,0.2392013372743578,,,0.1923736480460027,0.2176389631968751
2024-07-24,0.5351202791212563,0.290805136412988,,0.505271876451812,,,,,0.3039940298214829,,0.5157777214782469,0.2449475473075195,,,0.2134643343595413,0.2262944883797573
2024-07-25,0.5301737665577853,0.3030383924539718,,0.4726818954360644,,0.6072291899070251,,,0.3907993397163053,,0.50816536720687,0.2547169965863932,,,0.2175596188956201,0.2253866809474804
2024-07-26,0.5094340873861906,0.2943622276389817,,0.4606412826650569,,0.5926040305052735,,0.3893765521691984,0.2621894368809063,,0.4838006324292732,0.2544723881966679,,,0.2068533451300643,0.2110041232484428
2024-07-29,0.5355446149066706,0.3070197985237123,,0.4666778692498752,,0.62525377259869,,0.408190181080336,0.3066861365723489,,0.5236066949696562,0.2686553802771233,,,0.2120693948007002,0.2203988359178889
2024-07-30,,0.3164023466451758,,0.4966618917155341,,0.6619981178661161,,0.4355239975185546,0.3157345566640933,,0.5177425865469761,0.2705501011297838,,,0.2180992085983187,0.200225672914459
2024-07-31,0.5367911312811221,0.3221166639399514,,0.4741829688898551,,0.528688273235032,,,0.2973580538193039,,0.5097252863660655,0.2685719983787203,,,0.2161817749721259,0.2341121677810165
2024-08-01,0.6333437170407593,0.3399643249633328,,0.522807841917887,,0.5351424617935401,,0.4879543256064989,0.311249571789324,,0.5277004921115692,0.2921202355255883,,,0.2322317472493129,0.2185936638318419
2024-08-02,0.6816021405206435,0.2837200293343092,,0.5892687883308227,,0.5504755832901732,,0.5002544467229285,0.3169261666637458,,0.5810671337727048,,0.5946896185260998,,0.2510586904968149,0.2501571832911116
2024-08-05,,0.3629213700806489,0.336200982897429,0.6749209357933194,0.4368217771577891,0.6431358581362716,0.4324778795250191,,0.4319477574788226,,0.6761489312581686,0.4013173264041967,,,,0.3428105675024413
2024-08-06,0.6782569322371303,0.3260528207202741,0.2384020325409094,,0.3534590227500289,0.5178556862105825,0.3349710571745518,,0.2790269086896764,0.3508154393317647,0.5850763112430618,0.3628413078869784,0.4460256451267139,0.5219256421922016,,0.2625495094242012
2024-08-07,0.6954957978780266,0.3134910375902378,0.2526483700649731,,0.3498695294932931,0.5720995561787205,0.3337361422718721,,0.299995712877964,0.3563626367826822,0.5956546908097599,0.4074371712267395,0.4837539177324508,0.554336404605547,,0.2860123714593225
2024-08-08,0.6470489124573949,0.2634840931652498,0.2254632865412152,0.6152846907805088,0.3055982357991361,0.4660935361729449,0.2988283419791827,0.4872862375791206,0.2803557244156654,0.3321073786977298,0.5207544767953765,0.4239399430249458,0.4448110229215965,0.5329818096925257,0.2318882624262618,0.2468385142578792
2024-08-09,0.6350618273906433,0.2232298309074706,0.2132832824764916,0.5712057598738111,0.281604018938936,0.453456257084418,0.2850332900017671,0.4671497561552351,0.2706858834973684,0.3106487635233029,0.4865223001693368,0.4137468275881302,0.4303966079901763,0.5350146407078403,,0.2160610190885655
2024-08-12,0.646454083593472,,0.2158478856233973,,,0.4555942802497382,,0.4818339567741937,0.2631260934768954,0.3025436483017272,,,0.4362159005104404,,0.2250255879714138,
2024-08-13,0.6404830297646157,,,,,0.4351998274642702,,0.476355620997077,0.2557073302366764,0.2880100303252985,,,0.4098979499891171,,0.2103532707650388,
2024-08-14,0.6238317803762422,,0.1880735693626906,,,0.426814695586526,,,0.2404422743780509,0.2735239649116155,,,0.4063986233153177,,0.2020222630636736,
2024-08-15,0.6294841484043183,,0.1929856876827792,,,0.4391979515864782,,0.4640295757217176,0.2293863046226027,0.2709456313923924,,,0.3925363977530918,,0.1886704108025013,
2024-08-16,0.6147723715159478,,0.1961259837101547,,,0.4367265416643488,,0.4581442815211099,0.237285158772681,0.2697350561236569,,,0.3905234931308355,,0.191661024438948,
2024-08-19,0.6272390411483619,0.2123799134066771,0.1886199882784466,,0.2431164402934273,0.4498853495337614,0.2608894550974533,0.4788119445762972,0.2311035058349428,0.2670911344107767,0.4915544297803175,0.1511594872889513,0.3937658833646649,0.1393925917543454,0.1724647789852579,0.1814314802905878
2024-08-20,0.6811600398195311,0.2158839712847735,0.1961411008207346,,0.2482294826413476,0.4689995694245928,0.2705725666302808,0.477888379106647,0.2413997088091518,0.2758760558339257,0.4925564623567479,0.1482297967192691,0.3993080131726246,0.1438007420286321,0.1790683455409689,0.1937456588985224
2024-08-21,0.6545683243224714,0.2163343383760913,0.1958109506575112,,0.2533976361679239,0.4608997255504132,0.2487552899933216,0.4770164258248195,0.2423311351354093,0.2838136844733528,0.484475400757791,0.1457193408661546,0.3950962707272103,0.1489127354622474,0.1750682731192415,0.1969608452728405
2024-08-22,0.7427181036764414,0.2252786217037153,0.2123199008892436,,0.2721988564160057,0.4782350849201329,0.2567137191483721,,0.2556536757477711,0.2969784750752979,0.4966184982607993,,0.4416689654576228,0.162747105490572,0.1995830953419743,0.2031011920295702
2024-08-23,0.6878917969682993,0.2170419435867693,0.194237521409281,,0.2530971601023833,0.4530444452787217,0.2398183398905465,,0.2380002457310258,0.276352499590588,0.4711275968082575,0.1401940115569336,0.4108288207438903,0.1405760957178515,0.1758241671565787,0.1879077833154361
2024-08-26,0.7226317183676825,0.2345507670388927,0.2050774556243372,,0.2615715416700967,0.49801726423465,0.2528601733527256,0.5362217175656847,0.2487006268613075,0.2865356387569457,0.4896934723998613,0.1431307265782878,0.4459986278893431,0.1412972336862243,0.18571856411894,0.190296114305959
2024-08-27,0.7371469390861376,0.2354882714554142,0.2043893388072974,,0.2718901538524128,0.4792671559414618,0.2582809153298556,0.5261743462902467,0.2437149180327544,0.2829411057242715,0.4892477499107089,0.1438603791423782,0.4396246356558094,0.1407373008783204,0.1986506194844094,0.1892941535252678
2024-08-28,0.6906995315433628,0.2414882796038664,,,0.2831321652955049,0.4888925473979631,0.2478881667116968,0.5513999695920472,0.2468538215759692,,0.4955544227708626,0.1430104121733886,0.478642046362304,0.1563212545751999,0.1971110325116311,0.1967019547756184
2024-08-29,0.523368509450193,0.2551181687295134,0.2021509692845406,,0.2721157316820072,0.434205520523548,0.243640281188342,0.5134787793234301,0.2444031628731391,0.2721415551443931,0.4788357737377904,0.1420928692000266,0.4339603203669858,0.1568962926880543,0.1908186691737936,0.1866925052312225
2024-08-30,0.4403603350649365,0.2297879819012459,0.1782300116525306,,0.235462687628894,0.4039271693068819,0.2141705047614226,,0.2028559422506303,0.2453939895823386,0.4449259592334958,0.1329682180959383,0.4401156831924389,0.1393282797899478,0.1753655163318665,0.1649179069858627
2024-09-03,0.5679442663457079,0.2660031848764685,0.2213114392818761,,0.2866664465839031,0.4818876031937709,0.2598775630147851,0.4761762294317397,0.2568228620908845,0.2884645912379457,0.5060688857392731,0.1607092791007532,0.5161588513346286,0.1729065459562118,0.2182109144254831,0.1916786945961834
2024-09-04,0.5610393761426572,0.2385694146036518,0.2263070334757164,,0.2765803819301381,0.4806607880056179,0.2620459590653249,0.4580196162262863,0.2534940708946233,0.2905574635790312,0.5072489555139201,0.159780567521581,0.5119540362255177,,0.2275750160892258,0.1887718394755801
2024-09-05,0.5410686438489226,0.2404956370390816,0.2308924137748837,,0.2737661290326444,0.4647563743135571,0.2577288219806505,0.4508714652717784,0.2613718053705305,0.2824055287894336,0.6142400340937693,0.1596538147762473,0.5144225817485962,0.181238022818674,0.2726812693159259,0.1868548219060872
2024-09-06,0.584067428302912,0.2532360918885122,0.2420713763941011,,0.2941873248759913,0.4789462208146619,0.2776646748105298,,0.2795837985396519,0.3179851478985411,0.6433081993032409,0.1627362486685225,0.5573349339935514,,0.2788086671247785,0.1999603014180014
2024-09-09,0.5468229588318788,0.244251305076426,0.2345950924515197,0.5112636468190727,0.2741001619221443,0.4697449415848061,0.3049952314839568,,0.2712517844165023,0.3042963689475817,0.6241297896343163,0.1619519303852319,0.540222019155643,0.2178943777518741,0.2850988088464559,0.1915185181139672
2024-09-10,0.5262017544480415,0.2365632473012467,0.2296887370621588,0.4909539877279258,0.2777275767127579,0.4882975223147703,0.3173573648606798,0.4740899006028027,0.2682522908183815,0.3105900304648202,0.6328649725558341,0.1671884695047317,0.5291417939173108,,0.2809150718066429,0.1945175055987903
2024-09-11,0.5132720445487706,0.2200343579674785,0.2313751862880826,0.4833167604485518,0.2673556122482391,0.4898631420120173,,0.4131075383528901,0.2606864279559606,0.2956391529731562,0.6410788463288293,0.1610332396378046,0.4965427767237,,0.2831235054552427,0.182705314101028
2024-09-12,0.5134596228185556,0.2185289317655301,0.2148767557575049,0.4836977809317222,0.266170607524257,0.4679615402655618,0.2621046027477139,0.4135499131455268,0.2578256926944064,0.2870407474444353,0.6348009939412746,0.1668279875952846,0.5028935049352786,,0.2941223824558407,0.1790322201153185
2024-09-13,0.4890355985043735,0.2097279089782774,0.2217549902956741,0.4686853597192619,0.2586458567413587,0.4649764088659913,0.2472684844369645,0.3971391261834447,0.2468728937310586,0.2803488252491824,0.631096960601295,0.1363700804895722,0.4932379117569295,0.1957948032824318,0.2836902028545786,0.1704494385730485
2024-09-16,0.4828106702172507,0.2284803532071751,,,0.265951625913362,0.4772208367678732,,0.4046574893217958,0.2454250185081652,,0.6350591620885713,,0.5228265675007602,,0.2881741946086575,
2024-09-17,0.4754917737562991,0.219786391456015,,,0.2685180635328273,0.4708089517986948,,0.4056830258218497,0.2459953320228585,,0.6361622823973949,,0.5198267109649131,,0.2878375719273692,
2024-09-18,,0.2198059712670637,,,0.2627258204080347,0.4684108732350476,,0.4020305267194823,0.2499725091780185,,0.6297243761336809,,0.5165905981956487,,0.2898306193085338,
2024-09-19,0.4518241809479588,0.2173067039436335,,,0.2472998836214451,0.4576230321692578,,0.3900541053748446,0.2435717320507578,,0.648342647658887,,0.4851768688221593,,0.287477873725928,
2024-09-20,0.4542584228851035,0.2127115229903554,,,0.2287663227255408,0.4454820358864317,,0.3875357511706745,0.2280234239072432,,0.6233754757601009,,0.6238127346853986,,0.2703983603729887,
2024-09-23,0.4367235802709871,0.19996215963742,0.1938972310356442,,0.2447988207030759,0.4453137437567598,0.2292094798108692,0.3764748753129772,0.226325316902855,,0.6831003220007115,0.1623443037154076,0.5484556596494033,,0.280711483498658,0.1597239603276541
2024-09-24,0.4332617299878428,0.1986203493268626,0.2058418945735199,,0.2436858974412273,0.4376386906621345,0.2299210903668413,0.374812398933099,0.2276443536886394,,0.7028788163164241,0.1634912353580549,0.5132792410199059,,0.2834126377887607,0.161957978985582
2024-09-25,0.439627465070183,0.2006307873514939,0.2363820490871116,,0.2461745107941136,0.4503484564324984,0.232661302283313,0.3726504335083546,0.2262821246548323,,0.7132640776602277,0.1734070715899174,0.5152762896094015,,0.2891988179788182,0.1726272310295051
2024-09-26,0.4391374087448192,0.1988761228345419,0.1992566526053384,0.4444438745765167,0.2516490413574671,0.4427284977833131,0.2329880993083604,0.3762574209927674,0.2270078635594891,,0.7085169817920441,0.1763935015887733,0.4819334134870974,,0.3168398002201409,0.1699197467614689
2024-09-27,0.4487872627004157,0.2017341350606773,0.2023519651427586,0.4287531056997284,0.2479425352663901,0.4472119958033203,0.2365689779385003,0.3716956726375127,0.2316471708732505,,0.7864897753635258,0.1724021089294945,0.4662550486743531,,0.2259841162673622,0.1669051862573073
2024-09-30,0.4384698569514334,0.2076280010323092,0.2341946572043629,0.4365471660119882,0.2623954609094567,0.4590595787577223,0.2567767147154994,0.3851403128023417,0.2505250634812221,,0.799026240285997,0.1872324116513049,0.4786350784269755,,0.2212915665600367,0.1691758619335498
2024-10-01,0.4669147212942359,0.2154306343283314,0.2411752497757497,0.4539782017509068,0.2680367662335707,0.4785322295457094,0.2767584301161132,0.3837054570620331,0.2668921997435826,0.4304168055455409,0.7661886799841647,0.1969191828884696,0.4915167235481365,,0.2191393103511065,0.1772992361538016
2024-10-02,0.4773690763953562,0.2109817838007287,0.2783590683832465,0.4519006076673597,0.2702389141166278,0.4786012278333981,0.2699109645737568,0.4377687157767128,0.2675855708506344,0.4294256011177489,0.7142688120235242,0.1915173596735307,0.488712702026033,0.2342461691604302,0.2170842374148508,0.1796004491255344
2024-10-03,0.4824467649793293,0.2718356616947875,0.2808080033031039,0.4629081044372766,0.278846621720743,0.581358650660949,0.277773311191837,0.4667671266803802,0.3194811108097535,0.4431413920529977,0.6687882783574304,0.1899687304380598,0.5131446060922519,,0.215819206483824,0.1769140761979259
2024-10-04,0.4535114639168375,0.2610222035735754,0.2763770986779235,0.4255435371788823,0.2577929073776484,0.4892116084359746,0.2524664766850819,0.4286875773728348,0.3132878760528306,0.4397880295357849,0.6593692179154792,0.1779442167626911,0.4820599661773001,0.2273677873166179,0.1977668307085174,0.1633634157822233
2024-10-07,0.4801680192648189,0.2785864388720412,0.2923539790757465,0.4806606150147727,0.3010022570805776,0.5500336168141904,0.2964159724390328,0.4520080953891989,0.3319292120548665,0.4594156356198718,0.7161768145122379,0.1976919165926463,0.5296845439281356,0.2406755097603066,0.2259645790383405,0.1813866638430066
2024-10-08,0.470768916034464,0.2714898769706815,0.2865510508555869,0.4577222290364103,0.2745596855531746,0.5426849028266598,0.2801759629943489,0.45157634895289,0.3234788893899715,0.4510613390375493,0.706603995445383,0.1874161833468499,0.5094911223933811,0.2419865134004076,0.2119696455878496,0.1769260045873929
2024-10-09,0.4577528169399429,0.2674426151819878,0.2868631104829172,0.4478853870932004,0.2622001254145973,0.528227731194142,0.2529540269489158,0.456768137145655,0.3115116251016891,0.4517718422140762,0.7032810057773682,0.1795872486908584,0.506834966598788,0.23808291797726,0.2213580456881809,0.1668080213910883
2024-10-10,0.4724254097502727,0.2685242582949054,0.2869656730501058,0.4296562774344208,0.2535497453653821,0.5888638877130559,0.2466230441680613,0.4315086297563856,0.3183240884702252,0.455729317351309,0.7726075875626285,0.1714059019210377,0.4998798121589992,0.2403570454938063,0.1978645024412452,0.1659510394247515
2024-10-11,0.4518060762570492,0.2610932349492772,0.2849142701330207,0.3788919946012671,0.229835471609338,0.5721303054755128,0.2239715814902386,0.4443992556279207,0.3118793387628998,0.4511718689583063,0.4944884082282269,0.1493134128068486,0.4550765976242342,0.2433717067576588,0.1817094352363266,0.1328175680595508
2024-10-14,0.4617828984621162,0.2634875852771011,0.290983821257598,,,0.5733339486870832,,0.4409351912195016,0.315911651879712,0.4614906373479565,,,,0.2525192623458698,,
2024-10-15,0.4961892306349469,0.254256594328671,0.2937385800314888,,,0.5907677527326225,,0.4498453795006298,0.311887010274,0.4671847740561139,,,,0.2621524288795641,,
2024-10-16,0.4837640961558679,0.2641778636583402,0.2943229152831909,,,0.5860664664686525,,0.4529634432181387,0.331113717324291,0.4686073562249976,,,,0.2750347542789202,,
2024-10-17,0.4901648307177971,0.2703805766230506,0.2928148654134412,,,0.581091696155845,,0.4697124598861589,0.3392335629846842,0.4695646073680879,,,,0.2636099886149183,,
2024-10-18,0.4612793035940745,0.259503553009012,0.2835610300219746,,,0.5623400495665127,,0.4423731109037305,0.3307861379778009,0.4565645048763506,,,,0.2629830531082109,,
2024-10-21,0.4990861091774262,0.276059652665945,0.303055501637147,,0.3737679197632307,0.5881091207269126,0.3481187259992579,0.4602303342729492,0.3417719099739693,0.4759884882870203,,0.2115474691847244,,0.2562504565577309,0.211341773488757,0.2062023239722802
2024-10-22,0.5009100352588162,0.2735799470067108,0.3166094449892734,,0.3914842648420815,0.5850869224269358,0.3649898119639994,0.4544451244741689,0.3613244417401098,0.4970449839500373,,0.2104041804805572,0.6946545115668198,0.2691431954705809,0.2122271651859799,0.2029131080127129
2024-10-23,0.499115565113746,0.2891792508985346,0.3269045705502789,,0.4139439732190357,0.5942894179578845,0.3788016673094232,0.4696049680132219,0.3727658146308018,0.5139519868155783,,0.2188976625061679,0.7084550796595491,0.2800916541252403,0.224472514840747,0.2169888064469053
2024-10-24,0.4843423779216214,0.2881142729238855,0.3457077876039217,,0.4109025983015471,0.5944694521824317,0.3864727115441871,0.4638085687063586,0.3885744284635326,0.5122443732951182,,0.2194490297505436,0.6991501443086714,0.2908716422433328,0.2218722793977337,0.2172081395283376
2024-10-25,0.4742016112124431,0.2963433044429016,0.33623253799366,,0.4217901102219042,0.601916292254197,0.4020388487060055,0.5035265165836401,0.3991296901271532,0.5248305104376404,0.6449679714245644,0.2098929134390759,0.7071363006641959,0.2944230595697905,0.2196872045272814,0.2157965452310982
2024-10-28,0.4813766013937088,0.3165236724883021,0.3599981220188585,,0.4558195578746619,0.652664622133085,0.4575356405793283,0.476723411216979,0.4553043569633214,0.5595327698269934,,0.2205197640275354,0.7526629539108494,0.3006344592723156,0.2240935186460777,0.2307687569225728
2024-10-29,0.4844778522911049,0.3166476680167641,0.3852814845361216,,0.4644130900285763,0.7001312326160226,0.4766715751133618,0.4822636614317312,0.4813606026866577,0.5674817248390952,,0.2217886894944146,0.7843474300549035,0.3216790552648463,0.224370679342618,0.2556659299910221
2024-10-30,0.4803031268980825,0.3329426124409191,0.3962497680380432,,0.4839369011128007,0.5152130589651905,0.2919683210252412,0.4892883690858565,0.2826484585745845,0.6465709472734641,,0.2273421875481282,0.857050034868609,0.3393068574820181,0.2296896109398315,0.2281316376311835
2024-10-31,0.514946771177884,0.3550016267616968,0.2799957122788379,,0.5291480163961494,0.51625273932485,0.3036137112099683,0.5368750292256387,0.2986048962597775,0.3833728980415331,,0.2564158107780513,0.9302637372180964,0.3613917421917998,0.2477748096798444,0.2543448891340746
2024-11-01,0.4707619719693311,0.2559686755948442,0.2398081413956013,,0.2968020494875146,0.4627863453113023,0.2730215860667483,0.4856142059830923,0.2677372614250274,0.3531492091962315,,0.2402236509748959,0.5590854801221198,0.3915807814571289,0.2429896808418871,0.2402300762367847
2024-11-04,0.496117233560774,0.259615691458242,0.2516743773345574,0.5240061637928818,0.2865799141139967,0.4871797976528801,0.2777023774630663,0.5245186104849846,0.2737754219165506,0.3692545065390501,,0.2557668601748335,0.6035987788502448,0.4319031563882058,0.2657978075489611,0.2537305228147943
2024-11-05,0.5480007061904729,0.2121193129022713,0.2468522115720859,0.5561420224996472,0.2438159528919696,0.5240588651753049,0.2641114847430514,0.5131706065130124,0.2692609393716594,0.3055326986685774,,0.2513491198729735,0.5746681150048498,0.4686624093968736,0.2627509141999235,0.2635893937448537
2024-11-06,0.5353910297927645,0.2101883844431706,0.1989205713811811,0.5587721756562553,0.2437161356281009,0.3937369661079438,0.241036825331263,0.4502835018552231,0.2497991682066576,0.2868189753909283,0.6265947705898546,0.1803162969056335,0.5350459285810253,0.4413636765858288,0.2476958892362629,0.1933355197547901
2024-11-07,0.51107480227714,0.1949630766159599,0.2026868780232679,,0.2354116550205372,0.4459694329087435,0.2445021763358468,0.4114121374834107,0.2488463687666399,0.2743171255288357,0.5689963258641855,0.1802906484238522,,,0.2464117934920328,0.2231239215841407
2024-11-08,0.5042558488890932,0.1920757085899803,0.1913148933452032,0.5313797972090168,0.2317776964498796,0.4364072364309178,0.220200221690701,0.4121060206834461,0.2117340830228299,0.2716143359832153,0.7607902860092283,0.1690233411562589,0.4480832047712264,0.4846435148429517,0.2571234434462305,0.173016087598786
2024-11-11,0.5229940615467266,0.2105289751406812,,0.5453053994604417,0.2458368667439622,,,,,0.2831632478618955,0.7173342606369192,,,,0.2505078009879816,
2024-11-12,0.545094168595054,0.2083225358740749,,0.5485462654049631,0.2456628164390503,,,,,0.2856447837374314,,,,,0.2525785233792325,
2024-11-13,0.5545070757259851,0.2065193402497846,,0.5357416048085308,0.2478054739415462,,,,,0.2794615867810742,,,,,0.2490812819021775,
2024-11-14,0.5465339580507194,0.1972598342406964,,0.537476647021313,0.2479326364102513,,,,,0.2714671925330581,,,,,0.247519009495735,
2024-11-15,0.5754545295695185,0.2015651577903695,,0.5324087820479246,0.2700347728790988,,,,,0.2900337050058075,,,,,0.2519604579423878,
2024-11-18,0.561995730272362,0.1926163103782893,0.1899891352084381,0.4872115772946024,0.2770452300659727,,,,0.2308611264668799,0.281983543560342,,0.2971383131324253,,0.1577147736978343,0.2625102673825178,0.163865288958705
2024-11-19,0.5444947449219587,0.19307126715419,0.1871011250050993,0.5511076481152787,0.2649987941800288,,0.2297758570728593,,0.2237668031062949,0.2834175440440645,,0.1919595579610708,0.5397766647226114,0.152254840415746,0.2635768366650468,0.1697965917312459
2024-11-20,0.5698537671312007,0.1915808749026122,,0.5778055043938027,0.2774864245390714,,0.2380306099450377,,0.2440428540974535,0.3067433809080077,,0.1829801585217529,0.5518906819178094,0.1577340467667128,0.2704560158746203,0.1736133024678151
2024-11-21,0.4501028812082687,0.1972186761643862,0.1900524715108641,0.5624086434652362,0.2908012201873582,,,,,0.2884319822891676,,0.1816290521990829,,,0.2784491793294305,0.1626437990823425
2024-11-22,0.4244664251835752,0.1855725600810148,0.1793476904574584,0.5801559182940621,0.2932968194298933,,0.3053537452960271,,0.292959019038322,0.2732747719465872,0.6736664072235253,0.1854741338846394,,0.1610016528448066,0.264813503448266,0.1526106465140831
2024-11-25,0.4199642597393354,0.1811354700264785,0.1749088746286185,0.6577689405569631,0.2816944757696277,,0.2835229772967703,,0.2738209116469806,0.274250228211321,,0.1831590285363422,,0.1603040989671457,0.26037982957801,0.1506594200309204
2024-11-26,0.3898356927150297,0.1762690899094877,,0.6079878490057639,0.2689984259343631,,0.2711403759103396,,0.2643190677093703,0.2612640665758644,,0.1806213964723061,0.5566728405719816,0.1348244733385639,0.2646188918907946,0.1465377994973841
2024-11-27,0.3778585236500232,0.1764997060269492,,0.5521122418848472,0.2658828017451322,,0.2699943990658495,,0.2615871448970931,0.2585409491251761,,0.1771670127554296,,0.1759384558254967,0.2585589185312331,0.1379418180727759
2024-11-29,0.3787494770023708,0.1719004838105858,0.1711673274379577,0.6746042760843508,0.2640585595554441,,0.2755548192626121,,0.2658193719979849,0.2585332910099421,,0.1640513027817116,0.4595132036530793,0.1633106150906037,0.2583563195331474,0.1392084637360695
2024-12-02,0.3797005026674825,0.1768747669735848,0.1808827493355512,0.573642891305713,0.2637778087286486,,0.2724666763489656,,0.2599324357692831,0.2808846827937751,0.5957425520230668,0.1817820553081978,,0.1404309280037916,0.2993524396129482,0.1547408866712014
2024-12-03,0.3631430932701975,0.1712307263557751,0.1899143140372594,0.7208255999105971,0.250901981463961,,0.236778684657571,,,0.2927478439133408,0.5605476898921973,0.1869973602693116,0.5540196274348793,0.1564636458936365,0.3050969035550114,0.1572460156958074
2024-12-04,0.3981679042778786,0.1683172754210889,0.1836008480651917,0.6703912786691676,0.2556312730052398,,0.2553358565552224,,,0.2772149938460203,0.5737552013894393,0.1813923406930578,0.5660453303194424,0.1461671566930688,0.2558720020159901,0.1481467292947946
2024-12-05,0.3853024895516738,0.2083237268176427,0.1887443156296178,0.6980186854660146,0.2496958011908129,,0.2388602782702154,,,0.2769865315503194,0.5889872293167167,0.1695817403101423,0.6241707061022097,0.1438400715142918,0.2496238842952021,0.141424644286268
2024-12-06,0.389366874311419,0.2010524461252948,0.1890847035062896,0.6349722763928464,0.2491147162611016,,0.2326894725812926,,0.2530557809656032,0.2731564899709071,0.6008338029342015,0.1361708128102394,0.4838539434473315,0.1399481423583871,0.2413734090282316,0.139261068483314
2024-12-09,0.4121754872057945,0.2249380111188162,0.2086193792379815,0.8189261937904067,0.2647983006172871,,0.2469190092690621,,0.2718426771943261,0.3023574083876451,0.6582139865065296,0.1881246122658278,0.537933674101599,0.1467936208927227,0.2448491598193919,0.1553452431534935
2024-12-10,0.4143985175871283,0.2231926749540995,0.2033586079210828,0.7932867613179756,0.2636574668266697,,0.2426905460498636,,0.2793728849768438,0.3128349041521313,0.63586049313793,0.1842439486319965,0.6172252725051444,0.1617360480410041,0.2496228365895013,0.1667737253365357
2024-12-11,0.4108771352142756,0.2178692950032975,0.20342037265909,0.8942074159474376,0.2607289916232592,0.4510395879999709,0.2896578249935066,,0.3889701129196262,0.300594354553868,0.6299070068085348,0.1807219011070019,0.4886740704436899,0.1487603524740784,0.2485299512741647,0.1487631775902007
2024-12-12,0.4098860904062616,0.1716490990428935,0.210906116913791,0.9666765979198912,0.2618910899777353,0.4446786094602308,0.25651398005837,,0.2871852947303772,0.3461732860279409,0.579484273769028,0.1776188897992378,0.45324043990002,0.1510724158992312,0.2498736451760454,0.1411822746887596
2024-12-13,0.4229387074678746,0.2233788714015467,0.2022039034634773,1.0776239965304688,0.2593839308434587,0.4876877905154704,0.2551176308225378,0.4738002459514264,0.2671415525247326,0.2659155077703189,0.5658670144360226,0.1965876163691186,0.4986678107737607,0.1439185079432148,0.2063857087097938,0.1176507425354689
2024-12-16,0.461161669164882,0.244592258723328,0.2111758521471175,,0.273066936974791,,0.2921063898711115,,,,,,,0.1528387631530759,0.2205359820238707,
2024-12-17,0.4780520034368643,0.2572669162912629,0.2229642173479985,,0.2806626337521988,,0.2749110231248663,,,,,,,0.1582466576367112,0.2171660423636188,
2024-12-18,,0.2641990442637155,0.2583470850639599,,0.3144017560851136,,,,,,,,,,0.2473613749662765,
2024-12-19,0.5173498498286003,0.3038853666521883,0.2687320476539515,,0.3129053023008032,,0.2941797777693545,,,,,,,0.1822534516459391,0.2442210223813538,
2024-12-20,0.4655526843232732,0.2728911768920497,0.2162763083382204,,0.2860772632527013,,0.2742680944441248,,,,,,,,0.2072803887292164,
2024-12-23,0.4353405059648529,0.2947515664046103,0.2142111462091133,,0.2618491832261229,,0.2590071455392859,,,0.3011543237277451,0.6326042534084192,0.1857060794443062,0.4931246934502398,0.1393622192906598,0.1865902861073176,0.1800872990397427
2024-12-24,0.4292421402959093,0.299661191194567,0.190037124265153,,0.2417405545338709,0.407229521872731,0.2395687262239752,0.3874700609218585,0.2412087086387842,0.2873907370750346,0.6456566994423045,0.1733766429989644,0.4518015285951439,0.1235577884829624,0.1744994765867855,0.1741593897568404
2024-12-26,0.4064193885080053,0.3367937130261275,0.2097741498081995,,0.2519688271578292,0.3937733914683253,0.2402583580063428,0.4294588740085991,0.2180365650574719,0.2920889552722035,0.6443564907964362,0.1767156750783194,,0.1280956815969854,0.1706834464806714,0.1703504627362802
2024-12-27,0.4195375779043247,0.304233907816657,0.1915771857124274,,0.2566591335196015,0.4074316516022966,0.2655418130870058,0.4203962109371021,0.2486718160500768,0.296286985781966,0.618179228495511,0.1835320611367807,0.4701366238442375,0.1315092108347167,0.1844984568461047,0.177570011809391
2024-12-30,0.4391858674260182,0.2998201038610704,0.1954712210025075,,0.2591657846911574,0.4126901407193133,0.2718715731127608,0.4075762773944369,,0.3056952435908944,0.6084681645199171,0.1855681933612196,0.4965781979726939,,,0.1734858356581262
2024-12-31,0.4360915440329441,0.285379682160594,,,0.2662347208817003,0.4019704496293939,0.2553053656998618,,0.2531318823576903,0.2956139319193649,0.6208565848195932,,0.4893551473535648,0.1399449497614541,0.1875378726709529,0.1775260551512518
2025-01-02,0.4491855131895492,0.2666438718611033,0.1970557520356348,,0.2695656890798634,0.3994001815540481,0.2558835217056489,0.3979226674422777,,0.3068070113420124,0.5928037202847884,0.1879038626252422,0.4545333503688563,0.1431742899731176,0.1962284817937613,0.1872294662514263
2025-01-03,0.4349000691603167,0.2448362112007862,0.1697886558777134,,0.2485716520540275,0.3841515753193358,0.2266595301804155,,0.2260687806174172,0.2827921908371623,0.5823353084055963,0.1721951435540832,0.4375294281833615,0.1520613976692088,0.1834039016638851,0.1635877352536298
2025-01-06,0.5274025316858459,0.2862786429265082,0.2004711018630273,,0.2703445632499998,0.4350549071978537,0.2489829595928103,0.4087604839169507,0.2630498892508406,0.3256833576920128,0.63290900882778,0.18500062722038,0.507895816634217,0.1671433669036994,0.1933333237677359,0.1950325562699076
2025-01-07,0.468932115165761,0.2321193293432672,0.2051087021062003,,0.2726547099344309,0.4308657285581083,0.3463217714443161,0.4193911599954808,0.2819283047438172,0.3383469603071133,0.6450602430746442,0.2547166354526313,0.5333411874846169,0.1641740782347328,0.2002094257100723,0.1979822300457319
2025-01-08,0.4438406332473689,0.2294688139007716,0.1945528999955478,0.482139949193748,0.2649912985302763,0.3997039093209726,0.3372680475864123,0.393179724331112,0.2649572299878304,0.3295431330643135,0.5950689133343141,0.2547042773624124,0.5070287007348913,0.1643388747282694,0.1977229017978366,0.1836329987292917
2025-01-10,0.4330179529735662,0.2387578557188808,0.2094191435397231,0.4928243841692641,0.271997693576982,0.4109094499224921,0.3489634363934105,0.4042322211172984,0.2718715291721898,0.3644141617121207,0.5830174719611623,0.2689965043015258,0.5779500273118475,,0.2017256906105009,0.1901660576337617
2025-01-13,0.4600097313569816,0.2420447476261315,,,,,0.3354803538014674,,,,,0.2712662145431685,,,0.2067261640510667,
2025-01-14,0.4298167354041125,0.2397824052687741,,,,,0.3361501797128679,,,,,0.2638314665058692,,,,
2025-01-15,0.4051119221055161,0.2219081088150082,,,,,0.334391149725515,,,,,0.2543389647892872,,,,
2025-01-16,0.3974531172253356,0.2516797427176003,,,,,0.3282525606721573,,,,,0.2585664911626972,,,,
2025-01-17,0.3733644567827791,0.2380946073966277,,,,,0.3556355928969797,,,,,0.2540743577227073,0.6244839486044085,,0.1822832630950831,
2025-01-21,0.3820788001488616,0.2719198275435588,0.2562650115343928,0.3068242107697132,0.3575379373602558,0.4752069301107993,0.4121057893484768,0.3502066065430715,0.3707700936010841,,,0.2698110056394497,0.6366148572560831,0.2522070159436758,0.1857138647641373,0.1750591778648771
2025-01-22,0.3887546506628512,0.2876384744222293,0.2676992196428914,0.3984546493024838,0.3728131324039904,0.4789606696283576,0.3636502498584755,0.3923230365169394,0.3275743166128917,,,0.2689928483022226,0.6717877235881203,0.2517587322357677,0.1851311526486734,0.1673302278794738
2025-01-23,0.3753721137378014,0.2868333375074248,0.2252061609515913,0.4054585079601343,0.3681748541167889,0.4828265334577739,0.367796948983764,0.3729845030805908,0.3731823643338472,,,0.2709427355816582,0.6463145995372722,0.2730456719693376,,0.1659932700582601
2025-01-24,0.3914104384310602,0.2948075500166483,0.2485639836885997,0.3917160055734131,0.3665586792754379,0.5013157237538276,0.3689736614294011,0.362540168516588,0.3361787190739672,,,0.2777475540019152,,0.2501645530018742,,0.1639209664594062
2025-01-27,0.6189454608141911,0.3009356431010729,0.2971061019041903,0.5105737445113687,0.4169928830054884,0.6154803864870094,0.3496710561191406,0.5503961195333287,0.462168331338432,,,0.2900199827510997,,0.3142421154973948,,0.1911236791792093
2025-01-28,,0.2965850984389038,0.3203118768953479,0.4946257472515837,0.4300915366884577,0.5748137169395101,0.4151199106410209,0.4656397991311524,0.4096985320123219,,,0.2991838847164187,,0.2988987323997725,0.1950143927247107,0.1814806876273592
2025-01-29,0.5581030143977966,0.2954188652306564,0.2869385173591076,0.5299167378088916,0.4572640648494681,0.6014388183011865,0.4188008895266293,,0.4117632515054852,,,0.3078082885228586,,0.3240204215568494,,0.1760384811597566
2025-01-30,0.5738527364311707,0.2938103065763391,0.2313271803228562,0.4929001826006202,0.43257608528232,0.5734542459779044,0.4124861051481299,0.4693902778971252,0.3602314228096038,,,0.3108522054439583,,,0.1909448023963271,0.1821225035938926
2025-01-31,0.6205763002661494,0.2205114259680494,0.2350237937666526,0.4756632453953291,0.4329643506332785,0.577899712022534,0.4046508403769663,0.4340033395429462,0.3878208655915354,,0.5697013894208675,0.3093992780305664,,0.3150701309151852,0.1919750215299211,0.1780039945546724
2025-02-03,0.6092658673581925,0.2534717398173208,0.2337332260797975,0.4996220908516801,0.4786022837896347,0.6337890927058131,0.506804573117315,0.4735068485734268,0.5385145207873513,,0.5936813730425446,0.3479843675289354,,,0.2180678200947556,0.2000320073522458
2025-02-04,0.5435149091733249,0.2218154443031906,0.2095771190960965,0.4803587092443273,0.4821781144779427,,0.4664839743199125,0.4515229479236068,0.533070548083802,0.3371372388892105,0.6319059606864545,0.3552541087616033,,0.326019115944884,0.2044725964771139,0.1732855816918405
2025-02-05,0.6380989960624156,0.2178722288053368,0.1986185978966004,0.4319509983479008,0.4931614882853257,0.387270664971352,0.3063158507317552,0.565359143478443,0.2798859591172092,0.3394330642648278,0.5317579806979743,0.3786376805906621,,0.2709784406206703,0.2180575073097098,0.1853638882733786
2025-02-06,0.6048318370878168,0.2002345219389758,0.1760077559998845,0.5089606884831972,0.3865386863130642,0.3680539124933532,0.1465084191960529,0.5230969737201807,0.3238914415948983,0.3312843805960966,0.5236804316956647,0.3698359245441223,,0.2594081192170728,0.2830738108049006,0.1498582048208951
2025-02-07,0.627511432776628,0.2289547336719673,0.1931635991506651,0.5104986603218591,0.3360018669532615,0.3650634503283221,0.30418383516559,0.539844410336149,0.3228827052297858,0.2983986427823424,0.5012528112526413,0.3955202884793681,,0.2631445441410961,0.281847907261865,0.1629273278170807
2025-02-10,0.6017765804768032,0.2322658680478727,0.1935819927935221,0.5064749515892764,0.3550427642018034,0.3609368205518092,0.2756053991280161,0.5216925283303994,0.2834576911698598,0.3335886973461778,0.5312095069036645,0.4195413977217372,,0.2737501652437205,0.3043678455724032,0.1618033531348326
2025-02-11,0.602249120018991,0.2207385618421798,0.1837870738286782,0.5120848565850661,0.3510546984181297,0.3630135856889257,0.2344790706564143,0.535776967150392,0.2805576809124118,0.3409094821430142,0.5691016109941025,0.4403387084339834,0.7361368495611342,0.2595643504739319,0.3260649948511401,0.1666536015063836
2025-02-12,0.5984419025377173,0.2084298406032405,0.1704459021456961,0.5021064136298516,0.3400242818063451,0.3464263251432795,0.2806253857243038,0.5631709521899688,0.3060570488083601,0.3396986289264146,0.5157877449427289,0.4832437500419033,0.666928585523255,0.264269738819924,0.3441939172270877,0.1743357878481527
2025-02-13,0.6104901611610569,0.2063878673868423,0.1610791118445579,0.5056093165043624,0.3286441052080232,0.3345229189902252,0.2621246742461847,0.5567570360438532,0.2256388595372464,0.3275180623366499,0.4989777006203741,0.4857849507799843,0.7310171217255088,0.1834699425489366,0.2928582583236129,0.1421952852502314
2025-02-14,0.574314350411632,0.1966409786739353,0.1496095349101489,0.4980346713825357,0.3201961667710464,0.3122366355273308,0.2547764521363835,0.5490672139602426,0.2346189669933924,0.3454958868339917,0.4519253391147219,0.4801428185593874,0.760201197738445,0.2096716908645851,0.3091917535835782,0.1791545254883237
2025-02-18,0.6238831599460481,,,0.538695078378546,0.3495497784531446,,0.2656991292474294,0.5434558272977128,0.2880509552677864,0.352999885458888,,,,0.283750940461188,0.2785805036893969,
2025-02-19,0.6133358977246991,,,0.4934933987980562,0.3541511573042978,,0.2874736256098284,0.5418379623953529,0.2789694326083081,0.347212515800013,,,,0.1719391734551527,0.272635088664233,
2025-02-20,0.6102438239796518,,,0.4976124570812599,0.3298995565189759,,0.3027107899797907,0.5668779618549961,,0.3392291785129166,,,,0.2358430068612765,0.335367783134641,
2025-02-21,0.5802879285247203,,,0.6721495673790443,0.3336761224042468,,0.3045414750378026,0.5542822229334236,0.2985252629827704,0.3370052229392463,,,,0.2013781681293131,0.2913621144359885,
2025-02-24,0.7554160013818825,,,0.6600558049658605,0.362193999156006,0.4334383332202822,0.3178859152285724,0.5903687946650976,0.3240591583597604,0.3538900750562275,,0.2750563703667111,0.5654060826604562,0.2101825640140232,0.3354984987442281,
2025-02-25,0.7374807751506209,,,0.6846011466710201,0.3691999755260654,0.4539255681713378,0.38959084408861,0.6670194259683074,0.3115321912518519,0.3755463544078941,,0.4548609106985827,0.5792609721959878,0.2313811466038285,0.3626754432791219,
2025-02-26,0.7263408719985184,,,0.7021122063944666,0.3602175864141214,0.4476419102706991,0.2397764280953132,0.6605263744260444,0.3208779918556632,0.3922518779895134,,0.3857287175577862,0.5851686949018662,0.2198172563502221,0.381083771619028,
2025-02-27,0.68594411223621,0.3498818890817432,,0.7076165634848335,0.3820694444850953,0.4565231123603762,0.3294964411494711,0.6570838792981835,0.3465416943405672,0.4074265119330841,,,0.5815421876965509,,0.3479449276306166,
2025-02-28,0.5756191718360844,0.343261570602879,,0.7216921655795345,0.315308119734019,0.4352768199896429,0.2921012704268584,0.6532408658357816,0.3270067610295632,0.3841322868531184,,,0.6014258109442233,,0.3163184757062077,
2025-03-03,0.6860375591092748,0.3740506311690091,,0.7808901264078834,0.3883948423623249,0.4766621762032277,0.3489350178383524,0.6996806912472918,0.3570137270414013,0.4143356933472927,,,,0.2518489141502927,0.3872019803454448,
2025-03-04,0.705967872069035,0.3816937284461532,,0.8119527285072222,0.4069199576105644,0.4845267926661136,0.3583688695783837,0.7064663727502418,0.298660811114451,0.4308125897129615,,0.4616241992040233,0.6815662478052901,0.3069816371040295,0.4326674056108887,
2025-03-05,0.6734712601234671,0.3550798922152017,,0.8122358219180494,0.3880174002238024,0.4672298360909381,0.353196822508205,0.7393660371229706,0.3389568751056797,0.4110136976509154,0.7511320567366908,,0.6938276771983511,0.2646794385927395,0.4083222527554006,
2025-03-06,0.6782404253426748,0.3793203475607117,,0.8678659005550367,0.4218258052164628,0.500794099345457,0.4204128574684533,,0.3739410715836631,0.4363082671913424,0.7470390790092339,,0.71573854254143,0.2596745114928432,0.4192406142468836,
2025-03-07,0.6416143846782597,0.3797408059967987,,0.8382343428754231,0.3954604544000225,0.4522812751329719,0.3533368625004887,0.5364246603635715,0.4069307105611199,0.4119907419193527,0.7268749610494858,0.2907362683565378,0.6881483679112548,,0.3135210269231524,
2025-03-10,0.7449377099943834,0.4428174814418855,,1.0186687414969695,0.4914284189671246,0.5454509450485897,0.4419905222352551,0.5998477651543476,0.44654832691428,0.5391660121447335,1.0047912001543138,0.3609483782843481,,0.3102889416599247,0.3632909233558883,
2025-03-11,0.7204069877164817,0.3970416862044904,,0.9931434510773552,0.4656844695273321,0.518734974473871,0.4162411656209522,0.5956865837429814,0.4244334341574353,0.5000305921010816,0.9534139936850308,0.3307197419386674,,0.29013989115298,0.3341553232058238,0.3559506227267071
2025-03-12,0.6826407270027791,0.3649503712071488,,1.001357466825712,0.4146275781804304,0.4883181263041382,0.3748527569632915,0.5654219699218328,0.3816301087671992,0.4658447263309021,0.836155398439413,0.3028683930169049,0.777030652209079,0.2624215065681647,0.276894379354495,0.297190676039521
2025-03-13,0.6616211781806369,0.3665718200106858,0.2959602099972209,1.0248159277854365,0.4134210314610351,0.4793209115689062,0.3699105642288612,0.5456642486371479,0.3754333868429317,0.4785608956897188,0.8139508487723935,0.3039702191933254,0.6479689215080343,0.2758909945379062,0.2852270885100401,0.321687983957925
2025-03-14,0.5939916663475624,0.3014347590056203,0.2569168562825458,1.0180049231366144,0.3540672264351304,0.4134768732064211,0.3203344311152387,0.5019489597124315,0.3201087999155791,0.3957920530027875,0.7114880607270222,0.2398484220126759,0.5442929416982458,0.2354623969991912,0.2459276944562478,0.2466467245814243
2025-04-01,,,0.2606813916176675,,0.3539461179016373,,0.3487710266353848,,,0.4086085314376556,,,,,,0.1786598878037048
2025-04-02,,,0.2615336803670224,,0.3613603188807812,,0.3475804152619203,,,0.4085437944120259,,,,,,0.1864435727155856
2025-04-03,,,,,0.4090468128361951,,0.3790963662870796,,,,,,,,,0.2221986852815348
2025-04-04,,,,,0.4675209094844863,,0.4460729788334353,,,,,,,,,
2025-04-07,,,,,0.4810026676097422,,0.4474875584669518,,,,,,,,,
2025-04-08,,,,,,,0.4637169031913422,,,,,,,,,
2025-04-09,0.4588501585389108,,,,0.3931305242435254,,0.3720882761445732,,,0.4488074009497908,,,,,,0.2156222055421771
2025-04-10,,,,,0.4420803480536443,,0.4197101899751559,,,0.4815229160600456,,,,,,0.2602682675894336
2025-04-11,,,0.2748402972657514,,0.4230960536569971,,0.4044280416730654,,,0.4673392297911232,,,,,,0.2412765888626621
2025-04-14,,,0.2650398671873155,,0.4071314366825329,,0.3940473048270749,,,,,,,,,0.2255730616256716
2025-04-15,,,,,0.3896856662518196,,0.3775216337015455,,,,,,,,,0.2200583797016631
2025-04-16,,,,,0.4183154194945763,,0.3925801444160545,,,,,,,,,0.2614405608219475
2025-04-17,,,,,0.4065561124815333,,0.3846703788267265,,,,,,,,,0.25717167435492
2025-04-21,,0.4016990736456873,,,,,0.4242677678941096,,0.4223608219796872,,,0.3651373115417807,0.6962414360855858,,,
2025-04-22,,0.3813861069194236,,,0.4366126020244492,,0.4192874419080319,,0.4172566721414581,,,0.3539838170729335,0.6683354843733514,,,
2025-04-23,,0.3799421890516406,,,0.4342364058772811,,0.4214415478057526,,0.4159075384824653,,,0.3464326612107526,0.6483075425325447,,0.26404058895781,0.2627380464352361
2025-04-24,,0.3654358073243419,,,0.4392967202562752,,0.4464624886880954,,0.4427227041401905,,,0.3543085372319366,,0.3401228537556676,0.2415207449034321,0.2439179259629138
2025-04-25,,0.3539265807152722,,,0.4219855542075041,,0.306910323450998,,0.3024485395924829,0.505489909008199,,0.349745598588764,0.5108637261610005,,0.2372053277006514,0.226445593838341
2025-04-28,,0.3652202526212486,0.3121969121758298,,0.4413279732093549,,0.3056579333958048,,0.3021918081801706,0.5554564238440193,,0.3589223140961392,0.5391630660847729,,,0.2331471949696082
2025-04-29,,0.3603299929913671,0.3116145308645668,,0.4426400600233047,,0.2977137414136341,,0.2955006227520841,0.5498635989193822,0.6729779680899102,0.356680018449385,0.4941257759762672,,0.2377530412365777,0.2238340797020716
2025-04-30,,0.3885938638663484,,,,,0.2983480144260914,,0.3026290901886258,0.5379941406602637,,0.3696205852924064,0.4949852881600383,,0.2515385091384184,0.2411970519637138
2025-05-01,,0.3473440236803139,,,0.4951336318406583,,0.287807985470265,,0.283321874245905,0.3670774763015709,,0.3794761347472372,0.4829282306211765,,0.2442401224752143,0.2130794066475271
2025-05-02,0.4454525642936263,0.2819539719991132,0.1983958245336261,,0.3047260447454188,,0.271157696237165,,0.2870398996427573,,,0.3635686550638491,0.4546038774198323,0.3179973204906263,0.2339948586332421,0.2032177938555028
2025-05-05,0.4749173391968361,0.334229556130581,0.2120791062020752,,0.3340009510312503,,0.2963432487619964,0.4498410848531426,0.291670788201011,0.3499706941975248,,0.4038425660542493,0.4692229936862301,0.3629605444989234,0.2514105525298684,0.2186832949834898
2025-05-06,0.4939875889436716,0.3240784791303043,0.2078604744759765,,0.2961339616753283,,0.2943210759373943,0.469970456845131,0.2899653578863493,0.3536253713011829,,0.4321159607585575,0.4672043375413753,0.3995384500441346,0.2899590185342205,
2025-05-07,0.5373420034971325,0.3169126883895166,0.2109334543371642,,0.2912313742975572,,0.3903892881123385,0.4951309642139821,0.4018780573317822,0.3481302866344933,,0.4390504778208632,0.4643298829652615,,0.2877083682143336,0.241324303195822
2025-05-08,0.4926325976977188,0.312639949276511,0.1964290236951703,,0.2892526468408716,,0.3325712051935733,0.444962858836478,0.3409607098706601,0.3401424651228001,,0.4873045034707602,0.446305010749886,0.4306100233993871,0.2797873307051216,0.2391005099280723
2025-05-09,0.4979654658061652,0.3000464610369919,0.1782758297803554,,0.2849701303719956,0.4997333243024935,0.3439322018188534,0.4192456780481972,0.3499795953386558,0.3369562575103163,0.6969299088734223,0.5090378218714523,0.4469892337102135,0.4483805398151988,0.2765550352993489,0.243504232136771
2025-05-12,0.4442570498684248,0.2856773243331448,,,0.271841010173465,,,0.4348522184815386,,,,,0.4403504278515316,,0.2553861183095616,
2025-05-13,0.4681822687233344,0.2887472102164531,,,0.2722795684483505,,,0.4652525118481365,,,,,0.3927528733124978,,0.2743798493828316,
2025-05-14,0.4981148269248605,0.3026642789363606,,,0.2848213560996773,,,0.4729323481060795,,,,,0.4712837989263446,,0.2736970906981254,
2025-05-15,0.4848489990118383,0.2892847872745064,,,0.2808114777732342,,,0.4730527324520133,,,,,0.4327474263505322,,0.2691992321571369,
2025-05-16,0.4786190383349256,0.2841497851236015,,,0.2679321217284789,,,0.4713049013242257,,,,,0.4164180048262312,,0.2671633058664981,
2025-05-19,0.4859801673132287,0.2918742267781328,0.1783089392890302,,0.2773141051988041,0.4393689080262141,0.2869798338253181,0.4832323690560393,0.2869232606528411,,,,0.4053034410477347,0.1822321185253529,0.281070652622444,0.1846837190934447
2025-05-20,0.4773334672376054,0.2984231440913294,0.1725196994330693,,0.2813524713315694,0.4293702152500752,0.2845156449045754,0.4885352496653851,0.2841858272918564,,,0.2335846029575234,0.4183790835510753,0.1724317157781834,0.2962608524101151,0.1810383322404024
2025-05-21,0.496973043416669,0.319221610599813,,,0.2921815143453253,0.4398537357933861,0.2983653117929183,0.5087564986750662,0.299661540061194,,,0.232069825310409,0.4403279079170537,0.1740008030567938,0.3050172359681686,0.194440695058583
2025-05-22,0.4912611201459417,0.3137230591051509,0.1765032401382789,,0.2928186948405776,0.4470683354808361,0.3151512934619084,0.5089885574251622,0.3148771946963316,,,0.227597607601787,0.4362022343002476,0.1733600386165226,0.2948194609029663,0.1962116394602517
2025-05-23,0.4900272016772769,0.331145961004252,,,0.3003860686015702,0.4479679515644591,0.3086889771083146,0.5108915173403106,0.3076414121483462,,,0.2385855896734646,0.4552769423630343,0.1715844923902084,0.2823963088247265,0.1968969830264781
2025-05-27,0.4895897346766403,0.3103282871882042,0.173509666406759,,0.282730726142963,0.4461545693570271,0.2947041520578281,0.5263327388457794,0.2686873594320355,,,0.2191998360865247,0.4150884299713925,0.1620881861890717,0.2631718176809538,0.192774536763065
2025-05-28,0.5032279398918122,0.310713865132208,0.1737805612696826,,0.2870865116081494,0.4538671225453564,0.2918440995521241,0.5462684290305462,0.2946878137895992,,,0.2290048276661621,0.4486446138260993,0.1610258210568536,0.2819478560538599,0.1960754392194776
2025-05-29,0.3766965842166763,0.3068735508537716,,,0.2790318761645606,0.4202814395785517,0.2820296404665078,0.5299438931712335,0.2815477143797612,,,0.2153056322193284,0.4330700150461606,0.1627629853478327,0.2808114583105314,0.1823649248181882
2025-05-30,0.3571286066632436,0.3010786466056902,,,0.2702182728404259,0.4255552776068363,0.2697577598937318,0.5114552743633862,0.2718206821401307,,,0.2277021848821037,0.4369792024583107,0.1583339095618062,0.2361683282439469,0.1830784766664889
2025-06-02,0.3546316402258864,0.3044842737001081,0.1566736246361384,,0.2746260453135368,0.4240486440345689,0.2756858532420752,0.5345722941376544,0.2709276625944609,,,0.2515596693922647,0.4304076178156975,0.1651399781432592,0.2148506867644956,0.1939136358358661
2025-06-03,0.3486693697221726,0.2923205387381511,0.152535913749954,,0.2733440662972581,0.4278777882159936,0.2746669600909933,0.5404601086877973,0.2749823749583602,0.2783601540878164,0.6063960437972692,0.2418154127933317,0.4053862012512579,0.1613475004812602,0.2631406768358877,0.1785338850955462
2025-06-04,0.336163735295039,0.2682453391577233,,,0.2630427396957607,0.4212207030541853,0.2680028027470748,0.5662775778432675,0.2629771540455665,0.2873820812886631,0.6132790446477324,0.2417588341979048,0.4024732629988432,0.1580778317944263,0.2759726312936265,0.1821408211187784
2025-06-05,0.350730416809097,0.2741950950039749,,,0.2687484598730945,0.4294611207537084,0.2740696385921172,0.5411600799436179,0.2723954266629698,0.2916163922405101,0.686557004064338,0.2387997221564954,0.4437746618206534,,0.2567602295344041,
2025-06-06,0.3348145610007016,0.2661615850028027,0.1542507254354077,,0.2629944094268547,0.4190209606932085,0.2600252895231079,0.3748177712397653,0.2560464983184989,0.2804002430764222,0.6325152726406567,0.2281158033002392,0.434081526600328,0.1600926925881666,0.2401495976472768,0.1726569682112509
2025-06-09,0.3479461260846075,0.2712580386242879,0.1540118570246409,,0.26526949352044,0.4378512221191547,0.2613345508065288,0.3546326447119098,0.2587790946170174,0.2830958270449653,0.6247154020343003,0.2246554852297432,0.4392336041887953,0.1643799591097066,0.2278446141173759,0.1688144787168462
2025-06-10,0.3348076883965791,0.2621040046655834,0.1573681034620878,0.4351987849243001,0.2638875119430758,0.430665665024337,0.2646877901765384,0.3445346838209646,0.2611132263576619,0.2828343087723487,0.6239672690940993,0.2227307618827208,0.4927237005899976,0.1536398844733177,0.2283421421483218,
2025-06-11,0.3221259647060104,0.2675314385308309,0.1527327305897589,0.432753373146358,0.2612300789164269,0.4262890012441393,0.262628430084517,0.3451550909427538,0.258347644442731,0.2771385638405121,0.6278464854544012,0.2224635903431322,0.4857074494759723,,0.2311496532438497,0.1863757137992442
2025-06-12,0.3094919367844117,0.2590663911759021,0.1591246002308304,0.4103539092146707,0.2558780944125481,0.3977638839487966,0.2597825219397675,0.3190858511172803,0.2580285628911271,0.2777831230187648,0.6123620244658918,0.2181297318330563,0.4811515581402762,0.1587596969530931,0.230444494656931,0.1815465611915495
2025-06-13,0.3144061031931994,0.2608627259902439,0.1609835399081665,0.4082184570247779,0.2621703227848982,0.4200692535501646,0.2596825902365527,0.3302111976646062,0.2569707264199305,0.2769642952640676,0.6348829041478126,0.2299869126043123,0.4819032075854541,,0.2314091223914668,0.201552723662657
2025-06-16,,0.2517696027738144,0.1504937980236751,,0.2581447233952406,,0.2594458666816232,,0.2577403977845759,0.2816229908064442,0.6227073475186279,0.2235958324196973,0.4563132370273237,,0.2278719748455303,
2025-06-17,,0.2600967823088357,0.1571772009896298,,0.2608111271687034,,0.2606987958050032,,0.2582919324555176,0.2886618842160872,0.6256276427887107,0.228088037451386,0.4688537521978368,,0.2322933681840474,
2025-06-18,,0.2425556583508819,0.149692275834557,,0.2596582149735262,,0.2602971746653907,,0.2571691767187507,0.2756009279872223,0.6142971412578081,0.2303032848717585,0.4487886976543908,,0.2189269167259294,
2025-06-20,,0.2387916849041912,0.1491181616375489,,0.2599058453155317,,0.2782636062393498,,0.2761568058675335,0.2732043923002809,0.6022738554924397,0.2308711973416871,0.4576710345419216,,0.2222081760229326,
2025-06-23,,0.2289730484053109,0.1504347484923881,0.5984220618130129,0.2488069082969177,,0.2863554746512349,,0.2793914222029874,0.2700356172340217,0.6072593970729054,0.2179061341910591,0.4224366356151141,,0.244538110889711,
2025-06-24,,0.2303646412100275,0.1433925161057942,0.5549301338549397,0.2402168857981712,,0.2757800717390181,,0.2700373856241486,0.271331347390888,0.5833997631195601,0.224013140665179,0.4276558760577673,0.1381637134124486,0.2221808602534216,
2025-06-25,,0.2240348897960797,0.1480011108919946,0.5491621944894548,0.2413042794588965,,0.2648973383898858,,0.2623252133250714,0.2599634785993746,0.5714777459160333,0.2152891470117121,0.4171238213962566,0.1449409306753473,0.2180676048733701,
2025-06-26,0.3240362955037609,0.2274814228738345,0.1522020116102777,0.4140351962018921,0.2519215461436735,0.4146633164662396,0.2529165418907321,,0.2562738820034079,0.2787788499877123,0.5480477247397584,0.2170756483260421,0.4101284435504809,0.1388572717861743,0.2071452452603537,
2025-06-27,0.3229003652817822,0.227581936464374,,0.3868369592683639,0.2481719078804333,0.4065470199211917,0.243767018055319,,0.2414245093655846,0.2636977261397249,0.5330887208645044,0.1823637827357773,0.4122771026508398,0.1324937884885829,0.2065642068180024,
2025-06-30,0.3156903229621128,0.2525895173549941,0.1523791050283929,0.3738656166563209,0.2651048504179886,0.4108610281233869,0.2777293422149068,,0.2697859035936576,0.2843242204471443,0.5355086710555625,0.2107857102489859,0.4034179040959713,0.1196593661369005,0.2160780152641435,
2025-07-01,0.3360804880572174,0.2500153791297107,0.1517936428989652,0.3689511147922057,0.2650843256636098,0.4367291499993346,0.2617168905086744,0.352805251066875,0.255428259469639,0.2804407032377574,0.5737234777178498,0.217712602507822,0.4159821825551601,0.1198930530820212,0.2302233072899648,
2025-07-02,0.3109314642250433,0.2453649512469924,0.2212224535037291,0.3509305055386938,0.2639114931772766,0.4262533554292519,0.2572279992374345,0.3391957918436272,0.2546408904096074,0.2748098093993706,0.5179094423594519,0.2112257542864422,0.4337134475347448,,0.2008956486002852,
2025-07-03,0.3369378630785002,0.2291349863820239,0.2200171094259515,0.3406558898396593,0.3275865943945423,0.4303251680530887,0.3360435094883439,0.3336337991153346,0.3309119732751815,0.3436372215374691,0.5665650105174247,0.198958480126363,0.4170389745779915,0.1746329112649552,0.1949349888178277,0.1514234220485246
2025-07-07,0.3431689431179849,0.2654031021747362,0.2316621163982158,0.4216237885017623,0.3472132233883841,0.4946996251925832,0.3601086597008738,0.3700332991511629,0.3545443331754219,0.3602554489500052,0.6061130306242196,0.2085956724948947,0.4574321134706923,0.199974240218988,0.2577349898036185,0.1578173545602342
2025-07-08,0.3406203584251706,0.2517704446701335,0.2245787179834925,0.482774578817178,0.3454507146650131,0.4635834340850854,0.3575623946046238,0.352226992687056,0.3536215639657444,0.355605873315146,0.5854340438405717,0.2076890571756038,0.4884549551437689,0.1771277596706093,0.2395879964051689,0.1486075031681619
2025-07-09,0.3409677101417823,0.2440306476010256,0.2266498279299578,0.4008853346828854,0.3347162904789106,0.450523656065222,0.3571113656723625,0.3391651288134379,0.3525244042129924,0.3600444145662941,0.5588706586282204,0.20563598109784,0.4442638514404477,0.1828712196018601,0.2094448691800508,0.1407001752150269
2025-07-10,0.3399521111298705,0.230943299514199,0.2321638676172653,0.4061807240358427,0.3393755511463398,0.4176646841391001,0.3562306850407478,0.3330803864381985,0.3516835419950631,0.3577207767336007,0.5611805826285815,0.2072321776758135,0.4145453156975626,0.1692889982034579,0.2263622707493073,0.1318220360983023
2025-07-11,0.3411292009963305,0.2213532078340719,0.2306651361400641,,0.3357143801014076,0.4050439008607875,0.3517523764494766,0.3313094709142763,0.346255982689242,0.3576732500759142,0.5533394614810703,0.2045181601834267,0.4093304664392366,0.1533560134391554,0.2257359698889882,0.1232848062942552
2025-07-14,0.3350122609049991,,0.2379892851469747,,0.3370899144273978,,0.3741258261423613,,0.3689384545396472,0.3697332140078045,0.5568046504993828,0.19929750376131,,,,
2025-07-15,0.3389510871249205,,0.2426102550790597,,0.3426618004077711,,0.3764889726921948,,0.3635980319787593,0.3742393249570849,0.5590696937489027,0.1991118614134548,,,,
2025-07-16,0.3366539500980426,,0.2411465285493969,,0.3387823169397143,,0.3699740310100491,,0.3663080634378166,0.3774250418997683,0.5526628546994731,0.1952639305361551,,,,
2025-07-17,0.334515914038439,,0.2424765612672547,,0.3373862130699013,,0.3699150905956235,,0.3641221496749973,0.3868302224660951,0.5480569720459141,0.1933841323882546,,,,
2025-07-18,0.3189561852686849,,0.2402002200725759,,0.3319912597476278,,0.3588716017007032,,0.3554295464183192,0.3844788748135405,0.5455508434299804,0.1927562946349214,,,,
2025-07-21,0.3214523089727684,0.2832815379040448,0.247881667609814,0.411576527119954,0.3476960987935494,0.5319176481370098,0.3723836119455098,,0.3677354255929919,0.3866048712107551,0.5743936994649166,0.1885897617690622,0.5420812439968891,0.29808230775218,0.1861598721377867,
2025-07-22,0.3296901240944175,0.2819654913415615,0.2580518677353499,0.4261304049707058,0.3528878229407269,0.5313644403310019,0.3933621813682588,,0.3879596707212679,0.3970152230956726,0.5762406713253309,0.1916382938942023,0.5702195637908327,0.305090727975864,0.1847224556088116,
2025-07-23,0.3270431023979639,0.2933202487199126,0.2563385827007853,0.4152823095503842,0.3587738029862284,0.5327843074044335,0.3967777879820372,,0.3803625716252564,0.3936069014198056,0.5884797535838885,0.1918884548092353,0.5885232544516671,0.2956642026160145,0.1805971458397955,
2025-07-24,0.30288206130438,0.291365505018343,0.2531792130058581,0.3917173626394769,0.3592723795081307,0.5279304441238443,0.2890749814399524,,0.2888286033784513,0.3861850349046877,0.4731499607400327,0.1903117134597134,0.6211137127467193,0.2921597297440038,0.1851859916713311,
2025-07-25,0.2883387304486027,0.2822776955719629,0.2601249751532867,0.3859961657697901,0.3465754180781256,0.5252602364451662,0.268249172766994,,0.2662778289540183,0.381020985877821,0.4652892668391906,0.1777104731012229,,0.3113415961738063,0.1750697400611922,
2025-07-28,0.3052152743538154,0.2931131511176286,0.2762956822411452,0.4000745423265395,0.3755356013281717,0.5808562828755428,0.2736397406160421,,0.2728614543525091,0.4155441291744232,0.4615928147120821,0.1870829725111219,0.5265923613120994,0.3282795965769312,0.1832611711414483,
2025-07-29,0.3229696147736299,0.3197684978557235,0.2945485426013484,0.4209973579643075,0.388828616533121,0.6503395674383842,0.2812926196032819,,0.2789961127149251,0.4488637303455702,0.4655193214768707,0.1957845148625197,,0.3526328373527666,0.1934918042993937,
2025-07-30,0.3326607444496368,0.330765241435197,0.2742759017239118,0.4286957034885934,0.4089349872769452,0.6398593718362344,0.2747587237316964,,0.2721897025102339,,0.4543810018273698,0.1967730018803573,,0.3607504311018569,0.1967232045902515,
2025-07-31,0.3509699559037604,0.381356024929064,0.2202607985176135,0.4513276906324134,0.4420694455050483,0.6458216726864952,0.2986634651585103,,0.2946162487406149,0.2697007233151268,0.4740352597160745,0.199780648673947,,0.3762733689286245,0.2029132816875531,0.1377140336955903
2025-08-01,0.3531543953160313,0.3400988511438527,0.2000724373556342,0.4789188198396244,0.2978620597020635,0.6176799715605984,0.3077018256429141,,0.3030691873333551,0.2671014910569127,0.4836764047878297,0.1990979734249777,,0.382817543756445,0.2035192662031602,0.1503584448804611
2025-08-04,0.3493907664811523,0.3479638376606296,0.2324353700885309,0.4489754479189194,0.3074252309010256,0.6845557670455271,0.3117069697170977,0.366027926876282,0.3093198446981881,0.2753892890263791,0.4624497838063195,0.2045929669938413,,0.4301880945054424,0.2029338471847838,0.1455716741003742
2025-08-05,0.3609476729542938,0.3620152487630738,0.2103756105059807,0.4763129084061369,0.2843737908752676,0.7198943413995358,0.3190737440580463,0.3906628203817922,0.3145270020435837,0.2763071733542956,0.4509617214659903,0.1982667407417915,,0.4560389590040319,0.2068612299679906,
2025-08-06,0.3388505189139543,0.2432902724894044,0.2010629115724078,0.4712155766843544,0.262652686180392,0.4723902868308988,0.3213911412842719,0.3715206062278941,0.3172988860071695,0.2601932213648396,0.4405230508342407,0.2213684755336062,,0.4855802887831925,0.2109045262977671,0.1364109126120835
2025-08-07,0.3363542128007972,0.2316977936666487,0.2001905854667051,0.4560501216342332,0.2514974591950044,0.4496659991004738,0.3409311667211426,0.3659436463318377,0.3357674666493275,0.2640892951210164,0.4343646423375019,0.2109402700905234,,0.5149216032255205,0.2055313084482604,0.1531403251688191
2025-08-08,0.3245271495214049,0.2337167351003461,0.1740458159763547,0.4634359960801533,0.2306050612994558,0.4299253056373876,0.3539720159280498,0.3437246155048513,0.3539473920691358,0.2397511338238236,0.4273469812522258,0.2082512004392272,,0.5521578292463569,0.2056699997934896,0.151221124196016
2025-08-11,,0.2341126457624482,,,,,,,,,,,,,0.2171572572301313,
2025-08-12,,0.22757891486808,,,,,,,,,,,,,0.2046795342553115,
2025-08-13,,0.2303767342079694,,,,,,,,,,,,,0.2030872858500936,
2025-08-14,,0.2203210986628523,,,,,,,,,,,,,0.2065101791386839,
2025-08-15,,0.2169692693327812,,,,,,,,,,,,,0.2038428044361476,
2025-08-18,0.4156047762639147,0.2215427098406313,0.185516501813749,,0.2330307412495167,0.4492329340649966,,0.449200241633001,,0.2668757254807198,,0.2602361800805632,,0.1807216368822268,0.2024577242943649,
2025-08-19,0.4360818505333331,0.2136726508519678,0.1848233653670621,,0.2353898017213137,0.4564931379810761,,0.4704374055895007,,0.2677311685000496,,0.2741651485706285,,0.1911561148213409,0.2174494221848377,
2025-08-20,0.4423087258517917,0.2202759650503476,0.1812740752653892,,0.2422406332593152,0.4530660835937935,,0.4692540369977662,,0.2680446566457451,,0.2809693370068394,,0.188978985065278,0.2182149351101012,
2025-08-21,0.4482344822396263,0.2153647719515289,0.1923777209179334,,0.2451019349458596,0.4477450168264913,,0.4714077105634831,,0.2707779033048197,,0.1973662575993393,,0.193246689878052,0.2175032806024221,
2025-08-22,0.442129327851872,0.2125675107116788,0.1765075191166126,,0.2307061498927989,0.4343916048715361,,0.4657047470542773,,0.2522254514292604,,0.1903295749947636,,0.1790346300302115,0.1979859723556021,
2025-08-25,0.4591454447099943,0.2293758129881516,0.1801904941459462,,0.2361284066081498,0.43474551324187,,0.4832380137440185,,0.2530058995137844,,0.1964207898536652,,0.1808845825819624,0.2039261877043825,
2025-08-26,0.4684799258123285,0.2313351723067241,0.1798373456460902,,0.2319094224168776,0.4467364386461857,,0.4907724178772052,,0.2505645289835159,,0.1869251008269183,,0.1900306866844288,0.2014957298336806,
2025-08-27,0.4651841916562719,0.230122957368307,0.17881598848536,,0.2340808246684499,0.4488318884228621,,0.4934273432352458,,0.2533100844760167,,0.1873679998347183,,0.1874806790544813,0.2053326727961301,
2025-08-28,0.3295641863839783,0.2262036084270965,0.166445724086421,,0.228430821755252,0.4091192955000725,,0.4641054341539209,,0.2400056925222432,,0.1900352963523037,,0.1852566338619515,0.1935084529141444,
2025-08-29,0.3311889713636074,0.2166283501096355,0.1795403099821656,,0.2240299173598476,0.4101645245890081,0.3829290040896961,0.4900753226966366,,0.2450944277167162,,0.1772351310865762,,0.1827662618888829,0.1857394265921046,
2025-09-02,0.3476469078605095,0.2380175679262287,0.1934619261230006,,0.2394875363032512,0.4442977241366315,,0.5237416721457213,,0.2661854327843185,,0.1831579491061626,,0.1975512222706717,0.1932327494474294,
2025-09-03,0.3305915517221069,0.2166242844749155,0.1898985761703709,,0.2384993332779453,0.4230054554640444,0.3197900296705916,0.5089718542995412,0.3149520400731391,0.255587158671624,,0.1826208198560515,,0.179470878140005,0.1997959878288824,
2025-09-04,0.3106156300787303,0.2045388758219927,0.1822599996902623,,0.2513623697249931,0.4128722378338293,0.2830725626807842,0.4002237543391518,0.2622597761462228,0.2556191055889927,,0.1823167344763537,,0.1765225494131747,0.1880227517014285,
2025-09-05,0.3270395296773707,0.2017388195011603,0.1873965426495175,,0.2416294172486944,0.4058984553336644,0.2796711613235485,0.3550821214447129,0.2549785573495913,0.2490303908642242,,0.1784883914616607,,0.1684275984905528,0.1854230372951256,
2025-09-08,0.3286528396177859,0.2253476144476257,0.1847286551493389,,0.2687818617828348,0.4174670821657315,0.2856241269408449,0.3571294662192353,0.2576347444249366,0.2771526270117377,,0.1960542658424367,,0.1727365727500875,0.2019273178257406,
2025-09-09,0.327822607455032,0.2349423693704727,0.1937694427607086,,0.2735998238474428,0.4211078909967822,0.2850150541040602,0.3523778426146695,0.2625284044112536,0.2766826840256214,,0.2020736581870811,,0.1737842894017436,0.2236099389264535,0.1315022493376457
2025-09-10,0.3476824797556364,0.2857717921810555,0.2057852414164787,,0.2784561425848986,0.4438610394147209,0.2937043440270427,0.4036738692570777,0.2713858119798973,0.2920045627862225,,0.2073007809145919,0.6364606604564623,0.1812990440984816,0.2174150742292165,0.1340971098958486
2025-09-11,0.3082739148274901,0.2528995296383773,0.1974965593311289,,0.2635302479612431,0.4115763294815996,0.2948128418671524,0.3830045863396085,0.2691537486496549,0.2815732072989796,0.549548146302912,0.1999559354208129,,0.1826652748960893,0.200938897106263,0.1353659193555626
2025-09-12,0.2886888427995059,0.2367092767205985,0.1895401103120814,0.4963143852699123,0.2561647764641555,0.4142885529261106,0.2956697496743169,0.3729766727725908,0.2695361256726014,0.2688091625432675,0.571277838028854,0.1866959407573552,,0.1818654744128689,0.2035060374835897,0.1364310027015538
2025-09-15,,,,,,,,0.3813979862642506,0.3156672545211444,,0.5852281658564015,,,0.1897774582326641,,0.141278341929516
2025-09-16,,,,,,,,0.380969959974847,0.302758656168135,,0.5677573100889847,,,0.2048004419054211,,0.1490235064406854
2025-09-17,,,,,,,,0.3854859119104651,0.2937865102387745,,0.5607852235112332,,,0.1899788013208765,,0.1459641119061686
2025-09-18,,,,,,,,0.381691978357166,0.2898265905000768,,0.558962399595953,,,0.1940505997304918,,0.1448120634524394
2025-09-19,,,,,,,,0.3783815847964156,0.2826893423529985,,0.5413985519807103,,,0.1822792876725738,,0.1510188544441979
2025-09-22,0.3871122992879943,0.2419354800006658,0.2167584500589597,,0.2988850916297673,,0.2959949453377395,0.4252784849834342,0.293751818047953,,0.558066311041916,0.2152175489198201,,0.2005009442287193,,0.1628141077938482
2025-09-23,0.378468652248318,0.2373607015396185,0.2094882945135815,,0.3209288201187152,,0.3038487867796885,0.4275182755304246,0.2997906805753722,,0.5578003496424959,0.2077844624854748,,0.1953947261407629,,0.167903611348221
2025-09-24,0.3574845273022606,0.2271867683102446,0.2022988693488916,,0.3196701662505604,,0.2980091838549469,0.4054423064155757,0.2957389598660299,,0.5436399869327385,0.2090556584244021,0.718726441563901,0.1886136884657031,,0.1654004697081517
2025-09-25,0.356251625313615,0.237173665379503,0.2007575878127127,,0.3198515369455057,,0.3005461719244616,0.4049361169030968,0.2944050898872535,,0.5437476347347896,0.2093964210065432,0.7647711615012243,0.2080980972837294,,0.1632448510140673
2025-09-26,0.328693188433613,0.2193991118691366,0.1917597269838271,,0.2996794221053013,,0.2819977935831866,0.3808464890120807,0.2783924007190271,,0.5351513477343597,0.1914885285395041,0.7344317025507208,0.1933680178161319,,0.1560040510924649
2025-09-29,0.3457011310508399,0.2232455224235227,0.2017092426752661,,0.2998748353421732,,0.2901530973262705,0.4117147969334695,0.3007142251315566,,0.5470943477195421,0.194618028193507,0.7478187767775761,0.1990310556835718,0.2030501493695914,0.155261029320544
2025-09-30,0.381891484419025,0.219131758003397,0.1963983913405136,,0.2988974114156801,,0.3075416568943515,0.4054440700100667,0.3059967718549281,,0.5525304538448197,0.2030771241756675,0.7153580441380188,0.1869928057734793,0.2044483769754063,0.1489694307094299
2025-10-01,0.3793366693095469,0.2329265048959923,0.2126980698248939,,0.30784455279913,,0.3116115133426803,0.4187682727044791,0.3127612155312311,0.316462935132249,0.5611437406543025,0.207081784353286,0.7348492811799617,0.1970918399700319,0.2034243657684782,0.1537298604414674
2025-10-02,0.3849405014553024,0.2332924207111045,0.2112084163054705,0.5655634865843006,0.3116716804417413,,0.312830555857123,0.4238129142026947,0.313251290525924,0.3056949628170667,0.5534791732356338,0.2143930353536444,0.6769862393429927,0.1913313063085785,0.1949132731890618,0.1639379916624777
2025-10-03,0.3647271661088214,0.2220512739158937,0.2005423466895521,0.5551156866140448,0.3050071092115772,,0.3127588560621731,0.4083471513711256,0.3127156353408993,0.3258368588043574,0.5324071091007188,0.2027442199556253,0.6259157042235329,0.2110211260033655,0.1911810893248002,0.1459895029566404
2025-10-06,0.413806275441284,0.2415306476720009,0.2230434326193538,0.6308193835416793,0.3206743722316402,,0.3491090203894969,0.4995027637316643,0.3447962120411538,0.3540376263393495,0.586374893622037,0.2152050139486646,0.6892127063538819,0.2281209844273301,0.2035799840902657,0.1612409051950362
2025-10-07,0.4487623368344802,0.2361424859619432,0.2278732545986151,0.6066022910075922,0.3734314426228187,0.6413551140971836,0.3350769609741896,0.4580976503825701,0.3268885399730847,0.4646756173294804,0.6169346436694155,0.2638258721949041,0.7237158746669425,0.2388837705686257,0.2041098026868891,0.2109899674876787
2025-10-08,0.4583834504329877,0.2330230209545657,0.2175874862971191,0.6296776653562305,0.3763114132250553,0.7416283460775128,0.3126439118755094,0.4739492702079405,0.3136111500092704,0.4469554174615949,0.5985232240991495,0.2659350664183308,0.7317873823349921,0.2663279550195415,0.2015362624538997,0.1966789210395933
2025-10-09,0.4700428720343016,0.2312389699990963,0.220385132422841,0.5994249263792212,0.3834524887818393,0.6544904984670562,0.3299441884029645,0.470268249940628,0.3260467728515993,0.4420274447273062,0.5781125527616003,0.2750519605586116,0.6610078680434064,0.2554985188231509,0.2112908647504023,0.2062139089739736
2025-10-10,0.5085427428279987,0.2860173921095559,0.2445330982343098,0.6448787048127966,0.4122667819891654,0.6403008786847685,0.3273954658166775,0.482243988784184,0.3365540357103013,0.4966421867365164,0.6042847311465376,0.2802436447647111,0.6806861881561843,0.265276831583232,0.2210410506130937,0.2309953471873687
2025-10-13,0.4917810161656705,,,,0.4021634087790926,,,0.4978612835929552,,0.4912887808125115,0.5983512242690611,0.2691691839744644,,,0.2007958867617684,0.2205999586931965
2025-10-14,0.5005522873836061,,,,0.4150201577861778,,,0.486372373915078,,0.4980559724218827,0.5947602673519767,0.2902692550696524,,,0.2082702548189365,0.2245623450120897
2025-10-15,0.5037099659875185,,,,0.4255212030794054,,0.427950706323366,0.50253898748676,0.4254908251587472,0.4985574243686531,0.6018585308047618,0.2949585723083652,,,0.2141125565674082,0.2406287989822504
2025-10-16,0.5101378383057918,,,,0.4409702238680431,,0.4328084088236861,0.5158628249237242,0.4303009512048285,0.5114816264210693,0.6165959132037959,0.2995091167160626,,,0.2446549405804084,0.2472431734500152
2025-10-17,0.4946524371910256,,,,0.4257390626082054,,0.4196168637014757,0.4902678285206168,0.4119570664383241,0.4857789760157462,0.6083301243043354,0.291851991640093,,,0.2281964955589672,0.2472661446630129
2025-10-20,0.4864773938746575,0.2755246265645852,,0.6462279647981474,0.4210273848539195,0.6901643900231873,0.4218096557926657,0.4754878692045891,0.4190298946868103,0.4948367723209163,0.6119701525798878,0.2889357500187296,0.7475633482495855,0.3066832939657926,0.1972106092496564,0.2340491610285757
2025-10-21,0.4751829084618134,0.2649410089499489,,0.6214204251628686,0.4186101530791887,0.6759262037162542,0.4376322501960364,0.4707143136925465,0.4345259107453899,0.5142133989910077,0.60881583277973,0.2902618762724508,0.6821473345060886,0.3216808429122038,0.1907511167443172,0.2123723188144884
2025-10-22,0.4718086492289675,0.2666086755665192,,0.6237322901466518,0.4296014185772668,0.6697203007560597,0.4400092313285052,0.4603033793737971,0.4374021374696826,0.5100439868350267,0.6079531976053701,0.2970389043584742,0.7520952536337191,0.3185847735888294,0.2027234485634503,0.2304441163200707
2025-10-23,0.4706021640730871,0.2577074819125431,,0.6126416376559517,0.4146844115427635,0.6531730433178791,0.428055920465332,0.4470551150611611,0.4246167835846532,0.5103381845420287,0.567162103698572,0.2896280056874624,0.7408219989812874,0.3182236802531551,0.1957406394219441,0.2283717896347956
2025-10-24,0.4753781366716391,0.2569071814240655,,0.6361704505102748,0.4071597339904122,0.6938319995859603,0.4079734628926147,0.4482994970377224,0.4044606235713033,0.5002736647448882,0.5228595428382742,0.2945739076981346,0.6109383474057017,0.3061910553678193,0.1967844745045551,0.2248382142023162
2025-10-27,0.5210768498268012,0.2708813825665521,,0.6721661152557659,0.4166165735709925,,0.4263031990934759,0.4945305732483721,0.4226298936861432,,0.566418339176954,0.3048362616049263,0.6230207539400908,0.326804092002323,0.2002387749890235,0.2340199554622641
2025-10-28,0.544490049107412,0.2683388268857157,,0.6829293668557339,0.4363502945437376,,0.4483077043442214,0.5313142507699153,0.4444279413955729,,0.6120860736998357,0.311369765314113,0.8070441475183845,0.3380687330694431,0.2011973855370377,0.2528028457945941
2025-10-29,0.6130686330958697,0.2821056356537745,,0.7200346434246544,0.4616880818762146,,0.4807672165871143,0.559554647915172,0.4826952018073451,,0.6208573562586744,0.3228085098691414,,0.3493210862448286,0.2060294913868922,0.2201184788289817
2025-10-30,0.5372763701913998,0.2614948815888236,,0.6247744718664157,0.4865735705181156,0.7442025798944626,0.3327376884109943,0.5075735977782132,0.332644224010986,0.4018561665015695,0.5719901732825022,0.3189937956324668,0.8192805357751964,0.347544037626546,0.2063774405151208,0.3187412910985276
2025-10-31,0.5417892256111082,0.2230305213568437,,0.6788484141121847,0.345224905421039,0.7869293472984229,0.3242885425145425,0.4958101605798234,0.3216868267180187,0.4239357344534906,0.6105785223858476,0.3233715051766363,0.5815457303367546,0.3455169967605876,0.2249143475317394,0.2580602308268036
2025-11-03,0.5918984145857229,0.2255551424320151,,0.707186860202257,0.4327993426524696,,0.3170558693532599,0.5168948086218343,0.3139983029865432,0.3959737487090672,0.6644224262138777,0.3384125291582927,0.5673271424199751,0.3587420020348946,0.2215746284377073,0.2896532135636502
2025-11-04,0.5583045939327769,0.2289744500203277,0.2410159775484915,0.6786045871699857,0.4864899698590096,0.8138410832590063,0.315920505452315,0.5011140275000063,0.3148428687554062,0.3811464772494818,0.6187925975632692,0.3502304499957246,0.5498310988087145,0.3615957817654092,0.212238129729141,0.2658845399192667
2025-11-05,0.4813853746221812,0.21790790051227,0.2366103420478285,0.7417078861608928,0.4148872362840745,,0.3169080930570558,0.4898230006785431,0.3143507464740208,0.3732370322292616,0.5784441804352747,0.355821241113106,0.5612223515587578,0.3714023244729369,0.2467496266293645,0.2401814928913996
2025-11-06,0.498598163513348,0.2379697777454312,0.2368279728453993,0.7450385027824059,0.409609534796169,0.693480550751574,0.3307482206454673,0.5490811081093104,0.3328025723472479,0.3524932763134091,0.6097027987463758,0.3668974440392995,0.5545135920229225,0.3909682295168653,0.2647538428772011,0.2248045688458981
2025-11-07,0.515662610396381,0.2222165106569539,0.231090071180576,0.6942362819273769,0.3463296156360518,0.6057408619125453,0.3261346777312381,0.5673247839783963,0.3225566576504931,0.3506048239865202,0.5700572744232413,0.3656510871187414,0.5611255855178473,0.3998523119601523,0.2744358606846261,0.2218152286852214
2025-11-10,0.495783141258424,0.2241371720913831,0.2302269285630565,0.7752613886522478,0.4207648807305364,0.6639958977797514,0.3237978674358499,0.5564041374201262,0.3228842198812242,0.3368776445232224,0.5466174189433793,0.4029973797072998,0.5316808656211234,0.4317618083926394,0.272910823570902,0.216309273600012
2025-11-11,0.5067064280712226,0.2311256533990698,0.2239113776981149,0.7730093243470794,0.4623838268368114,0.6951048286318784,0.3078565863356381,0.5424969019080905,0.2983681542623049,0.3250689717093074,0.528997287029922,0.4119977310826065,0.5286968355983369,0.5023120940315658,0.2779648453039544,0.2171032243191193
2025-11-12,0.4967692416072506,0.2211654506346893,0.2362564810407046,0.7467021210419883,0.4261772893029521,,0.3114972324574576,0.5494824086833842,0.3082280061201096,0.3413508488920354,0.5206655670927826,0.4311925682638195,0.5221564578958322,0.5073914468699487,0.2757641120775606,0.2189293686156186
2025-11-13,0.5136141438641515,0.251915508615523,0.2423040120722419,0.7848776554376466,0.4260898528178805,0.8107818720996771,0.3546383031680767,0.5742672718870088,0.3511024828970959,0.3398506653179099,0.5706121002809112,0.4488663075604878,0.5327739571257917,0.292071890154263,0.2760265514281343,0.2338332129355371
2025-11-14,0.5066378585880608,0.2327625204896747,0.235762809393478,0.8448620828812773,0.4139073621877067,0.8046541605158719,0.3517405937436225,0.5614295353152288,0.3493527542935269,0.3234469975786814,0.5350180122718671,0.4550841572474706,0.5129430218013693,0.2671208753015958,0.2947498666862727,0.2268647257748863
2025-11-17,0.5250953163516621,,0.2479505124701867,,,,,0.5872821394214791,,0.3451990958058036,0.5466975137372647,,0.5499630920169496,,0.285727773774666,0.2397889888929186
2025-11-18,0.5471868115564029,,0.2629770430000284,,,,,0.6096877033684655,,0.3642580010450745,0.5584055351238205,,0.5597298245932706,,0.306921726745459,0.2365332323217422
2025-11-19,0.5496122110099156,,0.2497763572043232,,,,,0.6358135536602054,,0.3567693670166961,0.5531409766234396,,0.566187988731842,,0.3032007736476008,0.2330485430049762
2025-11-20,0.5255025860861893,,0.2699304408285478,,,,,0.6620267276589803,,0.3496404991261601,,,0.5659946224486262,,0.3101011975176797,0.2369525353638001
2025-11-21,0.5045101455866261,,0.2507109719507622,,,,,0.6354492742182445,,0.3309726678325595,,,0.5406987091938438,,0.3153630493418702,0.2245795188153013
2025-11-24,0.4411141390439337,0.2283249148802788,0.2382054252507068,0.7310051762974765,0.3270055412305827,0.597941570054193,0.3775256126055183,0.7115360991417354,0.3766518774021209,0.3214846177319173,0.5437911808170178,,0.5196096228723858,,0.2873888066295006,0.2196857616405192
2025-11-25,0.4534803941204869,0.2278855456128662,0.2344267580299323,0.7659662364137324,0.3188455356803693,0.575055969306975,0.3622334443000318,0.6607240659080351,0.3769765081986881,0.3038478923657637,0.5131414126969736,0.1951525101048359,0.4997163220048643,0.215371174274623,0.3008563325141154,0.2018350328470175
2025-11-26,0.4147365860868843,0.2140754257205742,0.2378266474359185,0.7500254640638605,0.3083054671375548,0.5342416875353194,0.3392650685809696,0.6106168799038563,0.3380403474934066,0.2893645767293402,0.4825575920682288,0.1891076318424517,0.4791520109121222,0.1907320642411367,0.310043490216097,0.2030640699836894
2025-11-28,0.4033864492997761,0.2138820316608816,0.2182805591218689,0.7324540971486411,0.3021609152631632,0.5250443349010416,0.3403222372558132,0.599823580848451,0.3381320350195763,0.2831517016084222,0.472317301559904,0.1806656173766904,0.5795074618048244,0.1797034774416718,0.2824223206074323,0.1957202741148478
2025-12-01,0.417118396164977,0.2484494846937001,0.2385567909191339,0.7869641139072195,0.333751398111582,0.5703791068196433,0.3450081635812391,0.6400671858870312,0.3421423016608853,0.2933908303688031,0.4803903481081895,0.1955858011940817,0.4994442426152903,0.1980181094894319,0.3111816026299824,0.2048256684330524
2025-12-02,0.4040938443975984,0.2264221681643,0.2282208186231448,0.8067207405977925,0.3157310472669609,0.5468163748732343,0.3337710694499177,0.6394756113165813,0.3158078411658795,0.2833811493322965,0.4596487392943492,0.1897747252496549,0.6287134096506625,0.2048564741453459,0.3167271319869278,0.2057745777655522
2025-12-03,0.3951820584777438,0.2360655725036908,0.2576044255428973,0.7982662722949366,0.3079505990669023,0.5274996669193178,0.3195528580190401,0.6276381408308376,0.3282870693465614,0.2841312706608643,0.4834460989771741,0.1841125003577359,0.6084492547957742,0.1969049494651872,0.3255407284546036,0.1994899246711782
2025-12-04,0.3936771937996055,0.2536301233819877,0.2531776378703013,0.7890694492520166,0.2898106681186564,0.516141271209809,0.3026351750733045,0.6177089697077198,0.3048080488959824,0.2999727010817168,0.4711829390201128,0.1931219745751395,0.5510079360381597,0.2019634976834069,0.2480076728340187,0.1970181583569812
2025-12-05,0.382643118490598,0.2431145210496957,0.2392083775218316,0.8072846127332645,0.2763353420692498,0.4853499211525442,0.2932720992643853,0.6467502193604532,0.2913127941176799,0.2918064782695223,0.4424329699629576,0.1927508936836524,0.5467706818709824,0.1893776557105344,0.2392928660980436,0.1916510458915113
2025-12-08,0.3965587239894859,0.258134446041821,0.2534022473154889,0.9044145360210604,0.2867777311909199,0.535337476977576,0.3073198863778662,0.7039665802207762,0.30526734164856,0.3069260886763502,0.4851974599258207,0.1974257193309694,0.5783744929290943,0.1846075103625731,0.2541675914187108,0.2025844531348047
2025-12-09,0.3908981212322316,0.255905122376617,0.247115740247111,0.9142907268189944,0.2784596710194337,0.572315120620383,0.2971087076453562,0.7148915463807611,0.2963735369776902,0.2915624336585092,0.4583123415800429,0.2019459106069994,0.5730258027281432,0.197103219367757,0.2512177141447621,0.2017772158483682
2025-12-10,0.3787888098300477,0.244963145878073,0.2599274820349617,0.9050918341188944,0.2762236256272762,0.5378006162048645,0.2949582254015288,0.8062865841526508,0.2917383168245657,0.2905508099927946,0.4536746508058714,0.20925835251501,0.5712846388321232,0.212626347377303,0.26006838678855,0.1915418352899849
2025-12-11,0.372176442346843,0.2494820414806584,0.2452337680054124,0.9029414696382488,0.2711351418958482,0.5015990928826296,0.2932110801091913,0.8067172922332558,0.2931598643737414,0.2747604310766851,0.4521076272676009,0.194419603319401,0.5583571817324575,0.2091911667388264,0.2451830529870393,
2025-12-12,0.3715846895598262,0.2518560927999976,0.2316438312771525,0.9422064736142636,0.2670632676333098,0.4929960384247456,0.2804122376157142,0.5013314853771743,0.2788430609128675,0.2745953866750147,0.462875552163688,0.2000517707027173,0.4832759035084139,0.1876178142956313,0.2123559587544025,0.1853123616070515
2025-12-15,0.3527367231306774,0.2458103335337663,0.2303202100329293,,0.2629892344371442,,0.2779471443899049,,0.2741031125880328,0.2825902823801461,,0.2005275443205964,,0.1991022042962502,0.2346032392658458,
2025-12-16,0.3406528074569594,0.2312932445292143,0.2260605794441995,,0.2583084819126335,,0.280844152898046,,0.2733009704278848,0.2882472060272364,,0.2030070126440776,,0.1982353206933639,,
2025-12-17,0.3562306175188466,0.2499950513217656,0.236685665134242,,0.2676481317111234,,0.2871575320256617,,0.2842892340765527,0.3020822908301491,,0.2067005906305837,,0.1918896950727627,,
2025-12-18,0.3392318632360355,0.2366310255006779,0.2387348185679802,,0.2588131573660344,,0.2729461438082103,,0.2684264205745096,0.2928959341215458,,0.1994541690285269,,0.1961446623093414,,
2025-12-19,0.3265066704025292,0.2273512809007553,0.2338125056404337,,0.2508519927247427,,0.2607927029056775,,0.2586449495499708,0.2908022376267353,,0.1857896741307552,,0.1665238829410934,,
2025-12-22,0.3260365699792626,0.2114209253344715,0.2278356344256071,,0.243096657484476,0.4422235167637911,0.2521055861701218,0.384998277357657,0.2475989075884527,0.2702960862554127,,0.1905346634300233,,0.1630308059661433,,0.1530685690201022
2025-12-23,0.3338266155032641,0.2022700777706781,0.2192864055619094,,0.2386032804934328,0.4360436473877401,0.2495392736434481,0.3765614476286892,0.246958673860559,0.2684727402549099,,0.1997165158253437,,0.1459665821811525,,0.1516239896079262
2025-12-24,0.3300545438373001,0.2185260876496479,0.2214487545627293,,0.2337587377017097,0.425219347301606,0.2485043579917234,0.3731344108607372,0.2432657051871138,0.2645411589428082,,0.1956654141173724,,0.1570190327838588,,0.1491374838312648
2025-12-26,0.3359087516700915,0.2116092500805412,0.2166890956450773,,0.2319220157417356,0.4313753212162752,0.2444063272332455,0.3818525187954963,0.2414388159231805,0.2635979952682578,,0.1936897898253065,,0.1241890568404137,,0.1439920878960577
2025-12-29,0.3435501351584734,0.2457327396252857,0.2176975867507261,,0.2358453541040332,0.4460910556626233,0.2418107654143438,0.3858104104188815,0.2388967964208075,0.2572942604368303,,0.1959982145585952,,,,0.1523641792423699
2025-12-30,0.3397347671606756,0.221101186876041,0.2420643077992068,,0.2336777237944584,0.4331570084780733,0.2421045106794472,0.3777287213491179,0.2373466987505392,0.2753774156346546,,,,0.1176992018373168,,0.1571840963187947
2025-12-31,0.3462871734626208,0.2230616294561062,0.2221728611746405,,0.2346304803511514,0.4466447484342333,0.2406095735440517,0.3684877639371313,0.235852571294551,0.2650603697638544,0.4070928795849129,,,0.1472166798600894,,0.1553844697360869
2026-01-02,0.3580538650851034,0.2276665905335179,0.2198019193104265,,0.2534468319392536,0.4687698858569982,0.2515395947856056,0.3824017215514725,0.2472243812761147,0.2646668271019566,0.3907943312256843,0.1961383184493295,0.6567028527174075,0.2155495850591862,,0.1562135078041769
2026-01-05,0.3980571371486688,0.2408064318986718,0.230982725224079,,0.2573184107430197,0.5066996564230286,0.2666652577110323,0.4238559799931041,0.262232973718485,0.2739773126059475,0.4038605728632636,0.2257508107812912,0.7253936275513472,0.2092792483349637,,0.1582359168704489
2026-01-06,0.3714777921153008,0.2355705420821321,0.2449443056818896,,0.3779293252140154,0.5351135704348954,0.3415077807258324,0.4102342459942355,0.3417892717941301,0.360158428923423,0.4124189758950869,0.2295174657620673,0.5891711245919158,0.2059192097499754,0.209912836487992,0.1893947466095535
2026-01-07,0.3671010936181484,0.243967606347446,0.2628114092498148,,0.3804448898023344,0.5267983788762819,0.355978817716029,0.4135104317166759,0.3541991519335538,0.3666241245510593,0.3951111641810852,0.2590366464520019,0.5880279675981455,0.2080865914785678,,0.190424892415557
2026-01-08,0.3611956839280337,0.2500709335436707,0.227931548092771,,0.381412037602894,0.5107786653519154,0.3589081464122386,0.3940903407727313,0.3560469827560446,0.3628479114062318,0.3868951515722083,0.2664970718892183,0.6143124566792301,0.2175392982796035,0.203749004929757,0.1897107611896821
2026-01-09,0.3510268130043304,0.2405876061030281,0.2268144165086561,0.5491767726133346,0.3768331994896519,0.5058300993470153,0.3435346776369856,0.3889811245236536,0.3457121662652182,0.3575866332149403,0.357879604454779,0.2400252459269118,0.6249991126861653,0.1888253462572673,0.1974721967605866,0.1863739868916049
2026-01-12,0.349312437188396,0.2526172558037907,,,0.3931010901121771,0.5160380132041774,0.3643725100677767,,0.360558510238805,0.3786897017996265,,,0.6186915666716797,,0.2010125934438598,0.194107540421653
2026-01-13,0.3492615059975275,0.2460999444747059,,,0.4021425453225636,0.542689966297775,0.3750516475458755,,0.373929024933632,0.3793157328267947,,,0.6495508614930792,,0.1963894237574386,0.1956849356088661
2026-01-14,0.3481963795274687,0.2511702045205808,,,0.4080720330699344,0.5504289589084006,0.3757241930220539,,0.3700251768633183,0.3832334677526416,,,0.6521705476188184,,0.2021832419190313,0.1965810085590051
2026-01-15,0.3507270501968724,0.2477657569519326,,,0.4027605414326937,0.5456923871061655,0.3581044371808209,,0.3545441770597179,0.3688003301138883,,,0.6106701771629194,,0.1832152688692019,0.1873933945663347
2026-01-16,0.344706179503759,0.2420866371976366,,,0.3976319867725355,0.5466682236364492,0.3552839331237567,,0.3535186566685178,0.3648462136340963,,,0.6067274812771355,,0.1846869554734299,0.1903958354944607
2026-01-20,0.3864048452297305,0.282039478253378,,,0.4596256914552747,0.6119106450687989,0.3962073653091401,0.4936391719463549,0.3872241986652924,0.3934537376586495,0.4853600899631294,,0.6564146248550597,0.2951196495653602,0.2038697185724413,0.218171450296274
2026-01-21,0.36882700254714,0.2722978130155877,,,0.4223612707657752,0.6110580540036671,0.3782804382357749,0.446228210608707,0.3753022284659653,0.3902800372112504,0.4620099950538906,0.2875500364649776,0.8144580656246236,0.2953242704871509,0.1960486351882331,0.2115007650987244
2026-01-22,0.3580863792142331,0.2664529191755739,,,0.4130890030767745,,0.3755998373735922,0.4450107162647559,0.3705187980571716,0.4023218747570479,0.4710480557384571,0.273369649859346,0.761675601493886,,0.1892156556983645,0.1923022514287796
2026-01-23,0.3606034451294653,0.2698173732189333,,,0.432932879887895,,0.37865388028439,0.4360910622827643,0.3758178791221661,0.407615861247575,0.4692598719264832,0.267862912110394,0.5284475097221484,0.2838631565045605,0.1841877855098556,0.1964892079240767
2026-01-26,0.3632943084084699,0.2821210865186199,,,0.4725699713737331,,0.4054595020558096,0.4508389457597172,0.3996457662322539,0.4375560248727873,0.4844752731804457,0.2736216991491544,0.5259878583705583,0.3103414862278416,0.1854703318017518,0.2045778585950436
2026-01-27,0.3738720009171577,0.2728803667134489,,,0.4907027816885072,,0.41211803928862,0.4551144890996946,0.4053708229016724,0.4472061733350863,0.4822598502061043,0.2812163721641686,0.5069082517099782,0.3519123542452373,0.1848420372283794,0.214180892697751
2026-01-28,0.3946925419086249,0.2811160641182829,,0.7001894171489612,0.4657956503537058,,0.4080520588469177,0.4800488792094748,0.4039815473974849,0.4394422790045874,0.464509717571605,0.2877379485468036,0.566932994568083,0.3434956022669663,0.1921702768833192,0.2234786220982859
2026-01-29,0.388388948732797,0.3145595638556993,,0.6800833064848093,0.4670299405026309,,0.4233987779832689,0.4790994033876193,0.4195468795056261,0.3772116367207732,0.4284512197855181,0.2935464365921058,0.564820788911068,0.3669761525523657,0.198621633102096,0.2141687295859375
2026-01-30,0.3946858479509209,0.2293410501277943,,0.6953768297936167,0.5153175754408342,0.6840803979247049,0.4156168517843371,0.461143814214054,0.3911519733812614,0.3217036764129425,0.4244614070180854,0.2973801425823921,0.5595498840122518,0.3674512159186787,0.2016174873652332,0.2064366810572733
2026-02-02,0.4000794026029239,0.2152337497598292,,0.703401451813761,0.5191806546102423,0.7050088441549115,0.4334461846026476,0.4641907423833634,0.4352721803138067,0.3234634244642675,0.4250674872292499,0.3265662722432748,0.5985981841134048,0.3964362791343626,0.212993764754323,0.2225097943411028
2026-02-03,0.4074977604775295,0.2355896154296909,,0.7180762137185113,0.5775576503507692,0.7968958084391388,0.4735221746442619,0.4978643423683974,0.4656120390668038,0.3233843760897538,0.4297775025070015,0.3695874661425669,0.6412321740176599,0.437330008743774,0.2236613744247994,
2026-02-04,0.4241466193920447,0.2580100290455194,,0.7683626506877674,0.4671795972289527,0.6146327715780693,0.42319384808745,0.5371398985167225,0.4243050761642982,0.3495679346420327,0.4554963119018326,0.3732274773914415,0.6402192803136162,0.4098569809313178,0.2394767524497256,0.2455412745760599
2026-02-05,0.4377299396580684,0.292898609830802,,0.765557735645816,0.497198392660713,0.6007109804224056,0.3861872031289145,0.6156319127912565,0.382544027898513,0.3732088444177508,0.4631513238628467,0.3963587659456623,0.6318427529288088,0.3265890158518699,0.2415730157683579,0.2436006253644495
2026-02-06,0.3983420361581882,0.2324294448315051,,0.6600446328780671,0.3250988553636668,0.5553085451704491,0.3450708045297697,0.591037103933538,0.3470356301500086,0.3256818256063085,0.4025176756083767,0.4285679683480795,0.6437510567626241,0.3083517481035199,0.2164759048688303,0.2026978481744024
2026-02-09,0.4068874078469416,0.2512316615762037,0.2748783438203001,0.709628492371858,0.3223706999693639,0.5792623734842699,0.3290413123596727,0.6048800338249828,0.3277570829965672,0.3306529823620834,0.4000602230187309,0.4614247206597067,0.6187106302078781,0.3441316087889456,0.2306387606024152,0.2210734487794875
2026-02-10,0.3833994307087054,0.250017099772499,0.2778208114189271,0.7301751616860227,0.3171337081818076,0.5621979245185201,0.3141481987672438,0.6057277117156616,0.3114259346676192,0.3248664911489883,0.4082008738726621,0.4305611561865117,0.5959969091226294,0.3829719813811392,0.212216356861486,0.2150471355849704
2026-02-11,0.3735302303644384,0.2623991155166889,0.2666949423407997,0.6754850737237916,0.3200916399089784,0.5606821433316213,0.3078414868389717,0.6012515596403338,0.3049646510224338,0.3300559223047057,0.3991086865774881,0.5185899166781645,0.615688055120237,0.359962636234142,0.2008843262510535,0.2007843656003672
2026-02-12,0.408355508830579,0.2891492342260315,0.2903827495951194,0.7303832355342174,0.329511090952778,0.5828860392034262,0.3344432479312362,0.6284427576757068,0.3312424639208625,0.3446866936150518,0.4278329140231239,0.513802609899817,0.6155407898595613,,0.2479905037548895,0.2368029195849997
2026-02-13,0.3658710067597627,0.2563800234056099,0.2514897786445288,0.648057918333684,0.3177685600307798,0.5536386543560777,0.3152105302977681,0.6167361287020623,0.3121862041540262,0.306506807444559,0.3919014062162464,0.586157627132464,0.5999928020628336,0.2581174445487521,0.1813774009974815,0.2021166688438791
2026-02-17,,,,,0.3370787148205961,,0.3047986503263182,0.6273464339782037,0.3024406613250779,,,,0.6104942425286424,0.2510470598941154,,
2026-02-18,,,,,0.3249602682768307,,0.3022573239299729,0.632537692074984,0.3056792848910313,,,,0.5820410943230051,0.2365546218429107,,
2026-02-19,,,,,0.3283510194841165,,0.3178581388688626,0.6239029757480846,0.3099927507904925,,,,0.5674736401738528,0.2479809827957557,,
2026-02-20,,,,,0.3362255193382764,,0.34911622713612,0.6143065001648803,0.345108950303531,,,,0.5617777716591674,0.2156795158662874,,
2026-02-23,0.5839461120793356,0.324268256020745,0.3049250895492263,0.7470095257273063,0.3480728609652606,0.5788790921101064,0.3547074033111074,0.6749900811073689,0.3516726377153953,,,0.2907794785724867,0.6006539983123137,0.2585924576723387,0.2738111014269316,0.2788501300877082
2026-02-24,0.5754578564790502,0.3076111697762027,0.2869117646408533,0.7739835659480135,0.3483475691916594,0.5940864427841581,0.3418450306354277,0.674136150618679,0.33781722210225,,,0.3088342296692672,0.6393520288811004,0.2651206188944975,0.2736064401973011,0.2705650886296999
2026-02-25,0.5723775632826592,0.3025697481332652,0.2962638628874476,0.835201719176923,0.3320334380958383,0.6018352422255666,0.3181543221315003,0.6797762126549024,0.3335957562212783,,,0.3107411703414375,0.6278619791154726,0.2371890427799816,0.2793887664561401,0.2401199854032975
2026-02-26,0.4915370837074981,0.3166038712341595,0.3022760831489351,0.7933933740991871,0.3277972689158972,0.5473150283700953,0.3242733073833982,0.6483966174902615,0.3260018213508651,,,0.2282321624522713,0.6029818645791157,0.2420666990386175,0.2683929819407755,0.2549041178556953
2026-02-27,0.4989190955171775,0.3261187064648462,0.2958693524485823,0.7772127867703618,0.3432971758206386,0.5348037798367878,0.3259047039417973,0.6468257668174471,0.3253092870689509,,,0.2710646953218895,0.5951104689521668,0.2500639360851042,0.3060504132898654,0.2597474283523803
2026-03-02,0.5023411837942705,0.3476352552397068,0.3148183268314983,0.8495454844557483,0.3567323552596082,0.5636449014741506,0.3415171989032837,0.6704768857931612,0.3406074948211756,,,0.3678042207257831,0.6437382623861009,0.2853535040033799,0.3191920639877005,0.2823292449533761
2026-03-03,0.5212311437926648,0.3474248162194444,0.3578584137624253,0.8588190668392834,0.3674595139254768,0.5533551918375458,0.3503483390201412,0.698461329916453,0.3459065974099686,,0.437398561469817,0.3599840013133369,0.609500433117578,0.2823921780133562,0.3164080102447594,0.30100707060419
2026-03-04,0.522892341740369,0.2550998122764197,0.3474812941424667,0.8603176611800115,0.3630706911293394,0.5655411367347266,0.3332189983224413,0.646725502301802,0.325612809049531,,0.4316572232909741,0.2612581437671624,0.6427286307275769,0.3006883195633639,0.3148721324551689,0.3008262132782039
2026-03-05,0.5168604396536255,0.2565178180440634,0.3484242575049557,0.8453089562513574,0.2850772440770209,0.5529653763610403,0.325993842201435,0.5841531232005085,0.2959462774582495,,0.4279610755805635,0.2793059548034071,0.6240658819734871,0.3052368387287691,0.2506895785749521,0.1528846464501879
2026-03-06,0.5724158560659867,0.2615376172960064,0.3979950989030521,0.929598172113514,0.3115584478038139,0.5887568618142087,0.3520318795258636,0.6860134561456072,0.3046363105166034,,0.4509175004614192,0.2731655311637808,0.6652002765253214,0.3093657626422598,0.2458410779499291,0.1701751836674345
2026-03-09,0.5223115735864865,0.2504629833164064,0.3688686891224701,0.9246245585542866,0.2959669520584883,0.5669239526922197,0.3555229127035614,0.621457196623311,0.2866005893070954,,0.4363458694747152,0.3044818278703681,0.6674195942730808,0.2994992177916378,0.2401617790960593,0.150437544048858
2026-03-10,0.5303725153114709,0.2494771668465414,0.3539554391143517,0.959515818524623,0.2834896516790492,0.5885051253479482,0.3701929769051842,0.6146565779357337,0.2815613989417347,,0.4361724026571294,0.3024263808719685,0.6668708901521464,0.3052081111924349,0.2304345033289685,0.1566487875027457
2026-03-11,0.5250454002280807,0.2438254114111856,0.3121937891119143,0.9487324653765484,0.2892376477393716,0.5767788861012796,0.3371623208491019,0.589654152551703,0.2759351171407902,,0.4409654779292199,0.296102652912501,0.6820138628915461,0.3157231713692151,0.2226870822288552,0.1492456225896676
2026-03-12,0.5480074358663797,0.252406100266661,0.3961765267216421,0.97228604357636,0.3006536741550717,0.5747745974237937,0.3430462510581839,0.5928369596747884,0.2857143881842585,0.4866724061525221,0.4531242864607704,,0.6993888128608777,0.3178580358391992,0.2263083120942512,0.1657716155489323
2026-03-13,0.5184380225990823,0.2505290677021479,0.3223308986464235,0.963989219457312,0.3821875068063405,0.531407146533458,0.3391717978489093,0.5719412705836905,0.2810928555104678,0.3924228574840369,0.447541484653456,0.3650105772889591,0.7302640308028335,0.3160509366979779,0.2280625869893393,0.1659903405544533
2026-03-16,,0.2320242704019734,,,0.2867709363648377,,,,0.2615679254235077,,0.4257028092233984,,,,0.2209228645007949,0.1432559061447242
2026-03-17,,0.2161548804816564,,,0.2750006657126868,,,,0.2448143954709678,,0.3894172520487442,,,,0.21232839443723,0.1369479962482088
2026-03-18,,0.2306818765222609,,,0.2997965618610479,,,,0.2579587448609955,,0.4008075432078554,,,,0.2170744418597875,0.1488850381237263
2026-03-19,,0.2207106869821059,,,0.3039489943768352,,,,0.2521898144416153,,0.3908865569101676,,,,0.2157456275080819,0.1554607356756372
2026-03-20,,0.2323470916750491,,,,,,,0.2664452602144979,,0.3990731927970085,,,,0.2198558603816868,
2026-03-23,0.3114330271700281,0.2203417568081173,,0.6172191646495802,0.3043966728976531,,,,0.2587141403322682,,0.3848847586194537,0.2509745999333101,,,0.219823112588024,
2026-03-24,0.3133271144416382,0.2245045381524142,,0.608906380114975,,,,,,,0.3913783036511997,0.257449284212954,,0.2313194349960301,0.2208733528371346,
2026-03-25,0.2992388401439143,0.2175206342692702,,0.6006602063638306,0.2889791776114245,,,,0.2907149480393367,,0.390846274298682,0.2518313613526039,,0.2407346379233127,0.2140465418745706,
2026-03-26,0.3558396180978351,0.2361886627948898,,,,,,,,,0.3982521010759639,0.2620796517254586,,0.2560438955928307,0.226235578117913,
2026-03-27,,0.2578753563007771,,,,,,,,,0.4156178218000457,0.2717553243622178,,,0.2249367107265426,
2026-03-30,,0.258222868680314,,,,,,,,,0.4199849783418319,0.2810055718369049,,,0.2510012804287254,
2026-03-31,0.3401792425645891,0.2358250385609634,,,,,,,,0.4176862076759138,0.3870243332781718,0.2564775336346254,,,0.2298270930425157,
2026-04-01,0.3304116698021671,0.2495766848191646,,,,,,,0.3052779879233519,0.4033556776059015,0.3774461106751572,0.2404503396821463,,,0.2170064518225376,
2026-04-02,0.3170424841968878,0.2414288921740195,,,0.346316082849781,,,,0.3008032702048896,0.3988827619637741,0.3774180020273424,0.2339779780138533,,,0.2087381168457288,
2026-04-06,0.3478390431494277,0.2505293100715237,,,,,,,0.3139537739008495,0.4047092189305111,0.4299900301414096,0.2506399192691085,,,0.2095300309185038,
2026-04-07,,0.2756981652308169,,,,,,,,0.4185868798218988,0.4796636118681205,0.2641421858154348,,,0.2101691514325915,
2026-04-08,0.3246651740982489,0.2553732440252641,,0.691712465769507,0.3568940539620189,,,,0.2746331876054821,0.4357807745168723,0.5045643795609,0.261619210980771,,0.2542765392001959,0.1978268946514555,
2026-04-09,0.3262851129649425,0.2511716397177317,,0.6810587573628298,0.3811720727150651,,,,0.2864749583690637,0.4261694507498333,0.4970998092009419,0.257338081754415,0.7202900732553447,0.2522286359738488,0.1932956679342438,
2026-04-10,0.3283892905797015,0.2529927312579696,,0.6579148635429656,0.3838765854988429,,,,0.2714414350974047,0.408490222407091,0.4785835986108229,0.2411515447341898,0.6769119858137409,,0.1936708354816526,
2026-04-13,0.3255162443168965,0.2708196231981017,,,0.3913699075645543,,,,,0.4133295574152792,,,,,0.2037487233424473,
2026-04-14,0.3296701979197295,0.2841485809748469,,,0.4132898203688437,,,,,0.4325606563315388,,,,,0.2019718431170234,
2026-04-15,0.3334841332315692,0.2856838313056182,,,0.4028457053236458,,,,,0.4487662485450104,,,,,0.1940322768492302,
2026-04-16,0.3232629212519233,0.2827707647466875,,,0.3956817785379789,,,,,0.4437724658970404,,,,,0.1884317691518754,
2026-04-17,0.3114529358537872,0.2686974291878102,,,0.3976708184553784,,,,,0.4473713786228339,,,,,0.174739564220653,
2026-04-20,0.3232478691475834,0.278493875210808,0.3737200853259004,,0.4135546347917937,,,0.4084790699009255,,0.4445483397690909,0.4674035856358704,0.2486434145199358,,,0.1878634036235856,
2026-04-21,0.3227748695705696,0.2936278869640004,0.3899671521862101,,0.4329256011889984,,,0.4368087964360597,,0.4622578514878765,0.4870097854426954,0.2496307427314207,,,0.1895812300355835,
2026-04-22,0.3258277432209749,0.277246402447665,0.3991927895317351,,0.4352921580280206,,,0.4566274606064832,,0.4780994040578049,0.4864110172153635,0.2555740789554873,,,0.1948419585810189,
2026-04-23,0.3241826066779031,0.2703047970616224,0.41625326490385,,0.4428906144909871,,,0.4561734691281046,,0.4822014129273905,0.4374797779265216,0.2436720855803947,,,0.190212710528306,
2026-04-24,0.3562704873066813,0.2856001569933171,0.4194204529519422,,0.4477207092971321,,,0.4634681307010169,,0.4854911890797367,0.4254605842594359,0.2471922480344557,,,0.1942621824656619,
2026-04-27,0.4059546850854149,0.3093662251406853,0.4635916452646249,,0.4735242040490976,,,0.4753160171207046,,0.5211330840911456,0.4458280560137561,0.255589187266693,,,0.2134031919161548,
2026-04-28,0.3857848435704966,0.2991191494681374,0.4791973919983824,,0.4769379551745704,,,0.4571340845352587,,0.5122900343015611,0.4452865448516651,0.2501453479169272,,,0.2042499079065277,
2026-04-29,0.3932040612245313,0.3163099598633507,0.485325910754652,,0.5338447827339464,,,0.4787689562715274,,0.5404160619282928,0.4422128955799935,0.2577967931964707,0.9342236043830262,,0.2051115939217433,
2026-04-30,0.4024945185387106,0.3465386278212262,0.2925138610161474,,0.2975769907027166,0.7792721989311661,,0.4416094600406008,,0.3502968555765459,0.4348197919404714,0.2402043236999234,0.8368437692280254,,0.1994616131000544,
2026-05-01,0.3779553195289024,0.2391434340515724,0.2648552083195072,,0.2788389701007367,0.7710075590349706,,0.4130927155633037,,0.3072557171346524,0.4155167380566313,0.2272191818311462,0.8373779704074846,,0.2066199288910844,
2026-05-04,0.3960737688449071,0.2488693313592951,0.2850562522462883,,0.306500090333216,,,0.4414072183635547,,0.3165062544075646,0.4449651239447213,0.2491194244702219,0.8208741044555381,,,
2026-05-05,0.4271761820744614,,0.2774324831316128,0.9036361586403152,0.3102267703654776,0.8757063545144489,,0.4759953197379244,,0.3091807190007243,0.4493303839317688,0.24592849582774,0.9292633635182528,,0.2222288420330105,
2026-05-06,0.4068087623088167,0.2359212448408491,0.2772063777921599,0.8507955359252612,0.305134512122766,0.7090597723913045,0.3001493752779827,0.4381910121400755,0.2913354031135797,0.3117023641631971,0.4413333694149655,0.2309059103505677,0.8767315115791867,,0.241356890732474,
2026-05-07,0.3908025566439514,0.2400583470655845,0.2847661984680853,0.830504091067574,0.2860223517772804,0.6290464060864142,0.297093191684514,0.4464612088585917,0.2886502980974149,0.305318598191324,0.4517648679511667,0.2250299022958636,0.8456869151558372,,0.2117092174007868,
2026-05-08,0.3765733524834896,0.2237375141630681,0.2662518160081147,0.8871042038999473,0.2995034346986251,0.7015758364782061,0.2782146402545502,0.4437192742515033,0.2711960687541068,0.2847160694373883,0.4306337289609412,0.2248843583573525,0.9789767915201212,,0.2138083544232511,0.1966399357069042
2026-06-02,,,0.3356396738780728,,,,,,0.3005287725343931,0.3542368592813122,0.4686551266757112,,0.7865659638839393,,0.2265343581963658,0.2510981940784816
2026-06-03,,,0.3183577035407601,,,,,,0.3084618256100515,0.346142147554773,0.4714192512266932,,0.7834544469038193,,0.2212560647903228,0.2449784243054058
2026-06-04,,,0.3054597669072516,0.97952629434238,,,,0.4672177292800585,0.3059394509344308,0.3268579607506993,0.46350371833148,,0.758173243459755,,0.2126980481688375,0.2225298812170252
2026-06-05,,,0.310639763623852,1.006748379361054,,,,0.485575697728774,0.3311543945410651,0.35113338998661,0.4831948350974956,,0.7788428161880251,,0.2404551952739859,0.2340385598017195
2026-06-08,,,0.3079576781773532,1.0093582614046497,,,,0.4603128817912212,0.318391717955837,0.3540633758157478,0.4797751326024041,,0.8140012123908285,,0.2446120499684741,0.2470635817089232
2026-06-09,,,0.3097431189388939,1.030507205431089,,,,0.4791000604778457,0.3246570624632609,0.3457216976557196,0.4839247042287045,,0.8371043308839182,,0.2373679924011556,0.2595952603785181
2026-06-10,,,0.3150106168265956,1.053960277285121,,,,0.4833904458347901,0.3254214555156161,0.3551246652791787,0.4953273390105605,,0.8460328235145493,,0.240684637103762,0.2761578332448834
2026-06-11,,,0.320736533229769,1.0628665881218111,,,,0.4765079752035619,0.3351207525037066,0.3615380579775669,0.4973981180574177,,0.8642282039562055,,0.2344246970135521,0.2863196598895602
2026-06-12,,,0.3076735833701122,1.064693270651681,,,,0.46159837746676,0.3143658594199256,0.3612214877702266,0.4859960585917479,,,,0.2165337607524573,0.2716219463626949
2026-06-15,,,0.3101455488598563,,,,,0.4499964965729858,0.3039336677197926,0.3422454358932925,0.4505462722180246,,,,0.2268308134067773,0.2566132716386148
2026-06-16,,,0.2979169589398676,1.0662272602058829,,,,0.4438707110966896,0.318052149329255,0.3401010935229731,0.4338653202403656,,0.8617962917831097,,0.2262350383492318,0.2690035639992248
2026-06-17,,,0.3143869412426619,1.0826549551681808,,,,0.4782561452256152,0.3164161510225993,0.3717823866938248,0.4423512241011743,,,,0.221702890551226,0.2921566187351746
2026-06-18,,,0.3006694721089203,,,,,0.4763064745250164,0.3208143997879539,0.3556586952659285,0.4242282179600706,,,,0.2178472378285948,0.2550619837463077
2026-06-22,0.3604043844005719,,0.3304421881795846,,0.3380237478192606,0.7410967122627437,0.3290850208130592,0.4954928963038524,0.3242030143037754,0.3802179844500511,0.4412509989753373,0.2568613325550708,,0.3472000670504936,0.2247555994510453,0.3048099544457185
2026-06-23,0.3793292373125966,,0.3280249893585455,1.139788006020625,0.3309282751993473,0.7560446919343052,0.3238887677213801,0.4942992680626967,0.3229218193487456,0.3740209892934995,0.4469093488540177,0.2664594904669899,,0.3761197074874368,0.2278515536724206,0.3329093692477214
2026-06-24,0.3736159098581491,,0.344370537692812,1.0648922897631634,0.3361627061455044,0.7462175853300254,0.3270940107083716,0.4966349732546232,0.3300463551129683,0.37921010675329,0.4420858440959387,0.2649205121586479,,0.3487893774088603,0.230203767600007,0.3912368364490736
2026-06-25,0.3743995220653101,,0.3829185202697587,,0.3497376114724267,0.7372646616471797,0.3252211328686258,0.4913924265390975,0.3158284178400557,0.4033647558673289,0.4321543578811048,0.2475818291639823,,0.3192907385626608,0.2237447209631149,0.3286314876056931
2026-06-26,0.3514260687660894,,0.3700272361264186,,,0.7007863908465977,0.3183135170367253,0.4602656889729589,0.3330371361522239,0.3862643793644988,0.4258174952021872,0.2262074326615557,,0.3196708377923664,0.2049906078442867,0.3039693697364599
2026-06-29,0.3673105484215457,,0.3899777841261734,,0.3424412544311906,0.7435747694155478,0.3344910570271965,0.4830498218062448,0.3266984033714116,0.3814728803859581,0.4698121236623047,0.2502380394660502,,0.3225984398130644,0.224847604390655,0.2978240890219508
2026-06-30,0.3606860882924335,,0.3398703186257204,,0.3493478577359878,0.7805811543917319,0.3043741820507399,0.4787856671793919,0.313572853072868,0.3868568531796891,0.4684082299554582,0.2304345194335694,,0.3504926418712537,0.219501848420834,0.274338789377499
2026-07-01,0.3621517606452382,,0.3462385651181785,1.1515803037671126,0.3437075953635249,0.737850272542036,0.3291852255993471,0.4658870748355079,0.3245626576216174,0.3926088665083384,0.4769742393542887,0.2446270122434279,,0.3353381285609594,0.2147588274816766,0.2574419115392854
2026-07-02,0.3556116328814534,,0.331965573576604,1.118120600322234,0.3271926040939041,0.7372147170677281,0.3184427506995112,0.4716051253141379,0.3272364115973225,0.3796383537089259,0.4351987944720194,0.2392486756449534,,0.3477792878323667,0.2202269237711536,0.2724641181248345
2026-07-06,0.3821952645940431,,0.364545740203917,1.1352259604089858,0.3576915829468327,0.850240218281064,0.357814520750467,0.5181491058442353,0.3590126653726797,0.4069542751751624,0.5065464995613816,0.2736152889784583,,0.3856248535038964,0.2367590200681297,0.2752555882081442
2026-07-07,0.400220304893039,0.2676589563947222,0.3591420164140443,1.127303128265536,0.3570091261537194,0.8095733690144749,0.38598353954205,0.5042652495013163,0.3367213231584455,0.4686843585146641,0.4913873935508779,0.2649479856595653,0.9648219146908408,0.3935907834924139,0.2412740855772365,0.2822999580984626
2026-07-08,0.4072395963449948,0.2645699452176427,0.3338967354170716,1.131972126255716,0.3386129123877117,0.8100682911347199,0.378877996596816,0.5565338836455687,0.3384165593453446,0.4738046961663317,0.4671298164082132,0.2468348634126436,0.9600985807237202,0.3992604290214438,0.2524096672372177,0.2528582711150018
2026-07-09,0.3922623458081717,0.2665055648381581,0.340486051697559,1.1585577430632423,0.3584906421182403,0.8125562888492597,0.3794956926110109,0.5559611457500102,0.3099719347079971,0.5107022662650454,0.463439984082142,0.2389683986625334,0.9488290071846824,0.2828395245660101,0.2355755806344515,0.2860213320271105
2026-07-10,0.3856489194263319,0.2648910994191406,0.3285589779752094,1.0058292492175174,0.3143932056425259,0.7757495039123152,0.3748896256239984,0.4734514230912254,0.3055021347497902,0.5576766633651901,0.4522365911392016,0.2154674943590416,0.911373527998423,,0.2073229513985495,0.2389822433122193
2026-07-13,0.3941721297693393,0.2792472631819213,,,,,0.3823013619369375,,,0.5285989940307648,,,0.9294071848975162,,,
2026-07-14,0.3966381222841981,0.2725571121926725,,,,,0.3876204895462862,,,0.518181312586473,,,0.944691512469322,,,
2026-07-15,0.3950328688973409,0.2780550644175801,,,,,0.386888707023722,,,0.5259089388631124,,,0.9503850972199526,,,
2026-07-16,0.392734561907756,0.3037196624644551,,,,,0.3930996241959105,,,0.5158177060228604,,,0.9535031399809912,,,
2026-07-17,0.3967965465152903,0.3086702326041748,,,,,0.3894810218684586,,,0.548020326855859,,,0.9862971981504284,,,0.2351299329761348
2026-07-20,0.3771779612698109,0.3176065529478089,,,0.4234766687356115,0.8856681664495447,0.3947834523452683,0.5236307537932584,0.3939372042965001,0.5438639417055604,0.4959849648629666,0.3368439970211341,1.0133644583276735,0.5405312758296887,0.2312209897657614,0.2359269284953166
2026-07-21,0.3709005637727952,0.3057953023766923,,,0.4215725064855756,0.8671371752695665,0.3963171544741204,0.5196108469307658,0.3899760315532936,0.5535370939012209,0.4843904635178527,0.3140122784627611,1.0348483550306302,0.5056714518556219,0.2166488167935048,0.2328584208733933
2026-07-22,0.3810344183429615,0.3089573559841129,,,0.4368066525922497,0.8793989710293233,0.4006492691940252,0.5486905743341394,0.3978797617407246,0.5508574728959018,0.4871541303355113,0.3296871618991619,1.0316737378304202,0.4974133847255791,0.2165602539668393,0.2444020022866966
2026-07-23,0.3839473791384277,0.2996312014264328,,,0.4413112292812754,0.8633850995269079,0.3284702606627458,0.5244906654205026,0.327924528671798,0.5565323458782362,0.478401090726506,0.3281583509556975,1.0071970824619343,0.5152324665381177,0.2146227598443952,0.2469983212582094
2026-07-24,0.3814933395919086,0.3033485316264188,,,0.4267861424507433,0.8401588497857158,0.3011188687790097,0.5055415620034683,0.2977467175051263,0.5147918900824349,0.4871255502381507,0.3017217854951015,0.8442975419364686,0.5007094185673925,0.2089629413771925,0.2262207524719993
2026-07-27,0.3847142365778355,0.3194743230372709,,0.9456688210362988,0.4413562747145903,0.8417441413163871,0.3117613671620275,0.518477385290722,0.3114063529095242,0.5337571505239542,0.488447721613611,,0.8347167775756664,0.5430679129041666,0.22075731072855,0.2228616787784808
2026-07-28,0.3891808345499647,0.3273808165849746,,0.9555831158661636,0.4476749271932131,0.830961097602259,0.3114352694658415,0.5270053132562131,0.3092622171046339,0.5444882370856211,0.4953365282278251,,0.8536535217726439,0.5557435319709002,0.2261993043512004,0.2208386582000515
2026-07-29,0.4059977080287521,0.3349568285018604,,,0.4681782583218858,0.8553494929578669,0.3265211891883399,0.5292020619388874,0.326566332661008,0.560589426990658,,0.309835952904209,0.8668659675259314,0.5518289003205817,0.2163609404468438,0.2231991844255107
2026-07-30,0.3725894383825753,0.3236776083041616,,0.93985431936827,0.5240527096403836,0.8265578936247254,0.3105174414046455,0.5127665981188261,0.3097789641558229,0.3892194481086075,0.4965164074849265,0.3313584338899937,0.8360438982340388,0.5362161331581264,0.2191032116820953,0.2305015206088929
2026-07-31,0.3666007201991983,0.2737164918633564,,0.9204036570924368,0.3182232496174644,0.8283794163315431,0.3262936416002182,0.4981213224121535,0.3228028317475624,0.3830523451853321,0.4867114527888561,,0.8354291790850094,0.5728822780145105,0.2308862413307555,0.2009010752147627
2026-08-03,0.3840607952227762,0.2746706556404659,,0.915011589548607,0.3691114898781389,0.8536856870398607,0.36562052389607,0.5118966194936464,0.3513462762773185,0.4192182168238775,0.4878610448722066,0.3633027369464399,0.8293922822413762,0.6040151655555362,0.2547366991081581,0.2045245359892546
2026-08-04,0.3829044052792143,0.2669919405826689,,0.9452557826332352,0.350463055399257,0.919989905746872,0.3713485205060028,0.5789416618158395,0.3692966697662022,0.4114527989303038,0.493317034275441,,0.9186651497663736,0.6241680410611057,0.250463059884052,0.2320447903470656
2026-08-05,0.3827510019244866,0.2562494496486619,,0.8881439610414276,0.3253112921093837,0.6947516806171808,0.3688131436418491,0.4980362508010939,0.3553131182280514,0.3906143901375746,0.4697316199744213,0.2788793687888498,0.8203145997476261,0.6030361280786498,0.2307424976933121,0.21571655129556
2026-08-06,0.3691764109661191,0.2443568444695062,,0.7877375778742535,0.3166729524495632,0.6737496223549958,0.3167346682292642,0.5382061056393641,0.3204969197690299,0.3704535232902743,0.4692565290022617,0.3266988095284961,0.7982905220537866,0.5555972338138144,0.2165845062777913,0.2097793968200431
2026-08-07,0.3443059702327751,0.2262082491501764,,0.7179479563788719,0.3057097902098074,0.5995244745694712,0.2992552105928737,0.4472197961267283,0.2924192140132452,0.3469788415458775,0.4397734571615804,0.3278106529572889,0.7310942510646314,0.5428522280466331,0.1990889817784928,0.1871208633496267
2026-08-10,0.3649768599865484,0.2411095920486593,0.2797339100037537,0.7391116245168254,0.3342954539157627,0.6162173446776363,0.3090695145785362,0.4957623603821436,0.2987733744567327,0.3659730331483511,0.4397198335013503,0.419889404318911,0.7248670027690852,0.6048387962599829,0.2139363800106564,0.1996576469955827
2026-08-11,0.3465622286503823,0.2323915895823451,0.264515733678487,0.6858626586513129,0.299294779969641,0.5867518452799387,0.3082739232461777,0.470760390661095,0.3008427704929826,0.3863467017806999,0.4202934709951442,,0.6907476204882567,0.6380610216699155,0.2015480262036013,0.1860119694454388
2026-08-12,0.3528464893495617,0.2293785559220229,0.2518442719403365,0.6835774575927229,0.2968835676814814,0.5552376414563363,0.2922603237927256,,0.2868395988697582,0.3874797120888881,0.4325308204524378,,0.6898483769256947,0.6926097646887402,0.1875808253692187,0.1723775733771904
2026-08-13,0.3305810603051407,0.2285810448653295,0.2309989044657197,0.6603010071617611,0.2939508144642416,0.5358050680491416,0.278585095482301,0.4718102809433189,0.2660216637380596,0.2397157426403833,0.4134287208823474,,0.7798917807523655,0.3361163628156578,0.2010648501688995,0.1902806959105989
2026-08-14,0.3138945470628583,0.2017688085452991,0.2056844500812816,0.6143627345345053,0.2522705849832709,0.5660311225877482,0.2543872246273527,0.3461436153835053,0.2455821333044979,0.3648081152185852,0.395610639588915,,0.5230153146252836,0.2879125039100013,0.1739974855566602,0.1566410292283128
