,NVDA,AAPL,MSFT,MU,AMZN,AMD,GOOGL,AVGO,GOOG,META,TSLA,WMT,INTC,CSCO,COST,QQQ
2021-01-04,0.426841501341931,0.3774376369578475,0.2874402304447351,0.6296616492113085,0.3175696513765897,0.5455075985396437,0.29719831698814136,0.317718695679257,0.2913027249922591,,0.6168221318310848,0.22771478890643698,0.35930152584112107,0.26454080031604466,0.22855335870268997,0.2511246231153564
2021-01-05,0.3939861574230353,0.3650081101363686,0.2775061894083996,0.4937231994404162,0.35676183805423894,0.5399917471687852,0.3013359502010303,0.28225011017825996,0.30784478024012607,,0.6565559816440106,0.2406080812445297,0.3749592816698053,0.2834385356717477,0.19323578003985328,0.2327100559445154
2021-01-06,0.416310826639608,0.3829567771111395,0.3072089603737188,0.4885049583742892,0.36696449368217454,0.5333534578497593,0.31084053955940283,0.2875686261192601,0.30537162753554864,,0.6893175200940149,0.23220868514477688,0.37003899514377225,0.2655907549851918,0.18550322806574335,0.2450658818014299
2021-01-07,0.3671046590620463,0.3630737721581021,0.2655774542832937,0.484262816901185,0.3533667100821049,0.5293253722541846,0.305077685237791,0.27086238199079404,0.28935329354627654,,0.7357199994987755,0.22801275524654993,0.3592041636320501,0.264484198948911,0.1773862470690892,0.22566386954900552
2021-01-08,0.3706894216496451,0.3633986497473127,0.2643687946608576,0.4296358802319728,0.35004623275002544,0.5313829277019593,0.29574240213738384,0.2821577508434836,0.2958233045718133,,0.8441273297272947,0.2279597592039321,0.3421195640789934,0.2657298455822243,0.1746076503697839,0.23168412699075452
2021-01-11,0.4202909181430547,0.399282635739578,0.2913914785309454,0.4296464180220648,0.38018231857178075,0.5605225503474183,0.32610182412662236,0.28793154599043247,0.32509050656806576,,0.8331696553813013,0.23814189805586566,0.37086805088075436,0.2844565459098061,0.1911879339677705,0.25114851294645485
2021-01-12,0.4195761084889646,0.3969565523834342,0.2735181215960477,0.4332608640294338,0.37352606716494496,0.5542256690775541,0.32264714157800944,0.2917555044484764,0.3248384636099406,,0.8185027071355879,0.24555196310652536,0.3723806192772032,0.28131925048323825,0.19737274455117135,0.24276289134131068
2021-01-13,0.4059869809978803,0.3862927733556202,0.2674380664055094,0.4134729152119203,0.3592202505250646,0.5615589769758658,0.303488028543754,0.2647706397926157,0.3110652213962925,,0.8062425850784966,0.22885025536975243,0.3686190607095529,0.27896713965006564,0.18324412109380056,0.2335769876951738
2021-01-14,0.405087102692292,0.3990607144576666,0.2824031353910631,0.4182800837470617,0.37148314168743085,0.5348654202186247,0.3161944034771343,0.2693398302512224,0.3149551827096955,,0.796225134196754,0.23811675228386078,0.39344777677634,0.2821289374633782,0.190146243937502,0.24549844995848924
2021-01-15,0.3945652661633225,0.3857292194654921,0.2747558828397158,0.3984883203181872,0.35821655688864207,0.5259863138188775,0.2977578814981611,0.27592335146051755,0.2991341001640149,,0.7993932234848558,0.2404496800707878,0.3558571132508083,0.28057761509113355,0.18508976394286114,0.23581687547320646
2021-01-19,0.3709786631352023,0.3649361770392629,0.2588044622136613,0.4045144401933561,0.35799895140364063,0.5329591843010465,0.31619694272980003,0.26877239016476306,0.3090239541043756,,0.7541475164646486,0.2492298030249684,0.3587007823688656,0.2765910010111902,0.1969519432953832,0.23888377956266668
2021-01-20,0.3734196605264727,0.3825559689342381,0.2745229270118952,0.406093831630819,0.3669236722131111,0.5448356629532046,0.34208334793674616,0.2606417892578818,0.33476828866201996,,0.7275581733067881,0.2449745308374812,0.3690636019912829,0.2847357976429031,0.18834789908639923,0.22337465359237346
2021-01-21,0.3992117709494783,0.4048060499754117,0.2785054282162105,0.3975387574762092,0.3654847304086589,0.562275300593948,0.3297337507152684,0.2772068577324322,0.32089316165448617,,0.7158781829068515,0.24830692147340647,,0.29386539520229604,0.18737417145801755,0.22182546095198669
2021-01-22,0.379012199704646,0.4042633414758508,0.2877304933879754,0.4010388499356375,0.37199214996779845,0.5783233531791505,0.33143532179897245,0.29105106651573853,0.3241631878714498,,0.7077297698211316,0.2540395956344939,0.29284776312734245,0.2994518353653552,0.17733265766165798,0.22211050713655323
2021-01-25,0.4115422471832733,0.4712377991654642,0.3061262485761867,0.4226918791161717,0.39560237017144784,0.5985070508185536,0.35341027529031643,0.28235251477618906,0.34952243289312435,,0.8201979150838045,0.2769646591171141,0.29648673324421865,0.3174447704050164,0.1940110443632254,0.2280393738261409
2021-01-26,0.4196607921534004,0.4830186243145877,0.3355574626999639,0.4313363828801659,0.4029736960974085,0.6581305420747625,0.3611037155436988,0.2883774525741834,0.35364340853696546,,0.7894956448958121,0.2833981411319682,0.3140947838930785,0.3328017131273958,0.19403663792212908,0.2728291772269803
2021-01-27,0.5157195942061109,0.5437255293053198,0.3432281007550101,0.4862396146831086,0.4763573529420097,0.5885608293008663,0.45111268830000234,0.32186898748439374,0.45330299013353714,,0.8190684521303403,0.3405702693127332,0.3412499142467049,0.36093677880697533,0.2444325840265062,0.28348893545041126
2021-01-28,0.4315630121255397,0.4061039021319959,0.2608090054517166,0.4529318697048949,0.4288827693856776,0.531411150818597,0.37082078005390334,0.3091028706538112,0.36764165852634234,,0.6281906277231992,0.32551811712693934,0.32704178194461364,0.3474977110304715,0.21343651742167596,0.28569661851891626
2021-01-29,0.4305729605583234,0.4261733730088896,0.3039542210401313,0.4692726133022305,0.43720740001292707,0.5190629158681137,0.4035634293039237,0.34878324370050584,0.39537177158171527,,0.6839350809079091,0.34416357512072265,0.34456529818945797,0.38203708116916285,0.24785323249162752,0.30261576338016605
2021-02-01,0.4058768282128246,0.3564403485484604,0.2725509998247548,0.463006050678467,0.41718373072143844,0.4899452256412834,0.38020537374946267,0.3160325440726529,0.3730549955281511,,0.6056717139388569,0.3436019450958364,0.3059908292008602,0.37667257099827745,0.2228803576292836,0.26638706249802585
2021-02-02,0.3692020662019478,0.3090039077212583,0.2422012649726725,0.4053222761227689,0.3865067796257879,0.4383855389161957,0.3572563303913621,0.27743600786369865,0.3435142497991035,,0.5583239302082842,0.31509624844839873,0.27034812773198713,0.36006549703208024,0.1870055986412697,0.24030721058433588
2021-02-03,0.3665842253094384,0.3265989538726548,0.2293204828327484,0.423519345143008,0.2805931433834965,0.45719059949504964,0.2823606681813142,0.29477689291571807,0.26747623896519657,,0.5461089195435362,0.30632442030284524,0.25343002766297706,0.2739179057126861,0.22127157227963648,0.24163292776954443
2021-02-04,0.4246555528816523,0.3150822604537827,0.2324577086915321,0.4034260365636595,0.29173972163855594,0.44426982466399856,0.2602008057559655,0.29362572139478993,0.25870446104063405,,0.5961777252065869,0.25118123310922535,0.29851536045683014,0.28054242710419797,0.22528306937702447,0.22200282691030676
2021-02-05,0.4129757023552138,0.3061921013946161,0.2275522158062417,0.4028781220834852,0.27680360669413323,0.4216831456584263,0.2476826738796331,0.32265213484376826,0.23790429013038172,,0.593904131371241,0.2443455650733516,0.2802189341003043,0.28485932005101533,0.2168816278840188,0.2113142719678854
2021-02-08,0.4474284540560697,0.3007019767850753,0.2236184110077349,0.4060082379860231,0.28392189032666015,0.44438486896389406,0.25315851960143637,0.3201658722556536,0.24737199728508633,,0.59829538162358,0.24672202081156747,0.2943393091524396,0.28282467668075123,0.21634330433528026,0.20387646062284528
2021-02-09,0.4257061447086488,0.3069580490062938,0.2220493252700859,0.4036979829938617,0.28086291972856087,0.44435613414077857,0.25216060306232474,0.32324577183062336,0.25166520331051095,,0.5985916860690786,0.2454107087415594,0.2942824089061561,0.29545768497080965,0.21791738069890088,0.2104705227710703
2021-02-10,0.4867342055466743,0.3040561465033748,0.2279584968197557,0.4082406382154597,0.2786004933287762,0.46045480269042555,0.25215096316085517,0.35757296301665803,0.24777921529826905,,0.6293833935006676,0.2623141770321984,0.30182028180025017,0.22205212757052245,0.23029770874554228,0.21868721722665038
2021-02-11,0.4974116562407842,0.2934196298793003,0.2184885679351764,0.4357139983333875,0.27111788975276585,0.452724681891682,0.24879803471702314,0.3489125470928818,0.24760323723679106,,0.6018553520948896,0.262566510536797,0.30811162491769717,0.22369749219020987,0.23279896418587206,0.20450723265306342
2021-02-12,0.4858697047653386,0.279660292156385,0.2057765466356438,0.4365053393846744,0.2645658117035675,0.45810103694145676,0.23962031148516422,0.3304314522148678,0.23409931043504092,,0.5849870543433806,0.2566410084011378,0.3224782818924556,0.22007759234732163,0.23001357462652364,0.20385546663785686
2021-02-16,0.478150125629858,0.283970594182988,0.2171423589908084,0.4485436056581142,0.27244567644567574,0.4557524186360185,0.2512987433817643,0.34773550336635733,0.24983224665486573,,0.5945469473564025,0.26943526808561036,0.3268887072952817,0.21824317524356535,0.237593538489418,0.2185197814066607
2021-02-17,0.4901805045782194,0.2928032996779525,0.2282540620211302,0.4467778910024129,0.2782133735835879,0.43963425744601875,0.25123705202376145,0.3432022464865991,0.24460402864310238,,0.5945496092422384,0.25598796446539535,0.3303133913326343,0.2161084565419553,0.23212411303828787,0.2205069990813745
2021-02-18,0.4814795484303989,0.299375213616998,0.2248142008131602,0.4421373642995308,0.2693679718055021,0.4464778019517078,0.2327586424733946,0.3312834419141477,0.2301474411513459,,0.5867072980028598,0.21862579763176954,0.3184642339876325,0.21219825580821097,0.24087394057889858,0.21872868968504897
2021-02-19,0.4714958152221062,0.2783884045949261,0.2256055452121061,0.4548623053864737,0.26833918752023217,0.4197238381966784,0.2310440777013326,0.30746786696895984,0.22577843876619416,,0.5501745360630865,0.19723815957914456,0.3118410072910759,0.21636387018230382,0.23237104946835815,0.21437208306813563
2021-02-22,0.5166141849572847,0.3220018343051269,0.2506400141429418,0.4779825686194698,0.2958013693557919,0.44466164542290587,0.2520023353246827,0.35381227984060304,0.2505073158373497,,0.6679978398292743,0.19642349730066344,0.33344097238850273,0.22676663452395013,0.24366437127725907,0.25400020576203863
2021-02-23,0.4909880073784129,0.3330505163434629,0.251987362679678,0.4753155487034351,0.28546606869295915,0.4340756172196837,0.25947302923717325,0.3650035908153358,0.2601054636767105,,0.6641836162514979,0.20046546865468068,0.32739080564713113,0.21540640804199523,0.26287179926474846,0.24645313083487308
2021-02-24,0.4682264218332801,0.3246924327996292,0.2616387494040724,0.4821337748279451,0.29002586094736726,0.4464801335685396,0.26107607638248487,0.37182707444293983,0.2579945165646874,,0.6340922515689439,0.21768787886366023,0.33381992165432073,0.2147395243446818,0.2753564613749103,0.2498449192765338
2021-02-25,0.5198904945758874,0.3964025444967238,0.3227046724019836,0.5540737710582041,0.3522145570432333,0.502815317926768,0.33592996214708903,0.4341154749062908,0.32892177767135483,,0.7861799735254578,0.2261309617260112,0.40403296892573165,0.2554562231596395,0.2903459015115534,0.318555337042747
2021-02-26,0.4278324158674843,0.3700613223918199,0.2817018498265387,0.5223548976379684,0.309280358544755,0.45337349846882763,0.29395509911549333,0.40211368594730784,0.2913068929249833,,0.6486680577264103,0.22386393408977504,0.3474019287720646,0.2379758423108461,0.28159866859457794,0.30128420061179456
2021-03-01,0.3940144958792373,0.3060308612754417,0.2390033920124573,0.4843331203652669,0.26110253458223215,0.40981247254259967,0.24894989526210315,0.3591915749626689,0.24454154787797172,,0.604757680571673,0.19984585190217047,0.3268582065870511,0.2149023275196926,0.2601892504182134,0.2436175298229934
2021-03-02,0.3988734448865315,0.3283369318087039,0.2473889056488618,0.4609531371114287,0.2769534282128812,0.43163709222387986,0.25469115320094465,0.38822733940725873,0.24657874684339126,,0.6426427586273563,0.19836569907365242,0.3262910967477502,0.22002651647297924,0.2756470827669541,0.26695078906683956
2021-03-03,0.4307929175112389,0.365696695347041,0.3038153818834831,0.4820295944906628,0.3256488842982104,0.4503552231945994,0.282935917092688,0.39639855921288186,0.2779291203311456,,0.7017357537558399,0.21607240612980363,0.344508086144628,0.20883399679028034,0.2640987238028989,0.3073163681749491
2021-03-04,0.4653919676743602,0.3637152602697622,0.3022019961325811,0.5182781038557288,0.3117857774308052,0.43551365381041135,0.2999991590417402,0.35593889185356653,0.29698733932400617,,0.7313854887586009,0.2204902793886655,0.3602040575005669,0.20664630920031304,0.2706405852914401,0.28976463196543684
2021-03-05,0.416249506219741,0.3324971090144883,0.265922848303272,0.5076662336671006,0.2917519911967229,0.42095110741677255,0.2782281477691391,0.28141953380420354,0.27033543020685685,,0.7715263491673259,0.2118150550258866,0.336823523533727,0.20668547071052273,0.22614612514965887,0.25747765591440913
2021-03-08,0.4526049862738038,0.3759668359016406,0.2847576595467926,0.5357401336977793,0.3214103514343146,0.45783049383497104,0.3040716316066912,0.34324416967285776,0.2990516054277159,,0.8218406856482818,0.21943273103005342,0.3485235356193379,0.2239574360808558,0.23697486947750016,0.2960215727267279
2021-03-09,0.425894438221843,0.3355646052530379,0.249585451373907,0.5098819060088441,0.2855243020843833,0.43892781459656766,0.2720044158726025,0.2636086895498055,0.26751398684096434,,0.7374009752966183,0.20729859934428624,0.3514167034800824,0.20987989789907285,0.22401974356899887,0.2599665122319493
2021-03-10,0.4253030262279876,0.3409947872690771,0.2565388891390199,0.5092090206958512,0.28430413208532834,0.4290347048801412,0.2813471506723282,0.2779822386421243,0.2735206018853374,,0.7768038539671658,0.19425329916818357,0.3313170143182481,0.19565653504698463,0.21395580477726536,0.267931451872182
2021-03-11,0.4129101253074186,0.3207312575661239,0.2450301957044305,0.5019099800941494,0.26874561166499344,0.41559039444000934,0.2535885639418278,0.26630369018038164,0.2572097166432605,,0.7483310368990354,0.18832978559998048,0.3269732852191266,0.18920979562382728,0.2118268561206116,0.2491816366052235
2021-03-12,0.4178647310942721,0.3247503155972602,0.2442163137223597,0.5022697891997343,0.2773518830121642,0.4199560267657688,0.27311348112203987,0.26913988718242904,0.26918941914385036,,0.7209863125409821,0.19579302050944142,0.3237458925377846,0.1981420384499988,0.21130278577610268,0.2504537120662535
2021-03-15,0.416205092134706,0.3238521996310759,0.2393088669789057,0.5020905035613061,0.2711108247149796,0.4177549592451014,0.26433186392033514,0.2706244245076882,0.25596605618041757,,0.6844134905553633,0.19732717507936884,0.32920133281035724,0.1865320792761779,0.20777093309168942,0.23827130287405118
2021-03-16,0.3974802940513213,0.304944869691605,0.2278250993980584,0.4853974828405126,0.2600241133907305,0.4029317120918284,0.2527299659184587,0.2625813422013461,0.25093501387247974,,0.708753488354457,0.17973322936215527,0.3256225968841318,0.17694198628898294,0.19891570818312093,0.2426843878159777
2021-03-17,0.3930165676532744,0.3114261521617528,0.2325264195816699,0.5053924927773847,0.25993360145163147,0.40643375028215084,0.25500633407975115,0.2565384701158204,0.24263550468047387,,0.6825039773357822,0.171149775671988,0.339370257447066,0.17177709982044945,0.1998587358645224,0.22393424022060796
2021-03-18,0.4210374143901373,0.3468303650179997,0.2660199809608815,0.5384568242397775,0.29776570429707233,0.43072394426560995,0.2952018458930104,0.2868661567363845,0.288800104132338,,0.7642168865855236,0.20437364835166927,0.3503522323060731,0.1945063148678565,0.2103091783457111,0.267361707522966
2021-03-19,0.3847508999443537,0.3132678240468107,0.2279187457633854,0.490452255765954,0.25338439242095134,0.3931287241286411,0.2513886268149142,0.28053932128498865,0.25146708257015354,,0.7019305212352844,0.1937025887875408,0.34150820767808443,0.17187114723439337,0.17616799298366353,0.24435393805845784
2021-03-22,0.3534441411068583,0.276774190617392,0.207671644075442,0.4720195589314445,0.23609068404922842,0.3641637423143219,0.2306096592157816,0.2667671491784039,0.22665121061478785,,0.6692831997442196,0.17359148109339553,0.31686984215481306,0.1594365972097131,0.1758515769893561,0.22255270950392766
2021-03-23,0.3484678814004446,0.2813521410336189,0.2132947663376186,0.4870282498292401,0.24032311256910407,0.3650281743867978,0.23117987058736844,0.2757542365771814,0.22765476656626787,,0.6447538604517395,0.17636748111944506,0.34322184957608964,0.15636900842841767,0.18291092249814137,0.24124311837865603
2021-03-24,0.3796814880402059,0.2962800799528491,0.2303828888934309,0.4859985295847636,0.2574239489660996,0.3656025121978156,0.25147474728514546,0.29325820958591237,0.24756437848819507,,0.7017758559116212,0.18444830559797148,0.2927348400892547,0.16458377785392875,0.19095876686237906,0.2503264455489774
2021-03-25,0.3767219827619572,0.2828297659139114,0.2336915334109364,0.4855655103665944,0.2641648762772918,0.37247371550500047,0.2591229210498556,0.28706985192172996,0.2541160163470415,,0.6575464903960714,0.18074504008367506,0.2967513481927408,0.16590784658752883,0.1910969549235913,0.24528430217412803
2021-03-26,0.3509303345436955,0.2642756221480172,0.2053378590183676,0.4896474964845598,0.24630857736812461,0.3505978212571614,0.22855523847401796,0.2951961577369654,0.22229096449236063,,0.6929415334106889,0.17411951795499392,0.29590386997135926,0.16193864238816752,0.18644952456905228,0.2160323847596157
2021-03-29,0.3635057549155537,0.2739838874953866,0.2239701387170648,0.5104729700684889,0.24459278960586325,0.35586752012915207,0.23999999450940473,0.30034066864995645,0.23389580970458174,,0.7129982194537046,0.17245217093411463,0.29394934590671246,0.16353077403010532,0.18610366677946272,0.24181284271880715
2021-03-30,0.3595872482085883,0.2766595283596879,0.2382079117527007,0.5093627641412543,0.24216940742929471,0.3557157937433776,0.2407927330667305,0.31307103519576984,0.2406533110440885,,0.6597108512405049,0.179084602330632,0.27987032093935005,0.16111679685173783,0.1896124653233444,0.2277784829848201
2021-03-31,0.339388760770575,0.2562679452009753,0.2256235654430778,0.480351466661506,0.21949339657094505,0.3323812616542266,0.22416809841489244,0.28297876644289865,0.22084307458954464,,0.6022953723908215,0.17641056026556812,0.2876828948301934,0.13968136719066027,0.18465646712937644,0.20066420769087046
2021-04-01,0.3321635625080877,0.2238523660211551,0.1863026544071974,0.3667840879954508,0.2029932340118249,0.3196754223134677,0.2037464830268624,0.25665917385631626,0.19727845917521178,,0.5685387181624838,0.16391621883292523,0.2692902342309278,0.1335852322439282,0.16984875847125885,0.1853706566177574
2021-04-05,0.3535696889981028,0.2540593932005001,0.2280690132768257,0.3811388801780038,0.21955166966275685,0.34851990441308056,0.2213979482256377,0.2637092359223141,0.22102250738594992,,0.6122608320846418,0.16835992706921216,0.27672762034099546,0.18163639055320516,0.18407922875104663,0.19845371917833873
2021-04-06,0.3268602179538761,0.2730632291501523,0.2163816556685456,0.3648466137978221,0.2590787424916833,0.3863359735532606,0.26387303335067075,0.2561859336792866,0.25824887706862865,,0.6130133430974071,0.19924261432265336,0.297916316471087,0.22718846506277168,0.16757073163319156,0.1942012751302145
2021-04-07,0.3225943708710813,0.2718967025804373,0.2196546648168185,0.3552364107648554,0.2641637911945913,0.3872114825488188,0.26063561543975633,0.24826270597904723,0.26164923855578714,,0.6154914415735779,0.19873410092613938,0.29217270456856126,0.2219615280929698,0.16348660854044586,0.19232882675848534
2021-04-08,0.322213603390399,0.2705483466933966,0.2139695102945594,0.3459653579265548,0.26102752714331073,0.3756275000833093,0.25952672870454174,0.2409704541387427,0.25606631178814515,,0.5860135855488529,0.19089986852500754,0.29305310045649985,0.22255741466663279,0.15920425946813596,0.1974827578954363
2021-04-09,0.312820562702977,0.2723405603357904,0.2136919267977733,0.3364038199987161,0.2607066728566537,0.37440009085731135,0.25281603070492437,0.23576063500226196,0.2539286844343669,,0.5702278084535802,0.1863314226388619,0.29032796196766775,0.21799959728801102,0.1506356041064067,0.18250907749420858
2021-04-12,0.3538560582466863,0.281726453728281,0.2184627450247471,0.3476030598727552,0.26854606985777035,0.39998348704620384,0.2673966998215949,0.24461297893795272,0.2618200547848184,,0.589922951471937,0.1818345575824837,0.31354376184691485,0.22836371008813267,0.14941623294293055,0.19415247357171558
2021-04-13,0.3325069218462855,0.2873497712257337,0.2116925086924344,0.3572760668625031,0.2803992706537234,0.3854004064157393,0.2666722349368267,0.24418724452475604,0.2655318811628159,,0.5980328311671677,0.17912568383319818,0.30022937559396223,0.22790394682169865,0.1455585027916719,0.18863049297388473
2021-04-14,0.3342683241111359,0.2985008778577875,0.2261908810251796,0.3594432071052392,0.28161167494287315,0.40067574665982897,0.27208729726348224,0.24992958748603683,0.26972222846872396,,0.6238445157998618,0.18344883221390895,0.31885924586274456,0.23009406455786566,0.14813016540940974,0.1977491806713237
2021-04-15,0.3577966495862915,0.2865809264201467,0.2131295719702533,0.3491001002141459,0.26530723312300836,0.39875239337352714,0.26387863503363357,0.24107286128866381,0.26434046309867437,,0.6119524692670035,0.18103156968501985,0.30194562054217783,0.2301682082218232,0.1446321358620818,0.1755282095985828
2021-04-16,0.3341872003973357,0.2805759926971342,0.2089169656671751,0.3326719846313394,0.2688049797519879,0.401547742986848,0.25962609491918526,0.22793752904156545,0.2566232442334138,,0.6039480591875157,0.17667842657624996,0.29521059505098635,0.22763436943178633,0.13414784445323258,0.16495348378190722
2021-04-19,0.3539974141263908,0.2931825353697732,0.229761071020415,0.3592331518690023,0.2991047616189926,0.42745962522073966,0.27652669197738977,0.25567022036018194,0.27924039112922616,,0.6497287101829186,0.1921490160976891,0.3123808584304331,0.24855493075511392,0.14645489127153988,0.18689153282534912
2021-04-20,0.356656610825193,0.3035229989783887,0.2362954294048088,0.368659160107451,0.30234551399524245,0.44138948836503844,0.2922618351728251,0.26354933967495,0.29269305212061647,,0.6543782924419578,0.19626278037509212,0.32283361402095406,0.25592411257275305,0.15678530968384888,0.18605359328195886
2021-04-21,0.3249384791028685,0.2933349835407793,0.2230421191595527,0.3586379505045324,0.29515379797691993,0.4289476724081008,0.28435418860251044,0.22652552357165454,0.2821246269320296,,0.6102978701353903,0.18944156852422914,0.3122174419355951,0.24754052711786143,0.14992233166975566,0.18256109358194822
2021-04-22,0.3437232822594423,0.3032895888468614,0.2355021603497522,0.3642892164418433,0.30087462452926583,0.4457466487560518,0.29272021296407874,0.275442387518121,0.2912202473746053,,0.6458250845920751,0.20162972696520612,0.32927177399032925,0.25369483865055575,0.15045818728097607,0.2038559712229159
2021-04-23,0.3279143431340768,0.2803283976451932,0.2121707711816574,0.338364771503978,0.2815417380142215,0.4380209574341071,0.269479564312789,0.25198686058187275,0.26881450155644937,,0.5850157510245461,0.1946780686669579,0.22664705393893206,0.24258240913901977,0.14310366576233965,0.1781694473900566
2021-04-26,0.3392978378744632,0.2921960726059778,0.2241125086594705,0.3404444599353639,0.32763624267017655,0.47320991578076094,0.2779665612158474,0.26301831656241376,0.27807655843718304,,0.6013537450656253,0.20373219990209235,0.22795949208056895,0.2512546145894143,0.14489491195677293,0.17689759782512365
2021-04-27,0.3261834683713858,0.280507176053924,0.2418194184075421,0.3569633913250919,0.3172535810724567,0.4592644006329429,0.2708257890085322,0.2502580882982512,0.27211521940287975,,0.5206111211228882,0.20291080724204952,0.22510687451545688,0.2596422049547898,0.14479621403322335,0.1811126104500364
2021-04-28,0.3177357109464742,0.2874641089515169,0.1946014257454326,0.361833672051482,0.31502905121022373,0.36845406187026775,0.2055035926115345,0.24038951090876978,0.2111801303813394,,0.5028644899152234,0.20643431273611806,0.2134340007690906,0.2662267738161763,0.14129709041219654,0.19053486965065333
2021-04-29,0.320148192556916,0.2291597267242836,0.1809818732886836,0.36289049780658,0.30018795398955495,0.35822962780130546,0.1930363172804836,0.2359092374033735,0.1924707881091229,,0.5145816963786446,0.20699241099765095,0.20638365192355548,0.26610237800423564,0.15116645793542294,0.17290599603300744
2021-04-30,0.3220573840493713,0.2178699884481791,0.1817041281159172,0.3651723620741213,0.23580962174497183,0.3466786809473461,0.19410121786689896,0.2635356612172491,0.19018780050195083,,0.49801215007102434,0.20950731909915887,0.21169610637700434,0.279119887667088,0.15301703978369272,0.18276094300027074
2021-05-03,0.3136934751843586,0.2061294561659343,0.1788027878347339,0.3556044086021696,0.23653412445821462,0.3586165457933793,0.20702714904303265,0.24283291641296226,0.2022071488267123,,0.5226216993762969,0.21296012439168574,0.20291748307501137,0.289516013088956,0.14639617292014256,0.1845936769277891
2021-05-04,0.3526796278796684,0.2518486532782231,0.2034946939589001,0.3794282487869331,0.26110061726494077,0.37463645669816026,0.2225969158310002,0.28793166909119905,0.2144619045694874,,0.5684002946677367,0.23381833910804936,0.22466107733597526,0.30633371390964786,0.16023216442473798,0.2046813006496867
2021-05-05,0.3545795720188279,0.2396148361220459,0.193627375932882,0.3587259544654202,0.25463300515515364,0.3512474550376316,0.2070772384324502,0.3102970085676304,0.20873534669166519,,0.5549776370221687,0.18477306103697544,0.22153623631718744,0.23493738483636803,0.15037157568988893,0.2053737751201655
2021-05-06,0.370982411791031,0.2274324549657043,0.187155935791642,0.3602345669024476,0.23722149655828725,0.34288556880396986,0.21461306522277154,0.3002777579484244,0.2099872223291034,,0.5580459745567923,0.19873453453837553,0.2430643997661042,0.2378655445339206,0.18652301654796902,0.19455045142013355
2021-05-07,0.361377345827691,0.2217560125973755,0.1750977585076814,0.3446955311746733,0.22088939670610572,0.32435661638948254,0.2008380485274509,0.285561187109432,0.19999029009495886,,0.5183762187356761,0.1980957485478833,0.22994037343420604,0.23819993664087913,0.17395779732599156,0.1826764120028634
2021-05-10,0.3912957899275185,0.2477895537939663,0.2025946793179091,0.3731902426403837,0.2534066724768123,0.3419913297974015,0.22971306606345265,0.30687093716459835,0.22701850972805346,,0.5650771526078506,0.20573006030740168,0.251056575678457,0.25044783793167796,0.18841013470711054,0.20885023417217605
2021-05-11,0.4062961413441263,0.2551577021176121,0.2147150368343634,0.3856013642789164,0.2550423589309107,0.3611459469157956,0.23823898536345142,0.3136428898881326,0.23834182628548506,,0.5729477433854366,0.2185383767846322,0.26157307590902135,0.259163119564422,0.19973242660308005,0.2165599685667679
2021-05-12,0.4508590458249359,0.3073562986821119,0.2580101050342712,0.4295408228874545,0.29349929463557667,0.39938345709402584,0.28006443617388493,0.3632567004480458,0.2834775856445099,,0.6458603652341652,0.2551368791378611,0.29948241346445387,0.284668473686324,0.22049338429161444,0.26299185889798465
2021-05-13,0.4182569398042248,0.274211450919563,0.2232372727819866,0.399306132339422,0.2660962232963537,0.3766059475007706,0.25266099266175285,0.3332834125330638,0.24753274502053577,,0.64270105933529,0.2369495249222872,0.2655422305937252,0.2692642874686155,0.21082014634224097,0.23093061783171437
2021-05-14,0.3834986383005261,0.2422823295485773,0.1890470326801518,0.37384128052199,0.22951110072258205,0.33565383004348937,0.21791768402566772,0.3006764620053256,0.21920872360273325,,0.5576642583814662,0.2213811912801137,0.24265344863230012,0.24752344986706482,0.19668840036753332,0.20525868715090728
2021-05-17,0.3882291313212905,0.2465873064687578,0.2063094929087151,0.3901749457559476,0.24736666623936898,0.34559905760896975,0.23235385396439823,0.3375511637713011,0.23429979920272828,,0.5709462625035338,0.23411649618551789,0.25723648767990204,0.2609014965836248,0.20211977829659958,0.21312197886623804
2021-05-18,0.3961480040632032,0.2473000114949373,0.2049978899142928,0.3763137628880429,0.25247935574703156,0.335739563112568,0.23861001946697163,0.35797127752179564,0.2387732775727296,,0.5428912951985391,0.16696715423888464,0.2534661989951715,0.26578857693089397,0.20106785025109183,0.2221128648349525
2021-05-19,0.4145434305317007,0.2578209506247477,0.2216819408076271,0.3957896627281559,0.2507704729533886,0.363822508504231,0.24263484782090725,0.3673436218652502,0.24153432410139422,,0.5454936555979923,0.17826772836591728,0.2673130171014392,0.27156965164979985,0.21355724483139865,0.21380288641722686
2021-05-20,0.3955286839886548,0.2342360368992337,0.2092633596293865,0.3840525346256911,0.22606318814787416,0.3452641871343659,0.220836472166983,0.3346064474486562,0.2201636016264889,,0.5125739426930149,0.1593975522081101,0.2514650914528216,0.18959165502185565,0.20050583537907996,0.20200482634141093
2021-05-21,0.404085812044225,0.2299928504320029,0.2035849284642758,0.367139170868883,0.2277755451097451,0.33027087269990224,0.21570862459604456,0.3081921234424922,0.21411603747715224,,0.5121891065779943,0.15414405738387188,0.2441256896192173,0.18554054560626945,0.1971535157479694,0.1976156176310206
2021-05-24,0.383133005109852,0.2112624622352768,0.1852830921894464,0.3640284292381798,0.20820858214073043,0.3065103104158126,0.19970353101343977,0.2973972800167091,0.19989426220424295,,0.48422067138178954,0.14774417618537258,0.2308815619563916,0.17185913591615767,0.1938876820176285,0.1818914032788757
2021-05-25,0.3773136148311,0.2136523284329179,0.1841547419826854,0.3482180738546528,0.21326971896692526,0.29962142790130863,0.20283478413776804,0.2970179319241529,0.2015168902334184,,0.4770500805916632,0.1424145128878709,0.22540328388208625,0.17065524856667377,0.19170181488645224,0.1823381852252422
2021-05-26,0.355560026572452,0.2031946502258157,0.1744547553235096,0.3340436337481761,0.20120641972346187,0.2951027188603123,0.19344436379901783,0.29522641607250144,0.19250922564498452,,0.47043019005461434,0.1362253346984588,0.2166418085579904,0.16800715683113018,0.1845955600346369,0.17216419330242785
2021-05-27,0.3022689319452772,0.2094870911616807,0.1743216083852009,0.3295206966276974,0.2015581718161551,0.27930561937083476,0.1810263132802603,0.28570463344032004,0.20293919527856644,,0.4645321506584541,0.14181700125694033,0.22052921279766152,0.15982211997002563,0.17380238544094304,0.18167541099577442
2021-05-28,0.3222774077307361,0.2002525900425072,0.1710879459420918,0.3165172298581977,0.1917163310887556,0.2940325768782205,0.18284092519319528,0.28949502917619185,0.1816120314795916,,0.453804900926468,0.13000057496812534,0.21024241338544944,0.1583679229657982,0.14903593652908756,0.1605366209563953
2021-06-01,0.34361817621105,0.2215653556469259,0.1814905136010828,0.3387013979631667,0.20348837087211527,0.31697349655263235,0.20415240285312125,0.299095906538721,0.1993341493376833,,0.46187426133783466,0.13824193727472037,0.23489744459546824,0.1735933223450183,0.1524028781890651,0.17488643109728713
2021-06-02,0.3405220222265863,0.2052799069878926,0.1746024553644418,0.3785510979866685,0.2080699339919091,0.3163149241297047,0.2027696295795639,0.23727235207017913,0.2019679238248067,,0.47581188742768166,0.13294557390134942,0.22491134032727028,0.14863693543230097,0.14653718069257773,0.16724286271997144
2021-06-03,0.356090191567682,0.2127917201962608,0.1879469539997056,0.3822950568775041,0.21401130927595882,0.30501577679978986,0.21088255462621913,0.24256033848743633,0.20972151766837432,,0.5290387864985056,0.14015664595375738,0.23242961601226253,0.15801800309558653,0.15218562825304727,0.16778505410280353
2021-06-04,0.358327128413177,0.2039702011016781,0.1791082442605303,0.3790115728173522,0.19710443360897095,0.3063864913125784,0.19932928905989597,0.20908455514833232,0.1955761822481696,,0.5009737065748763,0.14171163515541346,0.22323797882891422,0.14497171289103578,0.14495562841757006,0.15439037837650424
2021-06-07,0.3461996769000855,0.205115874118504,0.1777926989310935,0.3818085006629273,0.19760592690187526,0.30254624015196563,0.2017295992146899,0.21449653126666587,0.19880436631533355,,0.5159668145445858,0.12897098642019703,0.2249408405814068,0.14792895260668645,0.1523881480397729,0.15840576401334613
2021-06-08,0.3325401298942542,0.2047355180654706,0.1763862907155887,0.3889744824537939,0.20534043895836762,0.2881173538519065,0.1950840680093088,0.21263465521675298,0.19160279464101962,,0.519419408690288,0.1307902862863332,0.22557222088624745,0.14444685903581658,0.1514774541168946,0.1593200727967758
2021-06-09,0.3316914774518096,0.203390009753037,0.1768619258961341,0.3761571008466278,0.20825264374433952,0.2847389887646451,0.19647263852183122,0.20672580724412376,0.19321919738029597,,0.5198155655541796,0.13056290393375747,0.2221437644269455,0.14595101262619492,0.15002882085385244,0.16341493968084558
2021-06-10,0.3125744223185419,0.190842628484436,0.1662230224965329,0.3673192739969633,0.1989655925411986,0.2792968019116094,0.1827536671720164,0.1963823868551733,0.1880972244391769,,0.4990714312119842,0.12581988704445307,0.21544513378551763,0.13623150912852222,0.1420085496704812,0.14599584304124053
2021-06-11,0.3145816618749655,0.1780936796447443,0.1560161056542093,0.3596764501082329,0.1918346325563263,0.2731820533205904,0.17490580215542323,0.17386595514928932,0.17296936509696367,,0.4702673341991367,0.11865257300893764,0.20920890638802028,0.1295718624533469,0.13670322933413412,0.13520727624331505
2021-06-14,0.3029271061008008,0.1906813048223294,0.156785460289809,0.3630100953482548,0.1932440928938936,0.28044701578924613,0.176136386507061,0.18639837646729848,0.17698329474445135,,0.4734010238397904,0.12499477336218073,0.2150800947814934,0.1372326233707415,0.1409368042795858,0.13878058835631477
2021-06-15,0.3052538145668768,0.2012673728230949,0.1668442664387779,0.3746177926787065,0.19468250095552145,0.27489422890072207,0.1786439098105262,0.18843426236658584,0.1824507835745911,,0.4900016154494113,0.12538285259621165,0.2274964004384589,0.14313585001760323,0.1425452726086041,0.15279306833890147
2021-06-16,0.3015646119065943,0.1986404173960146,0.1768037651227424,0.3815153828618962,0.19698883889597849,0.27988140703918185,0.18507887955152058,0.19208229178992897,0.19749922633555328,,0.46133976182496356,0.13082533315074282,0.22507624795004852,0.13363732748906282,0.15078079994404459,0.15166579397350358
2021-06-17,0.3209552547825504,0.1855575369554708,0.16353220089426,0.3792125973293473,0.19027687532806137,0.30933024232389855,0.17834353269468942,0.18383982103012106,0.1761850798444836,,0.44210349484481604,0.1303955912293297,0.22324620977824516,0.12957255354233257,0.14808797059356435,0.1466036855008724
2021-06-18,0.345162771053083,0.2000397934911704,0.1705453724412056,0.3951828980027133,0.20619070014359206,0.3125470754384428,0.19138104316036733,0.20041546578283254,0.18782840579133092,,0.46028128912184185,0.1549392614517386,0.23926990455252978,0.15153924217236037,0.16323894114061244,0.16213425316954086
2021-06-21,0.3525699425200675,0.1859472424242061,0.1677359065502623,0.3854474099498732,0.20058780288395578,0.2998308865747053,0.17346463099541423,0.2181996458460964,0.17151173840617467,,0.4515166600668807,0.13080191313533732,0.22618800823756363,0.1320267425466468,0.1480674105429778,0.15460575522686235
2021-06-22,0.3494988737143683,0.1883532961786152,0.1604816998218104,0.3820694202557299,0.1955427934047062,0.29400469874764434,0.1690711830800605,0.2134806428698421,0.1688324683833563,,0.43488346837447606,0.13071737036620656,0.21481143268442482,0.1320945861859524,0.14461934012987854,0.14399977726060362
2021-06-23,0.3369889345389203,0.1841789132380198,0.1563350954863022,0.3832015914298233,0.18749942375635456,0.287978128679219,0.16503544244694038,0.20889481236583937,0.16673609036311204,,0.46048157786627764,0.1270034034355425,0.2141705845742682,0.12746236373859712,0.14161402946648527,0.1405370985307309
2021-06-24,0.3323778606182712,0.1761092668172932,0.148050677062125,0.3839659988286257,0.1888838099253394,0.2976930568089605,0.15623950151936966,0.20052790556424582,0.15894833675556985,,0.5042505956315666,0.12322762213459221,0.20632340512229344,0.12226684674233369,0.13689464154404185,0.13831825571100345
2021-06-25,0.3259558269568374,0.1679428163893101,0.1495340165914497,0.3863914856342628,0.19537994140338125,0.2832300678175609,0.15420249838977715,0.20699011606067066,0.15729457979947287,,0.4964953828494732,0.12100841826271247,0.20149342481013693,0.11467907487647314,0.12935207508996172,0.1273179515918176
2021-06-28,0.3499412043933576,0.1696602040655784,0.1494181861311326,0.4225839159553969,0.1897288660676846,0.3046368930162369,0.16760305588645305,0.21304196408518744,0.16641439636462246,,0.4870854846686392,0.12552922300771313,0.21041650283606247,0.115259293337674,0.13845520914554352,0.13038812722362378
2021-06-29,0.344330481437781,0.1658481190504,0.1467916077393401,0.4202689715236385,0.18669140803016263,0.31781411183438857,0.1623583308138151,0.2124569734766356,0.1619652051354527,,0.4764708535209139,0.1261674963054823,0.22299863853391536,0.11185902370301226,0.13636034454339804,0.14554994774668711
2021-06-30,0.3494989275940043,0.1669177789087928,0.1444178197407921,0.4444265139127983,0.18476157658713832,0.36255008559489177,0.15683464458491805,0.2049218899248215,0.17092060757101335,,0.5017684423580202,0.15827731924242555,0.2255315599704175,0.10194634922240862,0.1406563386252104,0.14251567332605566
2021-07-01,0.3485678427356693,0.1657589919014984,0.1430476936362968,0.3198479330187629,0.17151247404724052,0.32176636657349034,0.1559410221122218,0.20926180599306707,0.15387670594905578,,0.48935632440898336,0.14545403411551328,0.21596945434815812,0.09844180742973704,0.13305315202939547,0.12858438001161535
2021-07-02,0.3135840788533566,0.165415672879331,0.1349900864000406,0.2868606906555171,0.17589940885771274,0.3103287725330449,0.15203448277025403,0.19407457765938838,0.14032064318235313,,0.43637479467036394,0.14158450165989808,0.1968514228683153,0.13196750152765951,0.12850921399228302,0.11991424761092676
2021-07-06,0.418545640985703,0.2319370217573892,0.1839496906154911,0.3032157858970105,0.27971095538583063,0.393421796029435,0.23532153392474803,0.2250715573672235,0.2348291998479198,,0.541333080748192,0.16907969481104598,0.2820508792128211,0.2200436172253071,0.14163498791145898,0.15669667470169768
2021-07-07,0.4344004400703668,0.2448573702692275,0.1915136523881011,0.3115843815070839,0.28438493595760245,0.38474246585109456,0.2341383967764174,0.22558415393053932,0.23558173329945123,,0.5589977849543415,0.1714115990075619,0.28172039448095604,0.2125773442768473,0.14180356874528455,0.15879347510348982
2021-07-08,0.4528158915469366,0.2569782526819497,0.207780351559022,0.3189059430172509,0.28827183772248494,0.3906766409749172,0.24110494277845138,0.23379144847137404,0.23951004080120936,,0.5597596045363205,0.17719194526143844,0.2950418026382292,0.22990576946633146,0.14882374973960524,0.1751905720286331
2021-07-09,0.4264227165826764,0.250779340663893,0.1853368535217627,0.3000439221093364,0.27951995135836205,0.3758289022363399,0.22598161411437928,0.22430340836546486,0.2204971838327244,,0.5271150414686484,0.16851367983666574,0.2855175234085532,0.2227882132215916,0.1359521934659403,0.1591012041564667
2021-07-12,0.4203862231295285,0.2444289806077914,0.1850613364587184,0.3015127780839398,0.27772361588807326,0.3787491162301047,0.22376987760505018,0.2337240375846591,0.2241249085052282,,0.5244821394926111,0.1674905157920273,0.30070988194223897,0.22541004376514648,0.1400771927202353,0.16148035154890383
2021-07-13,0.420966688241475,0.2471525419355957,0.1935552532654334,0.3020765801456109,0.28187889445456304,0.37181933447911747,0.2233868803574355,0.22871094485425944,0.23391275145354656,,0.5216733775581397,0.16752057084058525,0.3039158992780527,0.22425296906027609,0.13910484193183695,0.16734983585351007
2021-07-14,0.4210322647039339,0.2524082729427951,0.1899611863959714,0.2965260745306358,0.2780568299222189,0.371710777308639,0.2281687852420574,0.22456430287544318,0.23471144319461207,,0.5137052974668271,0.16849670784505216,0.30540657211538963,0.21805210572914044,0.13240896943457894,0.16189099119419958
2021-07-15,0.4136075215075782,0.2487861605279731,0.1911997785753255,0.2997193520794288,0.2767493744091199,0.3731067341063508,0.2294983009217211,0.22507435930064956,0.23103819419562985,,0.49853223552228404,0.16584607317535577,0.3005518656475378,0.22749590177105627,0.13593042075094003,0.15548264705716291
2021-07-16,0.4214381031212718,0.2489942625918214,0.196121750717912,0.3008201246687598,0.28295817146732527,0.36710415148492875,0.23063852150930592,0.22580676846276282,0.2309360457643,,0.4940311196213146,0.15904584795013285,0.30550331986229784,0.22186393012871258,0.1305849183443645,0.16859629317026742
2021-07-19,0.4554257095697746,0.2805836467797698,0.215559517426357,0.3135422174124201,0.3032163325979075,0.4130418833697975,0.26206643177873296,0.2536876075104888,0.2608177939858982,,0.5230016277717181,0.19189898138504582,0.32389126816203234,0.25311137414753104,0.15554488259547042,0.18862661111682283
2021-07-20,,0.2648125127146736,0.1950530426297755,0.2953612203262933,0.2835482682950515,0.3837916384955397,0.2413855128226492,0.2278810412541418,0.23900983127676617,,0.4908059205428076,0.18001699605627103,0.313114964008672,0.23077043777367232,0.14195774184756346,0.169059428236669
2021-07-21,,0.2589308421484127,0.1826514804158056,0.2887691048836563,0.27694584435750247,0.38261946937932345,0.23436490634651203,0.21924369395445875,0.2324816856602367,,0.4951859440120899,0.17643042075001453,0.31842588301695024,0.23063533288925264,0.1350800899704555,0.1529526173112903
2021-07-22,,0.2599640191029163,0.1922358748207482,0.285844925236246,0.27640893597757876,0.39642979633098613,0.23298849867327695,0.22340429692490632,0.23370374836571792,,0.49552210884733544,0.1733545944268855,0.322221454919817,0.23775172115471424,0.1392291457154735,0.1534930098215034
2021-07-23,,0.2415378873338262,0.1872068705544069,0.2790319972672314,0.272499963688972,0.40511007701943497,0.24121572615641526,0.20677021795675402,0.24080239624325622,,0.48691898683164203,0.17312846516305916,0.20125672778715054,0.23202092244108286,0.12828651056452553,0.1348398830194959
2021-07-26,,0.2525289420918072,0.1972821068689757,0.3016981722164111,0.2886489426677477,0.40443417705913665,0.25714447540298235,0.21313954458989548,0.25906277620741985,,0.5070649657348123,0.19210914594791656,0.20210278936415915,0.2400855778003912,0.1312607998699046,0.14710241503300162
2021-07-27,,0.2631147584245042,0.2176444280791001,0.3196815966241383,0.29048024833245945,0.4033957581260014,0.26032506910004155,0.23276601934848842,0.2570207510233866,,0.4400801513712033,0.19048477098705804,0.2053748117416106,0.25240462838857997,0.13480358081352162,0.15188729149468583
2021-07-28,,0.2156096248037122,0.1616201599776952,0.2954085398874887,0.2723756060078463,0.35945250050646016,0.18160708560167008,0.21383112041980792,0.18534728025055092,,0.40151720142632064,0.18853694652092395,0.19351019655899526,0.2536240622941742,0.1331311386195888,0.1456834019698051
2021-07-29,,0.1835168376995379,0.1437350933507231,0.2837364686794737,0.2575083712894612,0.3833230699252057,0.16450067695725773,0.20334959034671643,0.1637376026140869,,0.4612625414770156,0.18060294009194525,0.17882905983023936,0.2494665874993331,0.13420046581024994,0.12269877486698554
2021-07-30,,0.1835409271615302,0.1475612527434704,0.2945068463004148,0.231332382055242,0.38117854254553757,0.16855578505547225,0.20706045099112935,0.16850274000628754,,0.44472503470988883,0.18506344414775822,0.18052084901303966,0.25264142641277243,0.13935305646041518,0.15359245459306833
2021-08-02,,0.1823794581873624,0.147539156929661,0.3074999373011104,0.20762247627738017,0.4247741649244651,0.1774976047259886,0.22301599109856132,0.16920245155106267,,0.4459017950271221,0.18830986001967445,0.17868418049631432,0.27364179013511264,0.143096882180095,0.15559449543772277
2021-08-03,0.3934515588719154,0.1793771851319958,0.1360948932233465,0.3118415171176927,0.2079575163550323,0.4797068444136383,0.17432788569003693,0.21605037959223647,0.17651184215205482,,0.4298115505147833,0.20311391549276417,0.17227194840837248,0.2731299984951634,0.13884656823894914,0.13260696486809967
2021-08-04,0.4065526311069298,0.1841356188568887,0.1565675862044598,0.330178934529825,0.20426606968484487,0.6622197071549379,0.18765092584847773,0.2231781405958087,0.19465705123037236,,0.4099826460056449,0.20869169118375414,0.20521289971365336,0.28239818172624387,0.14857551136922362,0.14141847195166662
2021-08-05,0.3981536648926288,0.1929670882000405,0.149958532177606,0.3243142714651033,0.2026634575090149,0.46735009692157853,0.17840135180208352,0.24752213298506412,0.17937106607472497,,0.4329179804985591,0.16427944782729295,0.21680247829969934,0.21844045075512936,0.15461436337625556,0.1496778274638386
2021-08-06,0.381664187381604,0.1885514312049127,0.1421355621188041,0.3142235781251614,0.19605752572771606,0.44170116188193526,0.17479678081604183,0.24234140730978654,0.16708533326212607,,0.40728650660497145,0.16528239442558146,0.20542561865322512,0.22540924287144742,0.1472528576723696,0.14521245690398676
2021-08-09,0.3698396016858185,0.1894613779352225,0.1479056907218509,0.3138826226920552,0.19318748079480993,0.4563326328402069,0.17333894196762611,0.24966439513224908,0.17412021691064372,,0.402397128299335,0.16781524233763323,0.20623303476686555,0.22432721181546472,0.14662696424382848,0.14629482522923384
2021-08-10,0.3732553185517486,0.1929662234643396,0.1506912886837673,0.3257153705894265,0.1980951242103813,0.45623846953783376,0.17390133551486398,0.24838801240758357,0.17855459907920665,,0.38708549692321204,0.17210285434039577,0.20751369305223466,0.2244940888135678,0.14329201645148085,0.15282818034026804
2021-08-11,0.372440821913474,0.1892543319191262,0.1425249938008101,0.3221030299624757,0.1989887158498513,0.4548256476340608,0.17372004831009247,0.2492030138224336,0.17363928863605327,,0.38115698688026795,0.16923705981392648,0.20230070046780857,0.22247915074498784,0.15389773625191278,0.1498523944745312
2021-08-12,0.3691136837758443,0.2004176441590448,0.1382182534548107,0.3379891635888517,0.19621405876503337,0.4134063037839691,0.16927023463277283,0.24794795586839427,0.16741047590353458,,0.3855741362645738,0.1838435853315285,0.20524097924596846,0.22142152567993273,0.1452202889558136,0.14409068795983138
2021-08-13,0.3572046677547154,0.1899150666725454,0.1380808176238958,0.3163031354414288,0.1884372623694499,0.4379769169416382,0.16187884007010503,0.2643459003266625,0.16466574272585008,,0.38069449451244936,0.18074028758052482,0.1969773144049596,0.21486915941250279,0.14359665566105492,0.13601750784752556
2021-08-16,0.3762441328797549,0.2117509714685408,0.1427242740446591,0.3256937675914397,0.19117740301553152,0.4196091395915403,0.16787623117080194,0.25615002170424483,0.1667147740633018,,0.4082969897668128,0.17967523597837948,0.20006276943711487,0.22443347247600798,0.1461968298526482,0.14212584664438035
2021-08-17,0.378983187375492,0.2301228769215607,0.1579243592950662,0.3206598720001353,0.20937911540310067,0.4301066701994869,0.1755192219462375,0.27042182130635534,0.1773269913028251,,0.45205584917925423,0.1440374206226959,0.21395347367547982,0.24141053414449962,0.15444622479644124,0.14948592721120543
2021-08-18,0.3784055147431013,0.2409348819041585,0.1766679571254317,0.3224250320911617,0.22354755751103703,0.4217155037228598,0.19027567175514187,0.27424019033687175,0.1829158991195711,,0.43350299165016376,0.14552094256986423,0.21963486076734592,0.23411894154881094,0.1606048095485176,0.18366874939688155
2021-08-19,0.3580265413001345,0.2455533884102214,0.1885806506527492,0.3330955655791329,0.22052199809427192,0.4184692675347643,0.1938907116441688,0.2862445626291821,0.18848750532651648,,0.4499895781748196,0.14897648844839562,0.22931247542904107,0.18279744113204924,0.16512006106627405,0.17987423642753667
2021-08-20,0.3463239819214573,0.2127672889395648,0.1723632474789828,0.3015888424087782,0.19635135448601157,0.3953557279102917,0.17071639618422335,0.2559123710422465,0.17314051382262138,,0.4081770328989709,0.13732707188549764,0.21663138683468408,0.16581301377879523,0.15507075488987496,0.15127839937624263
2021-08-23,0.337078430608037,0.1993212827512216,0.1573625379863099,0.288922444502263,0.1863115732670551,0.40518573290828636,0.16281257615500766,0.25592641287314416,0.1682163722575308,,0.3784853023562956,0.1251962697980521,0.20183732886021374,0.14930039433747483,0.1457962866193068,0.13723825088900143
2021-08-24,0.3284014148293669,0.1926856554037908,0.1561691596058184,0.2920699196867719,0.1805578893319759,0.3897055151030102,0.15851724705075645,0.2625129241507809,0.15664633599578426,,0.3756609214275655,0.12554538663977335,0.20345792729831372,0.1519568681607245,0.1452247409048425,0.1299755578122464
2021-08-25,0.3203094097387104,0.1868138374190389,0.1518433130074939,0.3044470906985224,0.17104616284650628,0.380624003557332,0.15514583578606736,0.24388187173500658,0.15987051171546965,,0.36160947384115505,0.12066143736188499,0.1982239979866663,0.14737172518470337,0.14135918144942441,0.12273397727509536
2021-08-26,0.3232901609811139,0.1957827129295537,0.1603775941960592,0.3060227198625733,0.1723692009418538,0.3783991931159014,0.15696014900251126,0.2664357893725197,0.1642560204456293,,0.3791030094063192,0.12759641506152664,0.20765878473032415,0.15634577260561017,0.14170422700157848,0.14325572985288454
2021-08-27,0.3016085185262362,0.1738716730940341,0.1359985933092024,0.2783104384072179,0.15461086849682845,0.38097076406838154,0.14469420300585226,0.2705685618590536,0.14468413589751872,,0.3378396018686391,0.11903553648073156,0.18625022357786422,0.1339881836637522,0.1328869901748192,0.11057372231493637
2021-08-30,0.2976236295467787,0.2029624084734391,0.1371472473487784,0.2852746835168865,0.16142082236675037,0.3874579260734504,0.14736754449251788,0.26929992634286687,0.14566986988179068,,0.3394551793890311,0.12236150025314589,0.19051356241983455,0.13622590456760225,0.13649570305212222,0.11830292201154818
2021-08-31,0.2980659507571193,0.2148760788886062,0.1575010541438259,0.2784584514035132,0.16876530230254816,0.35917229019787966,0.1452624476452615,0.26847189513868935,0.14434700806273282,,0.3250010158927966,0.11789601749471683,0.190628711434473,0.13909437765806498,0.14814272965443614,0.12489053300599638
2021-09-01,0.2852638707821141,0.2040749626664791,0.1402780188698895,0.273758768915897,0.18786564822122587,0.3482359087072932,0.17186249201826992,0.248074037295586,0.1438824358129772,,0.40216107774417176,0.13208552267825419,0.19977154228174135,0.13583834617625185,0.1287713373019093,0.13919665591186284
2021-09-02,0.3100307149562251,0.2164295458307528,0.1587497453759454,0.3262867044643443,0.18762454555061298,0.3615770544657223,0.17474360970168742,0.22374187812790333,0.17356310786570717,,0.3960837657278803,0.1293029840438592,0.20267954133489702,0.13106468833556945,0.16235620451069327,0.1323866965326314
2021-09-03,0.3157540785139997,0.2072132275914869,0.1569077681946624,0.3228323635298276,0.18487791762580105,0.3507135107406003,0.17064100354547804,0.1807491920098197,0.1631989571091341,,0.3786696247265329,0.12689734323042962,0.19678963928459023,0.13023418615791252,0.16055182788478473,0.1319796575493566
2021-09-07,0.3184956925217078,0.2269437343159838,0.1713786800722661,0.3310181110049137,0.1940037301761551,0.3620077165816188,0.17301648094801303,0.17783637707564603,0.1739258415270212,,0.3769027381474027,0.1320062331397144,0.20593074046081739,0.13781931929041072,0.17108279129566273,0.137380316334575
2021-09-08,0.3343883513123685,0.2293416398634302,0.1704535307451089,0.3380773259910132,0.19666986441917964,0.3726062873332823,0.17953866248743647,0.1801777443665291,0.17728975026920635,,0.3839437400958835,0.13102041079604787,0.20742756391111491,0.13475558657259015,0.17477388140207548,0.1418420452878792
2021-09-09,0.3322335471705061,0.2249955950920776,0.1788593527869567,0.3404676061243419,0.19681176717227708,0.360006922373292,0.17350263047512016,0.17961064388574263,0.1776897743249183,,0.37664507424132,0.13492353951790423,0.20699538908072954,0.14259156765260245,0.17453783737529818,0.1461712828372813
2021-09-10,0.3282402060309787,0.2504838854476381,0.191332677105155,0.3502811042939238,0.1982858899161971,0.3507105065702582,0.18652816328693975,0.19342444382228305,0.18728215165241183,,0.4054162207917936,0.14060784940970633,0.21003971758463574,0.15640352028858306,0.17894316687901596,0.16048243809689539
2021-09-13,0.338347347934665,0.2296566788890027,0.1798071764156952,0.3510548214541896,0.19693831934592576,0.34522208598477766,0.1803705664944131,0.18988026625605042,0.1886080089773858,,0.37964117895224797,0.14398728980451372,0.21663555610067262,0.16340382596641878,0.18628693539641017,0.1550844212032781
2021-09-14,0.333668762608534,0.2237083976798949,0.178800995600777,0.3632349717067684,0.19546730197918455,0.3527566516522224,0.17864217898253487,0.1885321014422416,0.1874467024052732,,0.38924550640638106,0.14315426196343073,0.2189285728785983,0.16591941248438888,0.18566705509709758,0.15671732302702648
2021-09-15,0.3205096123542882,0.2097275451132388,0.1663429257246564,0.3473747300463335,0.18009667801015455,0.34013312997630396,0.17419433098579504,0.17900765168268995,0.1727634594859922,,0.3533199378845997,0.13233544924238097,0.20638194527181902,0.1435312034187408,0.18004300690910793,0.13716647911048674
2021-09-16,0.3109673313557803,0.2028778539275623,0.1612195013445846,0.3503325048018761,0.17151166293809453,0.34628110404942025,0.17209180175787311,0.18057738823356934,0.17421588465774357,,0.3640059050962841,0.13024522832318625,0.2055394762464922,0.14311435683990467,0.17880928553630146,0.13125533839749848
2021-09-17,0.3179368470531373,0.2190160262791127,0.1862891928628278,0.357255463688465,0.18656230112125213,0.3445350153672123,0.20015620365745007,0.1835209211821628,0.2003810159774045,,0.3525546667430447,0.14478153047021003,0.21100763207023593,0.1415738445756914,0.18917306600203293,0.14703984292669586
2021-09-20,0.384298473610598,0.2655524218169454,0.2342959967017596,0.4111584641725638,0.2450024420275145,0.39063164203805434,0.255765416784614,0.21353170888774015,0.2502493072204384,,0.44603333128271855,0.1735074160880386,0.2575228064980322,0.17036775467799778,0.22334620606449312,0.2091307368823746
2021-09-21,0.3550072923085789,0.246655843927391,0.2235751390375805,0.3968492197062325,0.23963083569504595,0.3699575692514204,0.23672364305468632,0.24739328414293663,0.23886817991228582,,0.38741680836503156,0.16102714445570043,0.2435430785210272,0.17016576588941845,0.21147347828854976,0.19357341884712992
2021-09-22,0.3304614195774984,0.2170191463772981,0.2009880376131062,0.3751104423940966,0.2055883892123781,0.3458822776354323,0.21459590239347368,0.22225807859826036,0.21891161386205704,,0.34154578245682643,0.15032235187049192,0.21734514808467495,0.14471942077753092,0.19913445182759992,0.1769100760433753
2021-09-23,0.3243436444366533,0.1941351291915427,0.1751929581692166,0.3610351196368814,0.1797288565057943,0.33039579092552923,0.19073065402485034,0.20084000764568022,0.1875497429291017,,0.33630881645432276,0.13669398541348457,0.20531007476637014,0.12464429295690906,0.18636701316111645,0.15257054925346072
2021-09-24,0.3163980012235277,0.1874347862825305,0.1627896217844053,0.3552588323282881,0.173567201925744,0.3200020060556777,0.17012228680826355,0.19323529533154546,0.16953667182569299,,0.34854153790309383,0.12812189815760505,0.19924125309686824,0.11628505151728902,0.14982531618129097,0.14277909612269427
2021-09-27,0.3245067991721238,0.1972658566267993,0.1836588190364062,0.3790516691694828,0.18975078755166536,0.3499749807490641,0.18831748604109463,0.19374825581063806,0.1850274450478703,,0.38765050673886914,0.13819265476032544,0.2035803315173607,0.12131246305843123,0.15908397091268528,0.15672054341945507
2021-09-28,0.3991656557783485,0.2637965457169233,0.2810149692130325,0.4349527793092913,0.2545654447636214,0.42653251502236994,0.2735751965835385,0.25713308367775495,0.27033242365722965,,0.4469718003168221,0.17449424316587,0.24496511251354197,0.16023672889569765,0.19929989270272308,0.2264252483675027
2021-09-29,0.3877653854554789,0.251069893918909,0.2545247657091402,0.3040725808027141,0.2528216252722734,0.4092056104103804,0.2710729633601361,0.24780465316927067,0.27287404235845997,,0.4396463179085553,0.16936119416964912,0.24008944091723253,0.16727466684118894,0.18577857865408726,0.24213590927820605
2021-09-30,0.3853202837244348,0.2654829149281051,0.2578523309586888,0.2988342236160254,0.26027959149373264,0.39738277439923303,0.28652644670551164,0.25603440072616834,0.27562585467370243,,0.4968612904869251,0.17250594023210447,0.2456228312778516,0.18397087725302497,0.19704709585649785,0.2373579052673126
2021-10-01,0.3495531968308054,0.2207755417340689,0.2255338474844928,0.2784678903638243,0.23734052879129966,0.3793743194450306,0.2318578330625708,0.24707987100922127,0.22314243895988392,,0.44949754635105177,0.18076449893972538,0.22525602481239207,0.1502241554529583,0.18644973261037318,0.20370023933151418
2021-10-04,0.4159001811952861,0.2891460730659843,0.281764082710741,0.3271171880795549,0.2959410309166114,0.41927202039866984,0.2814705396191518,0.2912129899813825,0.2863674090868521,,0.45091512454384897,0.20340433693117807,0.26033650922037677,0.22556963445034084,0.21672159036361688,0.26297383539028796
2021-10-05,0.3883805561001464,0.257388542658333,0.231777401518227,0.304366786926863,0.2820184667589378,0.4112640957138667,0.2726405959805634,0.23737861192558965,0.26952743055488265,,0.4906213953443035,0.19897532167649132,0.28629121566403304,0.23342798886467897,0.1718723400266243,0.20338597772620515
2021-10-06,0.3957309025759168,0.2594679748833116,0.2283051698918193,0.3066911368505978,0.2762740488963753,0.40890681204828194,0.26631519546347593,0.2378439440922577,0.26745269418438994,,0.48074076278352806,0.19617181051253424,0.2934020436645649,0.23870576557389842,0.1713039582208244,0.200421449526767
2021-10-07,0.3724754296512383,0.2391623551803602,0.2204580385432256,0.2809929002793592,0.26303405351583287,0.3944769418586722,0.2562500002960995,0.23420031625113932,0.2553976813884523,,0.45845875908613504,0.18148388092991571,0.27761372805198475,0.2337001667938605,0.1631302914992569,0.18338224262692765
2021-10-08,0.365074040316186,0.2339110428884598,0.2128269609382259,0.2853510897664734,0.26553636956654525,0.3913242302059042,0.2568680302532425,0.22704986208120806,0.24994559419712367,,0.4487563762431162,0.18176378939239557,0.2690509121845781,0.2291229790640312,0.15889350993676307,0.1792606060812104
2021-10-11,0.3768116752150161,0.23681587661904,0.2185216800368001,0.2890020258687287,0.2767040787553664,0.394931145009481,0.258211987843267,0.23541216758760874,0.2598769640651313,,0.4421059700496191,0.1841774073564205,0.295252868629417,0.23238718295837185,0.15921001579984534,0.19138475364373164
2021-10-12,0.3788596538510425,0.2397190310979794,0.221657871518208,0.2948924215563672,0.2708142759260132,0.40107525924493875,0.2771534269801286,0.25854066614389015,0.27540731508328986,,0.4349502673840259,0.18581094218471994,0.29948449933624655,0.2411089276246554,0.16226941498241654,0.1800566752634314
2021-10-13,0.3567815570797373,0.2406256288658159,0.2102916529130596,0.2811730793801131,0.25455735378321687,0.3976225103549057,0.25434456360815094,0.213443395773667,0.2566765680522253,,0.4072078180917362,0.18241502558635447,0.29319555126724356,0.23097917325040737,0.15268204540282052,0.17139519196806052
2021-10-14,0.3496249153315742,0.2128780788134441,0.1866811255682872,0.2557541686503202,0.23941846936121922,0.3946509503699734,0.22601410032978828,0.19877357151507935,0.22723136680338216,,0.38098640506926074,0.1757323407162494,0.2713913494854239,0.2193110093413047,0.1336638472141292,0.15035741197134567
2021-10-15,0.3187839014606255,0.2022833532966932,0.1727290404058913,0.2462332986586022,0.23672899715704668,0.37823095322641315,0.2242886667077395,0.1851319110570348,0.21850542657319957,,0.3380885138788896,0.1728349285378718,0.2613076742230287,0.21395663968629305,0.12074704390691005,0.14362781899835772
2021-10-18,0.3329192225455604,0.2072294589561091,0.1818006726636199,0.2546184478598349,0.23711191458712919,0.40499025243489994,0.227171262025406,0.1825371561867688,0.22250574862686506,,0.342138511007386,0.18116011646297378,0.27269912880354535,0.21826772869378464,0.13253478229422863,0.14581521257771826
2021-10-19,0.3255881352573437,0.210347110640569,0.1813793293035694,0.2619147214173146,0.23490376628489848,0.4011900512373901,0.2208029782191159,0.1882428552673841,0.22128394521799924,,0.35697475759017705,0.17712865877416567,0.2717158618414795,0.21891071537233803,0.12904744726984937,0.14062661132638793
2021-10-20,0.3296782195821681,0.2088588097472599,0.1806109200687998,0.2641230116126079,0.24553934743539382,0.41722757670624966,0.2379587339276487,0.19168023113453517,0.23849681701700215,,0.34672872143889427,0.18288509590762328,0.29277688081794767,0.21662507977141512,0.13464828433095505,0.13202471623088646
2021-10-21,0.3327533164009419,0.204199935609915,0.178614701787084,0.2539495984813891,0.23600952140136186,0.4143614889241906,0.2332231281140068,0.17138034260616244,0.23741216456453937,,0.3473878042823915,0.1822333954997864,0.29651691272781827,0.22476575290192607,0.1374627736743465,0.12293151654975777
2021-10-22,0.3440265611747886,0.213045096360394,0.1870069206002079,0.2722042488095273,0.26231685541711813,0.4317718142114923,0.2540845426289727,0.20723414123849745,0.25302060176113367,,0.3491218601085764,0.18239527949044018,0.1930327926817273,0.2339039445704142,0.1396877514822785,0.13910041795630781
2021-10-25,0.3654047139065893,0.2159942042392648,0.202787788541474,0.2826055875707576,0.2636421728299345,0.42908601908176924,0.259762077306309,0.21122518996695433,0.25656627355274336,,0.48498907533657787,0.1906778397638468,0.16846870155710314,0.24651904162894672,0.15357008214208717,0.1403867184203937
2021-10-26,0.406476216948158,0.2120629313088764,0.1830727014229337,0.2807145571370529,0.26323700722842064,0.46458083158663255,0.23989099076887388,0.21935624366765935,0.2498518292780264,,0.5143765653594702,0.19426495340542524,0.1785695161680608,0.2508497013586539,0.14883346735773398,0.13966442898770418
2021-10-27,0.3933090742585853,0.2358761272386436,0.168724194313547,0.2879495088755958,0.27274718682874877,0.40058261752868235,0.18464041920553317,0.24429435147126768,0.18113517422429376,,0.5687238896296326,0.19799119909242904,0.18083881617112801,0.2530743000200569,0.15471066988890278,0.15675670805751646
2021-10-28,0.3996215269083879,0.21636641189119,0.1601031018771807,0.2869021120010273,0.2920302414687376,0.35912186693207415,0.19257760504391241,0.22852720949724212,0.1916572708477974,,0.6245022780487971,0.19690165304119223,0.17039790492724163,0.2643413511367713,0.15871397788141783,0.13000522075883247
2021-10-29,0.4108451111671757,0.1839518512905234,0.17207058682066,0.2830527012190873,0.2064418420620351,0.34629451185647153,0.1992218425879021,0.21810527066773416,0.20477315655744954,,0.6965293399495273,0.20724360941589917,0.16443987371964833,0.258312099330043,0.16127810547069432,0.14712960490930027
2021-11-01,0.4244585709830212,0.18182821938945,0.1722130656388596,0.2856057268630033,0.20957801607728488,0.38773465495526876,0.2131910956584856,0.2228740189587808,0.21836488313809857,,0.8780317673857962,0.218894456383297,0.17283917518559577,0.2853439557747478,0.1715782575859415,0.13970708511208177
2021-11-02,0.4500386127932072,0.180928195112623,0.1697299374076375,0.288801724813807,0.20667228519851016,0.4008116943454219,0.2028100350022776,0.22729242924790855,0.19999957081413222,,0.8600894194644729,0.22175647959286665,0.17641268747491118,0.28517470400811085,0.16845279343688593,0.14212899931816583
2021-11-03,0.3946217749168832,0.1832021238638413,0.159180718684831,0.2827453547124001,0.20589821604286718,0.4050981533881324,0.20481317279838823,0.23923783332038268,0.20831709068668033,,0.6366495951067468,0.16674413072898053,0.18208719726050898,0.21753292965247312,0.1805358614127907,0.1412240332923648
2021-11-04,0.5206197545322586,0.1878738387106973,0.1715740136383035,0.2918158235719572,0.21716866206995394,0.4530703905754338,0.22069510210233123,0.24969820360850323,0.2225871017772625,,0.6551390093923192,0.16971358513184903,0.21466053821362108,0.22335987242636626,0.19597507044540066,0.1551048260153196
2021-11-05,0.5708554869502861,0.1924338629732487,0.1761688034827731,0.2941212807463351,0.21835275861837936,0.44359876312875296,0.22598049143757074,0.2534084502737495,0.22533549934943445,,0.6056712310643887,0.17398776826517973,0.21995266090674484,0.23230139232339753,0.20009955754758987,0.16358825849860664
2021-11-08,0.5703589230669618,0.1992313572531676,0.1742793896740456,0.330637703862171,0.22650183293145568,0.5477150100151109,0.21783103827337755,0.26622882283573024,0.22393503269349577,,0.5961257913204481,0.1775235449771263,0.2394593042558924,0.23433071476043185,0.21034695835363298,0.16929860389915527
2021-11-09,0.564958944023808,0.207082123357157,0.1764521119622631,0.3266894787600026,0.25015767761785096,0.5380026013171899,0.21951748580171385,0.26466616966153766,0.2203257512316956,,0.7154242072737377,0.1778888105095796,0.2326197225110249,0.2410607340087489,0.20750980558824508,0.17292599138810988
2021-11-10,0.5133021430412137,0.2124660463578142,0.1843897990679511,0.3207125382220475,0.24458423272637717,0.46671191974985704,0.2249008553245322,0.2515089579883907,0.22181222598642575,,0.6363419143144217,0.18278174839149708,0.22927914556137,0.2522519877373955,0.2045944397685871,0.18077481321169128
2021-11-11,0.5003697738066603,0.2034813071895872,0.1736032069667671,0.3027052742706814,0.2330070242127417,0.45933170860473643,0.20977177648096784,0.23367828337477148,0.2105460449152531,,0.6016434618479997,0.18449147500139254,0.21996209731838173,0.25665182643322726,0.20050356848408724,0.17909473282474775
2021-11-12,0.4865585818468859,0.2000514713291846,0.1679986476374832,0.3127332413885225,0.23748116051728588,0.45443358783273846,0.20874569915200009,0.2424984312768474,0.20484133595718085,,0.5952355005508462,0.1940347375612754,0.21202430251865667,0.2530955177712949,0.20340354028675653,0.16819115197629422
2021-11-15,0.5007153109829314,0.2006021204123418,0.169721829143575,0.3226143918353261,0.24517355285998124,0.4382460529561948,0.2057719407716353,0.24387717322683622,0.20647292409279766,,0.6021481075451238,0.20014098243491305,0.21306335439748245,0.2575274552297589,0.2130698867254259,0.17434972025753295
2021-11-16,0.483812213748333,0.1950712751636263,0.1633212475702023,0.3165174491956299,0.2343361150192517,0.45178910434746317,0.19709978397293557,0.247865272362444,0.19628049140579346,,0.589795830675744,0.17643290111266857,0.21753921804798013,0.26073153577873837,0.20818628979684356,0.16508826623251158
2021-11-17,0.5131627768717278,0.20587050637199,0.1770034686041013,0.3163098507412949,0.23936728923456066,0.4591483106868778,0.19895983166304806,0.25390277732763383,0.19882739046250375,,0.5962641079701237,0.14570184646396153,0.2161878555828711,0.2778494401153466,0.21033896009158376,0.16388953575628243
2021-11-18,0.469173962991868,0.2288609769584557,0.1841041542630303,0.3172623794271044,0.2542745857496282,0.46356043577873857,0.21053404044150853,0.2521572063711061,0.20756939903139218,,0.6019912460505914,0.16506308066572717,0.22427585990466178,0.198351183140046,0.2125244550292333,0.16155776898968893
2021-11-19,0.4447882607074855,0.2177629486201339,0.1724660468949365,0.364584254156071,0.2522465738440506,0.4540888443298886,0.20328201643401472,0.2596867378274402,0.20268347284144944,,0.6248596574231788,0.15197017425363138,0.2154716591895044,0.19450644732796135,0.21303279741786119,0.16232249821516445
2021-11-22,0.4945885139855241,0.2405059916690854,0.1976537164109791,0.3819437666867484,0.26495616945075473,0.47694005709035614,0.21494136912871634,0.2762712101995075,0.22040672340034942,,0.6643754123431984,0.15494241214703375,0.2293123269721328,0.205109304061176,0.23030500595715497,0.1884912223131819
2021-11-23,0.525291776551623,0.2583420828907524,0.2043442264233974,0.4005287990597063,0.2848818489595876,0.48778369370081776,0.21675281856149248,0.27880913813663677,0.2221947111665218,,0.7198259007206279,0.16187637260046608,0.23726777828815737,0.2117129896977052,0.2306801272474854,0.1801374229801266
2021-11-24,0.4868448846372532,0.2558467863702997,0.1975221892765351,0.3913414138313039,0.27127295871691254,0.48688872672183053,0.2210269284596675,0.29041544607802583,0.21918920164258832,,0.665279594875006,0.15854075789915986,0.22326326433173574,0.193375048641526,0.23592507725399495,0.18255809735293219
2021-11-26,0.5301378868266189,0.2956857037133285,0.2682931035330678,0.4212115954618192,0.31978490080104766,0.5217668858892893,0.27978414368501336,0.32423727840816574,0.28170477476305095,,0.7341691748964585,0.19205961933014615,0.2742425209524476,0.23548961287753103,0.28527546578795776,0.23523809515753988
2021-11-29,0.4903044313150716,0.2501926099401554,0.2048799570662211,0.4047520228690014,0.2677536215508651,0.5149931727501158,0.2339789836621211,0.3253047604124764,0.23589641445668766,,0.6513430563680386,0.17775648901633492,0.24720657978335428,0.21071495068578,0.269081200678766,0.2004709823942801
2021-11-30,0.5317270637238917,0.3006367662261529,0.2690662896906763,0.4446670410349082,0.3003707769355899,0.5476545833569861,0.27601085446243845,0.3331227860812317,0.28757971600053084,,0.6801827213533322,0.18721359634470028,0.2884066229287489,0.24821197525625033,0.2972090620607584,0.2582691084114104
2021-12-01,0.5588061140009596,0.3236584506989663,0.2716127940309586,0.4669875414772879,0.3142187780154878,0.5668613670379593,0.308986518230259,,0.31610410151622015,,0.7415746891233405,0.22163262523101443,0.30359951553692494,0.26133130135490124,0.319004860474099,0.2847960949286654
2021-12-02,0.519111183646851,0.2936608481380849,0.2787218322097465,0.4512950496783894,0.30908799684805205,0.5465256885510568,0.28317962743628133,,0.2904391049634842,,0.7442160090695391,0.21580055443557325,0.2884960676996219,0.24582610093069637,0.30628177896211917,0.24950814978599736
2021-12-03,0.5911699564475097,0.3228958319467998,0.3257418393337018,0.4805419931319183,0.3394182796557396,0.5825273152122185,0.31537399433818925,0.3828152868386121,0.322778930332664,,0.7862454298390261,0.22914475968349238,0.3258114002623895,0.2704423633867641,0.33461301288688583,0.2812323957449571
2021-12-06,0.5685714691915285,0.3103054061226786,0.2818877849099887,0.4536837045857258,0.30560713270780604,0.5923129212093735,0.28958133419395066,0.3676603987618936,0.2971649624228312,,0.7266492082601782,0.18755773294105818,0.29617162415421183,0.25138313811474744,0.32616089918536395,0.25420678082608816
2021-12-07,0.4649582704664097,0.2648107216550583,0.2167327169383336,0.427712409979266,0.25507394763412944,0.5117186738657218,0.22896241120043093,0.24892130816778565,0.23149229403965926,,0.6493914850736309,0.171799192419045,0.26779300924536403,0.18308257879540915,0.24205060003701187,0.20098907862730794
2021-12-08,0.4724587638808857,0.2719771470986887,0.2049566000053055,0.4151504005747262,0.2517497407473627,0.49342119304481297,0.22050451944413255,0.25145207491303173,0.22147870536025352,,0.6340400715986517,0.17058968162775712,0.25613393188462,0.17991827833691948,0.24244350511993082,0.18650818717294249
2021-12-09,0.4936671361560495,0.2809963616579,0.221210737687096,0.4103793931783403,0.26236897920938973,0.5111445444787838,0.23308158046694766,0.27772713182177344,0.23027368301894813,,0.6445206894596963,0.18364419997167514,0.25627849844877937,0.18602453171732844,0.26531058846395034,0.20034226741723984
2021-12-10,0.4643568660002148,0.2745735152617286,0.2039193990971578,0.3950722255167647,0.24324108695101246,0.47040489481160075,0.2122186035975952,0.20346303701939422,0.20986852559737904,,0.5772337560920312,0.17129894194635256,0.24256325811920526,0.17762341260905212,0.21233184812084635,0.18212412796512503
2021-12-13,0.5054063224991243,0.299547650880835,0.2263601726109979,0.4220256801710403,0.2569366105749446,0.492310005133993,0.22220106115654192,0.22027862527570966,0.22481118567993344,,0.5908705907526276,0.17766719243795967,0.25409433646580365,0.17667923534661908,0.21619869681413012,0.1968174588372923
2021-12-14,0.5030334008667826,0.305542890538284,0.252212611636398,0.421886000465803,0.2645323478834528,0.5111213675697661,0.24017497433788787,0.2153860191985136,0.23991366403881853,,0.6005596325985597,0.1789998779866435,0.26609251522160005,0.18564264402405833,0.2255739661038944,0.21076365627747656
2021-12-15,0.5081642376302952,0.2873710325800466,0.2233718004907922,0.4147863180088387,0.262076076042853,0.5288698061607262,0.22532572560408456,0.22484007179466406,0.22577489362283346,,0.60238537804302,0.17697622386159786,0.2519130798750707,0.18242407243431671,0.22135125738906125,0.18697621764930406
2021-12-16,0.5744675272219868,0.32096866847464,0.2589615593556674,0.4548103027875562,0.2801173815513678,0.5772937608086804,0.243894783182963,0.251377640780028,0.24400444910132416,,0.6410453326691886,0.18390971637443865,0.26782244230374674,0.1893417206050918,0.23124088329573972,0.20685803028765343
2021-12-17,,0.301879943898386,0.2482542458377226,0.4596683576212265,0.2737936537955797,0.5571513158357829,0.25310013066231457,0.2667135190176493,0.2520793367384833,,0.5930529423564014,0.1850066268733897,0.26346535634476015,0.18674473457108473,0.2141647109830213,0.22400463912338148
2021-12-20,0.5482416234617078,0.3065966021314286,0.2672812218533165,0.5120872476154346,0.2935034794309524,0.5486958109703552,0.2512607310750048,0.2754526980203535,0.25862919211465935,,0.6198058618237069,0.19439664642886553,0.28226074393043915,0.19307814115350708,0.242896796174507,0.24805588340412899
2021-12-21,0.4977305765701759,0.2760462320606179,0.231558176739219,0.3926183435843978,0.2582738180588154,0.5053627296063505,0.22461694597832257,0.25222422237463665,0.2250696018299444,,0.571898436925428,0.17521298704302124,0.2545406516882636,0.17717028620350858,0.2214746023740954,0.20063466455025042
2021-12-22,0.4690286770149322,0.2652259398274413,0.2125300401118222,0.35268287037768,0.2444774825426956,0.48220346402587266,0.20680805883222889,0.2475732075688639,0.2092926390202173,,0.5774387059274985,0.16584867441530998,0.23187340500350884,0.16189816383438793,0.20365677908935645,0.17806860032434926
2021-12-23,0.4524264217651922,0.2474683971643587,0.1948738937986538,0.3523401824176352,0.23351894851841762,0.4678161173091055,0.2002101149000706,0.22434025541418662,0.201828281724369,,0.584708256744204,0.16326791612654862,0.2423431107968441,0.15329328018275362,0.19469515600885448,0.16647830905832475
2021-12-27,0.4601126539853905,0.2526817956251916,0.1936054900661543,0.3659714624854289,0.2534461472690343,0.4890945120826485,0.19667248738798057,0.2405181551392681,0.2001483015545921,,0.5947414433899609,0.1604856277447965,0.2380293981370061,0.16270641795352495,0.19502901769589345,0.16142405251447073
2021-12-28,0.474783951908905,0.2569132487787754,0.1974173761788735,0.3414385113437224,0.24249678496924673,0.4895449963261407,0.20160497632768976,0.2516359236586166,0.2059357073448918,,0.5892705740465178,0.1587784608652821,0.22131510758758205,0.1545191242857101,0.18690965088912959,0.16919699265833876
2021-12-29,0.4616049551672301,0.2423891721491333,0.1925171162708991,0.3645397403496314,0.2348424737870068,0.48163534649359363,0.19304680961637646,0.22469024883078695,0.19355346955642933,,0.5800943913997334,0.15660324434075745,0.21890683044262885,0.15596054731074918,0.18511294500919062,0.15182324939747738
2021-12-30,0.437671907127617,0.2390573397008731,0.1935267524028421,0.3415555830910996,0.22799973688953912,0.46361277589695965,0.18761581573617883,0.22201519845150836,0.19251383801400704,,0.5659416931376073,0.15362193481978012,0.2158611455117375,0.14663656556321034,0.1793899807304561,0.15704751461193653
2021-12-31,0.4231699434633686,0.2331285589237183,0.1926537700001331,0.3346259905253111,0.22288601583456696,0.4627598085015272,0.1864447292463161,0.22355032850570625,0.186946802336133,,0.5659705378807144,0.1432159755093977,0.21073218325618054,0.1390279061621813,0.17213608055799004,0.15528696142933546
2022-01-03,0.4459686243625542,0.2289699322952032,0.193211471041864,0.3458427682305501,0.21933194655269111,0.4789395247333701,0.18512622765024095,0.21018886619716928,0.18402150319521782,,0.6196751302008027,0.1474172320426041,0.20910080121784316,0.1408271671370854,0.17654319754853462,0.15142747038355164
2022-01-04,0.4694065705171341,0.2399650376895971,0.2187381325460579,0.359365940247579,0.2291850416183041,0.4886077389712413,0.1958216941798011,0.22643217317724124,0.1955094266922805,,0.610165813674802,0.15579690898156742,0.22010126088635248,0.18271092046868032,0.17951805486035713,0.15730172708229492
2022-01-05,0.5148188787580443,0.2939815374732163,0.2749107003809621,0.3800394123893187,0.25863564075572554,0.5444992437956407,0.2687214997905583,0.2616193001372581,0.27580034142536286,,0.640797322732649,0.16787209294906097,0.2459421394334775,0.25090437813001,0.19560598413689523,0.2194646884030129
2022-01-06,0.4965630367833705,0.2837983416624166,0.2778103561191485,0.3826323608693414,0.291037057670075,0.5338116019298415,0.2771374230476172,0.2781157254221413,0.2779995631424654,,0.6358530353301092,0.19653589997331786,0.3129002981000037,0.2586081247898758,0.19987179732983035,0.21676822669880472
2022-01-07,0.49778105574459,0.278828730681301,0.2760164222674877,0.3760336916037141,0.2892130263113137,0.5339922490919327,0.27747886417724216,0.2602053710431784,0.2808274785211973,,0.6381391353504381,0.1953935504499132,0.31094168186318294,0.25467720422200635,0.20747626297507554,0.21170446637938448
2022-01-10,0.5205058607921464,0.2823911446335342,0.2805736285734284,0.3803292389597781,0.305646001540981,0.5644844232241434,0.2828449324229511,0.25544853452411237,0.28487694203630765,,0.6759398773088048,0.19884871964889875,0.32803786833446263,0.25786459618162627,0.2200995024406243,0.21495477205108912
2022-01-11,0.4792499350207557,0.257646221608908,0.262318459734314,0.3541964303284766,0.28881063676474783,0.5386499051353767,0.26482246891671013,0.25750898070896056,0.26936220439238423,,0.6517040744351242,0.19582530965478306,0.31370537339199017,0.23987664838996509,0.2010858477696118,0.1968967885101015
2022-01-12,0.4678389310114597,0.2561216744049369,0.2500755885624328,0.3507724185068444,0.2794664866373288,0.5188967579174797,0.2555143900625447,0.23563040682134032,0.25642010582067215,,0.6425028376012828,0.19602378008016008,0.3164810720839874,0.23590739679847667,0.19177411132381186,0.19536713118519067
2022-01-13,0.5189180346835282,0.2812839139296963,0.3107729150488273,0.3724549451977846,0.3077350982717969,0.5538746190007361,0.28326197705835704,0.2676988538738615,0.2799458032890424,,0.6708011434820519,0.20201118360837023,0.32494407102045325,0.24647791879827866,0.21470054538945402,0.2292297909783621
2022-01-14,0.4849158420627456,0.2666560870415078,0.2758050795390077,0.3610166148823183,0.29817808155122105,0.5416669777395734,0.2678032516557639,0.2552741953182234,0.2739758208312922,,0.6303358820617242,0.20686830509302734,0.3255388697262932,0.24411966280494704,0.21560594943829162,0.21833852811237864
2022-01-18,0.5381350001277195,0.3119508549960319,0.3215759891436621,0.402725917434903,0.32862094598236674,0.606904604840309,0.314388987130664,0.306741226471994,0.3218438911270306,,0.6631704913114109,0.22850690769759344,0.35426201593759327,0.2851753434950483,0.2428838134374679,0.2635730669339542
2022-01-19,0.537306374809159,0.3113522626290102,0.3116995808771516,0.3999172563814798,0.3277449248542201,0.6001117784521612,0.3126386355067636,0.2951175731832313,0.3177467476414373,,0.6755693496174866,0.22021140489057453,0.34820222850900695,0.2788366955543422,0.237627041493066,0.2566797465356256
2022-01-20,0.537674045695237,0.3205113052691594,0.327032308599992,0.4282878369616018,0.33733555294304207,0.620647261743213,0.3202005427594237,0.2923773839856831,0.3182175530689127,,0.66614849937184,0.23135358054284932,0.3578139217416601,0.29636332818741673,0.25638295525779914,0.2523025763998542
2022-01-21,0.6011914276447164,0.3549530716561225,0.3836569479382252,0.4597281020033869,0.41333933075084084,0.6601598311855541,0.3696633051538098,0.33124284919110547,0.37107790917653144,,0.7393788524428051,0.2478550545868118,0.41161820163940427,0.3209992757528767,0.26180741993702933,0.3062757999389953
2022-01-24,0.673227897637665,0.4064416268831051,0.4293045519219442,0.4796812945168757,0.4550423732571357,0.7449979073089816,0.40260926676930875,0.3831321591508825,0.3937839740492059,,0.8614003131685288,0.2671857740112403,0.434853996978243,0.3499821183815256,0.29690023212189065,0.32752600202508364
2022-01-25,0.7071508519708,0.3934266231573367,0.5157943322853439,0.5022236119502093,0.4758799206661922,0.7830156948576051,0.4259065122151505,0.4010158853247798,0.4289560549746653,,0.8597792399174042,0.2851316297375476,0.46748612139199164,0.36591114406764236,0.3382388842855857,0.316750508274382
2022-01-26,0.6956553466368335,0.3929174193770439,0.3585297238216183,0.4910083311914098,0.45410162171381585,0.7467731256362395,0.40414623770406993,0.36790866614946116,0.4079267572784263,,0.8544777931533984,0.2783981992589783,0.48356461019763486,0.36128294553750895,0.29285416273582227,0.3288239414215261
2022-01-27,0.6991537355548184,0.4163379790441877,0.3519175727877169,0.5167145337479191,0.44967772963103897,0.7559120953803824,0.41950507994572334,0.4046725123296122,0.419757840378272,,0.7546447549560732,0.28739139513243506,0.36276615673783225,0.37943857864815345,0.3091775555716761,0.35387923135023486
2022-01-28,0.626854788554224,0.3001802710562787,0.2949041226639039,0.4806391139394982,0.400064608472314,0.6800974562447499,0.38155180439356645,0.3600735131065474,0.3896281193784339,,0.6556347194555534,0.2648480791597756,0.33347676148249383,0.36657533725753805,0.2736056586421775,0.2904463515800664
2022-01-31,0.6047188001392519,0.2546377586972503,0.2688664389922765,0.4320214768239393,0.38494277219458956,0.6556275266471457,0.3779855712480322,0.35024012235987617,0.3696993253844155,,0.6299808197640764,0.26572915641301853,0.3028060148671028,0.35781114116259627,0.2458927327626249,0.24844172352532268
2022-02-01,0.6148400649860584,0.2385982452136127,0.2496206081228208,0.419529380254195,0.37252569229981997,0.6990207633992604,0.36852016599444776,0.2939540245820034,0.36893443150833427,,0.6121359177767917,0.25956565671398485,0.2964591740766689,0.3507478495472377,0.230276919465348,0.27027581495062186
2022-02-02,0.649175078661777,0.2184746212840264,0.2320011956651367,0.3902140728641357,0.4398820322311666,0.600067184165401,0.27025621524294796,0.3181623822309839,0.26363368030910217,,0.5703497541178791,0.2645594465204936,0.30034381837635954,0.3667983353450029,0.23302696885617347,0.16577442192772415
2022-02-03,0.6111643721100156,0.2724739778786885,0.2973962899128318,0.4408933644557358,0.47224926194691536,0.5736153362957261,0.29901883577020816,0.3768470044064681,0.2989910112118759,,0.6158789968010243,0.2138355223882075,0.2820198899103398,0.29126962197224815,0.2714960625711975,0.32385812149142673
2022-02-04,0.5866317969046783,0.2597370929999613,0.2625266128445136,0.4176975761808512,0.3025942674238599,0.5190405299340877,0.26549983785383197,0.3683401586215412,0.2608496435219948,,0.5693198515437932,0.2147984149746848,0.30565540148008563,0.28811405013006985,0.2643815954991658,0.24544759310222308
2022-02-07,0.6052268866512406,0.2623608880943384,0.2696584651236398,0.4106731416566498,0.3001560400065249,0.5252374627537716,0.27697938293448277,0.3771227868556944,0.28217327364380757,,0.5858160827551983,0.2169329691245802,0.3024139827823714,0.29609535259192843,0.2650766268548517,0.2623923627827997
2022-02-08,0.5759366680967046,0.2379966669899922,0.2401958823874122,0.3927414285382645,0.28210249560049555,0.48556438545473213,0.2556840197397097,0.3571765468176951,0.2596371097844923,,0.5507180112551191,0.2095001558704709,0.2778235116592821,0.28413335993112915,0.2554834194717314,0.24073680558191393
2022-02-09,0.5487462472102301,0.2232356547392369,0.2185536783950086,0.3795753723640117,0.26764837168271827,0.4596299966879682,0.2413487907275942,0.3230283206472419,0.24556269688531504,,0.5270347278033578,0.2028872467875662,0.2773669334684111,0.2588747078215056,0.2377338959259019,0.2199650977729124
2022-02-10,0.5913413513356122,0.2808816767152331,0.2599256312834339,0.4140480144904576,0.28940248823998366,0.4994330988804788,0.26463478785476036,0.3620018401092509,0.26960398985475675,,0.5442371324675888,0.22444977631336072,0.29175957835773464,0.29390868102192874,0.2755530995251422,0.2514790992546452
2022-02-11,0.6639368020377281,0.2759817750782853,0.3055411114154928,0.4585157581699257,0.32322058541035403,0.5871068292079237,0.2997234615804448,0.4234423226828603,0.31086284569236305,,0.578822442329176,0.24331055326156245,0.31871165283668235,0.3150315225367784,0.2956918185935992,0.29692993121000605
2022-02-14,0.6611462870642588,0.2777899316623415,0.2957929129190133,0.4759742672748978,0.3208332382448151,0.6196795490307324,0.30442940390209766,0.41708588512759165,0.30222000124835824,,0.5783880276531659,0.24629579388059408,0.3415675662582387,0.34490206308426136,0.30357902382571955,0.2965068621407409
2022-02-15,0.609474491753818,0.2445114897776439,0.26039507392123,0.4528105696514279,0.2934072305206004,0.5482270614035731,0.27208015365925303,0.3863147525692113,0.2701339318328828,,0.5302837158870763,0.24044966481948163,0.3149708879876943,0.3218218079410519,0.27820538765978997,0.2522221922556231
2022-02-16,0.65617502182598,0.2355334567896922,0.254815767058959,0.4415054975690018,0.2865939885658043,0.5679921926762248,0.26335144803208455,0.4002402535476786,0.2665277248497763,,0.5185657067025674,0.24409985287679864,0.3054213008406439,0.32916227108461943,0.2771207577913256,0.24617064664876873
2022-02-17,0.5996362967457363,0.277557207175401,0.3089900676632783,0.4600095043619321,0.32899206153986793,0.5884945471974885,0.31452298349364144,0.4254999984476735,0.31275737313982244,,0.5784167662832719,0.2029111494053301,0.32200744722762153,0.26166554993882996,0.30169276922255045,0.2854596380087143
2022-02-18,0.5788447977363016,0.2874597791138389,0.3028711977050252,0.4690616193950683,0.33036374742849517,0.5774857293321614,0.31171081472553697,0.4315778868812697,0.30898011712012813,,0.5827968590947818,0.20116521137219848,0.30627354964590153,0.24829035800835406,0.30357871746121273,0.2965872835842964
2022-02-22,0.5820788534055733,0.2881614661286628,0.324504609447322,0.4861238178495142,0.3539544042597986,0.5946522509859669,0.32618259858695875,0.4547336293196783,0.3264900296330485,,0.6352551724533531,0.2159739294196268,0.3169889031931375,0.26935621944024557,0.3272325298948338,0.33699377245036377
2022-02-23,0.61248527145191,0.3240263185066874,0.3493765824230106,0.5176042827169947,0.3716532202429006,0.6298891029334758,0.3509161080597272,0.4584857911670366,0.3508453784105862,,0.7022412821844215,0.22434929632463668,0.32938775681253274,0.30095522503420513,0.3445789952137478,0.34353542680087684
2022-02-24,0.5648746713680304,0.2925321460525118,0.3123507144358212,0.4963926236690699,0.3393515271369846,0.5660233475189036,0.32231225437584343,0.4630895976415982,0.3189743247494883,,0.6360416858168777,0.21410293851603798,0.3116220468844529,0.2711294964925629,0.3168731013388548,0.2862073351989051
2022-02-25,0.507252518453591,0.2592294111617812,0.2826509741226584,0.4454129912208687,0.3145409871707632,0.5070904929457063,0.2861470142835839,0.4019854927727001,0.2906889825207672,,0.5929924126195786,0.1872339025018666,0.2839922806714798,0.2448240146239626,0.2973265470537095,0.28015444919934124
2022-02-28,0.5262223914526554,0.2826222073053258,0.3074621570391684,0.5017037709839051,0.3369352645939412,0.5382678170797066,0.31361003017022504,0.4382242385923105,0.31610162975473344,,0.6320844242096325,0.21197987055583112,0.3090705313802225,0.26942762471137854,0.3311193869223902,0.3008036272870298
2022-03-01,0.6102181919215082,0.3328833537885042,0.353391056653227,0.5742710059746522,0.38374258485734564,0.6400205424980007,0.35981348779288685,0.519104272431305,0.3567747250070478,,0.6652614545623151,0.24287916307805946,0.36083168212851385,0.3190510454905376,0.39165731844885904,0.35569855259063704
2022-03-02,0.5460134416227268,0.2814673001668066,0.3146686005221112,0.5185678266769032,0.34084583687328074,0.5597538973119279,0.3193308799309446,0.4878766762207793,0.3188825284436766,,0.5884874044187285,0.21313622280237474,0.32250685688035785,0.27694078645828685,0.3604220066682478,0.2975024204286722
2022-03-03,0.5719177171643631,0.3016729137311603,0.3308062717570206,0.5421090075335895,0.3579844354878286,0.6005685797311938,0.32399344986071454,0.5087412499718232,0.3267870251907983,,0.6272790734864804,0.2105097550057023,0.3317934092283792,0.28527167696062217,0.39843614069309563,0.3251584037659327
2022-03-04,0.6192509306884043,0.3370066333238381,0.3565695097366311,0.5941732345595908,0.3752675812940189,0.6303976279121036,0.33887153089485206,0.37488603407428434,0.3385825670043205,,0.6351565549536043,0.21842039367660382,0.3473327507206898,0.29488756254675297,0.29292435079754625,0.3248034731438499
2022-03-07,0.7102729007318509,0.3926174821797732,0.4253808937736437,0.7023113379357653,0.477818564772743,0.7273238987591822,0.4220534599713716,0.4803244609594791,0.4349610475391776,,0.7238025169659607,0.2636858968934828,0.3884238277173021,0.34622194141708384,0.3644110542358629,0.38778517427070525
2022-03-08,0.6870588078895604,0.4362678105657137,0.4397700391959601,0.6657719442465589,0.449891769829921,0.6978120382985705,0.4086197567244855,0.5072801273195416,0.4062858556180897,,0.6846465953024259,0.2590771022105654,0.3974100826566833,0.37436623776699246,0.34873913634973125,0.37401554469721643
2022-03-09,0.6285987138285795,0.3338170281158204,0.353249509358624,0.6058428399179648,0.4074998952186778,0.6134898506179592,0.3552849315474588,,0.35706259161423953,,0.6146534138450254,0.22862752980939485,0.37489155137613306,0.32367590531225787,0.3036241623186976,0.35562167211174983
2022-03-10,0.6115008483463872,0.3407219675162486,0.3535884781621926,0.5911077506968873,0.4015712497424947,0.6159281983794865,0.34081659789589364,0.40052608314274407,0.3514861943653834,,0.586788821831472,0.21020985469467693,0.34498756081692666,0.3145663218744121,0.2893746395213153,0.3370310897325835
2022-03-11,0.6044947125191805,0.3762830851849026,0.3681634731787467,0.5967649365497798,0.3989796616659976,0.6230019691697755,0.34417857687397496,0.4145092716660826,0.3394302143174285,,0.6709890595097714,0.20423610434659867,0.3544518258022903,0.3105336455682887,0.2913575673280103,0.3697837862533956
2022-04-05,0.4587955035400919,0.2586821928306724,0.2486123556520985,0.4178612940545763,0.3218259703204513,0.5307746837852942,0.27578128809365177,0.2774741975888466,0.28301502198222717,,0.5506564104747711,0.17755461565203873,0.31737641699945796,0.26136101662470623,0.2037271104733716,0.22905408306925407
2022-04-06,0.5054389447538671,0.2746757400129591,0.2821902735090811,0.4354505763566504,0.3426430824507681,0.5559562939873121,0.29656379668711713,0.2944811987316156,0.2985861932144847,,0.57540796909886,0.1902350022226939,0.33049418427352256,0.26509872890237296,0.212398865982465,0.24409772461853582
2022-04-07,0.5086379106931683,0.278018497187651,0.2822794686819395,0.439289683675899,0.34866062461022196,0.5503624438622288,0.30613972677667467,0.2954678244807826,0.3024568758783487,,0.5865984561877207,0.1994084706755885,0.33385240428184104,0.2678443915175915,0.21773264643399218,0.24293248668820133
2022-04-08,0.5165758268098797,0.2736699556884955,0.2808645745950004,0.4504436185304025,0.35645081612492835,0.5642717470198733,0.30349437447118804,0.3057525020315275,0.3001369803990268,,0.5632238993193638,0.19306395835633627,0.3302019881129237,0.2672482679410878,0.218426817934942,0.24131656902607135
2022-04-11,0.5577959705015471,0.3034293273154844,0.3214673734146181,0.4669794231767065,0.3812985996037498,0.6005765295844141,0.335319476764279,0.3209191316229928,0.33389834459973033,,0.5872881042254772,0.20300067256193843,0.35122402522340834,0.2967776968339188,0.22755247214374727,0.27338706997010465
2022-04-12,0.55198003523317,0.285699035542393,0.3240145802611209,0.4585777845615522,0.3804551904963651,0.5824868622239685,0.33192054342258154,0.3052179191802878,0.3338134853665514,,0.5658607780995212,0.20346712380922133,0.3508224769099955,0.2941652321608489,0.2244741072093436,0.27405861865346287
2022-04-13,0.5221991760460009,0.2687166812818676,0.2916799417800667,0.4299697174642229,0.35284233502642093,0.5425602622500845,0.3068355817191223,0.2868487075621589,0.3062863688206763,,0.5430319900737126,0.19658296165530642,0.3356270346134216,0.275308072867068,0.2076762336311312,0.23401492608440463
2022-04-14,0.5271226522664048,0.2907674870326994,0.3110925940098037,0.4314223407948503,0.3572969766846208,0.5477996947326476,0.3240665094779666,0.29959083643488105,0.3161135571902625,,0.5412789050562605,0.18988907099791424,0.3486601259883971,0.28878980705619395,0.20606881970109192,0.2538236561810798
2022-04-18,0.5510161565963718,0.2908902840403253,0.3154470311702371,0.4426366172238808,0.3702964184274764,0.5621748546560049,0.33121036849154584,0.2990294069423133,0.3278122597068203,,0.5522794281165636,0.20233707540075158,0.35245305182754055,0.29003875965184084,0.2221706727318464,0.280581663479848
2022-04-19,0.5321522545325923,0.2728891018622868,0.3027979352104539,0.4323943343524101,0.3700324482758568,0.5581913615301622,0.32747747489355117,0.28312723192361533,0.32868511644157716,,0.5338014739144482,0.20169046424302578,0.34202665536450194,0.27492358398364664,0.210551268980616,0.199334599047155
2022-04-20,0.5596462530955101,0.2918194868962144,0.3218608541411277,0.4449291311904759,0.3895042532727148,0.5797341074601601,0.3514762482662134,0.29196887968155555,0.35272997290396624,,0.6386038349571374,0.20494414226030747,0.3488415270145904,0.2818139170022728,0.20863012966805897,0.26698126058885385
2022-04-21,0.5933242357859916,0.303587512595321,0.3574831277567266,0.4758805323232121,0.4170599500158329,0.6188714861083355,0.3906398570827068,0.32192233731130115,0.38914165523870387,,0.5424354870033677,0.21311616331525723,0.3713486884543005,0.29407316517034016,0.22403167800949753,0.2747377889486215
2022-04-22,0.6344843508669751,0.3649657107287449,0.3960401709004152,0.5070540547938174,0.44697639207804063,0.6649910857374256,0.46056949146459164,0.34680267100086143,0.4564991482989834,,0.5639256281793886,0.22344724479564776,0.4052397197379079,0.3206361404596578,0.26004874927150573,0.3093536685084221
2022-04-25,0.6127939066024812,0.3775316319842683,0.401947473170123,0.5145079620802435,0.45235932506453613,0.6835655546291245,0.4628876497781663,0.35413674581911914,0.45272189525734646,,0.5764286447363706,0.23723180032846033,0.41957932489597033,0.3350353275590751,0.26498763276981807,0.300822168647928
2022-04-26,0.6780192575674443,0.4342215308283719,0.4645454367311712,0.5640798932724116,0.521525212087665,0.7481932686789511,0.524041190991867,0.4088432891275897,0.5180204316832407,,0.7238056201986408,0.2514643441408029,0.4577843820504608,0.3641608858137278,0.29540586010748654,0.32008158899575995
2022-04-27,0.6353682379358506,0.418188931879286,0.3526333167884491,0.54575206587339,0.506060614042672,0.7248164119775143,0.37407670756909656,0.38838335705189253,0.370498528525713,,0.6709658579289379,0.2495770889024652,0.43834511247280666,0.3715065014282594,0.2867259598715878,0.3978904121953003
2022-04-28,0.626103565680031,0.3969328140849064,0.3066539807993743,0.519953201605418,0.49945960033595627,0.6875204312009802,0.33121863747518593,0.3714082800119246,0.3367764600276773,,0.6703566448074857,0.23666915012557874,0.42647257218156226,0.35158921615826527,0.2734346801421757,0.24963884687370397
2022-04-29,0.6710841368557232,0.3714575967533733,0.3687644701982781,0.5596295108045314,0.44650508582151294,0.7456313755126646,0.3900344374477853,0.41111940750606657,0.3888840925036568,,0.7298704342809529,0.2546114795081197,0.3284221048203114,0.3891217873236872,0.3165855205382225,0.3925551634461758
2022-05-02,0.6949126686299911,0.3572277150770776,0.3473029868868043,0.5541769072085143,0.4423128760021625,0.7460945041273305,0.37967079817270505,0.39744398292360783,0.37853658764276277,,0.6904160506971764,0.2665268201036254,0.30149785458327,0.3949496272638733,0.3354146351172117,0.3418803658578906
2022-05-03,0.6768711217312253,0.3306619794460528,0.3313620871275434,0.5383570293771166,0.42600592860928566,0.7398258885624653,0.3620069250405676,0.3832965672252427,0.36705030327404337,,0.6773591543856263,0.25793842366046543,0.2986026155897351,0.38704942776587875,0.316571921899087,0.36501334657738793
2022-05-04,0.5994458397744425,0.2890497134679521,0.2767844401945561,0.4567127617973319,0.3744860026133976,0.554264148282437,0.3061277160849293,0.34088320667144556,0.29980953462218374,,0.6060095590948129,0.23823015567405528,0.255785281567796,0.2800056030564356,0.27001362407465335,0.28253547779260163
2022-05-05,0.6758771894171286,0.3434477993219811,0.3317591669538311,0.4973523803144375,0.4460586657263509,0.6008211324355012,0.37558587520873543,0.4239336999099806,0.3691934352620558,,0.6719430121491495,0.23740103548127095,0.3540941541817763,0.3291015979683595,0.3281033378015231,0.35010985580021664
2022-05-06,0.719824984161159,0.3480968080022616,0.3213382483102472,0.4979130342079305,0.44749685707626824,0.5849859581074319,0.36263766696478666,0.406203670456409,0.3491198336488851,,0.6620403532746929,0.25139375281096576,0.3362260281437247,0.32232303571838117,0.3328224498777274,0.31492033212863285
2022-05-09,0.7817575656917335,0.3873042748773918,0.3818485480370474,0.5557357166909798,0.5147138235406772,0.6715987840984131,0.39916288570672376,0.44355543496041255,0.4010915791781605,,0.7591002087366242,0.265264969865423,0.3839770112593593,0.35328190062184633,0.3562213448126372,0.38989615196770827
2022-05-10,0.7910125222429242,0.3603321154487715,0.3549758288406691,0.5469302043610869,0.49918221997081635,0.644168253442931,0.3829470177205081,0.42618730524733484,0.3855225232294766,,0.7184148627241543,0.27125249981296495,0.368874254624616,0.34928352968265586,0.3551650205394226,0.3637148548584037
2022-05-11,0.821919913495678,0.403362615524654,0.3781102800253984,0.5571318517314233,0.5166487215628698,0.6655192990267987,0.40839727070374676,0.4409847599180299,0.40263611655600406,,0.7862641080876923,0.2707282588983901,0.38639195085576394,0.37143390699498835,0.355028417967276,0.38944069332435904
2022-05-12,0.7884036124869955,0.4001914697852374,0.3849113480934963,0.5498316448110854,0.5197389711234751,0.6565754899657548,0.40217911815002105,0.43140709512127007,0.4088539038277084,,0.8112425637983535,0.285407775165094,0.3760594904063232,0.3674285752461418,0.35964858795869936,0.36692902009741246
2022-05-13,0.7054355412063918,0.3649685305174288,0.3307126913398693,0.4956508262776882,0.47137997817486404,0.6031307789291566,0.36712023791862985,0.39555967234785006,0.3613725026108802,,0.726951433697075,0.2667844925976202,0.3494102134282695,0.32938720363492735,0.3324527523260874,0.3304370085539678
2022-05-16,0.7381509973737652,0.3609459322640869,0.334842818637426,0.4884933626719573,0.4794122134434001,0.6118946537722616,0.3604452932040517,0.4183790808987615,0.3500082594507383,,0.7536789536149809,0.26747118173261186,0.34222777944160243,0.3282685259270946,0.3306127445752766,0.34220906346123364
2022-05-17,0.6566323132822921,0.3193961711701783,0.295479188215702,0.4489385502561815,0.4459493889861707,0.5907619602987793,0.31863771110110267,0.36748667076215574,0.319530389647525,,0.6464995238319275,0.2594521136417398,0.2988735145512552,0.3305961332394901,0.31531266154050935,0.3076405279791918
2022-05-18,0.7523397840621139,0.3890961257997718,0.3619915360937254,0.5238318144866541,0.5224487365748438,0.6425090796862819,0.3717895469122453,0.4348531604875447,0.3699989572032546,,0.7547841855225782,0.3322832106196833,0.3607711174583777,0.42717431862126615,0.48510851097508195,0.3333179450968675
2022-05-19,0.7142751584471781,0.3779207998497084,0.3391126017216998,0.4985826570881174,0.49238294766988144,0.6214090060868068,0.35158843535094136,0.4505946818256045,0.34965561319503463,,0.713782609947808,0.3053605646167778,0.3360794141986714,0.3192273661495196,0.48684081241223476,0.3342798272735546
2022-05-20,0.7446862470970601,0.3650280493192759,0.3300079360846487,0.4949934320528223,0.49140018361099475,0.6461683485775328,0.34453936161734916,0.46065080107236134,0.34083050140899973,,0.7708331387171719,0.2778805152913398,0.333324230005879,0.29982798112879744,0.4996107957671741,0.3240231428686693
2022-05-23,0.7168242043795644,0.3619315278567735,0.328279086533326,0.4774227682430055,0.509562960497378,0.6307813817914583,0.3379946606904357,0.4442812429579166,0.33444100335992866,,0.7393415813398382,0.26062256045061993,0.33343947177380084,0.28349128616455427,0.4974816088283531,0.3370271825217626
2022-05-24,0.7770328312165112,0.3933310289680964,0.3544941773739409,0.5081319478938904,0.5371029640538888,0.6681089353909042,0.3882870020687742,0.47658641973286936,0.3885930033810049,,0.7525027056281323,0.2581430868655056,0.34358981471870814,0.28658271703137583,0.4847539037012483,0.3553055602881684
2022-05-25,0.7861824858499548,0.3724100872806937,0.3405831360091836,0.4961682754967502,0.5073924548132709,0.6533522463520857,0.3801728952552188,0.4542953878587371,0.380827652796997,,0.700671523533268,0.24782464260307377,0.33137778363399983,0.28225811207536955,0.49035447259821247,0.32461286674680123
2022-05-26,0.5885005757206859,0.3492985047796561,0.3116777591332146,0.4526173425989329,0.47410199208598647,0.591555240450161,0.33314372138343723,0.3531929042160629,0.3287741523924224,,0.6822505712841563,0.22934245736404865,0.3046231277820016,0.27117534628190304,0.48057443669348465,0.30536971014999315
2022-05-27,0.52784653781597,0.3133911488628487,0.2830644328494159,0.4276543843104069,0.4397284200953551,0.5546002959354648,0.3170329845467361,0.33423291124802557,0.31619631530854986,,0.6395972762323009,0.20348268946883602,0.2845757495812679,0.240471858369461,0.3174203435460858,0.30541159261988193
2022-05-31,0.5700215396158006,0.3649895985482791,0.3131640211383618,0.4480675417654852,0.49456201387245075,0.6064937036148694,0.3502508423218837,0.3532588538846088,0.35259596128587584,,0.7094400081238342,0.22925459095380715,0.31215304995140464,0.26117511056657033,0.31026399946985705,0.3190756568630471
2022-06-01,0.5695497366474473,0.346115734688319,0.3098885612370053,0.4410835974648978,0.4346838716475463,0.5945139188045989,0.34229051558852547,0.3078004995916886,0.3278291856011417,,0.6932384721540582,0.22615510176170692,0.28927975047714083,0.2207387264294851,0.3174514440554075,0.2799491683532987
2022-06-02,0.5055141829804606,0.3014316684077804,0.2732262836050423,0.4441912996346674,0.41272822766072725,0.5119886071634698,0.325124692686677,0.28556370066256137,0.32493206668855007,,0.6635840844211293,0.20070367589487248,0.27571184174973334,0.20581891287858026,0.2918539679706032,0.2646260970759293
2022-06-03,0.524675417398838,0.323906683199669,0.2924144060533649,0.4687687222001864,0.42059653120660645,0.5314338460179054,0.322810132168382,0.2936902960526552,0.3310830016113178,,0.7138962205018022,0.21442851111983333,0.30107041966480313,0.21340911648983282,0.2975015896753645,0.27826669828332595
2022-06-06,0.5144717591935537,0.3269656497953418,0.2891032465629803,0.4706704920650955,,0.5340811781520804,0.3400456346783876,0.28782392860046097,0.3359803660012884,,0.702325598726526,0.2160166123855054,0.2976301427107516,0.21419600324059707,0.2931428227991007,0.27366465129906364
2022-06-07,0.4984652471273101,0.2993639127224905,0.273556014622366,0.4633458834511618,,0.5214825534148857,0.32957051791125463,0.2773421975582124,0.3293744548277649,,0.6641927332038012,0.21085581332442016,0.2899829252518713,0.20187366668625942,0.28890691033736743,0.2654530044178073
2022-06-08,0.5072974134580013,0.2995229245002644,0.2718983595956676,0.4826969214222116,,0.5466407184112353,0.32898551663405595,0.28305883861610104,0.3305955599426516,,0.6488050161469219,0.22075057782028432,0.30806640596107077,0.20389506550926326,0.28756445936740177,0.2705536805342405
2022-06-09,0.5354509750357881,0.3237790318611632,0.2948551625483031,0.4996715669512813,,0.5415985734074804,0.3447558422156531,0.2938329775780595,0.3415328829719067,0.44650861183326207,0.6815253182467692,0.22189089218205432,0.3169954042448485,0.210756915529016,0.30254162540897017,0.29014543285915817
2022-06-10,0.5564405722555056,0.3592515698348267,0.3170980464835535,0.5293235143255742,,0.548523936329714,0.36199541524894935,0.3137758868324104,0.3661703120794768,0.46548855596166117,0.7073648092811943,0.2405770254782269,0.3213628074601871,0.24235997177856056,0.3150412085131946,0.313142210440114
2022-06-13,0.656336590330008,0.4186722840933012,0.4101586829833901,0.5925652432692838,,0.6518073209344486,0.4128433939216484,0.3715860066422042,0.41210589843837303,0.5387448826922167,0.8053125725883739,0.2699434065785449,0.37950844530696415,0.27500028136501004,0.36490836474688554,0.3816032023575174
2022-06-14,0.6129721209984904,0.3798085483670801,0.3570645978413755,0.5828186731208731,,0.617015243456144,0.3922830582792613,0.3440522394589699,0.3923199713579563,0.5178161974761469,0.7802003594430439,0.26212405323758464,0.36279709847308367,0.25294802921972764,0.3515072856029608,0.34809256714186154
2022-06-15,0.5724454373461861,0.351471596117353,0.3343968676844969,0.532881627822569,,0.5508611581910793,0.3646080880507264,0.3185793249973329,0.35917524662716976,0.48366056027707144,0.7204385097424215,0.24615444595673444,0.3424559209133981,0.22877603946195163,0.32530911639528465,0.3120724741559844
2022-06-16,0.6324902697065682,0.3896329336778532,0.3764485322799906,0.5786301080881915,,0.6366488805479674,0.3883050087344228,0.3586441861390419,0.38492754507562915,0.5384435052003417,0.8183700878874335,0.2611579701810836,0.36513874329517976,0.2605680796181988,0.34472876887144915,0.36161523778502347
2022-06-17,0.5776701004080742,0.35952843823409,0.3261864131104326,0.5505805394122623,,0.59842973384442,0.3641547215983673,0.311707717750753,0.3674379568254904,0.48802093544461983,0.7467348620610077,0.24520146684210395,0.3339488390860288,0.23564751873693277,0.330285274384804,0.33072396865763476
2022-06-21,0.5758106387745232,0.3431230179317228,0.3208801621055038,0.5451231790861323,,0.5642127289350855,0.3592114605176781,0.34596275637976454,0.3661143253504704,0.532141375490495,0.7407088261235467,0.24078914663207968,0.3233837053910642,0.2096961658909293,0.3140150877496669,0.3344413668086048
2022-06-22,0.5784990584380739,0.349637262999908,0.3178809683317111,0.5557816052183123,,0.5525677830855742,0.36912088282435135,0.34557541318967144,0.35826957786949987,0.5191993196439032,0.7235449938998076,0.2407237089649536,0.3237704562717315,0.22176088743292927,0.3160664219209453,0.32929187125509174
2022-06-23,0.5532265513993353,0.3402588023415596,0.3080917445115669,0.5535326730388701,,0.5558465502537164,0.3596909883141075,0.34135352351441905,0.35806609492904834,0.5002918917473724,0.6984043647904106,0.2272815385389322,0.3219633413418228,0.22408453564789146,0.30565499324012274,0.3126310030060207
2022-06-24,0.5142063407160532,0.3033937647984569,0.2843468953681364,0.5272350273032685,,0.5167634193473942,0.34116393789608934,0.3100509021684988,0.3418011865395656,0.4629754369048168,0.6672590516824929,0.22260253572177305,0.30324612505761706,0.19807224299632778,0.2739151828499395,0.2934989112047388
2022-06-27,0.5496078966882052,0.3177720805460909,0.2915097423471326,0.5538198035806229,,0.5447684995136564,0.35237977433164724,0.32915987345519415,0.35165705114490703,0.4856303322139861,0.6695344621297004,0.21838929760560793,0.3206122695657511,0.20071807982331602,0.2953861021945572,0.31967855124519623
2022-06-28,0.5836808923648394,0.3433471408576755,0.3162104340335707,0.5742450649081705,,0.587410053407246,0.37695283663512785,0.34361232772067807,0.3748276076085883,0.5100967548237119,0.7021491486598322,0.2254684235044045,0.32341637117891103,0.21286341622022287,0.3093965396151173,0.3242675505313423
2022-06-29,0.6012526546098335,0.3332612384200145,0.3101837272550781,0.6207919311692123,,0.5713772247032511,0.3788435366448884,0.34971180255770945,0.3825669057931204,0.5056451877908931,0.7025272903623901,0.2288662904644894,0.3322792257823154,0.20584316843788328,0.30003195198228355,0.3149100539065682
2022-06-30,0.6055768030983063,0.3517074351853134,0.3379932490913938,0.6461714275741826,,0.5735120578706445,0.39356690544711637,0.3539801428233778,0.3911135302001474,0.5116594015232295,0.7329495802205248,0.2272379863764622,0.3405202892886953,0.20068700975832657,0.3101148726132309,0.3088226737527973
2022-07-01,0.5747183749057768,0.3147999788466864,0.2877949594398001,0.4212278508874429,,0.5255134189980618,0.36101555972026295,0.3385517934125934,0.3679258594281504,0.4881840880027327,0.7018195466417376,0.20997175007979013,0.3228390976727,0.18499993684380497,0.2846168971099374,0.29874707053401267
2022-07-05,0.5714075270256511,0.3534022757620748,0.3240061170430064,0.4543984587877953,0.5003116737286525,0.6100653725676557,0.4070992241508945,0.35008817859979063,0.41079588252008836,0.6099786423954374,0.7138237912189886,0.2588177300267749,0.35350066985648326,0.3322205438829099,0.28420481130311465,0.30730791449286016
2022-07-06,0.5637891824796575,0.3334702255602895,0.3185206121381172,0.4458383898577977,0.4882198086223175,0.6068207734473124,0.41361301013848395,0.34089132371693354,0.41472886213533067,0.6041723299860994,0.6989794814910282,0.25826145431491265,0.35093869179533826,0.33293202995826393,0.279893325101821,0.30637010442339885
2022-07-07,0.5252079986425332,0.3275001624549646,0.2996389129603296,0.4286585595930144,0.46057159641719747,0.576673159293581,0.39998426523638364,0.3155216339176504,0.40268994450371,0.5981254880107781,0.6729340532730618,0.2570406069253963,0.35362433315705033,0.32571738632110314,0.2721188186868928,0.28554089441058844
2022-07-08,0.5157276340878719,0.3163215299767328,0.294068025069776,0.425470276143811,0.451528550020637,0.5627371179514008,0.37893716960785573,0.31108601165731004,0.39177800014952496,0.5889980064713914,0.6604578464892561,0.2489920477639235,0.34805529320139156,0.32154535116418315,0.25841396321370813,0.2838157392368963
2022-07-11,0.5587724148609406,0.3376554173435889,0.3182089136668045,0.446894205504028,0.4822572463235604,0.613175445378329,0.40731247882518984,0.33977270651145713,0.4057119352433404,0.6166281391057519,0.7015986161317034,0.255071390742219,0.36643603738746283,0.3325922703620489,0.26893243348447604,0.30195155696531867
2022-07-12,0.5610520278250954,0.3510289170803981,0.34442843110362,0.4463835891702637,0.4876446462889563,0.6190070546647165,0.41980731477971167,0.34595029810926986,0.41036118098937124,0.6320241293469617,0.6985279879779823,0.26412616584631265,0.3852253603905414,0.3509936398668133,0.2833332595152606,0.3072258895534094
2022-07-13,0.5684021464943664,0.3524376454720267,0.3382180053927976,0.4526329713701909,0.49322578881762913,0.5918092938815462,0.41522500119033945,0.34617319941679603,0.4124137712263096,0.6316881972699042,0.6848751076008467,0.2625305804235856,0.4003774825254521,0.35990742164329204,0.2810312089155224,0.30041549385418165
2022-07-14,0.5431928252212184,0.3444863735985217,0.3307545503276765,0.4411810913028533,0.48560962714759615,0.5867071526058071,0.4128730038617989,0.34751943849639194,0.4151117199908454,0.6366833643964748,0.668984807874606,0.26406224093631836,0.40252028258607137,0.34735275698214924,0.2767328634009224,0.30460698841531714
2022-07-15,0.5099606364069704,0.3167576509658255,0.322866737530542,0.4226132947964936,0.46361108375315385,0.5740915646957772,0.3963292276915542,0.31799397765087056,0.38954143917087497,0.6095631913569386,0.6387689680695352,0.2557345196474025,0.3854960875439312,0.34212219217004525,0.25621087567119155,0.2795290548763249
2022-07-18,0.5547145469729576,0.3474459385445081,0.3323495645361411,0.4432714767678147,0.47859792384716815,0.5874611191879053,,0.33679964117529637,,0.635946941013284,0.6527200912841404,0.2672416347370013,0.39648360589190335,0.344635728388669,0.28359710383826653,0.29684522294945764
2022-07-19,0.534871254337533,0.3253172985362237,0.3065269736643511,0.4184139632568647,0.4647423573357725,0.5742763961106913,,0.3108703230339411,,0.6390915297072063,0.6318671928518733,0.26214962784887685,0.39072708935611966,0.34263265344338395,0.2609096639415214,0.2931830223334504
2022-07-20,0.5314617404551972,0.3129263025170116,0.3172878526223294,0.4130577066560287,0.4538397341500821,0.5713662874943211,,0.30648003488390174,,0.6193741145405449,0.634794601097025,0.2553607745961849,0.39102264259410263,0.3430105601475195,0.25551434673614254,0.2784496912576067
2022-07-21,0.5116734341712537,0.3050119070845274,0.3078499554145082,0.3924942324325627,0.4365109620374175,0.5524456309478165,,0.2899356459656023,,0.6271070113137464,0.5831968983367706,0.2491559534709799,0.3812559201915286,0.34475315934685485,0.24329747199771523,0.23540646683239178
2022-07-22,0.5115214361628819,0.3087004040499811,0.320966120904597,0.4128148692044428,0.4520609148599294,0.5457991774745972,,0.2980011697294112,,0.656756362240563,0.5636490971986251,0.25280111840279823,0.4054414736772975,0.3441173715981438,0.2445201980356136,0.2654367586237175
2022-07-25,0.5354690105603722,0.3347389382254512,0.3313781571033015,0.4272530249775971,0.47294351996253203,0.5736744067271679,,0.3074847001569343,,0.6764568566350906,0.555960071292312,0.264039796085208,0.41904706734374575,0.3610988818312003,0.253842447992026,0.2741290800185893
2022-07-26,0.550835777121433,0.3459748374846181,0.3602314016908438,0.4331097190857356,0.5200839687868835,0.6009888505713578,,0.3254964776636652,,0.7057218381332355,0.5558762132786789,0.2891464225471238,0.4226693856440757,0.38133900414304,0.27723150845182554,0.30631362378653787
2022-07-27,0.5105512568193729,0.3090757225101297,0.2538281997372288,0.4008497150087299,0.4645478450635901,0.5635164229602794,,0.29032293345625787,,0.6319714412965358,0.5034648140257649,0.2484765431319007,0.3890140332758739,0.34524961480547245,0.24554285515815757,0.24442178509567242
2022-07-28,0.4966824228687327,0.2913584099999476,0.2369462491594059,0.3897744871478861,0.4759119893723951,0.5504145742500033,,0.27694260972405726,,0.43103868522435085,0.5053142807237696,0.24593480729477218,0.4148974763122904,0.3513842614832573,0.24806302224893592,0.2819984143883327
2022-07-29,0.4757048198119746,0.2305992792919633,0.2254407254649883,0.3777294545306223,0.348872825201351,0.5499190431784247,,0.2619643146279676,,0.4061282114159907,0.5144508640477173,0.24973185130822284,0.269376769030878,0.3446694922647298,0.2308925810082331,0.23769251894136037
2022-08-01,0.515082194062179,0.2533164507807444,0.247014825265697,0.4176002033610982,0.3613142505161276,0.602985368737148,,0.2696587651053717,,0.44038427765651156,0.5750547394887532,0.27298328349399925,0.2777600598054226,0.3782324912938087,0.25322708428902974,0.26559519426210176
2022-08-02,0.5355438091161817,0.2743554633261457,0.2548540040780434,0.421461934547156,0.3779116928047906,0.6401003181480588,0.29296943134533365,0.29935393673800514,0.2979842393278743,0.4492888877755186,0.5904508686750479,0.27099605664167664,0.27990552587772427,0.39265296938835625,0.26652081385960436,0.26689281046147545
2022-08-03,0.5297833569881302,0.2529133571768922,0.2347396704625347,0.3928680575827991,0.35175162915538594,0.4575907215528489,0.2795687651259214,0.2765064333739823,0.279287341898624,0.41871714692676026,0.5877629024917772,0.22486782978324685,0.23573341430168065,0.300196331944166,0.2478507830823503,0.23949934192227054
2022-08-04,0.5311350433260162,0.2488146313528108,0.2304613048344961,0.3839959023797636,0.3433775035751387,0.46765996144078065,0.28107580047285086,0.31203017203704986,0.2799908163993761,0.41629289920603046,0.5499521656032794,0.23999988079395043,0.3056613180487904,0.30556754849112455,0.23573468588908592,0.24888801261234356
2022-08-05,0.5168693350481447,0.2480255640733719,0.2226206259204204,0.3804903685920069,0.33181989629272673,0.4571302735747812,0.2715956335011663,0.3054486504890318,0.2743859724251065,0.408230932132079,0.5303818415590096,0.23045622668785878,0.29934061609092044,0.2974585908811688,0.23128489839069552,0.2398625805681348
2022-08-08,0.5168431251641844,0.2523386662593201,0.2351347884603558,0.3854698017691716,0.34235997704502075,0.4669735817022824,0.27939851319081743,0.31313268261583677,0.28251230506894454,0.411813026817563,0.5489319970369698,0.23097078774765165,0.2946532010826133,0.3057565247568543,0.241782188446641,0.2574636524749665
2022-08-09,0.5342703257788763,0.259581537814432,0.2438802364250162,0.4030529683291119,0.35078901253888295,0.4843587715225801,0.29099398574035173,0.32931274696210033,0.2930253277977449,0.42051382559515715,0.5634255135596647,0.2320077835792278,0.29293168092708005,0.31432647705391853,0.24895992215265578,0.26564690821947085
2022-08-10,0.5036855413128688,0.2276840349267441,0.2162060117711752,0.3695537931650609,0.326430970587,0.44787005160898335,0.2667718398210815,0.3028912732747976,0.2678312925760867,0.40388828043129404,0.5421959752113764,0.2197499370779472,0.27076131273406306,0.3008162161687484,0.23111897807582168,0.23054479380761045
2022-08-11,0.5142765214451472,0.2301917569396054,0.2273955578650194,0.3733694480067328,0.3334169040836026,0.45496212905540384,0.27344308754845453,0.30462446697198375,0.27171882928977975,0.4155883448633625,0.5439652075990116,0.24167741407074808,0.2816076642761158,0.3046175510630981,0.2402659056088269,0.24418231164812293
2022-08-12,0.4997109241749184,0.2277740311272502,0.2095723573386614,0.3666672385621446,0.3140937098943851,0.4444141794227353,0.25614148154238797,0.29503898536394324,0.25498384966141724,0.39619498938767517,0.5350558538247173,0.24320397713365358,0.2728364205608669,0.27583070057318776,0.22679793354215824,0.22893600656585347
2022-08-15,0.4992816054165024,0.2138190872927017,0.202773874939325,0.3712652013710129,0.32441295493648376,0.4428371820550371,0.25988270064318353,0.3019918890800371,0.2563826509015867,0.39279983152738435,0.5409931393710329,0.25461805427721734,0.26820861199540375,0.2841000864883109,0.2307325607638854,0.22385881404823893
2022-08-16,0.4971164922914275,0.2152210567648493,0.2006657952272713,0.3657108574404075,0.32318600478422843,0.4353845387672388,0.25756910202077654,0.30703907096474803,0.25726832041340736,0.39320258197680313,0.5367635419256643,0.18804768011329712,0.2823112245410116,0.28697515858769457,0.22179501187940767,0.22641574412821577
2022-08-17,0.5070447409716041,0.240684175561156,0.2274049718993554,0.377344766489342,0.33201255967761606,0.4445694218757952,0.26933281240903767,0.3218267092515332,0.2667596814451752,0.4058191690083648,0.5282275726031138,0.19002603468454035,0.28828307476655396,0.3016394066361554,0.22391979133675993,0.23938916015553147
2022-08-18,0.4803782529255687,0.2366662105728929,0.216731452838449,0.3734065282247399,0.32037306100857965,0.4328283983028513,0.2610297338699952,0.31512589762858795,0.2617410647825106,0.3954668232267573,0.498754823250183,0.18134107775572167,0.27899274193020746,0.19472746884390935,0.21172399425332453,0.22557590670490268
2022-08-19,0.5043468737707413,0.2507761587709554,0.2328854269442991,0.3846978774468866,0.33089737179052947,0.4450158648084063,0.27566833929412954,0.3242529087316209,0.2750137908213129,0.39879986964864633,0.4862623725139845,0.1872739307220885,0.2851947009836714,0.2076406357975937,0.21723439337906958,0.23697082131481934
2022-08-22,0.5606823072437584,0.2721161043970714,0.2621381652761947,0.4288954877462737,0.37519846990451117,0.4893200725957253,0.31506541863832316,0.36487210390786423,0.31565370398308895,0.43858299976453496,0.5101988133778648,0.19874694347565677,0.32885016038848014,0.21411022191438223,0.24415062356361755,0.27351080294318775
2022-08-23,0.5472120002355996,0.2668812796102501,0.2702557139970807,0.4158003455084257,0.3671922663871617,0.4783987156000922,0.30739720078022015,0.3561313919723082,0.3064097341051411,0.431952625672927,0.5161592951822943,0.19745547324131354,0.31548796266758616,0.2124359848834766,0.24656283132746523,0.2644333100403268
2022-08-24,0.5571464699306995,0.2637948854111461,0.2565030050553618,0.4148938634597593,0.36305488470406383,0.48614436355546026,0.30276977971247326,0.36411212810781896,0.2994969404151108,0.425216755764936,0.5046679509565444,0.19114824004057188,0.29971326860467784,0.2062628627742682,0.23517527997376764,0.2637263946375861
2022-08-25,0.4622784485497658,0.2450908049636578,0.2367233690849017,0.3879843681242885,0.3367014094471475,0.45039628040285,0.2839387372456175,0.33425297481859145,0.28123404501498245,0.4029205969202126,,0.17968799657675869,0.2758229488633247,0.20603411950355763,0.21522641902792675,0.23470001227891882
2022-08-26,0.5144849993805336,0.2783287986493513,0.2888716924904217,0.4397509630509487,0.3843486813314461,0.49875293932612624,0.3306407905876644,0.38269999026114737,0.3319006176161179,0.4341241258644613,,0.20240736527444836,0.3229374600833587,0.23245028938040693,0.25366173192704705,0.28286829778701755
2022-08-29,0.5366585253071734,0.3014534409093782,0.2977214729525603,0.4384900765145946,0.39471492034386446,0.5186795337303118,0.34261608848233804,0.3940499563042817,0.34126491129107783,0.4487511598669792,,0.2143622137124375,0.3319870476074281,0.2445382911071261,0.26095984231815206,0.2987642798007218
2022-08-30,0.5389068006697266,0.3057020407739011,0.2988946372573105,0.4619926913831073,0.3925973098827292,0.5234884129932091,0.33245653881553494,0.3944000745972235,0.34155983405506135,0.443959531312502,,0.21704951366049277,0.35687518278576286,0.25356565750982607,0.27222341537322486,0.3108368840922219
2022-08-31,0.5470191484879422,0.3073311592477356,0.294089865634261,0.4507092323815466,0.3982018194083735,0.5302634367168312,0.3413722603341,0.4043992786858898,0.3394019645224198,0.4544216549774889,,0.22321320915909124,0.34446519712894325,0.2547607469465922,0.26904845570648317,0.3192777640167029
2022-09-01,0.5681600386734244,0.3090553663627698,0.3020881075470345,0.4500239778541655,0.4013372561893508,0.5422069551610078,0.33868383430030197,0.4274398845408642,0.3383753667745293,0.46185490145408975,,0.21512582154011803,0.34851371092792915,0.240363179335316,0.2576878242520629,0.293883341988296
2022-09-02,0.5466057406758269,0.3080578498336578,0.3005928340278417,0.4527494817042451,0.4003601944104102,0.5370811086698203,0.33692191773290703,0.3548835163558903,0.3347976561445662,0.4578187464613946,,0.20934586640286545,0.3651339103814184,0.25283499199902576,0.2649944007241828,0.3106754642387515
2022-09-06,0.5690962696487907,0.3195377918035118,0.310554692201342,0.497697831423372,0.41164369094789166,0.5361115353152632,0.3574865340300558,0.3144703115524525,0.3537116184567357,0.47406364919500127,0.5963995518397389,0.24033337964515955,0.37819049012760614,0.22908117413536966,0.3064407917872063,0.29373929201810534
2022-09-07,0.5515689567102018,0.3009574703151313,0.2872543922670373,0.4742740110608902,0.3815412916595947,0.5135198565259294,0.33187093054238215,0.28590946198164596,0.33472326749075315,0.4539335263611308,0.5629008198049692,0.22189921912132946,0.35684558547882017,0.21785336387970894,0.2859894876558672,0.2768922939775934
2022-09-08,0.5305744288264805,0.2892296481876688,0.2833257737031428,0.4646922196748043,0.3775305558266545,0.4885961997536933,0.33031188725926436,0.2817055601967489,0.32716109591614567,0.44852436310893334,0.5380286762551589,0.2137686135317484,0.3486775275484168,0.21128972646265132,0.28876036621655726,0.27679208005368194
2022-09-09,0.4963099541256785,0.2777706075914227,0.2681929507279908,0.4490786060708127,0.34694811686514776,0.4737511366326348,0.3100769898062128,0.26657671548321016,0.3019973501991598,0.4158739491700283,0.5171822434724609,0.20843457615272973,0.31328016336860376,0.20157497550680537,0.2787814384480505,0.25485361842387505
2022-09-12,0.5066350901524757,0.2695215577361408,0.2724132395410682,0.4572437671776618,0.362485974166217,0.47863807372122646,0.3201983495677977,0.26628135536616837,0.31155927739560035,0.4295014389614442,0.5153726513616008,0.20098749310215236,0.32810579368956766,0.1949727616932204,0.277823732973857,0.2717938433913196
2022-09-13,0.5646008844850037,0.3236558593658019,0.3429578172329106,0.5067953691981901,0.41807488680870386,0.535792435097079,0.3550176281280138,0.3075614519124622,0.35853866172302995,0.4710912230059725,0.5522795870911084,0.2239358446558843,0.3750329616178849,0.223981066832915,0.31006013640836705,0.29769588718456264
2022-09-14,0.552402705733654,0.3194863570624762,0.2939320802602272,0.5099427469966837,0.393667506155143,0.5268350436569031,0.34263963727734353,0.29968032964966834,0.3440404510639419,0.4667219723901456,0.5539971436242003,0.223797200760422,0.35867698728777814,0.2150815704741479,0.30651843816960633,0.2939404744274171
2022-09-15,0.5508764231829043,0.3344052660472494,0.3116773640923016,0.5076842486048555,0.4056014072234222,0.5270909676107983,0.3529968517590975,0.30724524764265937,0.3455993922457273,0.4646617835952994,0.5489945897299539,0.21888099332394184,0.36784785069883863,0.22835020777378381,0.3107273372568327,0.2970388445213839
2022-09-16,0.565774624608455,0.3416602220500019,0.29899229882245,0.5016151223555072,0.41351947136275785,0.5311817175672006,0.3533946553696886,0.3040778079953868,0.3520438339586773,0.4785484962827155,0.5517135460443793,0.22125432832810393,0.37481445724282564,0.2259661633067185,0.3125992875728778,0.2983207311086933
2022-09-19,0.5564781221575034,0.3265488826211624,0.3096057238865762,0.5212445693362171,0.40275628885993675,0.5177490091057668,0.3424462746705263,0.296250278862637,0.3404164670419922,0.4599789724167027,0.540031820202247,0.22319536482588395,0.37631263879319055,0.21880283177371418,0.30980100017180434,0.31085407435415835
2022-09-20,0.56702135599421,0.3345084531668591,0.3273009398032102,0.5258196083723773,0.42493028776954,0.5370527708027665,0.36315333565145086,0.3070757049226963,0.35864525145184256,0.48114470144159593,0.5599978153574313,0.22836324277847858,0.38361392828709384,0.22586334196121033,0.3282303268678341,0.32630424506133965
2022-09-21,0.5727858688207549,0.3645295994074451,0.3378109143836061,0.535299176816132,0.4306398733095153,0.5360148411245174,0.3707653535580055,0.35487857426279545,0.368725228170213,0.4874340935921871,0.5664987192735224,0.2347533481863834,0.39599408187028995,0.2413126812669457,0.3343705251461088,0.3185956799374128
2022-09-22,0.5720931712897802,0.3503551398465358,0.3196348614891027,0.526700978671622,0.4263722300497421,0.5526467855537324,0.3626413219984452,0.3496858751051236,0.35678788775890363,0.47934808766222703,0.57656339452762,0.24426904149362466,0.390470701011553,0.23108811970601367,0.3485601768938938,0.31843315587725657
2022-09-23,0.5969182044285395,0.3707212265756386,0.3468986634536087,0.5460789231838773,0.4451069321867365,0.5676478629349441,0.37467462251697803,0.3777985072797564,0.3789091040178634,0.5012406926076993,0.6194756769414914,0.2643423451989596,0.41109179486719405,0.2488813556904985,0.3160435970637034,0.3330820078261401
2022-09-26,0.6304298070689978,0.3917935225539442,0.3649160654192461,0.5747594280442989,0.47499544280667655,0.6014923187760945,0.40212818974398057,0.40076143975694656,0.3970931091643202,0.5410121634647845,0.6413499657735033,0.28590040406172545,0.4315205145971862,0.26618497445088884,0.342677963870303,0.3516170392666275
2022-09-27,0.6200305935880678,0.3858558302261758,0.3696109550034762,0.5715787678200231,0.4797972422273495,0.6008673250161659,0.40874181366773993,0.4073155092963181,0.4103165577146425,0.5346160371094846,0.6456068612301705,0.28814424281272283,0.43805707075477024,0.268002044548081,0.33754422547834917,0.3671937525919191
2022-09-28,0.5969215702383307,0.3697615051991025,0.3449903308565367,0.5420094683456065,0.44945747420515736,0.5750694101541767,0.3831526179193483,0.3865963341929556,0.375561987633465,0.5005772474135382,0.6263923745769383,0.26695443641831407,0.4153836809454772,0.24534951297677762,0.3151282188040343,0.33687870871380726
2022-09-29,0.6312935252025104,0.421211810541377,0.3627728240322035,0.578419990106311,0.4824725257496402,0.62555409709412,0.41289371297277455,0.4083268156024273,0.40890742148599574,0.527977419988131,0.7176029194310591,0.27963697720015,0.4444983047905942,0.26176975791952056,0.33345747051429514,0.3598626902799913
2022-09-30,0.612952239544562,0.4144088039375851,0.3717635994799771,0.475574568178667,0.4704318213616854,0.5850021321583063,0.3987932239187189,0.38783853007482,0.40285833190438386,0.515210832605594,0.7203288880611682,0.2806373754377826,0.4304714485655569,0.25310716034606967,0.33196213531429475,0.3776348459760559
2022-10-03,0.5922254765664317,0.378131688242355,0.3383774242323832,0.4744440191556149,0.45400007109280877,0.5769542047205182,0.37400963907729673,0.379731149440824,0.36863893595090746,0.5001831865389311,0.7403802442634031,0.2576555219022255,0.41681103950352016,0.23416677272828623,0.31318739701150733,0.348715002905972
2022-10-04,0.5627363628278954,0.3399366578896965,0.3132519878955495,0.4672318387685512,0.4301194790382512,0.5570907947864672,0.3595290912477211,0.35411732319882505,0.35896019651392874,0.4987964749146285,0.6952483167237307,0.25377270166151406,0.39848861276493774,0.2734027982495044,0.30772388116173705,0.3188839649599864
2022-10-05,0.5583269583052063,0.3502840254103811,0.3387094830153829,0.4686830363939424,0.46840353134841,0.578283972349971,0.38750219799128205,0.3508535881201736,0.3709686366368822,0.5151867359840587,0.6489151954800604,0.2504181126293263,0.4107804989139672,0.2820396431081994,0.2964927572972398,0.3306681539673875
2022-10-06,0.6051039935425794,0.3802964523116391,0.3551444421794806,0.4673437113972867,0.48347112876014003,0.5874067114224869,0.40177009475409486,0.3576354880435348,0.4104081321181788,0.596376616227776,0.6612329995708773,0.30143237167757325,0.43853677939437596,0.34794474813494086,0.3053757580720124,0.3287773678357565
2022-10-07,0.6441379960098303,0.4003230554700753,0.371963987031412,0.4994744906925317,0.5039306533852774,0.6236009765453496,0.42039415000223973,0.3792636293482299,0.420339067365898,0.6330079372694674,0.671112153042754,0.29814041692153337,0.45649372730978316,0.37735376635397017,0.3150045626320941,0.3385601291622199
2022-10-10,0.6805042365373414,0.4124013847780031,0.3943668086415423,0.513694739058782,0.5216713105913532,0.646318063715018,0.43469979890996413,0.4048189569042536,0.436369940470837,0.6520716422062328,0.6842608675500801,0.3071157135851064,0.4905092936729312,0.388751566611262,0.32542142843438404,0.36199350730455676
2022-10-11,0.6868563993308611,0.412363007119074,0.4145370465897739,0.5435234843927763,0.537441650225629,0.6566498946993862,0.4517493983104059,0.4253207055740574,0.4505957584863922,0.6818251718884932,0.7062281652909643,0.3103380401703122,0.5001686872618305,0.390555496994753,0.32907211980533235,0.3739677839542642
2022-10-12,0.6934806456179845,0.4199059738688389,0.4078805339044084,0.5405073613772502,0.5449827560784434,0.6583258396983015,0.45207067673313495,0.41961352347271147,0.45618062499846784,0.7029951968090896,0.6937969344843548,0.3278888946544745,0.5064615945197987,0.39585748532589554,0.33868377345559303,0.3722080366912286
2022-10-13,0.6645244553748979,0.395405429895884,0.3849598496804528,0.5245526375195442,0.5297880855408594,0.6415826012243221,0.4362988404691729,0.40007035257056545,0.4347854543808892,0.6811968155527179,0.6801245634862491,0.32812968959744077,0.4928823723913948,0.38548264037882857,0.3270130168287058,0.3467428691689038
2022-10-14,0.6977721344999985,0.4153757744921271,0.4008959001034322,0.5282979813213455,0.5538727320216191,0.6721350520229609,0.4476427974786172,0.4076381800671163,0.4533091085391951,0.699761934356375,0.7370711069467625,0.3250356418948326,0.5002669661455736,0.3923376334142574,0.3351882483633852,0.3624335588448245
2022-10-17,0.6629692515318943,0.4113092629549174,0.3801639993949703,0.5265240846147439,0.5334212226396452,0.6291366658982511,0.44496012145181724,0.39298018875257457,0.4496334342145943,0.6877443593687363,0.7114783603261272,0.3215604393088661,0.48566410492492645,0.37487628173805315,0.31634287466927835,0.3577140683806147
2022-10-18,0.6670257407805616,0.3967149145851825,0.3843359676655785,0.5211310127944272,0.5358344060207865,0.6349970246645154,0.4470566264349396,0.40481427188737895,0.43788549177342706,0.6960611893591527,0.7013165725980605,0.310406780844558,0.48897991104388533,0.3797265381635354,0.3087953017889822,0.3807284743492576
2022-10-19,0.6796408530973835,0.3988589515828589,0.3916449908260125,0.51922091565295,0.5469099537159885,0.6682227485873082,0.4523034844860312,0.3934951371964025,0.45636421933667864,0.718032255430677,0.7441443159401365,0.3072200512831199,0.4911062174066068,0.3816521360527692,0.31077265946078514,0.3422561458012611
2022-10-20,0.6724224468681295,0.3851600437327259,0.3887631904448165,0.513232434851961,0.5336498888025821,0.6295683122646221,0.45113937715464414,0.3889004423770269,0.45070951628648337,0.7353018602086168,0.6353520737106019,0.30540153795073854,0.48341353684795735,0.384506945021573,0.3072759907630621,0.34312820085820755
2022-10-21,0.662148020504939,0.3953532832769321,0.3831701795161314,0.5050655384791758,0.5161695466517261,0.6292660309257757,0.4513248716565525,0.3821196437463663,0.4426194679526273,0.7348312755510449,0.6059301849707157,0.30722510726089697,0.4972343269828333,0.3919831973885359,0.2925883750684733,0.3421198920334517
2022-10-24,0.690708953464517,0.3977752167296003,0.3963723297117191,0.5027644515162322,0.5428387670813013,0.6583498659489544,0.45697002400266096,0.39027191520991505,0.45716718278086416,0.7891998074989652,0.644366032275069,0.3166594096607643,0.50303650549604,0.40504304023424575,0.3038190636799073,0.35055110754217517
2022-10-25,0.6752313834397572,0.3825466259123806,0.3847728208263586,0.4872665349842209,0.5349868971003849,0.6468772015392983,0.4648199438129816,0.37417440428511106,0.4576399532702558,0.7627720276704758,0.6094289415832052,0.309709554133441,0.5028964257955815,0.3911076065972077,0.2956056421631667,0.2839936355917286
2022-10-26,0.6781446468992274,0.401104614999197,0.3691582258297739,0.4958202828081223,0.5556253602149838,0.6437717655133145,0.37127197317004373,0.3785727299804771,0.37472738372796627,0.7810499106106235,0.5959484129939521,0.3084300078698381,0.5269163299080428,0.3853774240630348,0.29448176735098147,0.3352764877719697
2022-10-27,0.6784273567076787,0.4537921836405733,0.3463403672962039,0.5195150507981872,0.6796379335599417,0.664749808111344,0.3897901290060836,0.3824408540792335,0.38282462959320906,,0.6069341363078675,0.31171642521950443,0.5964201093539131,0.3932985749584766,0.29999075193111274,0.25629657820955276
2022-10-28,0.6631325765763815,0.3188163735521888,0.3217328830679256,0.4843643634179551,0.4415983467733999,0.6358565948986028,0.35368317789828757,0.3592982676005059,0.34971300368045927,0.499886622009853,0.5639405837783755,0.3013129939998909,0.346345807450609,0.3762342094723078,0.2855821209939035,0.33020565306729627
2022-10-31,0.6967467913809403,0.3371746786489169,0.3321520216368556,0.5080034963150377,0.44603922834717397,0.6976955697014977,0.37131519891803855,0.3645886703443462,0.3712077120421605,0.5764705829724216,0.5778085148003761,0.32154335547673,0.3448265782846985,0.39643836534506155,0.29534049683786295,0.32950163557599055
2022-11-01,0.7048192740928915,0.3404892030535386,0.3438501973683683,0.5045304642588878,0.4685975853934678,0.6965993615195841,0.3911086221407964,0.37176716104616137,0.39220135456165883,0.5435687668373782,0.5696705538686031,0.31206385087879795,0.33917343667463246,0.40334300734052664,0.2905040105456307,0.3216323410330265
2022-11-02,0.6318983675897565,0.3566995584604721,0.319807496963814,0.5027494368156343,0.4684780279016313,0.5535668614378106,0.38568763020072083,0.384101139231835,0.36616542572630517,0.5077490031440489,0.5882836718659082,0.31362464606688695,0.33516703255206826,0.41719421320548183,0.3201242621737671,0.3091329839418295
2022-11-03,0.6138372342322107,0.3435377090324525,0.3253184257858464,0.4821538199514358,0.4527043926625434,0.5535524456227497,0.3809930969919258,0.39850543415653233,0.3846618073584322,0.508339910529327,0.5664042706872978,0.25230532978165493,0.3382884389233449,0.3236421163925948,0.32195762611513135,0.3187548224723912
2022-11-04,0.6087778429522759,0.354913945574876,0.3151251081212367,0.4779676556852811,0.4357595834936935,0.5577463798438312,0.35535065627904106,0.376019748578263,0.3542149056982163,0.492462340918714,0.5760150789050987,0.25353116369093337,0.3833457630765769,0.33227003031427355,0.31909010701008605,0.3005002882970032
2022-11-07,0.6101063596458978,0.3585998049213001,0.3167542433221282,0.4616669563443091,0.4421889288442401,0.5449656960827804,0.3554018036856732,0.3868247763400108,0.3516672810548858,0.5059706147191495,0.6243916516588226,0.25732121701571686,0.37350549597103533,0.33319237629461645,0.3217725768978123,0.31018429006457404
2022-11-08,0.6167622053104058,0.3636436624408788,0.3218036871963096,0.4634932712798512,0.45011075853768734,0.5398052235894442,0.3538648868489815,0.39948248200220926,0.35778144273371426,0.5024741532682137,0.627248790936245,0.24903282547963781,0.3860760168013975,0.3283625668221907,0.32870367461694955,0.30664563653968013
2022-11-09,0.6336486586709836,0.3806353990459125,0.3365256297031057,0.4919555229348846,0.4707501477274069,0.5736332734924868,0.3720460305028855,0.4091165396010776,0.37257151174696423,0.5051490742229358,0.6906747977737441,0.26668952457131895,0.40363563837193445,0.337414464591574,0.33684707606221215,0.3270320955109123
2022-11-10,0.6018332559167588,0.3310032228459,0.2897468651600034,0.4493701857787214,0.44199438007428155,0.5331984051991319,0.3401808599808084,0.37842044863405394,0.3423814611808724,0.491300029892705,0.6506472763839148,0.2538007647727266,0.35836119619980406,0.32277879645675184,0.31280398380786006,0.2975653788292982
2022-11-11,0.5903500129400543,0.3154886913870717,0.2977976479420721,0.4485391543591197,0.42336470001859916,0.5531517170760502,0.33319218482414764,0.3586406388113529,0.331009333190977,0.47117791777862417,0.6156485013673105,0.24341860499405502,0.3672866117944536,0.32866213280926626,0.3075600385482986,0.2845637216597336
2022-11-14,0.614475564435515,0.321285151926241,0.311771288235833,0.4482761411013124,0.4471550111109282,0.5661308098645407,0.33517466361899184,0.378894482365284,0.33518440114066245,0.4805373294378275,0.6370893985116928,0.2932639317816873,0.38198185836489956,0.3245418040294391,0.3198753142712027,0.3018037894453076
2022-11-15,0.6255353367933736,0.3268967087494987,0.3060242765539836,0.4550809882669138,0.44565525279543317,0.5961303211731416,0.34492530582669445,0.38650277243786074,0.3401863939733221,0.4916476202980244,0.6290386777721992,0.20485296647128517,0.37419605532832095,0.335430805615781,0.31299601812311545,0.2852029074534221
2022-11-16,0.6379645751252216,0.320947460477996,0.3184972232392942,0.468086687411566,0.4544799188459349,0.5711644900809151,0.34026926577178734,0.38852756558891316,0.3403247390482324,0.483978846636358,0.6433671962427621,0.19084047167656817,0.3803241275077989,0.35060707287234577,0.3148189026379498,0.30170629609666644
2022-11-17,0.5516995500287005,0.3185117633889699,0.3106615919625498,0.471465778746919,0.44888997106671585,0.5743259609827842,0.3389810928189073,0.38594884961480863,0.33649288170616104,0.48180299145822586,0.6365596285492197,0.18734676767541827,0.3724847035186668,0.24464173102804923,0.31997207146742895,0.28729953009134096
2022-11-18,0.5276417610454761,0.315872685780389,0.3047308700250482,0.4558627366475644,0.4401460257576544,0.547489294871551,0.33162011535638325,0.3704329410564652,0.33170138907482344,0.4660431567192481,0.6270377311366477,0.17431966187915113,0.36607966747924625,0.23790544418663953,0.31277948579845377,0.27859135800848117
2022-11-21,0.5350771685727689,0.3201886554011222,0.2970650165942918,0.4487864500952838,0.44416807399812097,0.5383220495507169,0.3332455476625513,0.3750253091147052,0.33383464935418433,0.46277819893035815,0.6809359854097171,0.17811301326163784,0.3727641823531166,0.2323916119646345,0.31498076615305876,0.2826438821331268
2022-11-22,0.5086223005347861,0.2989175662717225,0.2844175235055695,0.4216329927628204,0.43221767050962767,0.5082483805469369,0.31831005815945523,0.34700703160011076,0.32071061475887114,0.4541784229089857,0.6417132630690736,0.1596771106738975,0.33068972348972814,0.21896774618824597,0.3002651789679883,0.2635060217215857
2022-11-23,0.4904471852268903,0.2965267008305778,0.2728261299266465,0.4056851758966599,0.4199726919572254,0.519990277404776,0.3123135689013406,0.34394507639415384,0.3058571426409841,0.4319986415488078,0.611959751600914,0.1521659700232483,0.328961451520807,0.21699557621565932,0.29023896686914996,0.2555294458193436
2022-11-25,0.502964938648019,0.3109902760833897,0.2761385605410281,0.4162255162410189,0.4370414048684688,0.5190051259793127,0.32090411437232613,0.35655041311675173,0.31652850816980516,0.4370970947660918,0.6237224401537812,0.15480166378003019,0.3348713116899289,0.21431957978332333,0.3007298079857316,0.2590851421384607
2022-11-28,0.5390562840900471,0.3470763605800014,0.315118615296948,0.4628018044146721,0.4595733226019267,0.5408295342982501,0.3492097706963162,0.3973667946284651,0.35133468694885167,0.46087867187733245,0.6470487508204121,0.17089161718310752,0.375752270434067,0.24563818464590903,0.32770114545724877,0.2952888842608568
2022-11-29,0.5361768451351372,0.3596872162728681,0.3183924903958551,0.4648569181817817,0.46492032932553534,0.5358802530491229,0.36095877809655036,0.40350667902300846,0.35656965490253856,0.4629330787750654,0.6537085845242523,0.16847350820368567,0.36135389468268386,0.22902112394115726,0.3242975526271601,0.2924177998407556
2022-11-30,0.5090158285768898,0.3147734300482483,0.28891726226773,0.4353250668587118,0.42215527120185614,0.5306066444192634,0.3334398377662192,0.3837332700651319,0.3331686951227261,0.44752203507603017,0.6067035905591364,0.15310893036921697,0.33877648963806894,0.21555488678543375,0.307466441387496,0.2870491205949213
2022-12-01,0.5209547110807751,0.3175897001101924,0.2972137431384318,0.4584332667981617,0.4245849432945646,0.5361988240657051,0.3414522367571779,0.37679753373026426,0.34399029341208864,0.46430641911883275,0.6034620267129657,0.15616669943945682,0.3583920447786184,0.22619607025251065,0.3638984900870221,0.27326765231751915
2022-12-02,0.5028085325788072,0.2960101216515013,0.2771735177594164,0.4311896391769266,0.41570392119316346,0.5011065823911719,0.3256163026458543,0.365576143610798,0.324750567067552,0.45848332911281436,0.5606053599179426,0.1457768735726722,0.3433779503238976,0.22076852194681604,0.35950124123439703,0.2659344314080265
2022-12-05,0.5558559983259376,0.3479258627487837,0.3337748387957492,0.4877083597847906,0.46895528439774015,0.5517887017280311,0.3736967275116956,0.42407635517362685,0.36690290649388557,0.503313514551905,0.6655825378492106,0.1627101981061073,0.40799690651157267,0.24137449823870133,0.4041817049916972,0.2994747679017846
2022-12-06,0.5320106183353315,0.3270954776609029,0.3052856315638292,0.4815158510676357,0.4308189282615011,0.530483786677569,0.34431394845260316,0.3177341971064697,0.3436626486542369,0.46112587817013867,0.6245144342552529,0.1768620535225145,0.3598282919009983,0.20785103296358654,0.3052993359502396,0.2640791188699962
2022-12-07,0.5412028376090267,0.345083580274636,0.3107589282806297,0.4760654273124801,0.4347608914862594,0.5314185038341074,0.34852092222962333,0.3227418337488801,0.35126136424647914,0.4683168959146874,0.638463677198823,0.17859980424646069,0.3657215127487313,0.22250588031372237,0.3114962720691878,0.26640753108445536
2022-12-08,0.5349060714160221,0.323992266011274,0.3056379592112553,0.4655022893269585,0.42071442682211374,0.5396765519783427,0.34705323192757637,0.31838333634137295,0.3487331026740841,0.4644076621817302,0.63287014943426,0.1904459544368118,0.3594787548125032,0.20434389548714096,0.29765303128431836,0.26430808512806836
2022-12-09,0.5411754951812129,0.3432406809464774,0.3093819124621124,0.468789594783628,0.4284853401116718,0.5421778713441538,0.3464956541239071,0.2729041365402849,0.3381578395832271,0.46272701194195437,0.6112466584788014,0.20025654449609784,0.38203619688763196,0.21509307617552936,0.2650688458072987,0.26618138522897283
2022-12-12,0.5545953958062615,0.3350978738850796,0.3082337459587193,0.4859611570898867,0.4349246783699606,0.5478386649058982,0.36010642307317375,0.28703248237385115,0.3604169032840428,0.47185922740437397,0.6644980728701984,0.18809664605199425,0.37032257921428413,0.20555337698122275,0.2667726439470568,0.27085668659015355
2022-12-13,0.5220832187633907,0.3182659382814853,0.2941233680504762,0.4589001536352897,0.40741108244475743,0.5193321015244358,0.33015446416802685,0.26338048965002553,0.34102862852827553,0.44874690694429825,0.6701763953908934,0.1915225706329222,0.35795334188987915,0.19652496151785523,0.2568550966844489,0.24900749419237397
2022-12-14,0.506948462712624,0.3093505943952059,0.2854567625388047,0.4474072882651677,0.3936116141542613,0.5021301981504697,0.3213572275731391,0.26105340167693936,0.32710238013668363,0.44316950909638253,0.6606981790886588,0.18729571618777804,0.34205558438949535,0.1925924396672523,0.24992293166824942,0.24248819381361914
2022-12-15,0.5254307766336352,0.3518223332596234,0.2979932264793488,0.469089549591023,0.41445468984578143,0.5111027209106221,0.34255773710320625,0.2713849884769865,0.34182792233664566,0.4597908094213767,0.6492856218971992,0.1873879451924002,0.3590215775072837,0.20750179212399977,0.26419694197191995,0.2469524695287106
2022-12-16,0.5242709737933632,0.3435565911883637,0.2766459801125048,0.4527775035840382,0.39506137306332934,0.5007132641625085,0.3415002742411224,0.262898890651107,0.33896813232072043,0.45619433931518344,0.6621788623518774,0.18231751685146041,0.34638153620234097,0.20021432857537425,0.2570585154841749,0.23857255694132645
2022-12-19,0.5227845684069741,0.3446425492944895,0.2908232529019317,0.4587342289502559,0.42424276849554615,0.501399485274368,0.3456248009498884,0.29999778920619097,0.34241666128454656,0.4662643684935502,0.6839157043985982,0.1834464124194839,0.35216056795108786,0.20131001903704004,0.2586687017910566,0.2665155185191603
2022-12-20,0.5243836084967485,0.3401066114210738,0.2967878786570099,0.4524404774998103,0.4192951599447275,0.4972975267164676,0.3333967000812735,0.29834733046686346,0.3324304515829246,0.4552065968920423,0.7459597883374706,0.18197339816580332,0.35643189849532003,0.1879084846572829,0.2528441437436317,0.26270536102622444
2022-12-21,0.4987542511262622,0.3198721312698609,0.2804059395247174,0.4471507697311675,0.39382338442027864,0.48072594808560043,0.31898916111523845,0.2845088441579175,0.32335508089688114,0.4385516623594984,0.7269427869435721,0.17378329790839575,0.3401615426663247,0.18567921903161405,0.24436064359181733,0.2568540305811099
2022-12-22,0.5519041491528184,0.348549511920614,0.2934442327488699,0.3903403327633433,0.4175558266874253,0.5273184251674294,0.34103333943400604,0.29779075906106284,0.3418229489134879,0.4590265206550049,0.8166810111162581,0.19155042833055808,0.37328985675983556,0.19361196710643122,0.2540835399055023,0.2563631542295671
2022-12-23,0.5397109068632309,0.3362117827297827,0.2983201101151583,0.3890075686282435,0.4099730592530938,0.5045989156321503,0.3307020654252856,0.2862822286860266,0.32930663044326364,0.44380891103996145,0.7894737811956255,0.17737599900593023,0.35787236243219567,0.18068984932426133,0.23645118235213858,0.25445614020224255
2022-12-27,0.6003430686314506,0.3664677756009944,0.3124288812751225,0.4161962994558343,0.44015483336982375,0.5341569780916513,0.3527947415858815,0.3049319172101109,0.35392897083695196,0.46376268704534884,,0.18986808490397733,0.3758172166355997,0.19315100130470078,0.2562825783008761,0.27314889843623763
2022-12-28,0.583055797874159,0.4008187834038569,0.3174942250245487,0.4298948964378645,0.44874745779587943,0.5418282558427222,0.35663069186315427,0.32349102721642575,0.36084517302667946,0.46876064503487597,0.8816006504101561,0.2049342235277205,0.3852795078720253,0.19879238452147668,0.2715898236596058,0.28998138815421515
2022-12-29,0.5472902422682975,0.3639210970380048,0.2992874317051203,0.4093638538210982,0.41871809492540485,0.508603802507405,0.3382354888817407,0.30485138569571807,0.33947366454386013,0.46002663172179864,0.8347699962719634,0.19606493771055206,0.3675360182691996,0.18277846800232092,0.2559629848143766,0.2728966119625603
2022-12-30,0.5439862465927887,0.3636837135201513,0.3043945114864795,0.4313649235967333,0.42874436268836646,0.5132932524040956,0.34334407836090836,0.3050513639616885,0.34155594242020426,0.4589833514365838,0.8197952048412377,0.1936425956905733,0.37801198221454946,0.18302472703789816,0.2526644484301658,0.28277138631752974
2023-01-03,0.585339639525551,0.4122824437924405,0.3229325165300194,0.453935189570062,0.4569509372720624,0.5493160731743276,0.3596464386655718,0.32508384506057053,0.35211956286191015,0.4889891358941725,0.8274524423303438,0.19519356926332518,0.3955233970103898,0.18896907158120968,0.27703341814890264,0.28122866666570834
2023-01-04,0.5657354219568705,0.3765276289817023,0.3300583139960592,0.4449835619017291,0.44304339375904217,0.5613483111603185,0.3973423872185647,0.31389573109415003,0.4006440149122498,0.47450601017785177,0.7451928785371023,0.18808997444526673,0.39018821323631236,0.2437425486172303,0.26996690815705354,0.2762128532092955
2023-01-05,0.5659596624405431,0.3929831407613955,0.3586356191829291,0.440873410480105,0.5157546504519026,0.5800236389636069,0.4157287612234424,0.32190397724873415,0.39295865885946213,0.6304632740317959,0.7905871268352754,0.19626753713278247,0.4199277676894419,0.29709105040812683,0.26662521210874357,0.2837344485915603
2023-01-06,0.536169037117481,0.354246890019056,0.3375653383737165,0.4233416415749705,0.5037246424319176,0.5400690710309676,0.4004683241336026,0.30321253775268336,0.3832699828997594,0.6080048490840609,0.7810400695424646,0.19313481775647276,0.40183402091495407,0.28678650798176597,0.2390690945188732,0.26267379975889205
2023-01-09,0.5518793493788227,0.3639754824449565,0.3425820331185161,0.4363359125938575,0.5235687629092868,0.5638115978177681,0.39386151416200765,0.31193957270709455,0.3935531608436951,0.6114828433117502,0.7764000316642984,0.19585722490694038,0.42229723628882115,0.2991395253235955,0.2505094589592315,0.2741135631224483
2023-01-10,0.5439607937359384,0.3605376008309214,0.3289542650686406,0.4260457061539598,0.5117268695888074,0.5442660575753128,0.3935871919275056,0.3226520115046848,0.39061507391700273,0.5980386679601598,0.7725202716678349,0.1907472063163198,0.42018921542233245,0.2810531285973914,0.24561804640258128,0.2688355073413072
2023-01-11,0.5469682801638553,0.346213561380324,0.3321374298233545,0.4335697967169674,0.5203451060828224,0.5430821948308084,0.40426962595272187,0.3163864758535043,0.40460391023536485,0.5962201610664544,0.7485678989651323,0.18878724871046543,0.41474807451581797,0.2827898383939097,0.24842719122571597,0.2663073594130874
2023-01-12,0.5081650355023607,0.335864347938569,0.3123004067937369,0.4076868656923184,0.5006632511312658,0.5431640565240886,0.38159857696129257,0.2971105786216163,0.38493627654306545,0.577997044549374,0.7313629348727888,0.18048148159390998,0.4020702810694745,0.27580314977298154,0.23368563476400184,0.24042011932733376
2023-01-13,0.4856944010548867,0.3190499192862523,0.2986311819803237,0.3827837792613885,0.4812709606879824,0.5206148317349307,0.3700394753944612,0.2729451128376823,0.3463523175155917,0.5637930322810639,0.7297585939401138,0.17026270637382526,0.38409878599958736,0.26039548575699334,0.2131881004566387,0.2260439816923176
2023-01-17,0.4961387404533792,0.3350882753979015,0.3168578390245449,0.3905330956363392,0.5138779632563866,0.5373048029815731,0.39064306843305174,0.2835315514364365,0.3932504022203408,0.5779789725026038,0.7332639620130376,0.17709452264940442,0.40455722808644506,0.2979085709995493,0.22274800513806098,0.23410871247013398
2023-01-18,0.4984258405797003,0.3364993354758734,0.3242374713692332,0.3843035050932559,0.5142129274180192,0.5264647542041268,0.39023586780110164,0.2899193512458282,0.3936395621477453,0.5788945567280981,0.7284751704965026,0.19336902318450333,0.4111878355406045,0.29298400421833226,0.22634314068681982,0.24219459299358845
2023-01-19,0.510811948175871,0.3472665180175727,0.3466126839725539,0.3842341816397966,0.5105046276878462,0.529639575982858,0.3891776636061776,0.30111202001709797,0.38827205145958227,0.6043501587474303,0.7389856328712926,0.18680060566060064,0.41990928548517,0.2894441251307259,0.2334529334922288,0.25173267684252815
2023-01-20,0.491467672474456,0.3152179021272733,0.3017863151368798,0.3876517712826786,0.5014214891788583,0.5140069622990019,0.37939607484727517,0.2797069754070709,0.3832349277117989,0.5993169205492955,0.68990719534329,0.17831408851903352,0.42506100191429375,0.28598352812302746,0.21808818120021986,0.23667882092733583
2023-01-23,0.5402758590416364,0.3264008759484956,0.3256093914713321,0.3913424099351285,0.5144333506178331,0.5397195206584752,0.38676273896923724,0.28987254547571906,0.39005256263123395,0.5997852493895035,0.7395341136324223,0.17295053696704485,0.4238816042959858,0.3051827848901223,0.224365159967763,0.2379544087386992
2023-01-24,0.551671235709851,0.3291591197703845,0.3302824538311073,0.3898886438489392,0.534157327861228,0.5614650399500033,0.39087781810410116,0.2921932677316905,0.3946758029416648,0.6021274693863499,0.7559921953267693,0.17750232466061824,0.4448591280399934,0.3084512437839943,0.22343386829966727,0.27896070449695765
2023-01-25,0.5506336133010424,0.3360172970430191,0.2667689375745899,0.3877977291205942,0.5405716384657914,0.5592495490382241,0.40765150320470367,0.2948721464799788,0.407710184014544,0.6160280096956678,0.7411339350531997,0.19082808240866694,0.4524127895276414,0.31812984736728805,0.225930228922742,0.2414225620582678
2023-01-26,0.5362194393186986,0.3194653210143933,0.2464643116754991,0.3808354636305431,0.5189335884800548,0.5506687521560406,0.38775493216409135,0.2832040080839524,0.3904116821875794,0.6082612669504514,0.660573410616981,0.1814283978824934,0.4400532072564391,0.3060844756667739,0.2170779153702752,0.23973029258801765
2023-01-27,0.5316642564511547,0.3025469678960469,0.248179347454474,0.3902206269812142,0.5325931090640909,0.5634280863523972,0.3935096469558969,0.28021845448063243,0.3907034347996583,0.6011388275442691,,0.17803903393097253,0.26001571542166146,0.31531527849843083,0.21382307420492966,0.2493424552590137
2023-01-30,0.5735539177589086,0.3766340279686446,0.2850570320790875,0.4112731431531352,0.5876840388449779,0.6283455418991749,0.4397305160655166,0.3015815342204136,0.4402761563022421,0.6658460578413647,0.8109676136250137,0.19732009850595608,0.27631450506055577,0.35740087551120936,0.24105531412714304,0.2853212861542435
2023-01-31,0.5760160164762174,0.3649355045459798,0.2653528241100729,0.4119468776419469,0.5898815846358045,0.6074648536581251,0.4440354406977521,0.2986642179938656,0.44346664631088434,0.7271803400690795,0.6623891366354039,0.18768302478114843,0.289496773748961,0.3471279710957489,0.23649029581406075,0.25443208071870904
2023-02-01,0.5795447545744052,0.3452327867869202,0.2239712557845284,0.3620281011925028,0.4385631610588245,0.4442404155849594,0.33597065188973513,0.28030719774861446,0.33054609171757743,0.6519507018002845,0.645523212570728,0.17725050981235665,0.2680911358036253,0.35581385109681085,0.2199354957991774,0.2650436534325649
2023-02-02,0.533164835854369,0.2914335748474762,0.2389903906706485,0.3790375119374791,0.461000451631334,0.4427428510398011,0.4298924037251357,0.2898084144797302,0.3887657755039448,0.39999394439133656,0.6536401442926065,0.21568071490196541,0.27679404998789303,0.25293381830484757,0.23459411224430196,0.19049634131969534
2023-02-03,0.532516210871175,0.2705133570164325,0.2481298974369228,0.3718004023933829,0.3675881584444295,0.45076586713253664,0.3064657634569357,0.2993990683319479,0.3073263346079766,0.41551437965194243,0.6825687140025269,0.23158823305553544,0.2805934824503507,0.2806862605458177,0.24491522528001633,0.23871145316894396
2023-02-06,0.5553253905210637,0.2823379256902645,0.2598091063423409,0.3929071231180704,0.38302555124029625,0.45778015406673517,0.3249606761910856,0.309236683475924,0.3327679363671013,0.41551588094814434,0.708621450417118,0.240579536216312,0.33958402473089544,0.2891025056786156,0.2544312675087863,0.24529691435776224
2023-02-07,0.5438745717287222,0.2696985566477242,0.2507069857204168,0.3699481829780203,0.38206220538212116,0.45319270781200194,0.3292733120488863,0.30310623490500743,0.3296219714176747,0.41451253740409305,0.6807529995164637,0.23886839388095196,0.32744981935107986,0.2900260739219462,0.25459261502355784,0.23359068856678158
2023-02-08,0.5595399905488257,0.2916394022807864,0.2778588809788677,0.3915048558067157,0.3981366052018631,0.4665146888217619,0.3664155409934482,0.3168249638783543,0.3646743942323621,0.4172975899315378,0.6958005004425305,0.24550147218643933,0.35855728043256874,0.30291035281161016,0.26861234023987596,0.25151328711150533
2023-02-09,0.5704122965570179,0.2991923004524882,0.3013337074160359,0.4025478130811643,0.4145121454145727,0.4736175419021248,0.39231413655200437,0.3269740657286573,0.39264545460814265,0.4295625746607848,0.7108624664360991,0.25141319410273494,0.3728627799621385,0.31617771022263447,0.2733289422218559,0.262917269568554
2023-02-10,0.575594244625923,0.2969587915746582,0.284259880339707,0.4018299904148744,0.4012037962340208,0.4860621989120952,0.36482873787935677,0.33465459976109885,0.36458299320483784,0.4300660347188072,0.6974837290208532,0.24140567618043413,0.35497436693445383,0.3139093682912886,0.27398416120376834,0.2603590629611311
2023-02-13,0.5894005595234815,0.2920663545129879,0.2879188730131836,0.4053462845035144,0.3983823439808409,0.48259280581782166,0.37221039380322907,0.3273432581245574,0.3671788915328182,0.43479047384637365,0.703138850206812,0.25193765841716215,0.3495844268254963,0.3110623834864151,0.2709110010429886,0.2614363273633625
2023-02-14,0.5772800373667091,0.2744128522135884,0.2704182915499665,0.3868807250763448,0.3764066755493327,0.46258467128102937,0.3389505061433849,0.31366972973209534,0.3396455259620913,0.4037562308102009,0.7186509419591329,0.2467307451554929,0.3366188262674199,0.30743804678090775,0.2612131734313061,0.23607952153190026
2023-02-15,0.5621243773884154,0.2659644726986288,0.2677502915148333,0.3748434573671563,0.36517008042862353,0.45055429038816674,0.3320068281512181,0.3062409552160423,0.3310435836462794,0.3978836349446976,0.7158310634331583,0.25171687444742896,0.3275865259871638,0.3064104966032643,0.2567739456883053,0.23186135828715626
2023-02-16,0.5723192406008839,0.2747581463565625,0.2848642315558742,0.3861910060463019,0.3972101290235385,0.4694525633569301,0.337218107795431,0.3167032969488974,0.3358257567706351,0.40248462718828176,0.7316875059994338,0.25446310937448396,0.3387016951203489,0.22621429846400629,0.2621640717299539,0.23757241928999762
2023-02-17,0.5634317661201085,0.2559728379603466,0.2699342895418352,0.3844724443423626,0.3714937664919561,0.45875471141034946,0.32764808934027556,0.30718869497071494,0.3244261550695649,0.37979103447031565,0.7071608008909785,0.25876511071861047,0.3338408454291509,0.20751099444470103,0.26634795816664036,0.23960789305322241
2023-02-21,0.6055526506079383,0.3023243669421536,0.3095136625046705,0.4174251103475571,0.402373699924513,0.49389464594323607,0.35636828254182534,0.352797939270759,0.35507820033829485,0.4209731042469721,0.7659360324511414,0.18469116432803215,0.3762805279476239,0.2367879950101358,0.28930033632468116,0.28118898152683325
2023-02-22,0.5997061922591443,0.2942445584701572,0.2981399267418919,0.4149201989670312,0.3931833423531332,0.4866331192269622,0.34799681919178643,0.3548840755422283,0.35044688959917536,0.4117736335698513,0.7323442041584873,0.1841323239147067,0.3743668685728288,0.23375821035400743,0.28885691365659555,0.26989571477863483
2023-02-23,0.5138853081989242,0.2800207975972089,0.2845396832060792,0.3951841353000312,0.37961041873050655,0.46637645244669546,0.33242804206241555,0.33874240919828985,0.3357897235647112,0.3916316264714612,0.6919744628027219,0.17457646750660605,0.3511951613834501,0.22593729504895202,0.28303194495292844,0.244980625177201
2023-02-24,0.5068120145405098,0.2818421511669732,0.291054419174157,0.4020509574157175,0.38542356971200836,0.4765232101833542,0.3368427740512909,0.3463844909941763,0.334572727476394,0.3983503093962003,0.6794155360805666,0.17792678841372123,0.3585600001496291,0.22692458734519394,0.2874870633377373,0.26003618798072164
2023-02-27,0.5091210234897419,0.2845084964390648,0.2954196265279546,0.4068410481282596,0.3932197616340262,0.4696886949397973,0.33179672235541696,0.3459678531957438,0.33733638090365414,0.39893150611324,0.6895080381498969,0.18680987425747092,0.3565744924520655,0.22946126089802554,0.30658275708421084,0.26315927878916906
2023-02-28,0.4995139355156898,0.2847652429964693,0.2900468696526278,0.4015082115544867,0.38394039151503784,0.46513741469710185,0.32924311990907607,0.3379631916327737,0.3332672901344295,0.4035246411340383,0.686956403351222,0.17183268382909916,0.348820216481099,0.21336116150171575,0.2970186816714767,0.24350011181845677
2023-03-01,0.5070881745225767,0.290584145060077,0.2919649228824379,0.4224104754495116,0.3998011565249428,0.4714646889479572,0.32790751289285835,0.34883036396461675,0.3278420267969925,0.4036100985064651,0.6947780592285462,0.18269574633121613,0.3647756517992541,0.22075302300853406,0.31819625951631403,0.268285854237573
2023-03-02,0.4908737700457386,0.2764133483217785,0.2780931604543422,0.3998809825481827,0.3822131733097351,0.47028138065130315,0.32077131166381656,0.35703442630391946,0.319431000766215,0.3805959089167458,0.6233907956244937,0.1691582397546874,0.3650340537174588,0.2101737729741168,0.30707907010667956,0.2503758993540332
2023-03-03,0.4609682453027504,0.2563616965255322,0.2498832104834122,0.3750258613167499,0.3559659847944364,0.43978123048334716,0.3035082776677414,0.24584126195272274,0.3036030823627191,0.3935432331623422,0.5856589854124533,0.15127273904153732,0.3326860747998511,0.1920364861961248,0.21229607743343068,0.2403697790934617
2023-03-06,0.4922876627741877,0.2680532924667619,0.2831394046713441,0.4027023825049122,0.3880703076762687,0.4621886034082406,0.3273009018326462,0.2689570810924632,0.3299145567331953,0.4101787944734946,0.6104006890539153,0.1501194213603751,0.35428983257139457,0.20200258156782336,0.21598038356127494,0.2525763750238227
2023-03-07,0.4888852460436098,0.2708265871830431,0.2698303518376076,0.4212020229516427,0.353145832885888,0.45745675925378043,0.31097000642402695,0.23933477848262105,0.31049776806081736,0.38994457005251976,0.6367164588561238,0.16858896272141943,0.33530573860597973,0.17194653329041884,0.23313575972028533,0.23316752099005894
2023-03-08,0.4903635967712125,0.2550364684300407,0.2693488693049465,0.4081871580139833,0.34910444841535637,0.4615157668525598,0.30745752729145176,0.23741184902423618,0.30685020279849884,0.3830847357456656,0.6271505315481718,0.1697216152272438,0.3396542392839078,0.17524179404410858,0.23190590659562563,0.22632289937481326
2023-03-09,0.5028742790169249,0.2830413654352721,0.2938400727809599,0.4387723989322121,0.3851283819586074,0.47978939696666484,0.3400520094246572,0.25795495759810994,0.3283557919356943,0.4000694018619157,0.6493846001795461,0.18811783056067105,0.37349036635098926,0.18819582374374885,0.24656756485773598,0.2397029559343096
2023-03-10,0.5197524541017976,0.2907815558123582,0.3013056117503005,0.4576441243100066,0.39414752753382154,0.4927924180144739,0.34306444763708677,0.28005139083363323,0.3416372666265194,0.4085048764789997,0.6519918137774953,0.19533039902867907,0.374718787561061,0.21791982828172216,0.2627040569206097,0.2508522328098697
2023-03-13,0.5371759633659839,0.3064271796876693,0.3174306860641017,0.4814587848887008,0.416454002144934,0.5293791559439336,0.3596640681637024,0.28205562116946004,0.35318594828355043,0.4303317466800427,0.6772803102482459,0.19976045603179501,0.39959885751541224,0.22161050608941568,0.27200781239951055,0.27450918236316907
2023-03-14,0.4981831378210696,0.2505550884980811,0.2853502276082036,0.4530515187428243,0.3702172782054345,0.5027608859171638,0.32246945216675005,0.2521436542245008,0.3252944947066785,0.4100094845591774,0.6491858702303613,0.17465307590576878,0.3723462632308466,0.19344911284662913,0.24864259363124355,0.23675859223606135
2023-03-15,0.5194797644464563,0.2820640113252147,0.2970484366807174,0.4777855053395671,0.397689118716371,0.5104382370925002,0.35610795484687613,0.27515620324923534,0.34702202738299104,0.42314957208753395,0.6714711869110337,0.18680662394243006,0.3745818966404378,0.2055663859214332,0.25206472315366285,0.25056202011836826
2023-03-16,0.4963208933000732,0.2713739166487394,0.2799724745619567,0.4458512623482731,0.3644512415106298,0.5045288718328907,0.3201538740461809,0.24735443958305295,0.3242925353354198,0.41890422705734964,0.6325485633092468,0.19125108159777035,0.3611669152703572,0.18398560943536008,0.23682065382515013,0.22700810701973761
2023-03-17,0.5206878818242053,0.2884649846819979,0.2931344025844419,0.4783844913014546,0.3796891305652978,0.5029032636465762,0.3418536052186246,0.25487918484830524,0.34900537963575545,0.4431013549738683,0.6472528542074243,0.20464568629390475,0.3895614905456456,0.19949850218942367,0.25572100265126185,0.2583221679901854
2023-03-20,0.5075625438252482,0.2781067343198515,0.2941832346841544,0.4664700590915787,0.3817744846621556,0.5216499432093484,0.3322219503844221,0.2398795595188479,0.3293082469671877,0.4239205254940606,0.6431639673520593,0.19967298946245438,0.3832999819307191,0.18527757128517408,0.24009920865606993,0.25567217195133785
2023-03-21,0.4769645225873452,0.2553712878465892,0.2744150856132102,0.4562987646968675,0.35299461234790225,0.4988821465836667,0.313135395294596,0.26581511438984573,0.31143539337576454,0.39982941060023924,0.6489895050166261,0.19363127574135192,0.36943156342954975,0.17953834789845116,0.22530093518524677,0.235844321281293
2023-03-22,0.4954953160444123,0.2754112953679956,0.2909926745120609,0.4684730175005541,0.3694430413597481,0.511396647130327,0.33021007107965766,0.27843973395807947,0.329569945931904,0.4098603011745866,0.6556498884411063,0.193161019576097,0.3777600410187466,0.18804767132252023,0.23578341604106245,0.24821283155497345
2023-03-23,0.4850100573508856,0.2637663312572424,0.2829157379324933,0.4829712284915267,0.37130215209072165,0.5053649508247865,0.32099424666414744,0.2832907727040488,0.3251739909544745,0.4080984258652474,0.679311441423236,0.19441090301512218,0.39694565898944123,0.1929468828502554,0.23252011930953423,0.24254440799051014
2023-03-24,0.4774690122942926,0.2655042306840418,0.2850744046356107,0.4844594856833481,0.37104226550662545,0.4958898599449352,0.32627787103454187,0.2835747238313746,0.32361098102946273,0.4056851138659094,0.6747614986716999,0.19668438670603858,0.3926701460845627,0.18587550482784232,0.22500533971834155,0.24262903469442904
2023-03-27,0.4698575016555886,0.2728066287103571,0.3051491141674718,0.4747956467830855,0.3722008904637841,0.48295963356535365,0.34260656152113667,0.2731855449544856,0.35938468053274975,0.40058897227180223,0.6829028652101171,0.1919617176925071,0.39110065323911575,0.1764159897200585,0.22478735002936379,0.23806059790543815
2023-03-28,0.4529587577130244,0.2600613455449849,0.2657655448277606,0.479058009169441,0.3559968863867051,0.47845189453787507,0.3231288322477663,0.2674254732969306,0.3276750293773598,0.3861139825860804,0.6746272896035819,0.18601994147433742,0.37994327997882654,0.17472735350243224,0.22946310509449694,0.2322958055252357
2023-03-29,0.4260659950012229,0.2436982586356042,0.2526445322726917,0.3736261677554056,0.3373422202044629,0.45488585956021943,0.3163597737179072,0.25095827467203635,0.31441363118191706,0.37301510687491474,0.6503610701148065,0.1904396027502844,0.3713049654327526,0.1532335851367001,0.21580759432619598,0.2131330552186083
2023-03-30,0.4122846754189129,0.2327939813689276,0.243074692622091,0.3564303797353329,0.33437696398995975,0.44406868770592217,0.3006200122437088,0.2444232923176264,0.30518256762354795,0.36641700916671954,0.6420329254878097,0.17893316431473752,0.35532572917791494,0.14497211243799804,0.20870585370183406,0.21556624245879677
2023-03-31,0.4015031620211669,0.2131150170679575,0.228939714776829,0.3623682525886843,0.3185199428658174,0.42906786815321796,0.27816021175808014,0.2375811322935941,0.28363357614027473,0.3418020125409107,0.6284901258879098,0.1732530741785401,0.3526822528563933,0.12307950784696386,0.19981365636887513,0.21006624619483658
2023-04-03,0.4025103497257679,0.218307002907772,0.236538405190552,0.3554509802681783,0.32579250091791884,0.43643762568188094,0.3004784276085957,0.23644999555005203,0.29376793254782296,0.35279091422613507,0.6542554076191047,0.17575071394105649,0.367708673923856,0.13609537760587606,0.20067346525615096,0.2054983212372059
2023-04-04,0.4157696030192133,0.2242799581099258,0.2421239702710896,0.3687089456008285,0.33167313506405216,0.4382146546451343,0.2905528153564369,0.24416139796713354,0.28962243989227265,0.3444929059573365,0.6773530194063132,0.1906083214793602,0.36637510763803727,0.1792118538461305,0.20094024414008735,0.21262056689743275
2023-04-05,0.4509333150625985,0.2194876148250548,0.2824754644816635,0.3838278474633661,0.33426537149369595,0.44279239819511035,0.3617960973029449,0.26597726085599027,0.3579198778324357,0.49540917794502265,0.6701789669072998,0.15094425262406372,0.3545692321153036,0.2535347887174331,0.20972331728539637,0.22938533922559032
2023-04-06,0.4404200798105987,0.2668606775503249,0.2805715314173526,0.4005013632070409,0.42361877483314564,0.5036475905060087,0.3545253299773772,0.26427613126480015,0.3551488911606359,0.48647442183261513,0.5986292601963202,0.1936984587599416,0.39033475384828686,0.24707825385659132,0.20940256639693083,0.22407992026890128
2023-04-10,0.4469432692331707,0.2900843121680513,0.2868074132014428,0.402137214734786,0.4398272894057672,0.5046880831603752,0.3779997236029206,0.2628744315122844,0.3815912846892485,0.5016015026703654,0.6147352304094249,0.19849353744202994,0.39352530476342157,0.25706814584581267,0.20898538189104482,0.2331570527939951
2023-04-11,0.4454142221933764,0.285000974085837,0.2925814967024554,0.3984546699933275,0.4349715356583098,0.5038973319216277,0.3680541180165282,0.2709330299750327,0.3730318053794886,0.4979592689684821,0.6171804220433863,0.1960559803680671,0.39916345215026466,0.2772796557357802,0.20277667840267535,0.2329129197606965
2023-04-12,0.4393034689715046,0.2787123012575541,0.2882907641265659,0.387765943665143,0.4181728798137532,0.5094341352925367,0.3608544015196705,0.2615310039743554,0.36566727003856864,0.4929328427113561,0.6307340994987041,0.19714150677501444,0.39735414790655416,0.27454792469044353,0.2098452459031088,0.23043697735985796
2023-04-13,0.4283426068943709,0.2616719866029977,0.2719292216400181,0.382101902672495,0.42190006514109685,0.494131785767217,0.3589249759871118,0.24895512121813862,0.34530435780173035,0.48011028919562604,0.6025557178514988,0.19353194740608595,0.3832460343854208,0.27409720311516905,0.18917409998217066,0.21426571745007056
2023-04-14,0.4120810335646753,0.2531858666809038,0.2712177051273901,0.3692133973196055,0.4033320851932453,0.4837792193685199,0.34269340449395147,0.24383336562748817,0.34268207453803123,0.47522135294154044,0.5828038257312304,0.1886231123458595,0.378863894859904,0.2671497353270708,0.19332385308064612,0.21035017794024902
2023-04-17,0.4063230053431514,0.2568140532131289,0.2691119916594987,0.361679348313881,0.41016616579334314,0.48256092859718547,0.3640201939411732,0.23521465207382972,0.3632168393056777,0.4830933588228279,0.5817922983659144,0.18661817410837864,0.38056956377257173,0.26909149316237885,0.18399834631280318,0.20561800401363475
2023-04-18,0.4093727001123857,0.2510850919024444,0.2640728321998855,0.355778738700052,0.4258556650064564,0.4761849858830105,0.3518139469508239,0.23605932594471374,0.3557188797885658,0.4795914821746383,0.5778399459429933,0.18881935017448068,0.3860149438188077,0.2649610269149138,0.18198210023796707,0.1965694906943187
2023-04-19,0.4012249402611733,0.2370967636930778,0.2715127959115362,0.3624602754748745,0.4170583356708106,0.47379263031295904,0.35296559238616415,0.2379501265859556,0.35200086089476507,0.49109179470092945,0.5952709989045751,0.1860192391962657,0.384597123783342,0.28357678950829757,0.18046710967219273,0.1916990492254223
2023-04-20,0.4010565992016717,0.2591721170758849,0.2815260899724887,0.3540218860317669,0.42022705724428394,0.4783012599985822,0.3610423821671696,0.2432207574912447,0.36408173253830206,0.5008227609441366,0.525734036898583,0.18742093832280401,0.39181085950971395,0.2871524576741039,0.18055504735385278,0.21053215354743782
2023-04-21,0.3899677052890453,0.2555160471861623,0.2701035365021553,0.3475075731553718,0.42392149451669786,0.4680378174515918,0.3515047736714392,0.23897021983508002,0.35328213760344696,0.4981672045312388,0.47945242212898515,0.18146609150172902,0.39362767307642405,0.2681773649814418,0.1753047729128551,0.1989993942681023
2023-04-24,0.3920354317614067,0.2639520956028753,0.2979107168096366,0.3427248610573211,0.4230474945448653,0.4788381727455033,0.35765205631263597,0.23868098680557143,0.36091034125768634,0.5198582439888391,0.4841244756620028,0.18674860281004746,0.4037539487454066,0.27135343349311,0.17429540027434826,0.2050589657666427
2023-04-25,0.4330610277490999,0.2866482616705972,0.3200713646278251,0.3779280980118569,0.4991986219030546,0.5343486325712572,,0.26926730695518064,0.4102363421993974,0.5543119566925864,0.5096612563386386,0.20214184021660658,0.4271510593229596,0.29089692129315076,0.203716913144578,0.2768482901872074
2023-04-26,0.4185589498700958,0.2830065868516526,0.2390645340618239,0.3775037295538848,0.4917886213011805,0.5188633609586905,0.3055655887584069,0.26796015036024395,0.3132651975485088,0.5668763152124231,0.5315033873128427,0.2102421459970989,0.44392578311653896,0.29616116618907196,0.20585306997371344,0.24984499499129315
2023-04-27,0.3989367235419517,0.2700082300902484,0.2160136075262271,0.3542509464242932,0.5157525324236805,0.5165699977152269,0.2877611905557638,0.25274263042074874,0.2913594389404241,0.3326926326284734,0.4878229836911938,0.19514114784421993,0.46795531045485195,0.2812769577776019,0.17539264504240648,0.2205033083787907
2023-04-28,0.3636997695184824,0.2612649138043739,0.2048971594855208,0.3386723699103982,0.3234188106617934,0.49813518861338413,0.27400848937217803,0.2359515783333454,0.27525773561306216,0.3015504949410803,0.4502093377946542,0.19781804422280946,0.27927805220373525,0.2789187433575226,0.1706589533645635,0.1890654056640266
2023-05-01,0.3983189773275625,0.2873220325601572,0.2086151510289177,0.3459618981294539,0.325132067163351,0.5543848884482377,0.2776006620411584,0.24541694487620164,0.2777109453551433,0.3257736364626694,0.47258021695138147,0.20786993377098162,0.291631092857827,0.2877121275569678,0.19055381776970415,0.1895004515605004
2023-05-02,0.4111352882974173,0.3006773074469678,0.2194714141419886,0.3660887715361522,0.32323261700325445,0.5691506592971698,0.29263828250804436,0.2835344600275035,0.2943520738616185,0.3325962985681742,0.5082812902685683,0.22526580196035736,0.31357788023461,0.3158923640137402,0.1954783314455552,0.20182927399738285
2023-05-03,0.4716196173496398,0.2839674578469717,0.2362513166410771,0.3889182347347477,0.33541437933549256,0.43759692095714486,0.3059358370015316,0.2762678295685587,0.3039373181227002,0.34737765629201084,0.5200156154802511,0.2307727175974989,0.3256708063950159,0.27913554517217837,0.2116215912806889,0.2273006918973178
2023-05-04,0.4931488941593622,0.297241493018307,0.2455527163363841,0.3945982913926688,0.3431422875020926,0.4511712936313678,0.3110304512734256,0.3106732209835074,0.32813378037680996,0.3563519438078304,0.5111838860748327,0.21767489666354464,0.34708948769874026,0.2894843194655309,0.24832982145065588,0.22445799832260133
2023-05-05,0.4617798256484418,0.216152980081079,0.2168239519752055,0.3690904076513271,0.3147780984289455,0.41403518298911307,0.2833749007784302,0.28968653769954894,0.2849999678762652,0.33024879100205795,0.4590327288498305,0.21412776876497017,0.32011858391035075,0.24274248921310326,0.22644956361189536,0.19878691637345772
2023-05-08,0.4819973462958098,0.2128101074661841,0.2108068241965695,0.3670701338216467,0.3210717968642361,0.4391262215117678,0.27827811837652994,0.2967675146670988,0.28268914622681174,0.3284187535468622,0.4693327433814451,0.20096160188894238,0.3275062722049625,0.2526183728944893,0.23218011975082348,0.19699910753557498
2023-05-09,0.4817171115397436,0.2250219272633778,0.2228584824572058,0.3743118475344671,0.32503156441724734,0.4464946800607326,0.2915982555185189,0.3087025354186196,0.2918811938723216,0.32895861908671853,0.4712566950520617,0.20559515869460196,0.33608698547623544,0.26045836959808893,0.2359708194948409,0.20304433375994338
2023-05-10,0.4766223425488676,0.2021709152422593,0.2087784479726055,0.359451405735416,0.3062235647728064,0.4492596898345815,0.28355908320357137,0.2982050800213062,0.2951572130786046,0.3194018855943276,0.4649399584943911,0.20331291692880857,0.3293680651109179,0.2580436054798247,0.2323121313624833,0.19701227431022977
2023-05-11,0.4800200010182196,0.2057121898547992,0.2067348908756087,0.3580172090844376,0.31610760768267576,0.4497955434447642,0.27871969947187,0.2973832788157617,0.2775163565420699,0.32319402613550013,0.45960761933189664,0.2060826202565093,0.3307861066478052,0.25400510905265833,0.23328769736967706,0.18608206185327514
2023-05-12,0.4717044325588151,0.2060199607658343,0.2044001642653724,0.3720156225579733,0.2982535249150241,0.42739964406013176,0.26839591239162924,0.30331243213302067,0.26847622221010997,0.31293508770355927,0.48910288046510464,0.2133355133653502,0.322713072305415,0.26530448341419277,0.2278663783015833,0.1801758942263637
2023-05-15,0.4771677046391359,0.2205723702219454,0.2089880146625727,0.3746816625862753,0.30925701922067855,0.44038914823537256,0.2652332885452405,0.30128709408279747,0.26515124410114743,0.30911237487904425,0.49360772370990874,0.23026839736997298,0.3208266007797901,0.2769947757781174,0.23714676576232832,0.18277933450355788
2023-05-16,0.4794447595533633,0.2247349149525161,0.207188640602084,0.3901609103069147,0.298436192390476,0.4487192408390116,0.2710799582897624,0.3041507552614975,0.2724883600340602,0.30719872870720005,0.49080346736828356,0.2341258201658262,0.33674138224481615,0.27865404297808943,0.24617757106002944,0.19195448134675527
2023-05-17,0.4665703036112841,0.1952905085972162,0.1982851505803375,0.3769775617180082,0.2942355528013126,0.4299342065542002,0.2690732553805376,0.29258571832523406,0.2622851677933215,0.30249340306578315,0.45207278638186205,0.2198334189662176,0.33356390600011615,0.2887666218637055,0.23125643027493142,0.1776291358670422
2023-05-18,0.4764945298518777,0.1974331012231216,0.1797941015656121,0.3724033171862839,0.28389918691082866,0.43124690263126403,0.26540771702393806,0.29250605938609237,0.26992252040248704,0.30320043243883305,0.44513416870905664,0.16141989438487295,0.31748875834085355,0.2011035667412631,0.22108286817604372,0.17435406617790086
2023-05-19,0.4631986800783289,0.1971181866506677,0.1874870311196026,0.3778262454335231,0.29366980456562564,0.4313087146932998,0.26239142820329187,0.303956031938464,0.2663112532907864,0.3026190203825652,0.441538068633782,0.15453163817543283,0.32329641382841334,0.16293601771665872,0.23084587453713365,0.16917747892995552
2023-05-22,0.4840219318023451,0.2049122697222752,0.2023700909596716,0.3734115120689717,0.29743967764597345,0.4561052563443896,0.27077398280464976,0.30964614104737387,0.26814749975135166,0.3129094057464465,0.4671779410719979,0.16025836115261105,0.32738235818322897,0.18232372545426978,0.2441941144326056,0.18584671375804437
2023-05-23,0.4944676082760745,0.2169204386280495,0.2256979179379993,0.3777949919565052,0.3157380612357549,0.46253127130233096,0.2865020886322311,0.3290914045896073,,0.32055503836579724,0.48226314029825834,0.16478180469334236,0.3553883968206983,0.1924689711851653,0.25315449240489174,0.19752413862068044
2023-05-24,0.5261223891243222,0.2314949365321655,0.2283241167816271,0.3899832698797928,0.3302860135593822,0.47949229877876404,0.29583319985604795,0.3357186772956183,0.2961750728497241,0.3322517557014585,0.49616002053618846,0.18033002797638156,0.3616417991423149,0.19837413252379824,0.2615278064444838,0.20662995598774542
2023-05-25,0.4987313931451443,0.2369596966367073,0.244802952584296,0.3976623058154528,0.33278409087140987,0.5162477580416351,0.29486850649500823,0.3724090815311818,0.29619302999812913,0.3312027985675632,0.48534030170437276,0.1849926025824207,0.38291385183603505,0.195336240677528,0.28479878025214816,0.2047246718832145
2023-05-26,0.4585851119587308,0.2250105186780954,0.2330346411145652,0.4145247004314298,0.3213487913134493,0.5510158197732987,0.2816164333893829,0.5334993876444158,0.28712944583191874,0.32784486097172494,0.506801023046262,0.1743130795335396,0.39600450615473476,0.19289382878335687,0.194477132576928,0.222010453948547
2023-05-30,0.5477773500871979,0.2385000082150944,0.2412028638703768,0.4563815647256483,0.33812171341312974,0.5859822157586989,0.30614701403306804,0.6534544504851855,0.28032101367943907,0.3549502164741189,0.5576886112283264,0.1781540770802194,0.4608532224974869,0.2126896206605359,0.21600443844872583,0.22468228094833934
2023-05-31,0.5170451817166583,0.2584551146662489,0.2468585150544399,0.4294176966767438,0.3314412210395828,0.5227994611375363,0.30648899832644366,0.7122090009295692,,0.34636259411889636,0.5508546552632908,0.17938072327124704,0.4510317560493883,0.21507993154097896,0.220254666409408,0.2066774910280754
2023-06-01,0.476965775950622,0.2378375782417886,0.2231923516084875,0.3836028265278667,0.3073684482439215,0.5418077276120138,0.27435873828789714,0.6321762161184491,0.2756097224394102,0.33446226188048883,0.5233536350287381,0.1682226375919309,0.399938546331774,0.19660920714465077,0.20970300744029874,0.20777123548944948
2023-06-02,0.4536758371465011,0.2347227128860365,0.2033923617634965,0.3694743958214428,0.2902420623465412,0.490955520410127,0.25726283051493376,0.336732669258226,0.2519749930240506,0.30699700755082954,0.5083200222221969,0.14893559224762962,0.34927979779165513,0.1846003651708373,0.17164472202422792,0.18513581374696558
2023-06-05,0.4993950941870848,0.2416931900590719,0.2109046973430819,0.3668017904939042,0.2983062764345987,0.5321902372309043,0.26760507485128304,0.30176828721214133,,0.3221873575827267,0.5488541318441628,0.15021442046289943,0.39289862045024104,0.18648366939210362,0.1792182028996254,0.19772554720872537
2023-06-06,0.3981843271056419,0.1902129615935955,0.1939357405044199,0.3808532142777214,0.2739184615120794,0.4551271863202874,0.2460646196445681,0.25254092229361885,0.23742002055542477,0.29965492428625556,0.5477103395667744,0.1377908315021283,0.3394904981392984,0.14792562967730105,0.174802468472422,0.17273609514444432
2023-06-07,0.3995421803764477,0.1944230424553459,0.2089594109406367,0.3862747389775002,0.30049169760790595,0.4623321367471284,0.25908310385063255,0.2614128002960136,0.25745804678440976,0.30165173005158086,0.5451852252145513,0.1388144516010325,0.3431790265136778,0.1450525019135191,0.18052223164752598,0.1720873974391174
2023-06-08,0.396133577377663,0.192975706991285,0.2004988433706099,0.3945341682564487,0.2788675115250802,0.47617052210061334,0.2583479400144736,0.2601428189407431,0.24734476738053401,0.29885467594140475,0.5609098177657904,0.1461210811409862,0.3376025960653844,0.138492127678109,0.1686597212758466,0.16700493198739494
2023-06-09,0.3921560826115616,0.1896310858482092,0.2048588503817172,0.398348333285049,0.2862887140493645,0.5083831216998467,0.25364353505941356,0.2521781714105006,0.24211560066861984,0.29586925734676445,0.5758748235705169,0.12540435298896602,0.34273423474888726,0.14130594406301816,0.17399677545967415,0.1740051342960789
2023-06-12,0.4126084061159444,0.1796715818366254,0.2086148460716284,0.4117332162992515,0.29421714630284873,0.5043233501659834,0.24855633126523785,0.2936921042708304,0.24978300961158645,0.3016353165754247,0.5893380332889384,0.13368069346666978,0.3779622127312633,0.14087541641733134,0.1696362634448981,0.1836649940727893
2023-06-13,0.426897745276099,0.1818525125935096,0.2057476523693069,0.4025462111815676,0.29051277452536617,0.457130446442462,0.2432714680753037,0.2713841458447918,0.2431228803456054,0.3053439123756395,0.5919922308775902,0.13333206266383735,0.34768253920503756,0.13134299390406995,0.16263067123612845,0.17789900781425802
2023-06-14,0.4660944994057949,0.1755360984706785,0.2115566744908944,0.3999932175993122,0.28963152207968595,0.45756458342437184,0.24877327563879578,0.29718575696736943,0.24848687718119042,0.3008145964108618,0.608880069711576,0.14174949953398477,0.3838924278766024,0.13151057543684716,0.1612512475841723,0.17810000094104772
2023-06-15,0.4499732588709346,0.1810083851692713,0.2171597496204673,0.4028091066785999,0.285227619354559,0.4498750871826904,0.25242258218947344,0.2854275348910122,0.25474549055365425,0.30968411397162476,0.6215981099864789,0.12425520479724543,0.3856678751663415,0.1252784477766582,0.15700694398594883,0.17562899226403683
2023-06-16,0.4350393277544953,0.1757447959013128,0.2297364137885796,0.4047807426190875,0.2796644633379295,0.4411151269962946,0.24306142508163386,0.28164579152303443,0.24417942829452607,0.31424615402703737,0.6207138189836935,0.13093635123262964,0.392565808778571,0.119894104620138,0.1529996256012214,0.1832453632257563
2023-06-20,0.4374293710829424,0.1866691786874053,0.2262101872966011,0.4149278960340217,0.28713510571531886,0.4444359615744096,0.2509992202215139,0.26999988310502515,,0.32525495073439853,0.6581535614892058,0.13226014281889567,0.38857587921418685,0.12301093935443322,0.16263951051739883,0.18432466755671956
2023-06-21,0.4215160313343782,0.1804924068101972,0.2264485785230999,0.4160397596595723,0.2860164332106127,0.440740557618315,0.2503928233020311,0.27559291456579205,0.25027460129873463,0.3178974385231619,0.6641902677163601,0.12760090562596585,0.34282322061543075,0.11708929079829503,0.15520775822425284,0.1854222174354896
2023-06-22,0.4019127540708972,0.1767552407099027,0.2078931882774772,0.4079056817896571,0.302210701056176,0.4263457042411894,0.24596619825403265,0.27111832234950395,0.26002449261584626,0.310247765454375,0.6407773026976096,0.12421556465154274,0.33623739738830705,0.10859130587732793,0.14524617678172638,0.17603097535357426
2023-06-23,0.3942678565828456,0.1762205872712814,0.2171756894662627,0.403956808802587,0.2949668621666247,0.42286350267543427,0.2472290226241384,0.2548527748997186,0.24682336181192643,0.3163526917299888,0.6155250229069386,0.12328047551676061,0.3290324561620863,0.11652798632341294,0.14748789801759193,0.17824435557832113
2023-06-26,0.4101526862509905,0.1873176529109577,0.227402672668696,0.4432302636220459,0.3002442512240182,0.4345219510488769,0.26276055217646144,0.27428328532537893,0.26127220539154916,0.3352017590498109,0.6484601417369091,0.12534440899472873,0.355544127957229,0.11499007801604383,0.15641039477548235,0.19536578984148154
2023-06-27,0.4028439858368235,0.1740637576931769,0.2191036877897609,0.4467478448926298,0.29302312922156254,0.42076722693017354,0.25054081966999237,0.2749085504090811,0.252248733066526,0.3178299138287485,0.6071701962641285,0.12121332360926443,0.3500620542373945,0.11526814590008537,0.14478880929419063,0.17102584962209336
2023-06-28,0.4126087422763188,0.1663817535278652,0.2151221980624188,0.4392821582441756,0.29799688537804925,0.4253454849098987,0.2484219688087399,0.27480563957515486,0.24241701232798968,0.31625982687957904,0.6137830699527644,0.12250658569444606,0.33874391943325327,0.11735995912973553,0.14305828258523903,0.1860022214183508
2023-06-29,0.39581725247851,0.1695560074166456,0.2147381529710671,0.3171430310642249,0.2857420066195369,0.4118589214659345,0.2627648196330609,0.26746660218332213,0.2453459183746325,0.31010992302404394,0.6169483123238221,0.12040748293459276,0.33524549810758997,0.10454821494376108,0.14609039494585616,0.17909399590994615
2023-06-30,0.3681066141670691,0.1547049212451012,0.1973028010654344,0.2929888072076446,0.25845618792332115,0.39240093117516484,0.23050852692433646,0.2504920608061774,,0.2846655028796753,0.6123117359404836,0.11213084936331887,0.3100877903313485,0.08671424031381433,0.1297623461127697,0.16031785940554058
2023-07-03,0.3797570579944686,0.1689419502310974,0.2111898829982428,0.2958490542630981,0.27487347178453553,0.40582514250389956,0.2394199493761164,0.25506714591050234,0.24187852166837207,0.29272707956759714,0.6116646631873522,0.12127240822781692,0.31477605040651957,0.09177275221843,0.13948805178475832,0.16522469045180668
2023-07-05,0.3997145039133544,0.173131892647641,0.2197909299722232,0.3251279298429641,0.2804576123853508,0.4114662010344819,0.30624543351105177,0.2779388600227442,0.29845779088679725,0.33656460983213665,0.6233262820762661,0.1548894100420352,0.3806989261238713,0.14372024831719363,0.1568772234560079,0.16885218323755544
2023-07-06,0.4089086674734427,0.2150596949210686,0.2732591648312874,0.3333105048412776,0.3638725281012685,0.47626827976451286,0.3093170106730502,0.28462472659722066,0.30889676070322813,0.4669027449676579,0.5489461941216842,0.17004071606565446,0.3939502491015874,0.24021622200602966,0.16281532596332363,0.19790988450418495
2023-07-07,0.4011502886152575,0.2172406053591936,0.2773115643216092,0.3308909102023989,0.35937158347983733,0.4714070568220266,0.30175745005248283,0.2789110546385928,0.30159130436511244,0.4597088601145249,0.5352990801304648,0.17263184428988773,0.38255848386097846,0.2400545582057924,0.1646578596621848,0.19779649895123635
2023-07-10,0.4078526059622664,0.222812773134467,0.2909277051656359,0.3437296892495465,0.38696599999107334,0.47638280121954385,0.3228847558745821,0.29324938079660157,0.3348038359679404,0.4739065608683963,0.543999597022241,0.17512827782872326,0.3955808731536981,0.229001915231904,0.1672527967966746,0.2038814241180722
2023-07-11,0.4020357075019841,0.2224965603521776,0.2872375295764954,0.3427179377858163,0.3764533931971864,0.48207232678083295,0.31651429288013266,0.28580192064233806,0.30070138159928944,0.46908635846978486,0.5306246303048245,0.17653707745890274,0.3932657075715072,0.2280117215771173,0.15776411123558792,0.194532818113362
2023-07-12,0.4107189130423843,0.2161955353625635,0.2858722611640894,0.3257549478577832,0.37566697569247137,0.46775279253771046,0.301125428902745,0.27946625618764415,0.3025176792117873,0.4679467438189649,0.5179944859559847,0.1712639348952568,0.40115290737602016,0.2507036260622568,0.1514578188099146,0.18465416728167633
2023-07-13,0.4201203593310344,0.2178174732641384,0.2839713709343109,0.3212762170198996,0.37454135301445074,0.4793166235594721,0.31928829548604976,0.2876822298167311,0.31749192576103114,0.4668819202275321,0.5239873083220232,0.1677503922684274,0.3985600836391636,0.2244590408623104,0.1505677449496549,0.18139323615573022
2023-07-14,0.4340144034450162,0.2178461456584091,0.2872814383975715,0.3266354133306557,0.3833661834177362,0.49642606425500063,0.3114757999399522,0.28862229681912505,0.3192578617541112,0.4709311400232182,0.5404628476901846,0.1655110224738456,0.40245295427906863,0.24636605404002326,0.15046081516603965,0.18295172075635838
2023-07-17,0.4537990961390322,0.2146161376291465,0.2991797302708988,0.3366322768630441,0.3978099026162842,0.5103614789280478,0.3265507052505881,0.298741279937524,0.32535386122036186,0.4921873510236606,0.5803463150568596,0.17602437188226638,0.42114800984385903,0.26261730886997364,0.1543127097868772,0.1760353020047282
2023-07-18,0.4523565649027707,0.2198902315254075,0.3268422523300102,0.3376927080286924,0.41492376081125953,0.5131303907867368,0.33422298257701855,0.2948913317459891,0.3422056125407161,0.5023020956310481,0.5826733276988307,0.1820066101393333,0.4298242159276641,0.26954084623864666,0.16042123032777214,0.17385215664877168
2023-07-19,0.4453955753417412,0.2360355486120283,0.3175807240671313,0.3369687420957874,0.42221366083419953,0.5291595028140399,0.3503629178424691,0.29716388804580784,0.35940961505299795,0.5187760481349312,0.5804723624037731,0.17842052986179416,0.427867532764752,0.2508725474589334,0.15535665995292383,0.17689296173990196
2023-07-20,0.4402605442523506,0.2360332853370123,0.3281862539408207,0.3303655959697403,0.4362344835652058,0.5322862405500993,0.35460148336538594,0.2955049419421408,0.35130212467067495,0.5177218748916345,0.482842361041594,0.17986611588178708,0.43773019457306583,0.2576489009106373,0.155073510607447,0.18569447251193416
2023-07-21,0.436928634619897,0.2347776287255731,0.3303728457016467,0.321635668833317,0.42028783247478885,0.5102662007103094,0.34989741647318984,0.2833795310545741,0.34941686960810414,0.53392890444854,0.4644717848411149,0.16848339631054018,0.42286988204828724,0.25259525540418765,0.14363255619693155,0.1808946623283247
2023-07-24,0.4406503265887722,0.2374288900675744,0.3470761327363237,0.3323158161317366,0.4393859926534176,0.5262681860910562,0.3603234919460674,0.28246644648009633,0.37942244686335996,0.547172738497674,0.45330885706173,0.18253691240096948,0.44054722763607135,0.26754344615463166,0.15315579833671517,0.18403756866540516
2023-07-25,0.447335641063433,0.2425915006195913,0.3490426591300464,0.3371763014690342,0.4489793594755347,0.5424837158731802,0.36164170725017236,0.29082725848248114,0.37437725148610984,0.5794358966073963,0.4464991763425442,0.18591189802312935,0.4481100484706345,0.26610300615953575,0.1553154583284602,0.19979626254131808
2023-07-26,0.4354495344502801,0.232317995498159,0.2420833607918965,0.3269293821943032,0.4444976176970997,0.5408251767071535,0.2515138513250434,0.2857976376701855,0.24927732032476901,0.5406291188885407,0.4356353382472922,0.18469091017992192,0.4652731394049361,0.2631114381446708,0.15329354169381607,0.18732461231623956
2023-07-27,0.4341181518442886,0.244032029806328,0.2465989555901875,0.3371012856680087,0.44280833551163473,0.5479725402447823,0.27999736336251835,0.2855695945798301,0.26661263494549725,0.34231248441128787,0.4450643189741432,0.1847699076420877,0.4791939917959332,0.2589185907357144,0.16410461231378407,0.18464275909122896
2023-07-28,0.4140022885848234,0.2316282644934746,0.2212590922087714,0.3154232903143597,0.43147249703879137,0.5396848185688821,0.23468802097786123,0.26254829982820016,0.22972342453031494,0.3161931958941287,0.40418166355293145,0.18253842823135005,0.2840008023921567,0.26336479775205945,0.14391862413075435,0.16523602417713806
2023-07-31,0.4277799104512582,0.249540876183482,0.2353943606096618,0.3349801367408155,0.46342717150512613,0.5909543114684391,0.2413727994808259,0.28435733425520154,,0.33121921211788996,0.42841161344013695,0.19406084984250233,0.3223188951483808,0.2924242849272963,0.1574517294984485,0.18035099593570544
2023-08-01,0.4245165196008329,0.2588150149211302,0.2329395317516988,0.3290209136597634,0.484524867652454,0.6174548720109568,0.23966343615692004,0.2859661059898181,0.24509222068006647,0.3199400449750784,0.4351223292380002,0.1995782905926059,0.3177987497396004,0.2898635253789326,0.1650657168866526,0.1751984923185536
2023-08-02,0.5832882237383953,0.2319953835535191,0.2524268666236693,0.3484637975660237,0.530308342725902,0.47073700713102795,0.2702289761643075,0.30169291170486356,0.2874241130873994,0.3413110838863049,0.45847471465099476,0.21222419405568704,0.32534816098510566,0.22969963940537275,0.18159924995533838,0.2067723317676684
2023-08-03,0.5777427892550756,0.2529101137584275,0.2541507012844832,0.349561795521948,0.3919688478170504,0.44193880915410816,0.27152348185651826,0.345426425072991,0.2698485941979587,0.3416609928510782,0.4551944727130405,0.17304129690109157,0.3244866623826743,0.2401275463716175,0.1726146122899614,0.2257570952445581
2023-08-04,0.5789190490572843,0.2238149122932008,0.2491217860741418,0.3563218704676866,0.3050069327684489,0.4398008512531235,0.2426751682463408,0.349503614930588,0.24437043102276723,0.3428395612286959,0.4690633058696625,0.17233219219669652,0.3423277280684025,0.24276904635764002,0.18214477010705568,0.20735203097112048
2023-08-07,0.5896962426625572,0.2160530794385733,0.2424297071899809,0.3487509805808435,0.2955189543250899,0.43823166852077555,0.26153473937351623,0.3488687312911733,0.2667654875782693,0.3363429749328122,0.4476184168833276,0.17931807591473198,0.3302053535542774,0.24139739427433765,0.17417752064255404,0.19734015885656284
2023-08-08,0.6014877295828126,0.2196225146185647,0.2498067351458541,0.3529892859041012,0.3045802872494028,0.4437693156260612,0.26926710373096685,0.36777000807027405,0.26934804963022363,0.3404672121425695,0.4503283814409657,0.18263671585708874,0.34413926005018186,0.24892835071350222,0.1798883654940378,0.20173337599470675
2023-08-09,0.6351715166069531,0.2161349851520964,0.2544661575147017,0.3529830339838239,0.3095168981053688,0.4533548223045088,0.2780356277996924,0.3914806908817522,0.2925122433757068,0.35155554760012053,0.45785518341954107,0.18439958099648174,0.3463208007696646,0.2552663822258757,0.17858756610773882,0.2143346885936348
2023-08-10,0.6232618454691018,0.2096773534836129,0.2435739611730796,0.3585307627524388,0.29988723269923045,0.440552540391661,0.2721276210105044,0.3881484301900916,0.2765275824217955,0.34077671217834576,0.4424747687988994,0.1971934626274744,0.32985356839796826,0.2612150686734752,0.17819391823622857,0.20121201563483226
2023-08-11,0.6092486232669138,0.2055185999436419,0.245810357236214,0.3508974752798049,0.2889663388325621,0.4272564653674825,0.26509732589415136,0.38400464205886037,0.26355369918686045,0.3387173180206001,0.4354768318002575,0.2064396119340959,0.32968264908533534,0.235563728414091,0.168707137112765,0.199733839283797
2023-08-14,0.6314952440403389,0.2025024981974615,0.2415504660750061,0.355829062428354,0.2823319513120124,0.44077433164980895,0.25667793784012494,0.38760406107251644,0.2567007039214871,0.33716730815031487,0.4341524926677376,0.21087807478388848,0.32728439358821554,0.22632510620405824,0.1731314256450122,0.1948239291208085
2023-08-15,0.6572297823133327,0.2236729343894579,0.2519076963990703,0.3706628853500771,0.3004124513354493,0.451726900319637,0.2727890343329093,0.4035419788297025,0.2586579561657967,0.3297319612800828,0.44990215568308495,0.21624305311658876,0.3379995061601571,0.25473562603350225,0.17952126141489144,0.20657032109706147
2023-08-16,0.6729510355521694,0.2207386810540047,0.2609977486927719,0.3711867074203431,0.30402433244000737,0.45782405208970856,0.2620834375528764,0.408953542271957,0.27232514346300246,0.3460229206295203,0.45601898436041555,0.21811581756075482,0.3465272464766384,0.24931250298112595,0.17782440321381385,0.20642454239886338
2023-08-17,0.6704258790573685,0.2213566032636417,0.2635978292470275,0.3832648368308226,0.3057371607843332,0.4505120745435261,0.2780477504180244,0.41170398039695716,0.25623316704480714,0.35997562717194753,0.4606426988301158,0.17278706220758874,0.34666048503163854,0.17643166123083745,0.19355344102067737,0.21189088880943152
2023-08-18,0.6616486677760619,0.2181016683741259,0.2637945333704665,0.3770382706623477,0.3062776664032024,0.4469175032754132,0.282551423893348,0.4069722419839627,0.27334762239784377,0.3576670343919742,0.47306856489554017,0.15116472167212563,0.34814544785912394,0.17654225895668288,0.18454414280251402,0.20853470366957808
2023-08-21,0.7087457728412612,0.2172716351561956,0.2557232637286232,0.3653285674451796,0.29189656544297565,0.4522580870400583,0.27923771620434634,0.4247272941344895,0.27409424178155883,0.3499495603142038,0.46050520959879504,0.151649042348295,0.35121980683701454,0.1783765359450758,0.1827613155003751,0.1984607839494096
2023-08-22,0.7149245079755607,0.2137146142318563,0.2584163469834687,0.3759516319316722,0.2988897500484939,0.46867119830199455,0.27809476328417426,0.4359163788528983,0.276220857955731,0.3505590369363828,0.4818304507322894,0.1529880292692753,0.35559297076274005,0.17874649513217372,0.18562461638276812,0.2077660084559941
2023-08-23,0.672054365316132,0.2107382802439335,0.255486461843105,0.3708679247841234,0.2871249879848112,0.4738538321707634,0.27762689215286657,0.45454675103686043,0.2779717762616369,0.33993187302955946,0.4612344844836265,0.15182769247730596,0.3535861437320198,0.16952161812045274,0.17221822382174315,0.20672569332680155
2023-08-24,0.4408287243777068,0.218788744533078,0.2580382535099087,0.3609314911511387,0.3023542724308148,0.45039491498617057,0.27424655195156694,0.46262638877267814,0.2788393514156579,0.3512224802246648,0.45983780229953436,0.1502843373224743,0.34525067064536813,0.16735453975020165,0.1867822573851099,0.20501144494011808
2023-08-25,0.4319085253230179,0.203298546041691,0.2301814632583829,0.3360234651049471,0.27039548485749076,0.41903437263320675,0.2569858884173293,0.4756400605863168,,0.3364092572493939,0.4485931649784087,0.14047877825324845,0.32183278493478445,0.1518107113471868,0.16742805792848484,0.18896934541931235
2023-08-28,0.4394822388600602,0.2053236755047225,0.2334380947856272,0.3365195206599567,0.2741528056652252,0.4211716036903481,0.2629012044850019,0.44712308867542483,0.26207571583559824,0.33955943341864353,0.45191599372362357,0.13943314756736447,0.3198470332212969,0.14838041751205583,0.16573372521350468,0.18955955228998816
2023-08-29,0.4218213281585709,0.1931067717760018,0.2223067722941175,0.3223855635633328,0.25872891001335857,0.40378014225682435,0.2444175688575167,0.4024490715683411,0.24910953215299625,0.32346593604685403,0.442304066559191,0.12684559501458778,0.3017194775713936,0.1399457991523081,0.1526736735544697,0.1812384956421857
2023-08-30,0.4031118452303224,0.1970039460926896,0.2137846474084068,0.3048611769180384,0.2533010754393456,0.3927170937583237,0.23234616181727608,0.38118329128395473,0.2313490920659822,0.3150249523992897,0.44224957127892744,0.12454970164098954,0.30217095432763946,0.13649233613695705,0.1519672679789523,0.17402578129453727
2023-08-31,0.3885743448230773,0.1930808888807074,0.2051911658727297,0.3034175998135066,0.24175276349227665,0.3908128210672433,0.22179639874123244,0.3798456695239468,0.21504282990879547,0.3125769582957937,0.4380485436281237,0.11428057717576283,0.3137564436006892,0.13721495092293415,0.14244391740908102,0.16792439678968307
2023-09-01,0.361409351353836,0.1802670615956175,0.1909134265827683,0.2766849231544184,0.2293738645175472,0.36606858321290575,0.2095998991677849,0.2548474646189558,0.20604168773956474,0.2944351115988217,0.4187526669991992,0.1111604872426873,0.2893693691662048,0.12927486260862753,0.1406482518141221,0.1572695201077938
2023-09-05,0.4077424404463114,0.1976569411511558,0.2227167523819417,0.3677812287426497,0.2791134360547159,0.41747518638755593,0.25140849506550056,0.2588382186487269,0.2541897343526498,0.33481503503480536,0.5196410704001168,0.14145348032216115,0.3357098776379526,0.13106899497519328,0.20156409091032365,0.17593674618042696
2023-09-06,0.408532068778834,0.2116522084179157,0.22395021962768,0.3706298743963314,0.279204766097566,0.4171433933598543,0.2528428972480778,0.2609268445913665,0.25603596620894675,0.33848846267721655,0.5211339071625942,0.14871306970801548,0.3463051784360616,0.13062709887530868,0.20454548770770342,0.18008494548678022
2023-09-07,0.4088640364210594,0.2309801898014124,0.224774401365818,0.3749547890945383,0.26885261639865765,0.4220477134531169,0.2546033990424749,0.2679536390281432,0.2583285250967671,0.3407461255324959,0.520019226323744,0.13521497455686338,0.3565015951829957,0.12618853900656551,0.20197558998053117,0.18132416661004758
2023-09-08,0.396209560227561,0.2154981790303432,0.2162784109544334,0.3646333778523514,0.26000696294827425,0.4054904254551721,0.24773071105487784,0.25710927741001766,0.24101753848895338,0.33048620780253085,0.5105239247961878,0.13161309112435074,0.3530476761232225,0.125009743763386,0.19779176479864122,0.17991865773583715
2023-09-11,0.4095348554835663,0.2187644793226694,0.2118015939325959,0.3612909129650306,0.2550490284910969,0.40256757417437317,0.24433013019379157,0.2557249356855472,0.23234885011537953,0.3324071060228897,0.5338566661747319,0.13065830592196,0.3447902964228647,0.12225823359788773,0.19557314669043688,0.1697836158292182
2023-09-12,0.4096334330018936,0.2203466726182263,0.2218807863558514,0.3577560118312706,0.2658403642238835,0.3994229539509804,0.24182055980118522,0.2577698814168333,0.24397199195836514,0.33696509605884706,0.537534800562324,0.13196404277072593,0.3339529303348225,0.12363364949661311,0.19226629533445186,0.176816517654112
2023-09-13,0.3992460267359929,0.212300794548808,0.2128513800002908,0.3595189747506127,0.2636472988862687,0.3860422938202184,0.24018902347757684,0.24855822767218724,0.23635624121506194,0.325130985494426,0.5344136209858737,0.13058420936461035,0.3302967223200386,0.11708076197473884,0.19438424719786318,0.17167778741315784
2023-09-14,0.3788927368493361,0.2007811895177047,0.2003208877295524,0.3517379238663419,0.25223854910254373,0.38264891582957206,0.22043847854727713,0.23760888743260117,0.22035356034538003,0.3164277179906223,0.5224143965186888,0.12376878900467976,0.32402436064082824,0.11513009891398542,0.1852857289097005,0.1615557898634577
2023-09-15,0.3813691127882814,0.204350508907123,0.216422252204265,0.354921899206604,0.26546697057899665,0.39521213014581424,0.23885293868873606,0.2507571866621104,0.22589132412852908,0.3300699829984144,0.5162158203877155,0.12457573379556931,0.3172371286048227,0.10866487237064171,0.19957209316907493,0.16680141867371545
2023-09-18,0.3964744270524639,0.2071832973976766,0.2154645304186873,0.3680328445681848,0.26086611404811016,0.4011227983351417,0.2341465181554754,0.24744790641190378,0.23141835681152384,0.3252024319636581,0.5253527839656122,0.13780574409884463,0.319165802706642,0.10937434376780071,0.2016427033576257,0.18260483018202772
2023-09-19,0.3934919755376362,0.2062173560738012,0.2212339947699064,0.3722969431450456,0.27028368163362676,0.4002273632264363,0.2348099162915716,0.24611659949898304,0.23373953656701185,0.32636063703847884,0.5173774216528013,0.13651367071823622,0.31252735141154675,0.11602964272491513,0.20351967490054845,0.18213088319501158
2023-09-20,0.4040183481207522,0.2229149095011968,0.2348735239977626,0.3874820665553133,0.2816624916443467,0.4056976237266989,0.25076009511233444,0.28327883279904487,0.2554857948412536,0.33337533694636967,0.5323295573054763,0.1301262665203414,0.3293234527020883,0.11824867279875902,0.20818103497278004,0.18476157657771888
2023-09-21,0.4189158046100045,0.2256935054279329,0.2517686397364061,0.3972136637863462,0.3100380236124704,0.4241113415487185,0.2810570651884747,0.3102390615474386,0.2613212318019076,0.35491093162488835,0.5520298587727603,0.14335439866239733,0.3399706077434074,0.1423141358345714,0.22105258611601422,0.2067054122838532
2023-09-22,0.4203884314130846,0.2281503736518616,0.2477887788263533,0.3967792169872742,0.3029743537936159,0.4181029836985131,0.2973604201536861,0.3002874956333185,0.27069168782359526,0.35858572779714076,0.5709605859906381,0.14344369000240761,0.3354272457680003,0.12568555881791718,0.22776846605085668,0.21393600546367947
2023-09-25,0.4225617785335101,0.2387380351781607,0.2525068141647769,0.4133958493810878,0.3113376918660736,0.42979839707725614,0.273648626906347,0.3048770223180345,0.27275156200081396,0.3674171445658001,0.5708138925649664,0.15202728933604998,0.3393070144848683,0.13418185530712007,0.23872924205733675,0.21106841474087884
2023-09-26,0.4406363201960251,0.2552722250462867,0.2701074448632851,0.43289397901219,0.3475753971843331,0.4518103563130641,0.2945873159449822,0.3255386290596718,0.2932693375216522,0.38349133617993725,0.5841044050257131,0.1598425821652772,0.3579053501239836,0.15441552880236592,0.24896265927147995,0.23232396130856414
2023-09-27,0.4275277824285809,0.2528902985557317,0.262291700927651,0.4119082196902188,0.33976332085355293,0.44128332806595233,0.28256041082487676,0.32106660796376785,0.3102914193010928,0.37394001355106327,0.5885465366675533,0.15710568278092626,0.368652730287704,0.145459826021401,0.20099161634523177,0.2320368310284926
2023-09-28,0.4081807348217452,0.2460586545418796,0.2520228518743162,0.3340849539512552,0.3236459666825705,0.43054747834771095,0.2693514652883544,0.3060266478350918,0.26892018091297926,0.34870011636249126,0.556198813416101,0.15334126731975833,0.35196432874752753,0.1377631675744282,0.18876705237076472,0.21034522175283396
2023-09-29,0.3804734197364694,0.2466881271873436,0.2427755956722518,0.3232301429971985,0.30860938781047964,0.41264887687231644,0.26974998265959593,0.29889612595988985,0.2680142386307884,0.3478790548755089,0.560503757587597,0.15891562143733068,0.344050350916767,0.1308997372514509,0.182409784565719,0.2165787434387814
2023-10-02,0.3966961815596839,0.2350083343445837,0.2426774837897631,0.3390418561241093,0.31614690575176013,0.4297496789792353,0.2791012987716998,0.3132047955413019,0.25807515287229815,0.3523138909602728,0.5796139221333448,0.16172455529186838,0.3553849147983085,0.13193944261711482,0.18792703438872324,0.21347938126800775
2023-10-03,0.4278295578994051,0.2625121362043093,0.2909078907636717,0.3688235827090299,0.36411329512815244,0.46551313724655186,0.3109784010695784,0.3421317302582034,0.30814974366164577,0.38111106672803535,0.6064424480512958,0.17392844225000098,0.3832992464412893,0.19519080691624502,0.21149770265249557,0.23762105453557697
2023-10-04,0.3983345824561191,0.2475663598166649,0.2799816884483321,0.354143007386185,0.41011702787747034,0.5012893097065997,0.3056149907718208,0.3217777152165372,0.2794266234864164,0.35522791100871515,0.5317660476427458,0.16581746652848406,0.4043083068923421,0.19353148374509405,0.19000548985101787,0.21556312551567097
2023-10-05,0.4088064298561138,0.2647517192476163,0.2931329489966554,0.3426762419652019,0.40939049527159066,0.5036586414275729,0.32280267219405107,0.3209120225444715,0.3440043689969538,0.46497832859839927,0.5274304903217643,0.2082756595732171,0.4035832172817515,0.252536476493968,0.1892542928726879,0.21980310876716383
2023-10-06,0.3951355627890834,0.2577280221566173,0.2859509439304196,0.342853317771331,0.38294010016851215,0.5013990440262983,0.30216618350873187,0.3032046273947293,0.3041746878564388,0.4494405397079834,0.5101119546103376,0.23033258414956193,0.39565437894527217,0.2502005163483033,0.1957761230576376,0.213429002168335
2023-10-09,0.4020006274322313,0.2483676855969157,0.2846100550443602,0.3464211073418841,0.3897664117011007,0.5115022093885332,0.3075547275277472,0.31056328598484345,0.3116694383640794,0.4610869950127853,0.5135087564381073,0.23330333124920155,0.40809201204959794,0.23886985764786856,0.19521944151524986,0.21268194344589117
2023-10-10,0.3936019216292009,0.2456296667195967,0.2788304104878806,0.3380125957439407,0.38473463648684214,0.5026155536196513,0.3007965326977138,0.3084580924778681,0.29979524166492233,0.4574342466154967,0.5005170749988271,0.20969061618574159,0.3992514712793325,0.2368075194784889,0.18832073546228512,0.20576581243989914
2023-10-11,0.3871998369231793,0.2406376428653205,0.2730515233544123,0.3297343896223539,0.38700709264311517,0.4977716647833517,0.301659929552195,0.29923426160292776,0.30413197910816353,0.4517131133950562,0.5011643214437767,0.21083972754888786,0.39987800625877185,0.2613781394344047,0.183547138178123,0.20406530875192955
2023-10-12,0.3902421996512167,0.2446066169591136,0.2702555048818879,0.3258249930018121,0.3869880621112336,0.498136935217157,0.30133439840075227,0.3110422577954164,0.30449463762410567,0.45011476875344825,0.4981366940811065,0.21164036489059193,0.39850521346810736,0.23937907996890243,0.17787632651170798,0.1946026505192513
2023-10-13,0.4079618706297674,0.2571240406146797,0.2848674656121512,0.3419745556803513,0.40925011887260304,0.5276945296522649,0.33416428930725545,0.32640217676772654,0.3203915094418834,0.476379428391106,0.5227347361153836,0.2225204254245268,0.42340341611524385,0.256050489296556,0.19038099051926166,0.20887755225825239
2023-10-16,0.3951902509799456,0.2569020043903464,0.274823665322352,0.3368340334446352,0.3845331523076858,0.5155484085048018,0.3206073030368351,0.3135494891204443,0.309325921198405,0.47718728591674875,0.5034213157042082,0.2200406350114505,0.426583754437921,0.2522512841938848,0.18124701346449645,0.2062943899350874
2023-10-17,0.4116646306255364,0.2693439653384191,0.269008528978687,0.3343830703423164,0.40676347932463175,0.5214000952191253,0.3249600007300282,0.32371509276683436,0.33003909473412885,0.47520665864799516,0.5053255099752093,0.2242674450629518,0.42831160279313935,0.25955644130204486,0.17572859598772153,0.20428269770243082
2023-10-18,0.4283198386973882,0.2797386819711618,0.2986172679053737,0.3502346731174227,0.4224333703683983,0.5464249993337943,0.339054287417815,0.34659214124817866,0.33893218339828246,0.5367460320924826,0.5329758283829183,0.23298949222928078,0.44814436385430795,0.2712950402634178,0.18858040116015012,0.23038780986110133
2023-10-19,0.4222755325885328,0.2868726502799013,0.3128556735993528,0.3653280341961945,0.43133704519661936,0.5485253347970795,0.34849978274015564,0.35520333684929606,0.3518099855792598,0.5291606942621704,0.5002789672239654,0.23728073850523485,0.4475284409649557,0.29394311977222654,0.20266111180780677,0.21938214653030738
2023-10-20,0.4284476359205937,0.282816263118245,0.3229041044027017,0.3667247577784857,0.45655217577796253,0.5497072121702272,0.38221273337137185,0.36489470965698106,0.372366288141927,0.5321516454926047,0.5201257950142474,0.2338343124063764,0.4553092097176609,0.2980241202178301,0.21611319509379087,0.236972480351896
2023-10-23,0.4310966919538697,0.2954127683113325,0.3167221785117894,0.3722546680324711,0.45800336892530813,0.5654676382958901,0.37291627539929073,0.364984922552145,,0.5345103094338156,0.5101987256725053,0.24538564905078414,0.4774914234295971,0.2999430128365786,0.21606636974526774,0.2490589953487736
2023-10-24,0.4154265079088529,0.2911344930133614,0.3278267575833199,0.3580169213286296,0.45480818463988826,0.5594317320636588,0.37466097240434487,0.3593536761274136,0.35686132298979584,0.5434238947515633,0.4905970245113909,0.24075815714073612,0.4514671769322703,0.28824421107309817,0.2031557966709696,0.22089329931228588
2023-10-25,0.4576820154347603,0.3135960700664473,0.2625723971760884,0.385063645483362,0.536892095250463,0.59227535234113,0.30741585271224653,0.389895802812318,0.3280832371548968,0.5963276237234418,0.5174902279532675,0.25398314329077315,0.48729991709374765,0.3109484253701224,0.2106546946810057,0.250724561440581
2023-10-26,0.4744810136648286,0.3243471560337437,0.2745022813082362,0.3917829386814763,0.5575552311408927,0.6066383945391868,0.3128723156673213,0.40645015432242604,0.3154485363843286,0.3966724754542421,0.5707151214198415,0.2581567683123405,0.45162003399353157,0.32015495367944247,0.21271687480848098,0.27364704309714255
2023-10-27,0.4529148287259797,0.3181630666423398,0.2669236519106438,0.3850115101446723,0.35316131853874105,0.5800210311568555,0.31309482855543236,0.39208842128666394,0.31900735439066746,0.39019485738371573,0.5266102663354132,0.2661857193177389,0.3559590401396721,0.32529926744581633,0.21124915923277193,0.2472608917243109
2023-10-30,0.4482290235482553,0.3261248756770307,0.2576730172036453,0.3971751798733953,0.34009888221857987,0.6091832578401271,0.29287580426795906,0.37446393601977174,0.3196861982666049,0.3793330168953491,0.56416469145333,0.26516691700056133,0.3382621667064281,0.3281262412767035,0.20130099894484926,0.24014351251374472
2023-10-31,0.4419481568571986,0.32185886281952,0.2468999436308434,0.3718047845695051,0.320162564695713,0.6027368486900248,0.2791035140271419,0.3575119538380247,0.28208956313828015,0.3600219091276539,0.5285998191734913,0.2598068400141556,0.3206272222114009,0.3199410545254428,0.19133964582741886,0.22011869060013578
2023-11-01,0.513580515007836,0.2908306413950228,0.2230189461604624,0.3439346856827993,0.3093054372314357,0.4380788531101651,0.25269759408668424,0.3754418832127872,0.24938151302733647,0.3308667332078583,0.49968501344817895,0.2526332139971701,0.3135441220343559,0.3264870678864066,0.2098361872214379,0.20639358410199451
2023-11-02,0.502721353656603,0.2379962054663452,0.2116383839211201,0.3316288012369233,0.27784639303140807,0.43324806421179246,0.2535513132289728,0.358376321581793,0.23828801345942358,0.32470997958581516,0.46513763073620107,0.18353745004241534,0.2939951779368402,0.24336931609143578,0.20926130402698706,0.19030970960539906
2023-11-03,0.4952506474959899,0.2018786607377319,0.1938258314848014,0.323672086603508,0.26234627539512595,0.42824985992723125,0.22670387921616156,0.3447286206033814,0.22956377159740374,0.3073177442926973,0.46507449784031035,0.17930657564996125,0.28730654192352506,0.23536466884786603,0.2003514867653232,0.19011078087751015
2023-11-06,0.5035235173382125,0.1927500545455141,0.2008523076191118,0.3226732095695462,0.2661556552590764,0.42631543132844785,0.21991069496043172,0.35445043875708815,0.23243834316785394,0.30319514412532494,0.46458431991750626,0.18318751970635433,0.30029181089654944,0.24539930085940925,0.20016744176724885,0.18150602579007355
2023-11-07,0.497478529874284,0.1957014950749661,0.1978282955144017,0.3184344553984121,0.26062264754499315,0.41910099753210056,0.23342839966098125,0.3569106290781207,0.2354513853652174,0.2930582269105356,0.46299900932998717,0.18839560249752058,0.29824063394783573,0.2524539987775038,0.20302181767325375,0.18149744551349384
2023-11-08,0.502435508836725,0.1781926860495574,0.1960416388004318,0.3178522446086897,0.269756469981678,0.4237560721748151,0.23288902966295952,0.35818884493104663,0.21982894477046325,0.29294772998688845,0.4576521778346222,0.18810967284122862,0.2959231797493675,0.2520989324095582,0.20760516584563393,0.17542315966689775
2023-11-09,0.5084660822106931,0.1959591396369575,0.2201677734815815,0.3290944694795356,0.2660322819291674,0.41951458521653956,0.23385918609183223,0.3681494441115949,0.24400371456103237,0.2958349954577531,0.47239865202511994,0.18836721641503648,0.30210212305231526,0.25425820242576863,0.20792088086630778,0.18373974537892615
2023-11-10,0.5011397213973552,0.1862070473053182,0.1920427662751711,0.3180069626139381,0.25427107958173983,0.4175739892732095,0.21278911869498385,0.3828242852102972,0.21570565777002534,0.280958288195093,0.4557853465734373,0.1836503849655436,0.29203811815975894,0.24506403893850437,0.20048100243419875,0.17573167626354588
2023-11-13,0.5095615820882592,0.1883606170268197,0.2012259113702716,0.3169387398924989,0.2616305069465148,0.4310758151673315,0.23310416447723548,0.3871333602311955,0.22256867534390587,0.2909981823910704,0.47018169300063317,0.17680946268369638,0.2953149050649336,0.2521802446560143,0.20496959746721538,0.18187122945974396
2023-11-14,0.5035380481415996,0.1842483005212059,0.1946050425666146,0.3078954825221762,0.2587726622810521,0.41730949432508185,0.22077152348805193,0.3873085421699952,0.22035974550569146,0.27881829775533773,0.4527877794790125,0.17920694489483213,0.29399163156828045,0.24720084351501023,0.20432997090426233,0.17392045349721516
2023-11-15,0.5087996770931568,0.1719007657488565,0.200091081345418,0.3033457239055954,0.2646846899092415,0.4175881884147361,0.21708767012894434,0.3893877069033297,0.2197598218699155,0.2747308783795297,0.45794768886335435,0.1904140976700344,0.2987093523249185,0.26951746687280426,0.2035611362061308,0.15291529956708988
2023-11-16,0.5032735910315194,0.1784597650932037,0.2031235319566308,0.300845859363478,0.2647328050138287,0.4177544264967659,0.2217121608212732,0.3955771879704139,0.21034365377272318,0.27313776752432467,0.45692087306616913,0.15343619662748775,0.3210329502083504,0.1788191274374705,0.21106521970762843,0.1606815051401526
2023-11-17,0.4969455453356279,0.174319602330187,0.2052860567082745,0.2927708956148724,0.26101283352555066,0.4122354198158278,0.21787766567842154,0.38401768503862194,0.22068096321166691,0.2670471127932442,0.4579446504245944,0.13768713985417122,0.3044747228085185,0.1620740465984156,0.20627557598814814,0.1578971635607394
2023-11-20,0.5051780298105484,0.1660961828455074,0.212544302441695,0.2907106668903626,0.2547586908990944,0.41751455854049485,0.20993919202259756,0.394210014030883,,0.25984859958501283,0.4579287539034615,0.12444470299561095,0.3143463768457162,0.15756886975680884,0.20935705908069202,0.15934706934479564
2023-11-21,0.5006615978032253,0.1679185714176981,0.2084533236197302,0.2976473899821349,0.25916348980537485,0.42896804926385407,0.2079032483834313,0.34317668062239826,,0.2601318188578031,0.45473421761338967,0.12220966672350013,0.3200278196380078,0.1509905494530258,0.2043741845906405,0.16074501561367605
2023-11-22,0.351504277483857,0.1558856337765365,0.1891463825492591,0.2839335330834519,0.24766018557144476,0.3948830914560943,0.19800360356327076,0.3143669813416098,0.18510279857647569,0.23819291295184983,0.44190065559568775,0.11883982002891853,0.29436988078099224,0.13978755116040348,0.199252972964484,0.14843444815487047
2023-11-24,0.3493443051846695,0.1632389187681612,0.1846979418621925,0.2816266867977973,0.24687364629700115,0.3925083180178494,0.19827746322073733,0.30927887073644633,0.20281776007612168,0.24152341479812797,0.43891232067897806,0.11120955980322875,0.29336156826191784,0.13661450298132397,0.2095218731489341,0.14341838278520336
2023-11-27,0.3467273538946936,0.1644349505842347,0.1801483323664192,0.3132197042269198,0.25955537180240806,0.38316970086791147,0.20810999939160685,0.3308433779646002,,0.25656529553025886,0.4476823332858381,0.12324178108037939,0.30388576533552153,0.14999157787830217,0.22139677227293872,0.1560562464780709
2023-11-28,0.3353202244298576,0.1639747112423711,0.1872612523979434,0.2946561475512748,0.24347094018569465,0.37327850042434374,0.2153566509298322,0.3474678822429829,,0.2422657023415181,0.4466740361101784,0.11602879129770016,0.29167445127555436,0.14543179722377797,0.22154406852800282,0.15652751439865759
2023-11-29,0.3313899846359187,0.1690660240904317,0.1918425220830627,0.2937141204343235,0.24899647258153756,0.36698833982875356,0.21083652326237792,0.33888291713342733,0.20731289822744384,0.2568029492169589,0.45771322777801887,0.12636340245669386,0.3053446443488337,0.1534731821649933,0.2295973083659139,0.16616037203640582
2023-11-30,0.339148095716902,0.1646102149104253,0.1832095151687787,0.2907819237641212,0.24718793754269833,0.3736911768865928,0.20746126766091405,0.33056484326361074,0.22362554277234675,0.26363586445434656,0.446697416747055,0.10639348606965533,0.30775546086852035,0.1507680374558359,0.22030329724227124,0.15691784401215036
2023-12-01,0.3285638452729727,0.1672032171559571,0.1947238056696419,0.2857449957470881,0.23056015906742736,0.3639264914876851,0.21128730667686124,0.3449686234675147,0.23527705449768882,0.2625291615043584,0.43472570909115776,0.1257484643879089,0.3152806688707644,0.14340353455152388,0.22255063817981577,0.15989937806103305
2023-12-04,0.374369231349329,0.1769223910617723,0.2190493393936805,0.3220755392657322,0.26839433689671155,0.4176409888637379,0.25857350759523456,0.3718504601330009,0.24023866151909545,0.30461482325111294,0.4663617739597747,0.13281820346921738,0.35273649197278417,0.15658908893639825,0.24531593338399063,0.16822664918233235
2023-12-05,0.3536386795673067,0.1740602811273899,0.2054914330182664,0.3377078222620686,0.2603610245627274,0.36911472960573816,0.23687063286755675,0.27514070476560104,0.23417636064362218,0.2871205988726389,0.44986449031090536,0.13893240887139122,0.3075025514634648,0.1392023702096297,0.19148170653781407,0.16108735851418773
2023-12-06,0.3587140356085952,0.1804823963431085,0.2047202992709534,0.3396679953388574,0.25994785382914465,0.36548353072576967,0.23830792255095773,0.27000999024231087,0.23728545056044897,0.28542274436497206,0.45088750678169737,0.141281263406008,0.31310553067823843,0.13892278926891483,0.1936581565777667,0.16042211978737844
2023-12-07,0.3466518192082305,0.1682983029288977,0.2017612795792477,0.3386934416134038,0.2535291686766219,0.36927653466503985,0.23610390063293865,0.2593462288832631,0.23407718820239357,0.2776846999711945,0.44869878027366333,0.16353963355463252,0.314496038943322,0.13264667503133595,0.1862242585858929,0.15783812536979452
2023-12-08,0.3342450992839826,0.1664342453929611,0.1899934953996243,0.3335031180252594,0.24633272105744913,0.36375097310858767,0.22766352978039592,0.23240422388523477,0.22703925601659816,0.26599401762392055,0.43148787834384283,0.15592761911406725,0.30662235516247527,0.13163127694927154,0.18426253914739482,0.14708776205255655
2023-12-11,0.3473296544032871,0.1704366361166379,0.1988003856748448,0.3451110185834485,0.2545888810985338,0.3680695444274074,0.22246355240918958,0.25404746852129906,0.2279974379243973,0.2822153729332532,0.44341650591945286,0.1593950458754725,0.32200485553822195,0.13263516565825356,0.1924210148835243,0.1514118582797822
2023-12-12,0.3389467509870982,0.1641363905295031,0.187531333955179,0.3367520741174023,0.24332200278546776,0.36944291794078327,0.2202163266411944,0.2613650422565109,0.22275303392863127,0.2695184655447085,0.4356423644242287,0.15679248911603444,0.31402546296608164,0.11889516141271748,0.1866925228853296,0.1465914429003573
2023-12-13,0.3361381583551539,0.1552318003800692,0.1943447500942978,0.340652421183914,0.23689099469050334,0.3586851295328306,0.22055937731343278,0.2645505129273206,0.2100350452077992,0.26591441714275854,0.4303017835757714,0.14225932118820356,0.3111694297246582,0.12040291657752847,0.18860176904277426,0.13652963390105208
2023-12-14,0.3379600992459828,0.1610498524805421,0.2073662371105745,0.3374635673642607,0.24730086402606022,0.362236700406265,0.22913697307538697,0.27070372863437725,0.22867398030608901,0.27118285118893304,0.44722561214480266,0.16011955525266774,0.3201780762426445,0.12674562547716206,0.2142358856702829,0.1321656694394849
2023-12-15,0.3406097394404375,0.1543877485791545,,0.3331970826003765,0.2345234788068279,0.35313351683255123,0.22219690040380094,0.28192603406697514,0.21621042309510263,0.2708552161110872,0.43762362339518174,0.14733917516541417,0.31352730234437215,0.12210663042363006,0.16674916409816884,0.13226963888192922
2023-12-18,0.3485393806070275,0.1699466334448656,0.1979351290092116,0.3328996210473692,0.24527347716855852,0.3556746595490455,0.22972529060934763,0.2646021924138179,0.2382136866937429,0.26584259705340874,0.4428074162582582,0.14915351038052807,0.3105931436603474,0.12021622872640834,0.18458186652095604,0.1424632039518725
2023-12-19,0.3445107697943196,0.1661686456355143,0.199723204778402,0.3311121143655898,0.2466012160285466,0.3586216750210972,0.23075201595534311,0.27832635269257666,0.2312206702137126,0.2696998752259788,0.43629102775920015,0.1570340512795891,0.31480318216559455,0.12203042783322825,0.1825923200246021,0.149510174016432
2023-12-20,0.3615404910730614,0.1772603136168624,0.2193885689812142,0.3622488197001737,0.25643624769506707,0.3728019208853171,0.24348200173187468,0.28109101392669544,0.2607346765546027,0.28221325276397247,0.45264434891742145,0.16166392271463348,0.32274681033783614,0.12774490665445204,0.18821609380228116,0.1585448252616012
2023-12-21,0.3454141220793135,0.1730360451552643,0.20033138622282,0.3022851618889504,0.25020776538902423,0.3593402298042582,0.23855640431758177,0.27224156941838606,0.23827708616015714,0.275099955516405,0.44157190048656364,0.15240046097868604,0.3179362384460511,0.12768196525810813,0.17776718528360735,0.15421077186797202
2023-12-22,0.3337970573344387,0.1774365806027298,0.195504627627035,0.2773868549781509,0.24824420552687376,0.3476360986723419,0.23269627426139194,0.2673318836124769,0.23420650778613755,0.27013023547496384,0.4423868516902054,0.14549278147097744,0.3119184101905951,0.11875350056895631,0.1733575112581162,0.15002532590934953
2023-12-26,0.3376927014721782,0.180942768593214,0.1987752957301108,0.2872844500553331,0.2517291776941536,0.3674784768167286,0.23362014922249008,0.27070276667996707,0.23482200440063017,0.2739432407531598,0.4502790923703739,0.1496686305064305,0.3325872959021391,0.11959904081003177,0.17738201751628016,0.15553216977955064
2023-12-27,0.3283912774212129,0.1838802798525258,0.1911537168761669,0.2708649366531152,0.24722725176453708,0.3650849900584825,0.23068928035591305,0.2578614728260201,0.23165454766491025,0.26884115780885576,0.4433088212161132,0.15120515265619974,0.3159836182127201,0.11190574609937358,0.17065922167358036,0.14872191485977485
2023-12-28,0.3140938487154032,0.1741219676868385,0.184176737493024,0.2689141772590118,0.2367416267233926,0.3543504850236681,0.221532533332769,0.245698845892122,0.25079103085462273,0.2550541946700252,0.45459236208563897,0.14654969334212464,0.3071730203860284,0.09671318473800114,0.16127516437440678,0.1420265750140728
2023-12-29,0.3147220383694719,0.1687229490319733,0.1824214679936233,0.2621517712444379,0.23252663604871354,0.34803881422362265,0.2148710887395736,0.23948883587760741,0.2153146199765573,0.2542223880669049,0.4462192132949185,0.14644300284714853,0.2980274259214616,0.10090866776275623,0.16380859476365245,0.13616893234715122
2024-01-02,0.3354248745632832,0.1935132388058809,0.1943944883968684,0.2946927661152317,0.24630598126945147,0.3740847469382032,0.2285769314038615,0.26254806590617885,0.2936470850217028,0.27367361731733547,0.42040310388235946,0.14872776849244784,0.32512849439105995,0.11055692523071542,0.17318920237996652,0.1603212759317077
2024-01-03,0.3601680134498928,0.2244839938314495,0.1970199343162808,0.3117474657341947,0.2469340585558547,0.45516854600062867,0.22225323953073955,0.2858268539009296,0.2970214966089466,0.2711833533451226,0.5029867485823614,0.15363416614493083,0.32816012965589725,0.2356137020602749,0.17638082964936497,0.1778966906877297
2024-01-04,0.3486992960424001,0.2360898322916702,0.2591054981102023,0.3097226647624009,0.3456427239428938,0.45084154913520097,0.3042551168301384,0.2786814575385613,0.29714498709298126,0.39623436859004035,0.48462495038773334,0.15095269035550182,0.3809848943265127,0.2293294719334306,0.17587861834903618,0.1763732352280787
2024-01-05,0.3416539507063537,0.226973279868655,0.2525140886638543,0.3121090860764651,0.33680406141036406,0.4442201043317583,0.2932655269539414,0.2746874768657521,0.29758852816534265,0.38464981845281815,0.4724933392155641,0.16279614080578145,0.37633406012197396,0.23095462003592218,0.16586920356114282,0.17265750508533542
2024-01-08,0.3498632456545667,0.221806301057319,0.2531524479172078,0.3070725977255077,0.3401791592521488,0.4560593308659646,0.2918098675414881,0.28508785691112093,0.2948341777754222,0.37847507179872986,0.4647555680028672,0.14959905165313317,0.3907635645374965,0.23336977290078217,0.1621397351236495,0.16650661721126658
2024-01-09,0.3561883759513706,0.2223077333869652,0.2455620327484975,0.301167669173347,0.33929673920487513,0.45417334044455926,0.29162179052503195,0.278904346689995,0.2835703209766609,0.3845391755409344,0.4673443782070357,0.14174658369819812,0.3853833437002264,0.2373143659497871,0.15655138200158347,0.16418083231931155
2024-01-10,0.3551406048051634,0.2252636159185932,0.2428685533337491,0.3012031326660972,0.3338809134275627,0.4541283089876049,0.2943721923370606,0.27578685794182817,0.2864799596819664,0.39248064519197556,0.4655350721099268,0.14780697288788514,0.38562997370551194,0.24092000823622392,0.1508309524839469,0.16582809169604204
2024-01-11,0.3460901747670401,0.2186650668994482,0.2525444501346135,0.2973114176529739,0.3358054588592383,0.4481633218212363,0.2914840478426956,0.26968493130396753,0.28616418362382584,0.39147967236546627,0.46578340058588974,0.14194733485424105,0.3829591110519765,0.23835746460055932,0.1459235757721363,0.1562362060156529
2024-01-12,0.3401099435590896,0.2185213023964778,0.2491220021863967,0.2904397531678071,0.3331710961517494,0.4461153289776926,0.28014850035615774,0.26935787909108877,0.2759254069609566,0.3875510769087816,0.4793927117851587,0.14305474348323888,0.377734345519014,0.2427669398829113,0.14789562912696286,0.15314691362037616
2024-01-16,0.3568151152595798,0.2314832940239161,0.2640380781438324,0.3133694660812741,0.35277752826017,0.4773654222606579,0.30473271356379855,0.2903666419506981,0.2970823387283006,0.414549617794266,0.4998496910520102,0.15066079317529574,0.4076287004689153,0.2557435855727106,0.15795828590534844,0.16791916705208523
2024-01-17,0.3641096181588956,0.2347246629637016,0.2689769341701817,0.3226497844437281,0.3691258871055508,0.5060172421044917,0.3125010046381394,0.2922859053689297,0.30117144690927916,0.41859184516281567,0.5005648488861,0.15232330334721483,0.4166546572487523,0.26386954115307226,0.15959122544400509,0.1731053556153894
2024-01-18,0.359908279279007,0.2277080640588358,0.2622737184459248,0.3135917385850308,0.3589255968590064,0.5044758341325318,0.301799729339069,0.3030172667593561,0.3037419265545344,0.41387743714707315,0.49509480459473254,0.1369307273686026,0.4185592555936116,0.26721107894816754,0.15973213100486722,0.17079450025070594
2024-01-19,0.3632999678583167,0.2262728073278936,0.2537677729500007,0.3178244512304195,0.35671106358974675,0.5142009001915154,0.3004580038499847,0.32295923472510885,0.29331173395757265,0.4104549273853792,0.48603015016101875,0.14783872105597312,0.43944564381585405,0.2460411263123457,0.15171013356200974,0.16976341016642518
2024-01-22,0.3664370036726959,0.228224143565465,0.2726814166972121,0.3161005804039076,0.3761158328855339,0.5442902209773405,0.3156140234997432,0.3160057076385214,0.32233511045891494,0.43690435340345674,0.5306663324263347,0.14172596324592251,0.4461522318265203,0.25836355083066914,0.15936483217231162,0.16165584160136004
2024-01-23,0.3496186104591213,0.225182756652477,0.2753834337683853,0.3097599840382843,0.38306286809367374,0.5264297241680169,0.31365085158953965,0.3038735038954691,0.31182840840079534,0.4278733509643817,0.5303469656983518,0.13533873595812376,0.44679468768017544,0.26758617571655674,0.15329153820678376,0.1600915289457614
2024-01-24,0.3681997930908045,0.232317995498159,0.2869719810318612,0.3229299239879001,0.39086961996390385,0.5499180770285849,0.32179876982547456,0.3122561745196055,0.32155243061788596,0.43847452006022086,0.5704064130004163,0.14714210945804063,0.4546652597289953,0.2727775526902778,0.15510846711207468,0.15470562828526102
2024-01-25,0.3831663101626675,0.2377492294249417,0.2976196876020169,0.3241255583451738,0.4026845723355497,0.5974866969315372,0.3365166687985155,0.30312732334611614,0.33810403234766967,0.4443251746355807,0.4559326985062595,0.14417580916884415,0.5696095234067144,0.27680894818946733,0.1609951222859552,0.15522911892203037
2024-01-26,0.3692400950586939,0.2426823541311361,0.28686955880903,0.3143635886635639,0.4054622654288854,0.6165436180952177,0.338896750640442,0.30124245388042276,0.33516649211352795,0.4382822575569002,0.4326410529379404,0.13781841483636595,0.304902982847438,0.27806253118049895,0.1563089478952288,0.15691615714918794
2024-01-29,0.389858622009449,0.268821104354158,0.3083757683442454,0.3280469071982607,0.43330998527459974,0.6546860047631322,0.3673008595905717,0.3098211123349742,0.36536709170035536,0.4792936683062029,0.43353826628643866,0.14764650177016606,0.3129197833809569,0.3044388673381703,0.16307857968300074,0.16751445126754577
2024-01-30,0.3978046877730138,0.2813827068437887,0.3302690984256229,0.3440198777182313,0.476014576443799,0.6595431402314434,0.405795286543904,0.30972578846169735,0.40760872704766077,0.49645442483930136,0.4330789598309078,0.15552005827452978,0.3180669540723602,0.30982685799540666,0.17616159528838343,0.16673914896053224
2024-01-31,0.3790556394796879,0.2866178649375246,0.209304558818202,0.3329070276877065,0.35351600553129064,0.43366298698428146,0.24476998684991566,0.29174931367215007,0.2563427391723501,0.37803613208705444,0.42627339944118015,0.15934340808353353,0.32979611602642905,0.24507357083276932,0.17742640393202525,0.1929058277924545
2024-02-01,0.4305958425264288,0.2373397584954966,0.191662689500212,0.3239153995704117,0.35279819300743176,0.42275735958180427,0.23636798224446226,0.33312731294113557,0.2301844128840241,0.36138148454886576,0.40688764728908405,0.19090588545055037,0.3192646824306022,0.24543796445036178,0.21259131198102227,0.1995857177000786
2024-02-02,0.4480027452558016,0.2016480879631937,0.1898820756654565,0.3175856209105964,0.25071480114387246,0.423547684556612,0.2336973733250405,0.33550163645370373,0.22839867136372574,0.28714219609983255,0.4108491408355946,0.19628331222666243,0.3147713750961838,0.24361195062290603,0.21077148329760284,0.1652711213036845
2024-02-05,0.5137922260958334,0.1932274421011124,0.1930189340917534,0.3261619479350559,0.24825984678197832,0.43906483372728444,0.23065577566181328,0.3522425265646971,0.23231474384858125,0.2840207791787096,0.4393596602695831,0.20010998510702177,0.32760753086745353,0.2638316490551458,0.21704345670586836,0.17084165884715102
2024-02-06,0.5218783885053425,0.1850130802394956,0.1803676266558307,0.330856422346049,0.2435609797813865,0.4416286632249131,0.22685353571480205,0.36475445776994747,0.2284496338318852,0.2715901415250434,0.4321056704790569,0.1978373425931097,0.32971421945606616,0.26816665895452607,0.21490905159523563,0.16251465741141696
2024-02-07,0.5171480017683587,0.1814342596002339,0.1836921440833994,0.3307427157885747,0.23742286809091295,0.4293376680776376,0.22259626118980827,0.3562713340849993,0.22600615337666763,0.2721164845183925,0.42388669293543335,0.19639546318090273,0.3280245030278452,0.2596852083184315,0.21717444016508194,0.16658049857607787
2024-02-08,0.5185069891041681,0.1800104901643659,0.1803149152557187,0.3458272203489098,0.24005720975483902,0.4328129280104641,0.22147557348037417,0.37215883554219037,0.2222921085877808,0.2721885952437432,0.42278148034625834,0.19865417283651116,0.3295629270928513,0.26704793038574476,0.21743823109480573,0.16043762397200872
2024-02-09,0.5226063996909528,0.1804851564583785,0.181439544730428,0.3491265927679307,0.2378886600039612,0.44359778960087803,0.22385886748381673,0.3705562162504901,0.2203948452277887,0.26395908054622164,0.4164719582948929,0.20059082186478167,0.3378718998483577,0.2636247038239843,0.216002971646534,0.1577795646814285
2024-02-12,0.5970292811102662,0.1988049866526665,0.1976871241018497,0.3688692967426911,0.25430562782433414,0.47573851723253546,0.22345618373425682,0.393724235567784,0.22609360326386194,0.27466262734279706,0.43439862741015356,0.21304594090627083,0.3656916114323909,0.29020526970319255,0.22809412404180698,0.16000196049477663
2024-02-13,0.6309339417991371,0.2034302003952803,0.2071673667381236,0.3751014292386589,0.262070916462883,0.4856674851784304,0.2417631652973101,0.3983280839169189,0.2435912695233063,0.28187566509321993,0.4419878315408225,0.22135792122496076,0.374960611482669,0.28692174318708485,0.23634531390306074,0.18084401705532907
2024-02-14,0.6221552262537952,0.1937934031349272,0.1954071642201114,0.3604539211790135,0.2520309327421583,0.4797213343009591,0.22683739204459452,0.39472119057438726,0.23187782501397278,0.2722576542533688,0.4266099883129048,0.22122993582943917,0.3653672212414583,0.30017890486404025,0.23033252340015628,0.16642107753626278
2024-02-15,0.6285278318010411,0.2034133910278619,0.2029889209743113,0.3616396355250636,0.2540446426243126,0.46932660235921025,0.231863405795421,0.40926723629332445,0.2337570415886007,0.2816961322732454,0.4444369005745078,0.22329613478014382,0.37445765316575524,0.17705694851045564,0.22783882160720675,0.1759579023767802
2024-02-16,0.6238271887324709,0.2127262265192629,0.2021789037457728,0.3594735202960492,0.2578388469993956,0.47386565723917234,0.2442161190436919,0.40132338750076485,0.24616923933507268,0.282500467952662,0.4457912357133443,0.22565819782928834,0.39374466474357156,0.18122556756194297,0.2333677054290255,0.1655449149649964
2024-02-20,0.6660269410640536,0.215002155946128,0.2143679549423461,0.3785524124997064,0.27729429154716284,0.49757500900141305,0.25512921979212216,0.41249413866164275,0.25543380378253594,0.29658353406163507,0.4675687282122137,0.1623903749250842,0.4022968602929131,0.177607650996198,0.24735763566043817,0.18127826835107144
2024-02-21,0.6252620313141588,0.2126879897045693,0.2152355425739883,0.3757636607922281,0.28132819765892497,0.5026639533310244,0.2485012510343229,0.4118861913709775,0.24841874617009246,0.3031834603276268,0.4640104499468614,0.1543266143250788,0.369901400692742,0.18357553960911088,0.2454460880873098,0.18660453648046124
2024-02-22,0.4298617817204003,0.1917828709869197,0.1964107440302806,0.3543248117360642,0.260213884531607,0.47996688066270293,0.23101357350287877,0.42769738748649333,0.23113813356933147,0.29577587584388687,0.43776911119339884,0.1392958498915008,0.3488107770463338,0.16329665211363995,0.23723334480939284,0.16395103655515497
2024-02-23,0.4517971444865836,0.1891117946595211,0.1901747102230633,0.3386331458501527,0.246687729149789,0.448460364042792,0.2166605329451913,0.41410888234326115,0.21672130489771274,0.28420963182897585,0.43090886807494244,0.14387702202584876,0.3173808169203649,0.15219233627969697,0.23938316595123554,0.15244645305291796
2024-02-26,0.4507795722535838,0.2009153663703042,0.2001785838641579,0.3844745082145385,0.25792559363797096,0.4527568082284961,0.2613828169174833,0.44479890694475593,0.2621141943138237,0.29492558254426965,0.4473831469632568,,0.3238338585883832,0.16472648063977693,0.25753347009293825,0.15930467193965817
2024-02-27,0.4158991194652899,0.201415819337524,0.1933334214850797,0.3762196850575718,0.24916597620752112,0.44695907000127955,0.24594898268944182,0.44802298491040643,0.24487742026969755,0.2890425265896011,0.4466832939268958,,0.32301716465989677,0.16294004573480464,0.2616136190096867,0.16262154375859733
2024-02-28,0.4019879855245888,0.2010010185537816,0.1926111298041729,0.3689913972345895,0.2516040458408292,0.4368471130286113,0.25428690243426516,0.4597887373465235,0.2521318250096624,0.2928303946762494,0.43594587045775357,,0.32916713206346826,0.16714864324942422,0.27732113578307693,0.15032162578828143
2024-02-29,0.3886518963876225,0.1956375007805581,0.1850963934990352,0.3530032984722944,0.23248223336268892,0.4955854887484945,0.22937638203770463,0.47697332806855414,0.22833314312414546,0.2689765579607698,0.4131279228994466,,0.2931541278734507,0.15203773867563808,0.2766986994786368,0.15590850935980735
2024-03-01,0.3795761557481575,0.1987376674636403,0.1850271135327694,0.3834558492023204,0.22764450145681686,0.4983779486724201,0.23528513486655026,0.5902610540783534,0.23552887328273056,0.27790284795380005,0.3986447623895519,,0.3417768037182497,0.1607970501505332,0.31154781362413536,0.14951727639229387
2024-03-04,0.4691788958655619,0.2355273344559826,0.2056451956840687,0.4234838206528299,0.2431102958753091,0.5460983658380542,0.2773550291014154,0.6928981365188451,0.27474417373004656,0.30488552268141206,0.4765352755196366,,0.4036318829767546,0.1816533360589623,0.40039483232745804,0.16069384456530006
2024-03-05,0.4688446224154267,0.2243384505242665,0.2186242320554396,0.4597280347313946,0.2597172520739203,0.4930593481570722,0.26629572550421515,0.4445796797470137,0.2655329103255036,0.31350247470478104,0.5042379734474596,0.14192194938198868,0.39509990856263827,0.15296242460322126,0.2765832403257071,0.1803007261159092
2024-03-06,0.4840156695889693,0.2233507483788437,0.2212783824758949,0.4714524508838359,0.26256123823041405,0.5100951523235968,0.2687816447033561,0.46407048919823324,0.265660389933757,0.3005021299892225,0.5100001921509825,0.14286009922382387,0.3822161833218272,0.15572393177742186,0.2983880244280041,0.17340492371001465
2024-03-07,0.5388385441771072,0.2214722305251519,0.2152098137357996,0.5135009658803157,0.26264490173725474,0.5070438359707754,0.2680028337091528,0.5132616813960396,0.2674451525719414,0.31059709328067414,0.501772548676489,0.145537100087244,0.3973721443719969,0.15555896675903158,0.28984807705533033,0.16342880927603884
2024-03-08,0.5723114468014517,0.2220844830497664,0.2173305168691011,0.4948251419779845,0.25923839053753456,0.5323510368198051,0.26591731779034117,0.3820341583348545,0.2672971938946619,0.32518392235386645,0.51422147623457,0.13716369138886594,0.38241099496919995,0.15435623419770284,0.21022609588549335,0.1811534374997412
2024-03-11,0.5634167950997835,0.2176980215056135,0.2223234573878298,0.4581387154367705,0.26573203335208007,0.5166679805269331,0.2635413229290234,0.3497200840412976,0.26417835368288467,0.3392635515271887,0.5204121379363004,0.1390508478984709,0.3752307107277048,0.1492472929183893,0.19439774909944074,0.18245324228517606
2024-03-12,0.6251240436575288,0.2039835113231674,0.2078640711714422,0.4947196113424166,0.25009830741051076,0.508861188379036,0.25228357617258523,0.3500942884802992,0.25134119102997804,0.33219911383119566,0.5109373448757123,0.13170809241952047,0.3708079138879864,0.141648957645603,0.19253666488457435,0.16519423214057963
2024-03-13,0.6157589290140029,0.2121753754235882,0.2087309313664589,0.4866044592261748,0.2522778247152549,0.505970562015721,0.2501209447157628,0.34132213593714417,0.24940455791585722,0.33246750393806507,0.5363201065257465,0.13334356745591777,0.38003433412786164,0.13888720307905908,0.18664107183541476,0.16892507335129328
2024-03-14,0.5781261314093336,0.2062681169443824,0.2172543404923517,0.4765739645200434,0.2474991962649111,0.5081327414109489,0.2500128779711392,0.3384451006049478,0.24799331059967827,0.32253680434168364,0.548421809997093,0.14255416921485906,0.36301229619686304,0.13937486567360008,0.18063398805299014,0.1637686840091154
2024-03-15,0.5993645566302289,0.1943219575405938,0.2161145302382388,0.534175825463776,0.25487892070785917,0.4991590747358095,0.2540238790558832,0.33787775064733605,0.2530790425770444,0.31864004251631006,0.5478313720414941,0.15113552281356876,0.37650043927441235,0.14028101149486638,0.17845842956080654,0.17955763117828674
2024-03-18,0.5879073767058092,0.2161503225151102,0.2129388548139582,0.5652775646722145,0.25199826165945954,0.4912062078815112,0.25781682500855474,0.32686192877557213,0.2560407788291792,0.31393946268554984,0.5516128522299721,0.13890634834645935,0.36554689258008277,0.13611673411320513,0.173175586933753,0.1858633072877733
2024-03-19,0.5061921425601376,0.2046475985145346,0.202461660373656,0.5202026578220761,0.2395519627231344,0.46285468201918933,0.24025272141211307,0.2975408658060938,0.23756889066126313,0.3016130420273398,0.5210317938468916,0.1373554884312753,0.3483020656254736,0.1308710299972628,0.16780644796980007,0.177543542349567
2024-03-20,0.4711603032205903,0.1940853841825116,0.1952228806849236,0.5489589093394844,0.23247928715004398,0.45330090305393334,,0.31628899565456814,0.22844045357268525,0.2949178338862913,0.5230207041315056,0.1329846151726662,0.3573251413999139,0.12425790854104127,0.16335207650762515,0.18015150193857177
2024-03-21,0.4740052971783523,0.2216602223138053,0.1905720651947288,0.3569555124358912,0.23703663074648632,0.45625712073199404,0.23575368949208322,0.34670439009323023,0.23567851906684711,0.28514048679424986,0.5319648989111081,0.1316917771591438,0.3587079197982812,0.12316196036822827,0.16441253146744186,0.1657014067424382
2024-03-22,0.4928337716781845,0.2122276368917913,0.18611421060687,0.3334753736968123,0.2324709107364262,0.4610639136422035,0.23653624933394507,0.34331848093932726,0.23550817387202183,0.27832898111144755,0.5392060482362245,0.13140091672504306,0.3485065830151763,0.11786094116975813,0.16564319603081631,0.15388044043542337
2024-03-25,0.498295911347571,0.2152809251671254,0.1967755785006183,0.4243744240476184,0.23960950928115404,0.4763466843367921,0.24160412899499517,0.3408279061422751,0.24309074163865993,0.2880648333730868,0.5335767060799205,0.14368656675667216,0.3595064597915602,0.11987913719951847,0.17282479982703525,0.1639593917274795
2024-03-26,0.4791430958003941,0.2128704608222863,0.1925180104569321,0.4056895919822367,0.24528031884110957,0.4641971661517316,0.24864421677073167,0.33585260321305943,0.24444177442624207,0.29090534289076514,0.5489104913909066,0.14195952030700804,0.35382437257777405,0.11497390555756286,0.16913729736631933,0.16851998034682872
2024-03-27,0.4651805401987338,0.1973211538081165,0.1786188952990663,0.3614594849162862,0.22946330816986815,0.4326411240335229,0.23534672841252316,0.32299838564555006,0.23085791695630403,0.27802145907242265,0.553704567241201,0.1348315843791072,0.35150839040737947,0.10585035479276347,0.15573397729003122,0.1555924393308345
2024-03-28,0.4315251167459406,0.1913596946219566,0.1796060783535155,0.3550220885705619,0.2199348925031039,0.4114500798910032,0.22349269254007254,0.3107463494099005,0.22061604514555014,0.2803943002665804,0.561769494064576,0.13056691187903005,0.34470877030263664,0.09863735936932325,0.15192631410174753,0.15165860835595782
2024-04-01,0.4483138159255161,0.2088784008520718,0.1859860901294183,0.3980488256565252,0.2364454353452912,0.4456275587609964,0.2524110397831828,0.3361416932984666,0.24947784740441015,0.2832609245902185,0.6146831074934617,0.1396748896914716,0.3682009400581752,0.10065104379554933,0.1653873950824037,0.16268553754805973
2024-04-02,0.4364323104991737,0.2138336863551007,0.1953000846822772,0.404453066237687,0.24292483520199715,0.4464154760254515,0.2597545932725819,0.34611983528369766,0.25960553288403165,0.29898086952714514,0.44253795635407045,0.16505746558880038,0.37529733989443914,0.1159594887503278,0.17588061138658845,0.17136850367522125
2024-04-03,0.439894353369374,0.2488379993854357,0.1965705139544536,0.4411993654070248,0.3458990295946756,0.436792399384353,0.25416147048932686,0.3478140312747041,0.24731778839530497,0.44064630515361636,0.517222479221268,0.18546120956337905,0.433318837311932,0.25947204052929185,0.1797318525607732,0.18523335835096338
2024-04-04,0.4556587114467505,0.2568078802552506,0.2613834738304417,0.4383595658874997,0.35274055806121835,0.5544069197891351,0.3434359897932,0.3549448377798378,0.34333509701587855,0.4535167738428853,0.5307193096007137,0.1905613064559148,0.42636122909059415,0.2753056170035636,0.19001246042517714,0.1939090402549454
2024-04-05,0.4301796891859777,0.2473920445265437,0.2597166703162695,0.4119475882285517,0.3536664223221863,0.521460576566987,0.34138266913422044,0.343456423497738,0.33610425308997516,0.4423162974549034,0.5541692586376978,0.19026913266522216,0.42251570831720936,0.26305654285397606,0.18559562976434305,0.1854745294744818
2024-04-08,0.4294167356637838,0.2480580537769804,0.26330077390589,0.418886772224128,0.36154253776220235,0.5248028278537649,0.3449790409931596,0.34157850190635886,0.34322152901621006,0.4578289948636146,0.5532927941984627,0.19330836926433626,0.4156888370611041,0.2710000109682846,0.18809450697279986,0.1892037282055607
2024-04-09,0.4150124030949527,0.2437292175451343,0.2590668649477632,0.4030078604477137,0.36199229319367093,0.5179408129657828,0.3412787377241041,0.3416108834953993,0.33508553413140363,0.44971848241054374,0.5497212278972629,0.19433173354535577,0.41266401805650194,0.2672066089004038,0.18302767109449558,0.19392588308949166
2024-04-10,0.42168420424353,0.2484843375925221,0.2661792727546465,0.4029785798505084,0.3671270254584376,0.5158047730549175,0.34700046791463074,0.3394846475868852,0.34052873661218674,0.4547867188044461,0.553258110037313,0.20521378657913328,0.41617751299468714,0.2723536025440883,0.18789019498974976,0.1801266153657351
2024-04-11,0.4276057694093932,0.244929911290536,0.2664194030762178,0.4001872579186504,0.3633530626262198,0.5097251289115117,0.3377770125924446,0.3486252082011817,0.3367568267083049,0.4480745200275637,0.5411744419624362,0.20126101731088977,0.3977679213852704,0.2647059705644419,0.18201274295755374,0.18333740689988945
2024-04-12,0.4377198346155852,0.2642729831098996,0.2818535222069294,0.4081752887898951,0.3850705267483673,0.5305213438397741,0.3518395946775769,0.36470400209538867,0.3527011308695788,0.45453417719633815,0.5507015977835381,0.21447614434371093,0.41930973079355316,0.29559286005223856,0.19441815724938705,0.19685825642437593
2024-04-15,0.4471940399756816,0.2756876774044776,0.3013112043839481,0.4119679477691971,0.39472412872844553,0.5869475579874136,0.37041713456441977,0.37032372379903217,0.3713230919962599,0.482728500724126,0.6031281044576698,0.22573422342348098,0.4320533055323873,0.3079484061080467,0.2065878980721148,0.2149515625329759
2024-04-16,0.4372468413044489,0.2837491582348246,0.2812895768055003,0.4005788964520749,0.3922632594378651,0.5409747697348696,0.36528501402433405,0.3683963073554965,0.3630844698226632,0.47805894908407637,0.6052639031157079,0.2208444796608071,0.42465856066534025,0.3003175804296182,0.20130526892806402,0.21146124887775697
2024-04-17,0.4536079675012607,0.2882297089061551,0.3067621849121438,0.415109874980527,0.4059476314484615,0.5648502343860438,0.379153051878101,0.37168236566743446,0.37810780694403684,0.49318556738294234,0.5921600296409647,0.22968644638418897,0.430911970435179,0.2991660200684012,0.20271555339586614,0.2160567389495874
2024-04-18,0.4473365383714126,0.2889752334731399,0.3047892438241341,0.4162027044875386,0.407869987435925,0.5495884042337259,0.3906144117195926,0.36399005973097903,0.3886757364298989,0.5005642370125551,0.6150577405891146,0.22237160724887903,0.4292264848102746,0.2935255222255725,0.19288380394806465,0.20645489648091297
2024-04-19,0.516587776437025,0.2891286733335946,0.3075204878019585,0.4446150148283202,0.42201006003818586,0.5735553568898089,0.3880117978275766,0.3779524081916824,0.3870144189336962,0.5290411390282631,0.6324797242357433,0.22345924727202332,0.4740828814671765,0.3097354722205242,0.19547520540142566,0.220211077173655
2024-04-22,0.4683770879720085,0.2854764567091026,0.3084713944005456,0.4240688912807359,0.42267006648121225,0.5629433571369068,0.3936852972571116,0.3668332298991005,0.39226053645692044,0.5418837424337362,0.6800006202646282,0.22627553613748966,0.4392656842214859,0.30176200308878626,0.19221944807522737,0.2031195978548111
2024-04-23,0.447644834231166,0.2812471591806452,0.3088338609684666,0.411828360368387,0.42301639418503995,0.5554884884001751,0.385729597753827,0.3588934711846769,0.3827652512417249,0.5362770642228721,0.6628928063579389,0.2261469618493083,0.4295861263283391,0.29092600034065336,0.18578483278652,0.20458812920191935
2024-04-24,0.4746495304076671,0.285892014647048,0.3203040507551065,0.4158778815815803,0.44372254546298273,0.5716108969110906,0.3922312030357791,0.36729072558600223,0.39054644811230665,0.5808586292970689,0.4857542899554556,0.2252611439498071,0.4584067219375828,0.29563589671615753,0.18253956544719116,0.15956875911621865
2024-04-25,0.4657896641173847,0.2932069392313883,0.3753683709164657,0.4284931758486904,0.47754584460814065,0.5719222780947668,0.43188290837927706,0.3844881522486075,0.42329607138291137,0.3647295657616856,0.4811881150020594,0.22548187877827156,0.4948368977640989,0.31437716259433685,0.19370489426949572,0.2657430859127975
2024-04-26,0.4761856023686002,0.2855700048553354,0.2112222409525524,0.408169692784031,0.4574692148921206,0.5733519129573482,0.2720428910082095,0.3551292836547508,0.2665603887699629,0.342964941433109,0.46751978102900127,0.22317739817949422,0.2972974576312387,0.3107174747015471,0.18838862414724863,0.18367059399641028
2024-04-29,0.490987469989961,0.3153793233291582,0.2204690726884685,0.4293602713324925,0.5169962262528157,0.6194784264897323,0.2900463693410159,0.36923480560823607,0.2849527140631356,0.3456664951481622,0.5933494469829671,0.23017460618201996,0.31826181057866143,0.3330322260747404,0.19475734092747102,0.19435696347891834
2024-04-30,0.4841626924639862,0.3331251518345628,0.2522115308215978,0.4402153056336003,0.6427026419479555,0.700603634079196,0.29905994285870857,0.3867824541837907,0.30213984093252666,0.34294315347724624,0.5021385511728096,0.24642811095613446,0.3444986744756415,0.35650817544629876,0.20305928904211748,0.20234025038964465
2024-05-01,0.4854769803417409,0.3377497685426301,0.2324538387303008,0.4164900163709073,0.2948186289590589,0.44028300581343155,0.3167536741680351,0.38781014339432396,0.3127464929595166,0.3305162022328319,0.4813330835126547,0.2566530246408727,0.3266946937897192,0.36237717340693115,0.2031556060848208,0.20709644478153694
2024-05-02,0.4675971518461454,0.3305387173280008,0.2170826666937782,0.4056479354555513,0.26910608742739783,0.42435492910611605,0.3115063448614463,0.37476941690393956,0.31022149789662534,0.30592951407402874,0.46787423998658034,0.26109121617327924,0.3161005508018335,0.3618316683532704,0.19775487724519725,0.19205163202556522
2024-05-03,0.4416213735183839,0.1916091653768142,0.1893963943930726,0.3849587965813705,0.24385785174999133,0.39710313533152347,0.2936007205973739,0.3655422932303233,0.29084504399841904,0.289089523953432,0.45388788345022973,0.26364494892504636,0.2879079774931236,0.36266882366082703,0.185975088669205,0.17615245857737852
2024-05-06,0.4545563011808322,0.1957379386503049,0.1928946080877887,0.4064401428125395,0.24742881613419265,0.40802843095232033,0.30755058790764483,0.3694805130525512,0.3035900193494759,0.30062472587426886,0.46862732754526715,0.29997880955474693,0.30931564905223913,0.41658663676868285,0.1967681161192549,0.16581096136738116
2024-05-07,0.556738127526834,0.1983829797426773,0.1971073381016455,0.4096211293823283,0.23420333745196517,0.4159003873203953,0.24188939099473572,0.38656148949571717,0.23502486731121844,0.2908564176071101,0.4390641640062349,0.19473408638528267,0.3165423471064395,0.25061585214474846,0.23011038300349615,0.17317449735917595
2024-05-08,0.5560550590837579,0.1901396639069426,0.1948567272514875,0.4081210619338122,0.23673581412140787,0.40933906266187053,0.24639679185769023,0.38583252645457483,0.24518419030408078,0.2864461634217157,0.4304695265287424,0.19666083026762465,0.3156030643457529,0.25700823252941213,0.22744566447852704,0.16135292572253443
2024-05-09,0.5551576033788482,0.1861111974780379,0.1861927053246899,0.4082490096130182,0.23041407211225007,0.39794716857589435,0.23526192941235996,0.38629184148764156,0.23573531671761713,0.2789502956601053,0.41897642688716863,0.2104123378937103,0.3003149213741315,0.2537127086827234,0.2237085775005467,0.16889518557616678
2024-05-10,0.5384125003253752,0.1864421215449563,0.1795910387431527,0.4105606906493367,0.22383191257378812,0.3882165950641117,0.23667350683784688,0.37979786170721047,0.23610812037884799,0.2654665268466867,0.4150211195403227,0.20234586711632047,0.2941217693666527,0.25373504671666913,0.21935632460350243,0.16202906102185724
2024-05-13,0.5394645679815597,0.2014689708910455,0.1872234085166598,0.4111121760145691,0.23289167342326003,0.39763851964080194,0.24926795641485563,0.3870413573623994,0.24695536350729363,0.2781876181687667,0.424574735246072,0.21235200209743174,0.30708863867265757,0.26915064494432117,0.2292956039032441,0.16385331511933063
2024-05-14,0.5286581778390891,0.1952690353977288,0.1845266197328379,0.4102614940642155,0.23180600688788316,0.3929484628515494,0.23515744968143887,0.385133405931818,0.23454861716191736,0.27204917116419214,0.42756701036662603,0.20517313289184275,0.30634697918723286,0.2390440582778069,0.22816216548428864,0.1657166546297693
2024-05-15,0.5305848335698682,0.1808753398955067,0.1803981695027075,0.4054419390055865,0.2398409420198345,0.3976530093430921,0.22144457206084675,0.3853234603875602,0.21876106269701356,0.2617565469695713,0.42438683730281734,0.20192137278802483,0.3050854185129017,0.24718443336426413,0.22776742898804517,0.1485854835933945
2024-05-16,0.537094406902261,0.1790546757277141,0.176568230507106,0.4090316442352369,0.2360412494481195,0.40920422186408856,0.21526716703268903,0.39528106750254827,0.21222303752270621,0.2634070481665656,0.4205368833477921,0.1346939457258206,0.3042482995964491,0.18740945506485251,0.2324722408484899,0.14782114903078547
2024-05-17,0.5510059519507711,0.1749958870011405,0.1787515903548192,0.4120507743683435,0.22596394246768622,0.40699871272477284,0.21667711496479078,0.3765511656464135,0.21159937048230423,0.2558633578821329,0.41933313557736296,0.12635932558971094,0.3143042662645359,0.16644788744944347,0.22665760969507426,0.1423303739628666
2024-05-20,0.5355849599325534,0.1822943873603698,0.1787241198581779,0.4305189409553938,0.23278968515021048,0.4132979055599502,0.21377343706375276,0.3796251093681497,0.21194613020638248,0.2616655147788815,0.42940410439464294,0.13292214935881888,0.3067136908095408,0.18108072992189647,0.23780506608191054,0.14271797683873072
2024-05-21,0.5231963661883332,0.178081890154596,0.1731763472747037,0.4171976592717437,0.23089072634204785,0.40434124764785784,0.21185303353478913,0.3745592126437953,0.18868597181443408,0.26123269361417834,0.4470702736685228,0.1288708558096096,0.30553829118901255,0.16864881506941923,0.242852318914326,0.14585848677926733
2024-05-22,0.5237435159201369,0.187414174057646,0.1757201557407586,0.4339723643610216,0.2309942420747024,0.42417565667747426,0.21555243556296297,0.3915123793452016,0.20314089142337938,0.26744702058545605,0.4421490352022103,0.13052846173779412,0.3166205668154048,0.17559430635367906,0.24844721240336112,0.15130825058546335
2024-05-23,0.3962899451809087,0.191597208830377,0.1724931342862895,0.4086706305018225,0.233496146415359,0.39991915088695984,0.22096127312087485,0.3643991612097264,0.2175720151766688,0.26846830729048593,0.44440060463542835,0.12743009271962719,0.31708770445268464,0.1762621117297965,0.2525307337617338,0.14462712481860052
2024-05-24,0.3791068734778633,0.1848937674236686,0.1618220256159882,0.3926728926839702,0.22148337663075163,0.37641230707911993,0.210963332236195,0.3642895229191395,0.2010484432974034,0.2525418234491659,0.4264695485944378,0.1253024388445104,0.30344268883386916,0.16573518473418913,0.24986778921556815,0.13935753087280234
2024-05-28,0.4686484946911496,0.2122353426991616,0.173624977219115,0.4198051037441609,0.2338596708924802,0.42061112725474425,0.22583282890494713,0.39336490214465963,0.2261982486778209,0.2686844977158994,0.44585011538194397,0.133127127541667,0.3305663173732443,0.1763662918142323,0.26984454286291065,0.1507326044185932
2024-05-29,0.4709708805742489,0.2234402164494323,0.1822723295267314,0.4002703373695273,0.24317795924301563,0.44350644563765035,0.22303240077825118,0.39333577660530455,0.23223665616292066,0.27906940691752163,0.4503347517334816,0.13886086086382732,0.34400988252708986,0.18697760722365284,0.28674676393963244,0.15928437052543248
2024-05-30,0.479452633845658,0.2323602975573006,0.2112876890187591,0.4056534702645926,0.2473282723167076,0.4313110276501379,,0.4092640597880993,0.24326087092473406,0.2858688542347194,0.4593663369086859,0.14193729665502752,0.33931179028018577,0.19027767308646182,0.298936367408298,0.1559538302737043
2024-05-31,0.4884585631699157,0.2257544375766616,0.2019288006381562,0.39665495800161,0.24651709444469264,0.43408915775074347,0.2364782474985455,0.42801829510268447,,0.2610661015201302,0.44716965385376733,0.12853108284001818,0.33829593346578535,0.1864496891998777,0.19492894689690082,0.1633596034629373
2024-06-03,0.4758773103014575,0.2389841500318919,0.2043436877171697,0.3988563961829405,0.2526766995610861,0.4434612778258114,0.2518108446179425,0.4523124549521552,0.2455051810184269,0.27973075469029174,0.4762053287023614,0.13917582525981625,0.3512271116700938,0.19829395562201516,0.1895551254534756,0.17068335030137458
2024-06-04,0.4618245909521508,0.2371163106426261,0.1997613580832555,0.403238851724411,0.24852210029826782,0.44063264209534153,0.24212368125807757,0.46187697719654713,0.2422055229706451,0.27603261799015183,0.4726766478251168,0.1360552178862108,0.3498163476119159,0.20218723642642508,0.1927136718835607,0.1697046505446706
2024-06-05,0.4511952420290273,0.2050417023370765,0.1877543623764842,0.5018465198168143,0.2427856826083626,0.42877474710505503,0.23837002378897262,0.47954639790727177,0.2277328564981277,0.2827180959504853,0.4989124235785942,0.1365412315557921,0.33453978487205954,0.14978065299079132,0.18051640378219005,0.14772620117617008
2024-06-06,0.4697768908109779,0.2008510407792232,0.1899873163852598,0.5154275681705636,0.23946343129111988,0.4292647632352065,0.22675316272317222,0.37368582569400194,0.21938499946047327,0.28157482086241264,0.5057764782306697,0.14528223751792219,0.33871991778839317,0.13787083074188203,0.18381859952467133,0.1510600984297777
2024-06-07,0.4476421307981681,0.19949675617315,0.1849604187929626,0.5086310380313431,0.23162090834307056,0.40873653855492226,0.22439826638341445,0.3736030785574365,0.2236747189151119,0.27742065400296156,0.504311498208767,0.13751201786677902,0.3372292584676273,0.13276560998389159,0.18153419885570296,0.14249293106250402
2024-06-10,,0.1924511109992643,0.1838717106811509,0.5242259511800526,0.23898350122820003,0.42315346686548294,0.22908336131904686,0.3789192318483231,0.23618367005987473,0.2802892524897682,0.5311117123327267,0.13989114918268336,0.34297845438461,0.1337615208516835,0.1801014323535114,0.14312646751096683
2024-06-11,,0.2042468480161348,0.1883613045760416,0.5207630656403318,0.23401698706906338,0.41021314531391057,0.2265486013891726,0.378263476175451,0.21937956017466076,0.27939341931799355,0.5439682796620162,0.13834528721136452,0.3465925998242663,0.13845018418098992,0.1791005912970679,0.14871213297140845
2024-06-12,,0.2245314563661983,0.192124293697963,0.5214045546871469,0.23568084245041018,0.396068491052192,0.21458173808447875,0.39526955322968765,0.21546645340718357,0.2744667757479918,0.5390777391481495,0.1338863030483547,0.3384593408542361,0.14328163054240559,0.17243826327637435,0.13347763280594743
2024-06-13,,0.2163452130443971,0.183091234930684,0.5669495024561565,0.23747960867830692,0.4037114495613007,0.21903045194509185,0.37454053548208904,0.21897151259258538,0.27950014565541836,0.5434403951308932,0.13434415775087524,0.3474325188714342,0.13277885050259844,0.17532880382826557,0.14369578015992507
2024-06-14,,0.2117261283522543,0.1806236570217288,0.6130120285987919,0.2428774655198447,0.4007289336423827,0.22242787897224572,0.40864325054122697,0.21464458227806782,0.28425193522224934,0.4727004473151771,0.13938635937299917,0.3449716336442662,0.13191234023534515,0.1766036071037109,0.140767180425972
2024-06-17,,0.2241947264821292,0.185160156217654,0.6530863165447538,0.24736716448742657,0.4118748427790188,0.22968521964084038,0.46825796563462974,0.22115225618294293,0.28650997447963344,0.5069553977735247,0.14665487637966984,0.3418241702237545,0.13571531246342672,0.18573561685752601,0.1418785474358888
2024-06-18,,0.2286763187919822,0.188669664271693,0.6771184648241565,0.24883962570756774,0.4073546074242116,0.2233573610857504,0.43991000191318197,0.23504451075384028,0.2896481621942721,0.4822170359335196,0.14091422665400358,0.33900537525531854,0.13636238164358844,0.18114651243073626,0.14771075584791932
2024-06-20,,0.2211161547184756,0.1903012359362123,0.7295736173496712,0.250807702852233,0.4289897706276678,0.22942445301271325,0.3952899995876572,0.22170924985207577,0.2873042103455674,0.48473909273322063,0.14951972603289945,0.3499924141478074,0.14602969918986441,0.18268676289406352,0.15066158940192953
2024-06-21,,0.1977067018610956,0.1746950257117384,0.7579306472424726,0.23352526214945074,0.41509464628453757,0.2180229866952724,0.3933202549741187,0.19727137750819607,0.27476427914867674,0.47635153701532684,0.1585935026009912,0.3400205562090705,0.1354194785906879,0.19191396389221319,0.15571636693519575
2024-06-24,,0.2138629322854252,0.1779752127963713,0.7762866155938825,0.2503094700122827,0.42241322037588436,0.21830992364020765,0.4164417499663999,0.2190161267629638,0.28046338074063254,0.4904056097533438,0.1353460182679151,,0.12980403835096038,0.1746652500025678,0.16801956548192726
2024-06-25,,0.21509212491409,0.1674943731536085,0.7597318303861054,0.2525913237709169,0.4041432705449187,0.21534297104304267,0.3996231524116002,0.21330589981967327,0.27289116434640265,0.4741284026251512,0.14278168323825485,0.3266780859875033,0.12480765554006762,0.16807228369394234,0.1560706304698869
2024-06-26,,0.2027406641112288,0.1695781288912169,0.7670726600445362,0.25662344330778086,0.40990177999956784,0.20961385612824973,0.42066524577277753,0.21125819468663318,0.27139066903453013,0.48561020128328947,0.14080283750115563,0.329558689917474,0.12432538685011314,0.17229821907295834,0.1370187886375251
2024-06-27,,0.2028746897046662,0.1707815632264327,0.4278511382822441,0.262279750207514,0.39687246537647236,0.21129610188947442,0.40063288614243875,0.20707182684207134,0.2687404360641909,0.5023363750225821,0.13958827483226863,0.32853629600124123,0.11947768182884524,0.18149789210968573,0.1565737015750843
2024-06-28,,0.2274030996510299,,0.3963451971214535,0.2850156066345258,0.3906901564422913,0.2059812849010557,0.4017390698280044,0.206566209783134,0.27191128245815865,0.5017108077727416,0.13044416033992787,0.312350715236825,0.11031090553292437,0.1683962449845791,0.15411302922662307
2024-07-01,,0.2098882920460161,0.1675457182810728,0.3961881619005097,0.2737858883605869,0.4017654120263484,0.21081942998926956,0.434202337003247,0.21714346300628154,0.2758338362633194,0.5446077861059827,0.14092538219541728,0.3234649590713619,0.1153060418006964,0.17397543400798865,0.1421583980266546
2024-07-02,0.4746858491126995,0.207266226521238,0.1600727190171473,0.3735666446386658,0.2681908141012754,0.402318349065138,0.20424879768456428,0.39560431950055336,0.20126159870883706,0.27064542355154864,0.49098690408236056,0.13660783273688284,0.30755570290418394,0.11231084765940527,0.16888157216759908,0.14090989195121742
2024-07-03,0.4781976781617409,0.2010862742682622,0.1522475495843492,0.3987779928486595,0.26430313661613997,0.48384342784679024,0.2931298361690778,0.3872215685274821,0.19459552011937134,0.4169210767131303,0.5482494560487137,0.1334210291091317,0.40022097277220775,0.10631556180517478,0.17672267905914993,0.14186317802993664
2024-07-05,0.4864002835611616,0.2448875024285776,0.2388060088655271,0.4099920842407479,0.3511736890847277,0.4993160781074162,0.31880829364096186,0.39944977230996365,0.2994253599337723,0.4347551753614543,0.6287103489940836,0.2055854957292994,0.4229528615277789,0.23581706046150291,0.1850146097653854,0.16185212089643453
2024-07-08,0.4872585400867457,0.2460703329483067,0.243981662402213,0.4145242516693083,0.36405736298915287,0.5341690742109585,0.3075507564375343,0.40050664458864726,0.3075818805146904,0.45190363157305274,0.6478873233770286,0.20829283313666955,0.45321862022427034,0.258964505550195,0.19037263034840396,0.16984699645188125
2024-07-09,0.4913855045965081,0.2435710548588615,0.2446122454149346,0.4112606175325266,0.36336194525368043,0.5262774876848749,0.3100095744579642,0.40381103738541785,0.30785482468581626,0.44217043834662056,0.6746653967343762,0.21035060412235385,0.45602162512582006,0.2610901849088107,0.1965162585917412,0.1618232184417856
2024-07-10,0.4819849473908358,0.2492990199360106,0.2403358676926733,0.4206712600884696,0.36715755215003587,0.5395603132613646,0.31620349595827424,0.3924538518779508,0.3127653006407232,0.4385443800806341,0.6859798309604688,0.21797842727305006,0.44315218116373556,0.259120564826573,0.20043024804236906,0.16160461870103207
2024-07-11,0.5168579041859492,0.2565025533125193,0.2564186368214297,0.4269601897851186,0.3739128590972267,0.5413653972053766,0.32761363087299206,0.3987158771555161,0.32405990933069406,0.45627330627394735,0.6341361569351778,0.2174173824399759,0.4470457747357635,0.26409207784641764,0.21386760893675724,0.17576119108327448
2024-07-12,0.5154841416453556,0.2504937239484355,0.2562155021167748,0.4126516716852349,0.37132312829108494,0.5286347714692975,0.3359293106585116,0.35842201566785586,0.33036832717389336,0.46959746727076523,0.6252264440069015,0.2191522095353883,0.44802747435017437,0.2621058984438541,0.19897233828054128,0.16391445743356492
2024-07-15,0.5028222247648269,0.2733486535639267,0.2631545195541105,0.4318555808397983,0.39011150598175115,0.5358453388466083,0.3422314371589623,,0.33630543078840314,0.499715992645405,0.6458195957076189,0.23051677920539634,0.44950915124934043,0.2746750373749786,0.1979583689119578,0.17737571424188042
2024-07-16,0.491937357547579,0.2581727556864445,0.258682580759673,0.4394336030028101,0.395742319420599,0.5300118800247103,0.3381705557083708,,0.35985570462956334,0.4931843943456113,0.6243554190247148,0.23010906744974205,0.4543919030603624,0.27313689796281687,0.19639521253616415,0.17366640998965202
2024-07-17,0.5283349878266022,0.2705429581685991,0.2725281479637161,0.4559250047648319,0.4322322952970037,0.5677002787160274,0.352043988938424,,0.34645810108893016,0.5285876114918097,0.6241741118724061,0.2317706952581674,0.5119093373448464,0.2923550375287064,0.20535961765810845,0.2004576464535863
2024-07-18,0.5182968698572022,0.2760888091271416,0.2785139325380166,0.4552783718749136,0.4456387275131162,0.5580855398223818,0.36021428234052705,,0.36316258756819725,0.526261547748318,0.6267701625395471,0.23750529913814197,0.5187764273581575,0.2956815676450689,0.2039206849482348,0.1980272375578745
2024-07-19,0.5311686489165443,0.2757778653095008,0.2952568686034066,0.4546778115846445,0.4387604066282098,0.5650841265825501,0.36782813256072977,,0.3631418897164832,0.5253415692490468,0.616986641130502,0.23668723846088108,0.49028429925584893,0.2932509018398799,0.20297288796458027,0.204010635024386
2024-07-22,0.49058529051042,0.2755691742788946,0.2867286560626721,0.4273491592623527,0.44169126187080926,0.5534695021333568,0.3745153154660454,,0.373980102288595,0.5318285387790865,0.6573101388813954,0.25178388426921716,0.478292077121238,0.30530498703118947,0.2035401635301725,0.19213731979940604
2024-07-23,0.4853373019971217,0.2820892857206115,0.2907176135129332,0.4270680581413929,0.45024425689049247,0.5608404045397346,0.39962926006472427,,0.39025944765499593,0.5442238198165464,0.6543068347668701,0.24805158039818456,0.4815980834639814,0.32214671187719923,0.19574078198710773,0.19855354336924189
2024-07-24,,0.2980971673740147,0.3264567040485674,0.4609103744140041,0.47909550988214133,0.5947212284229537,0.28372878984626204,,0.28868686326365117,0.5849016650588234,0.5157777214782469,0.2546605161357436,0.5003208312267808,0.3673971515659646,0.22125477042176775,0.24510457838867925
2024-07-25,0.5546397349058529,0.314542426947037,0.3538736259613888,0.4742811909455926,0.4892633410082437,0.6202392876717737,0.321538390609809,,,0.5880804388379978,0.5041074766446532,0.26411441668946156,0.5127767011949173,0.3624498406591226,0.2250982830242462,0.2468820938447963
2024-07-26,0.5440089719738053,0.3051068034807251,0.3312398053559201,0.4573855196832885,0.49159473646071394,0.6039192403583425,0.29067821889599643,,0.30301071493659354,0.5769426483618489,0.4767922843342171,0.26196482135300303,0.5207405820964476,0.34997461227339993,0.21682125476843817,0.2249469802027632
2024-07-29,0.5644391229609215,0.3167188873228595,0.361556051361692,0.4666778692498752,0.5051999018690695,0.6383315666417886,0.2843665334087261,,0.2936012880291178,0.6086236486895755,0.5048747517206004,0.2784726126745435,0.5523218047910053,0.36416948397219473,0.22475838085802508,0.23309777785030805
2024-07-30,0.6499254584116726,0.3239996692780368,0.3727152349163073,0.5134315526643659,0.5300032540011991,0.6718808140047972,0.29007908525668236,,0.29438541337876944,0.625322320653328,0.5059149558801664,0.2856965971032259,0.5927418758024141,0.3669536434454311,0.22497725348368358,0.20418987933064803
2024-07-31,0.5481191897658795,0.3423872727330795,0.2424616508263644,0.4697600691459832,0.5091052655675935,0.5204235026139524,0.26413824410333436,,0.2654947787508137,0.6032452616054949,0.48307782676345246,0.2916602439304847,0.595284493026764,0.38591541330449763,0.2240731226016285,0.2424269659309196
2024-08-01,0.6717177315607648,0.3500117580139674,0.2531549144264242,0.5383709021072487,0.563059707852839,0.5438686195033193,0.2880445352493035,,0.2904405460246816,0.3885823460313212,0.5277004921115692,0.3108172397237545,0.6561436981672992,0.4412810782292595,0.2395892547744435,0.23102315290858796
2024-08-02,0.7413861453813549,0.2958939447290041,0.2784830506192534,0.6028428070727279,0.3773991207894605,0.5867444286273192,0.32105844822732227,,0.2887059509764449,0.41467040417610673,0.5908528607803892,0.3610355860982903,0.6100622737625722,0.4641783078261986,0.26245945741498655,0.29143125711464196
2024-08-05,0.92769159754319,0.4201931089602349,0.3988633369786432,0.6851809219778349,0.5074192618605132,0.723242596091605,0.4492658111359802,,0.4697167952047454,0.5497511265019799,0.7299462208479462,0.4467680770379991,0.6304405520782175,0.6467685258368387,0.35651330037839524,0.4744241726230839
2024-08-06,0.7052585628743212,0.3019419546337143,0.2852083281887416,0.5666955485945055,0.3543891674988171,0.5591112222203483,0.31074125109691425,0.5122656171662405,0.30112184619785864,0.38861375534493037,0.5605787187454682,0.2543392306038105,0.4532080804132761,0.3447082302745465,0.26239479624677425,0.28770420820489134
2024-08-07,0.7335836917829661,0.304098569914126,0.2816568014287766,0.5918671854714234,0.34144825904789033,0.551343191980573,0.3109621588612034,0.5800533147599392,0.3155654759313615,0.3960536030893889,0.5799282158827814,0.26977814600298844,0.49531760005104364,0.3518094022828954,0.27489303104990975,0.29641352049676173
2024-08-08,0.6770303612836611,0.2693096380363968,0.2527301195006931,0.5399590503715244,0.3203737920082338,0.5051971804454252,0.27076456260393844,0.524878572493004,0.2803557244156654,0.36101948453532673,0.5230684765893592,0.2554978075633008,0.46905002866863793,0.3335031491771703,0.2527278481120625,0.26577769185956124
2024-08-09,0.6567827191852331,0.2600747758894371,0.2405091542624865,0.5102065944173685,0.30765585276059165,0.48431119913816717,0.2665671551276721,0.5022223910748661,0.27068588349736844,0.3331599909847847,0.4961151140061385,0.24717264130234862,0.4429706928571775,0.31599761392715586,0.23703715158459743,0.24341651982485035
2024-08-12,0.6997060641053952,0.254309088728569,0.2417235891723131,0.5094547883931211,0.30821061548099904,0.48342229590791014,0.2740056587470416,0.5110400697292081,0.2631260934768954,0.3304320443201548,0.49954391870943243,0.2505194899318955,0.4574205777892449,0.32809925767586284,0.23702198601023336,0.24200781725280096
2024-08-13,0.6404830297646157,0.2476821001238165,0.2150267557876156,0.4878383595044762,0.28615933863535414,0.45476990600036954,0.2489045572186886,,0.25570733023667647,0.3030118834434923,0.47702590408295675,0.2635628546160619,0.42773140692034484,0.3233682369461526,0.2248645975444749,0.2227116685704352
2024-08-14,0.6202443070020586,0.237682421323937,0.2020023269482204,0.4774801497376437,0.27632511285031575,0.44230790633090583,0.24546370938993844,0.47256628185775656,0.2513924900713783,0.2875050374855284,0.48394022206838916,0.2554618491532167,0.41321765995022103,0.3229227984627836,0.2139475553977922,0.21328117425650622
2024-08-15,0.5992956235183851,0.2218593229166351,0.2005684024055319,0.4697857338836265,0.2627559583023373,0.4455836093830399,0.23547407170119286,0.4657915205110713,0.2293863046226027,0.27354941801688254,0.4889983102681605,0.14150433537267537,0.3935428248520361,0.17966100362700507,0.1987956513429982,0.18731582842970437
2024-08-16,0.6081127696120424,0.2208229372561459,0.2009866521924941,0.4553282635607183,0.2596072096774153,0.43865806885026704,0.2305675820179029,0.4567602535806076,0.23728515877268105,0.27661639966782814,0.4954302877989561,0.15101471846733613,0.3934233699102173,0.1563917963055445,0.19189919110169398,0.19047335082928743
2024-08-19,0.6333155758021872,0.2170807358322788,0.1954828079709804,0.4481939444143116,0.24731986548595114,0.44988534953376147,0.22898945133130869,0.4659423196297758,0.22871021829030885,0.27165882425039384,0.48603679628188967,0.142337801114315,0.39725900334817094,0.14656270516897893,0.18438619631392084,0.18261720572354076
2024-08-20,0.6724102439332474,0.2158839712847735,0.2038259964938952,0.4629122511008003,0.25285370884270203,0.4682946023315662,0.23506777304870685,0.4809458476436243,0.23359229648200183,0.2795844760389541,0.48613710389946646,0.14639156684278606,0.40435063869024085,0.15358078558773014,0.1909248838990399,0.196791239918777
2024-08-21,0.6497796548223728,0.2163343383760913,0.2025552359162896,0.4601691264667985,0.2580801634083236,0.4585203175141074,0.24275231388393703,0.4704193928945622,0.2387376102093396,0.2879856859841741,0.4803475809361463,0.1510380640439128,0.3963626761611657,0.1601211840169044,0.19323827735816257,0.19528832165182475
2024-08-22,0.7318895018422522,0.2311948246810054,0.2280486037915597,0.4862239510997337,0.28188357585499674,0.48078446151306176,0.2547036238525164,0.5710779996911072,0.2556536757477711,0.30268026150105287,0.49306445814055966,0.1578836528931178,0.4410328196386947,0.17386818675456583,0.2027557931504141,0.2151660053481794
2024-08-23,0.6808314174474495,0.2170419435867693,0.2044508677747668,0.4735061089531674,0.25697794498189475,0.4530444452787217,0.23335190918717205,0.4955417906186411,0.23101397219289604,0.28248372513759024,0.4698796945127994,0.13852990578839133,0.4127073293203888,0.1446189992060252,0.18405921255036234,0.19071355211829916
2024-08-26,0.7589242120764917,0.2345507670388927,0.2236627780469685,0.5231010341598782,0.27173881473128425,0.5006029293565527,0.24855537092397106,0.5402961357822286,0.2422920110301593,0.2940446366478522,0.48610990314825764,0.14490810305130947,0.4477873335398069,0.15008427766433327,0.19232755384422884,0.19852467475906452
2024-08-27,0.7234893147303946,0.2354882714554142,0.2159856451739565,0.5202035052610063,0.2855847504887824,0.4820643655161219,0.23852818348623778,0.5354980171266459,0.23782709349332495,0.28797864699407244,0.4806538672119333,0.14789290601993663,0.4419559576177938,0.14585426996635228,0.1964157675906637,0.19656328231081552
2024-08-28,0.741609009818369,0.2414882796038664,0.2326289221638001,0.5413519491611795,0.2836379103808912,0.49501745026666116,0.2478881667116968,0.530617789830274,0.24685382157596927,0.3002613639451879,0.48699323027723507,0.14679434410579975,0.4681775904230441,0.16309253773576007,0.20235608750423853,0.21375694149698327
2024-08-29,0.5206892632288534,0.247571115752496,0.2174502893499316,0.4628983704903968,0.2674217600327619,0.445356999407559,0.24364028118834208,0.5260744984930085,0.24906086843935715,0.28215826697271534,0.46726301373853524,0.144397394615029,0.433177389125132,0.16716579029376596,0.19751016297542803,0.20826136043321267
2024-08-30,0.4593238264786058,0.2268587089528905,0.1908234573717481,0.4439555047319031,0.24279267993329778,0.4117654273516369,0.2141705047614226,,0.20285594225063036,0.25154222729578585,0.4472419299658937,0.13512268336398398,0.4401156831924389,0.14257176395078366,0.18551843437903617,0.1730081950695477
2024-09-03,0.588332127988629,0.2767753394474258,0.2440770530664126,0.5267770848851351,0.3093856022996846,0.5020033427504571,0.2717765611349231,0.6045887798363664,0.3009151809862792,0.30047985537107047,0.5169835392546124,0.16538858324013364,0.5438839386034907,0.1847570722844457,0.2313379094591007,0.23238903232057667
2024-09-04,0.5399194066720069,0.2818279491501456,0.2358048901633948,0.5029288391167848,0.30432279733652745,0.4806596214835371,0.2697212963603758,0.47943513082788164,0.2626385712305384,0.3074086216562056,0.5158777386757344,0.16199766507062627,0.5157577834972954,0.15535798681772542,0.2697452587860766,0.2298797395989966
2024-09-05,0.5292630612901599,0.2667405583861437,0.2348273872932727,0.5983785378485457,0.28507614424812655,0.4792639176032479,0.27176400758344876,0.47215456366030106,0.27350477716162047,0.30322386585841926,0.6081246871630522,0.16351141981203268,0.527165158532552,0.15516435471353224,0.2750044969703954,0.2206658622260248
2024-09-06,0.5636330661461549,0.2802803341833965,0.2539308457292836,0.6235987466391366,0.31852476180634604,0.4985186983592424,0.2925643810897363,0.43388869306537037,0.29618502207547004,0.3282014034217105,0.6485538398511094,0.1687587282352595,0.5486374339548132,0.1710068508523281,0.28334604332544516,0.23356071131036069
2024-09-09,0.5470727921199974,0.2704113765992909,0.2408782697124379,0.600140941001266,0.29460420526515635,0.48422660913010973,0.2873247960456818,0.40983548149598154,0.28594452250747554,0.31376380462391634,0.6285137746089975,0.16752072600899207,0.5308322008015234,0.18342171807236246,0.2818083520625314,0.22661435682678066
2024-09-10,0.5298789572377813,0.2598730736979995,0.2347674392126771,0.596701614926118,0.29259108149783514,0.5008821321866277,0.28499894997839353,0.4085938435724767,0.28233821736618553,0.30945354827530824,0.6299267277180891,0.16892842497955218,0.5173852633911196,0.16331198935514452,0.2793441260514379,0.21645967637178073
2024-09-11,0.5320765815661079,0.2375843508407496,0.2301211769077211,0.6021593052501544,0.27523538959923716,0.4939804441164495,0.27532597417923305,0.41051611713308994,0.2709608666617517,0.2986341023499595,0.6352326316488169,0.15864103857894593,0.5001562684426749,0.1520700998805592,0.27863293044166726,0.1972847130874615
2024-09-12,0.5304700882621172,0.2331249166216553,0.2222347872512612,0.6007894038123501,0.27606365876678607,0.48530691888593286,0.26532822964355934,0.3912185643409392,0.26739332071847294,0.295565262009357,0.6284419167892434,0.16313415946960175,0.5009465992098214,0.1529035602861572,0.27517442602701203,0.18768731218718365
2024-09-13,0.4989299809983354,0.2339291545618307,0.2151999666110738,0.59760423394861,0.2670895779027935,0.46962237879991386,0.2600430209042637,0.39737477940251126,0.25008895556586813,0.29022953203412477,0.6249545360859857,0.1625493992107401,0.48631708613380326,0.14020049765136985,0.27470573339164983,0.186556454500353
2024-09-16,0.4996449939024295,0.2471543518735147,0.218514119256302,0.6163702636171378,0.27460607604391685,0.4861599311229336,0.2575166767282356,0.4055954722854075,0.2560107284869504,0.3035160696403889,0.6330390754820615,0.17389553310069145,0.526215804985338,0.15630951335948665,0.28208251689144953,0.1920799316405754
2024-09-17,0.4941171493144797,0.2468299986572618,0.2163586826369911,0.6009113142850017,0.2778565275991107,0.4750762038006943,0.25156462138276414,0.40758625393918374,0.26061365571046147,0.3061287090120175,0.6330592273226668,0.18618697240622195,0.5225155277703714,0.15756718984178775,0.2861370591079841,0.19651842778869483
2024-09-18,0.4897922358001227,0.2443231325036164,0.2159290985258822,0.6032286268890811,0.2727939491234481,0.47256155144166734,0.2546110907754568,0.40564380983743653,0.24661588509910876,0.3052836045636244,0.6270850478018554,0.1712196218666344,0.5099298191126275,0.1462130850975243,0.2875962987273193,0.21033831511680567
2024-09-19,0.470828211442666,0.2234294479377116,0.194569473950066,0.6007946231373366,0.24729988362144512,0.4576230321692578,0.236973774944242,0.3954258476432418,0.24357173205075788,0.2945547378646638,0.6286368817982979,0.17142975537178654,0.4863332205485462,0.14310932615477867,0.28559096393485617,0.16854597378940678
2024-09-20,0.4573438545468414,0.2212110694579523,0.1898899143836664,0.5844739412195101,0.2287663227255408,0.44548203588643176,0.22389342120352365,0.3887487352358717,0.22802342390724326,0.28605958230914064,0.6199630483467737,0.1627549339348866,0.615633528003559,0.13752561704070412,0.28378514636434965,0.16545076187168928
2024-09-23,0.4430660608240795,0.2097758375147727,0.1867239919966504,0.6164214535740999,0.2346438629195957,0.441757979059867,0.2292094798108692,0.3877585294053422,0.23232136751805846,0.28322508988992534,0.6689812161400055,0.16851729909625796,0.5430297320530649,0.12440930921005766,0.2742022631116432,0.17290249459387225
2024-09-24,0.4442958082042318,0.1850427014716059,0.1909432262456982,0.6187695492415144,0.23175254639404355,0.4350402090704703,0.2299210903668413,0.3790462713734481,0.23334779957568433,0.2781421403361172,0.6886339770180437,0.1634912353580549,0.5132792410199059,0.12281893733562053,0.28347052207277795,0.17452170213759785
2024-09-25,0.448220069566874,0.2099456561059609,0.1955039365235917,0.6581912809743841,0.2393222998184966,0.4414768340989227,0.23266130228331303,0.3765419954682641,0.23234990908109754,0.28491379856856175,0.6986195605005378,0.1734070715899174,0.517349645725562,0.11875241480089883,0.280813447487155,0.1867620574571002
2024-09-26,0.4420763092631873,0.2089827761779118,0.1878324484573919,0.4405905933589623,0.25164904135746713,0.43975829709759945,0.2329880993083604,0.37826338420961036,0.22700786355948913,0.2769100829594852,0.7245305512287723,0.17973692309981817,0.4920683611776492,0.12329288717480054,0.31351539207967716,0.17612481822248058
2024-09-27,0.4565869922208235,0.2148084124488853,0.1855485427362469,0.4259714958860825,0.2512167172122069,0.4393497232570228,0.23244655844880008,0.3670080176808617,0.23164717087325054,0.270062147228818,0.7752969112507857,0.1744175457319833,0.47372040907502677,0.11808460604671232,0.22590266610384427,0.1750723581832342
2024-09-30,0.4488145619708443,0.2123576556176173,0.1998528509297627,0.4331800632181722,0.26706938443929024,0.4413112158177394,0.25177026373365635,0.39526180950667833,0.24273487198361715,0.280387162561611,0.7645344060483842,0.18723241165130497,0.4809843252694888,0.13446744725755994,0.21916948456873048,0.17691698072668113
2024-10-01,0.4773668396556057,0.2389534484582714,0.2272951912396914,0.4540731038222424,0.27877358671521413,0.46799931258955385,0.2627621229721518,0.4436567182102833,0.26000729608230666,0.2918403623448405,0.7412339632125288,0.1969191828884696,0.4873938495137488,0.12322459497313208,0.22675862262502522,0.20266999079925296
2024-10-02,0.474583041161425,0.2260731592099842,0.2783590683832465,0.4607092587904753,0.3688932531730474,0.46692967066385976,0.26275477453509666,0.4303168897911806,0.33203929787982345,0.42247203506428616,0.7003054805496756,0.21654852957581447,0.620801835041623,0.17055064673592432,0.22975627916084804,0.229343091964359
2024-10-03,0.5083114710350811,0.2718356616947875,0.2808080033031039,0.4783093470363561,0.3784463923290534,0.531319654810746,0.3344644322410084,0.433508292344189,0.3501764152047407,0.43861292253865714,0.64714528619432,0.2167741320222483,0.6402225333256684,0.2560958939557431,0.22985750825570478,0.22981923724306424
2024-10-04,0.4830873094961253,0.2610222035735754,0.2763770986779235,0.4579563689666691,0.36675535302205486,0.5152694121265082,0.3112667994914567,0.41130970776190157,0.3197586610123869,0.4243866421047506,0.6362676517009414,0.21088542191312726,0.6291692314877445,0.24176753480542656,0.21909127834998574,0.2169393797280548
2024-10-07,0.5105214257138477,0.2856696511524654,0.297169384446629,0.4858004813587567,0.3952500608673354,0.5524728393813589,0.3446140204946931,0.4365983138791861,0.3424768711282131,0.44910155591390205,0.673418925446344,0.23141564604930226,0.6550423587356483,0.2630265372908236,0.24236356127867767,0.2366284060708304
2024-10-08,0.4899517375078229,0.2714898769706815,0.2865510508555869,0.4683567404997508,0.37461081015803094,0.5471676012001084,0.33582537752135805,0.4329309873754156,0.3364234388218171,0.43678600118991473,0.6550526812125319,0.21386656525302397,0.6564537136191306,0.25788367862766304,0.22327423752702233,0.21584670016068838
2024-10-09,0.473569485852484,0.259462600974289,0.2868631104829172,0.4628479701546779,0.371542473614498,0.5412549347265382,0.3349572144088789,0.4234167512833996,0.32138419070574836,0.4361995852055031,0.6527331813837765,0.20823452647447588,0.6480438209578746,0.25960431831298875,0.22406710920716957,0.2053056869657032
2024-10-10,0.4833921906638084,0.2604419252777638,0.2869656730501058,0.4620864064870246,0.37080657410240186,0.5447340019161884,0.3374254429940532,0.42065921811435103,0.3294847639420098,0.44602922820437335,0.655555237493868,0.20780530189233057,0.6482817092005545,0.2594794580962688,0.2252883921580571,0.209962619248539
2024-10-11,0.4639108259013685,0.2520408543722197,0.2849142701330207,0.4453294348119727,0.3612248613651346,0.5155330328285699,0.32446177449871827,0.4106000079632203,0.3218512339042598,0.43985246340330847,0.5833070888250598,0.1996492330320097,0.6419120507883445,0.2524237802013012,0.21929890587398063,0.1999361122304852
2024-10-14,0.4652043358793031,0.2553414689234818,0.293736061066951,0.4445750314923945,0.36989972776074137,0.524904549282822,0.32869629171498205,0.4148112417930069,0.3304114475104915,0.4477828246489081,0.5641480068612055,0.2072253131998363,0.6520603576115293,0.261564083022194,0.21742230599857132,0.20137543366188787
2024-10-15,0.5168981035863254,0.2592627321478816,0.2909213595361268,0.464635359919519,0.3798024283713321,0.5547517225350866,0.3412791301152314,0.43464640650369196,0.33936603818380584,0.4571301051318276,0.5679834920528649,0.20170731033267927,0.6780325941182618,0.27694547836205463,0.21967532001431517,0.21471280952506758
2024-10-16,0.4961261065997706,0.2543759868854711,0.2943229152831909,0.4678335163056075,0.38526494710589343,0.553828117895378,0.34281993712173014,0.4345296882671554,0.34249203895588126,0.46163898432634787,0.5584393269956459,0.21413997813932653,0.6940207148540205,0.2750347542789202,0.21834866229376346,0.20962492594883783
2024-10-17,0.5012298093327442,0.2528773977455423,0.2928148654134412,0.4654973572024437,0.37484861145088416,0.551335871063774,0.3472364858695661,0.43328840490884096,0.34622460059903365,0.46383916469749664,0.547966245267834,0.21154633631467237,0.6819102560935727,0.26360998861491836,0.21296019892279947,0.21639465817430495
2024-10-18,0.4706849460046065,0.2435429370193896,0.2801137325516565,0.4431015059398918,0.3722009207580717,0.5371135554305893,0.34201413877348835,0.4192726574678814,0.33994707967043974,0.4516866560304817,0.5387705158069035,0.19832886756818005,0.6582359683137526,0.2629830531082109,0.20389577276894452,0.19860748511480142
2024-10-21,0.4986822876025714,0.2507375492186269,0.2971620297345861,0.4612284321870365,0.3934953924285946,0.5449146707251823,0.36065879403638385,0.4319144243282592,0.3596614215028032,0.47109919098842457,0.5605216408363357,0.2158440476584486,0.6806786162063777,0.26429482324324155,0.21475618189787338,0.21011418019060946
2024-10-22,0.4968055465205765,0.2575186759534262,0.3058780513923967,0.4679657896474768,0.4085184052650625,0.5546931046533613,0.37266374102775274,0.43711749826368074,0.3832977222856354,0.4880014644975411,0.5821710864798127,0.21858598339909088,0.6993949161437653,0.27032190170571807,0.21435395332043394,0.2044461402435544
2024-10-23,0.5062486204338221,0.2808858110579892,0.3230443473495636,0.4834488942368354,0.4347354234599841,0.5634694974431566,0.39200007473912335,0.4533795788741376,0.38871762689076095,0.5115689780632084,0.6474827643574831,0.22213248107774486,0.7189004850680774,0.28615931535348044,0.22461785456671268,0.2374055443342864
2024-10-24,0.4868865635102266,0.281335460477272,0.327471979763682,0.4668439741552105,0.4323846501115605,0.5673111067519514,0.3987416673391101,0.45234493168823686,0.39800076545632623,0.5092738006463328,0.5740618279072157,0.222249875203304,0.7095577554047755,0.2965799692937938,0.22240652495672467,0.22841063229580105
2024-10-25,0.4742016112124431,0.2816102416792547,0.3242447333391984,0.4611020991929668,0.44130086167388366,0.5659005841989514,0.41018212773132523,0.45709459592482043,0.37792402740955744,0.5208281519604134,0.6120822588923746,0.21512081716508505,0.7155977787395981,0.29915254616641795,0.22252088185713348,0.21949155540981868
2024-10-28,0.4825765436108645,0.3113658880391782,0.332987983885213,0.4850007236183526,0.4709813342363165,0.6106108784946719,0.47711675228574096,0.4615430559879183,0.4680804423166516,0.5575952673673421,0.5945696232853068,0.22265607003291335,0.7560968051990776,0.31168499671439864,0.22806757955314144,0.23492884002172074
2024-10-29,0.4841139868505912,0.2935873899255435,0.3725755785244691,0.4917142142457909,0.47928920745071857,0.6414523443579152,0.4764773708400317,0.46560879374589564,0.4654919138346785,0.5637314840621318,0.5550395224363186,0.23062522036571279,0.7993206119525934,0.32682630199553386,0.2289296499464363,0.250687338766093
2024-10-30,0.489994740438633,0.3253583748604682,0.4020098202453974,0.4991066239345802,0.4943296425085413,0.48972870324295187,0.28788968330340764,0.473961820822494,0.2826484585745845,0.6606103315223236,0.57013242287499,0.23844163427561868,0.884916840769939,0.3492015026639594,0.2321263924758827,0.2298512900978283
2024-10-31,0.533215152777603,0.3550016267616968,0.2888931115586537,0.5125296860582698,0.546197774021128,0.48829171323078985,0.3084553541734789,0.5326468732283428,0.29337020755511756,0.38018817434838736,0.5583095262873988,0.2512162303426372,0.9768392938562844,0.38308337992794855,0.2540228289867482,0.2879878861697687
2024-11-01,0.493116008578998,0.2612895716936378,0.2514244020460823,0.4874381039442866,0.30323619774818394,0.44666998174458716,0.27302158606674837,0.4812732453575242,0.27259276460249515,0.3461751478777898,0.5608060436274902,0.23932148615902235,0.5858333073202965,0.39512694651740693,0.25085349381126276,0.2660384318998991
2024-11-04,0.5214056409331305,0.2661466647413847,0.2627846200290822,0.5094550161266327,0.3037254915090699,0.47192609762282933,0.2860908136351991,0.5091756925949305,0.2863344285852822,0.3647742666650783,0.6545585960265203,0.2608632797247679,0.6129969406021357,0.45922430470220355,0.2727697113487275,0.28415610098166355
2024-11-05,0.5406577109044517,0.2243916602663782,0.2174339231203167,0.5349360439524983,0.2641434899429721,0.4274775597655448,0.2488654694733069,0.47024160452292846,0.2496420619123406,0.3094867306762859,0.5405935606312955,0.276862621635344,0.5221671687050148,0.28892479627238665,0.27168034360688226,0.22320102157630742
2024-11-06,0.5132526825711946,0.2043286300847187,0.1901171475583073,0.5264315602418903,0.2588551520269488,0.4008354834312941,0.23118364609669217,0.4448433674645482,0.2249605336520054,0.2935162369936147,0.5476575528249888,0.25280208586948577,0.47515736156665156,0.2543689471785217,0.25454708623327343,0.18140696467933634
2024-11-07,0.4965391944720888,0.1979799913437912,0.1801018874627661,0.5011284818947785,0.2460287779071428,0.38320502925179484,0.21441464208650907,0.42557514583246253,0.21442554928352608,0.2731341645008397,0.529462774560228,0.2558349946758254,0.4574154881854297,0.47743882591269926,0.2487395246622791,0.18189201452998777
2024-11-08,0.491831257768372,0.1962449939946691,0.1793465647679492,0.4913723676187844,0.23254093346294086,0.3817462159827145,0.21101006128511213,0.42161991466699134,0.20881641154527125,0.2712939413650517,0.5726410381810545,0.2516540775111434,0.4209906138552512,0.2568311187032704,0.2576008834121983,0.17014234947557913
2024-11-11,0.5151519689645211,0.2000336552542621,0.190598422759971,0.5070951212167621,0.2489974980830933,0.39889821331572123,0.22064417623394086,0.44055219984081107,0.2181155228322362,0.2831632478618955,0.6563920150207548,0.26375981138465343,0.44530970283958093,0.2736616296430137,0.25195107976096054,0.17392218719719538
2024-11-12,0.536890479872196,0.1996534603726109,0.1904118533335236,0.5259195897012673,0.24558348893078907,0.39637162989305663,0.22298197207829468,0.4423135610332163,0.21875373892736796,0.28564478373743146,0.5896351823772672,0.27515459432579215,0.45303091452290983,0.2666102110854532,0.2550668931603428,0.17534848502088402
2024-11-13,0.540682284902786,0.1958258171915206,0.1907132851277473,0.5264189017671917,0.24687423052844906,0.4032342495954703,0.22097538461352179,0.4527566190202988,0.21863478846874004,0.28039944264224564,0.5737731921642866,0.2671121960857781,0.45660920087614726,0.2764635709176965,0.25201739330117656,0.17294260072189424
2024-11-14,0.5380695004268109,0.1893426301182713,0.1859439305053432,0.5196051178319473,0.2477109830172789,0.3913529168567206,0.22102191557907722,0.45149806012995286,0.22040847549599668,0.27094207821800537,0.5641238857103621,0.27018187790659726,0.436353958051695,0.16459211884285924,0.2491160063126306,0.1563675574188056
2024-11-15,0.5707216106447089,0.2065382719784444,0.2044473480389779,0.529013885188519,0.2718324824055753,0.4034150315855718,0.23934962339404167,0.46633227049709386,0.23262323693627882,0.2942355723295298,0.5858322160003911,0.277888360175539,0.457199064851096,0.16135933322353405,0.2578698812575036,0.18650200768855216
2024-11-18,0.5635315766752759,0.201611856592121,0.1982328407319263,0.5313020394566429,0.2781946974401744,0.4403371047299381,0.2319841888644955,0.47543362758652047,,0.2840774385065583,0.6200262197518974,0.3069622345486215,0.46689221699276395,0.15911234402523922,0.26481244878367655,0.18573140732706606
2024-11-19,0.5405641633390084,0.2141780119051631,0.1925064996239256,0.5407808530747593,0.2705032085337985,0.40913878877631427,0.23016938493464564,0.4817911311641521,0.22006446008729674,0.2855279247033112,0.6325251084516084,0.1862114351775417,0.4594572248058295,0.15606848196039513,0.2649481609115805,0.1913115404567511
2024-11-20,0.5743690704472062,0.200412302871435,0.2047633165130078,0.5539079465947799,0.2840436690959164,0.416298883520961,0.24307375180341478,0.5132503923202351,0.24091400449391034,0.29364297074675405,0.6168302784431668,0.17886817358088627,0.49490432315650895,0.1638598684397372,0.2717237331468406,0.19655968557584397
2024-11-21,0.4311695701304124,0.2074522705279036,0.2089073385554802,0.5318314083752373,0.29610563908223697,0.39114706762062484,0.27269351074437026,0.479013355974721,0.2679904177673058,0.2932784999713638,0.5988719831783571,0.17785980655566713,0.5178838112630957,0.16604437206058953,0.27844917932943053,0.1810053437953103
2024-11-22,0.4186753185447731,0.1887384800761255,0.1955246838792881,0.5805775951612179,0.2814294265349362,0.3726831573452341,0.25759384936290136,0.4655281107882053,0.25510709614145055,0.27524294030622765,0.6237279954190476,0.183451078434323,0.4525955939703453,0.16100165284480664,0.26669433673974585,0.17023093371029543
2024-11-25,0.4200789658823857,0.1880780328083519,0.1809074711442285,0.5911104476357621,0.274855432911072,0.3716642625526596,0.2323635303808548,0.4793366204799051,0.2345106599395606,0.27565201441614456,0.5775564056500442,0.17891709241375572,0.4720824548185086,0.16030409896714573,0.2695648387858339,0.16805599540790975
2024-11-26,0.3887267158775555,0.1775512147285371,0.1852477969323427,0.598560389884776,0.26521038241273787,0.37550971527568366,0.22583735643246633,0.4700141963583036,0.2293159360688708,0.2647924905127465,0.532244679584727,0.1793287282570956,0.4642034102784217,0.14926614385472797,0.2636056655534303,0.16127014666169984
2024-11-27,0.3778585236500232,0.1764395630132047,,0.6002623112668952,0.26244635751494744,0.3568568648935101,0.22362246669266614,0.49069765174380164,0.22383831937650345,0.26012395093563195,0.4940618549695848,0.1771670127554296,0.45761836019596236,0.17593845582549675,0.2592840213136019,0.15520030523895761
2024-11-29,0.3782058875659379,0.1718526262920329,0.1781854227555786,0.6304828358607161,0.2606879003955045,0.36099695564788314,0.22211307205073294,0.4666591368479433,0.22383527136209475,0.2607539545582832,0.5052013267907967,0.16712986366858248,0.43485065270536893,0.16331061509060374,0.2610357507876837,0.15084498068885704
2024-12-02,0.3750447780241511,0.1785495509556669,0.1828590671500382,0.6485966886657251,0.26136181631880906,0.3788446288440445,0.22370660066947393,0.5051178407897214,0.23568390343866766,0.27966940314951594,0.5518888683923446,0.182648784284182,0.4969464269463647,0.14043092800379162,0.29593934616256706,0.16172101779996978
2024-12-03,0.3583498675933685,0.1755233404968108,0.1808562650266038,0.7017901343482555,0.25250781747533135,0.3776003619216809,0.22177794030569623,0.47900599942820044,0.2130217589038922,0.29494563327719947,0.5134965203984453,0.191886524502953,0.5388233532656708,0.15646364589363654,0.30397199099460953,0.16124796222066637
2024-12-04,0.3415482281844283,0.17510931162323,0.1836008480651917,0.5152782905279252,0.25781181496754957,0.3693447341157867,0.22233654489667018,0.5241571885549458,0.21024959885050173,0.2744190937250873,0.540986238229615,0.18705136133248668,0.48575510837135505,0.15405102350219865,0.3026994344364527,0.14314764703948982
2024-12-05,0.3842212595649554,0.174858661326294,0.1858691244530069,0.5296082639980165,0.25147165548937456,0.38558333508628384,0.22593563565067112,0.4251549441762441,0.2246284557340694,0.27741491270789137,0.5706903941006016,0.18686497982220673,0.5276808853562763,0.14384007151429185,0.23788893828450225,0.14723127123985416
2024-12-06,0.3869886073596483,0.1674030813152758,0.1953162156999675,0.5273490144460243,0.24911471626110163,0.3812566424770391,0.2240814812033392,0.4152938830447798,0.2220742265295326,0.2773076060905754,0.6024867001558868,0.18435404613146222,0.4850486082401558,0.1399481423583871,0.23381647145399304,0.14325721872023692
2024-12-09,0.4121754872057945,0.1835997308453569,0.1941822879958523,0.546909312776743,0.26479830061728715,0.4130101561079981,0.24135596732734635,0.43982989078209445,0.2281588129523332,0.28957102138328117,0.6238354228609494,0.1954546929092853,0.5040236543361598,0.14679362089272277,0.24571683191689053,0.1544015167273985
2024-12-10,0.4194968394723601,0.1780488286986496,0.1918919980046091,0.5768747773862257,0.2636574668266697,0.4062857198185404,0.23850584365933336,0.44270385882869584,0.24102343901094866,0.28785936345410706,0.622245671592996,0.19541148386908394,0.4985709166059147,0.144163067288366,0.24796783521292598,0.15678739776757525
2024-12-11,0.4085996654051409,0.1807006970168942,0.1878308621020948,0.5629326548645986,0.2573581579282439,0.40811114476182386,0.2896578249935066,0.4562459368661851,0.29026150959377284,0.28349157790827123,0.6416776614595765,0.19431882220748545,0.4948398364360352,0.14872120627026827,0.2417350918472128,0.1428400559337671
2024-12-12,0.4098860904062616,0.1752414769793161,0.2002281296526713,0.5892337444206626,0.2582152220511041,0.41134233571932044,0.2586464495493295,0.47199057666338445,0.25632883595900396,0.28006335347466393,0.619364626052726,0.19687028148208305,0.5088894291253989,0.15107241589923123,0.25008690061680106,0.14522257837995742
2024-12-13,0.4254245751328597,0.1714164292586016,0.1886391400782873,0.5992551807367801,0.2593839308434587,0.43215963024487114,0.2553175179474641,0.37449441312966214,0.25260282651116556,0.28074925010984886,0.6435604890823275,0.18659546743394906,0.5197040195456508,0.13500128807677836,0.20271380362618555,0.14179010525867902
2024-12-16,0.4638203775630546,0.1820923394255475,0.1868458441465504,0.6783827214430487,0.2650247140308789,0.46062511408691853,0.29210638987111154,0.4356629868280037,0.2775744170686425,0.30143077219047293,0.6924072048375765,0.1939852239692828,0.5372126873788311,0.1482137839610045,0.20289092843198636,0.154327475767757
2024-12-17,0.4751814189659454,0.1811652051146206,0.1983744982321119,0.7054530308380769,0.2763501043341771,0.4534816331875976,0.2749110231248663,0.4287797437371644,0.2765278605371136,0.3096551586616252,0.7171354186259857,0.1942766321207194,0.5267573590052314,0.15782562205585612,0.20514450135582757,0.16231113214859397
2024-12-18,0.5153740852610891,0.2040131067514172,0.25057806726553,0.6889085354161664,0.33885725881905077,0.4670494740054939,0.3028582956321783,0.4395760600779942,0.31305419065188955,0.35087648846403613,0.719579921480459,0.22025401577838621,0.5498684537189747,,0.22780988549024592,0.2077594167221506
2024-12-19,0.5363537545362898,0.2193828317549523,0.2585866236216261,0.4619823420158422,0.3129053023008032,0.499417780460102,0.3012502581479764,0.45907289710613736,0.3384272699281853,0.35038621205581155,0.723666778768831,0.22859116961278483,0.5882152903812216,0.16623793752459326,0.23223187483517893,0.2133084132379145
2024-12-20,0.4704025702754731,0.1677520180799236,0.219043453137423,0.400972589787493,0.28607726325270133,0.43696190673262264,0.2594046004069349,0.42852966610044807,0.27152655693194633,0.34601160399001185,0.6774928884771151,0.18507353487806086,0.5113177192411499,0.1492392830931782,0.1961310926402151,0.1895743790478879
2024-12-23,0.4306511373934176,0.1787578624206968,0.1953007324889106,0.4006593374576633,0.2618491832261229,0.4331790590546607,0.2590071455392859,0.4548139290051544,0.2646619341723453,0.30491955995537057,0.6406210366526254,0.19140969663329355,0.4745686606500055,0.14422646161108782,0.18580521796290833,0.17790065491483767
2024-12-24,0.3951232314433358,0.1682572942674216,0.1749398707177048,0.3786841260672023,0.23181430771430464,0.39884839194371513,0.23956872622397524,0.44017775691779026,0.24120870863878427,0.2878004452389896,0.6422015459830435,0.17005223571981323,0.4260698373413777,0.12355778848296245,0.16284819017451793,0.15786063016679747
2024-12-26,0.4014763533614291,0.1738124052038523,0.1861433022141707,0.3603580127061423,0.24706954288340485,0.3965911011348238,0.24025835800634285,0.4703354703589628,0.2180365650574719,0.2975657947654288,0.6439332636235157,0.1732398927734173,0.46336181269730436,0.12809568159698545,0.15095667913116906,0.1542640974201863
2024-12-27,0.4214626708438025,0.1812699313399694,0.1915771857124274,0.3676382630481079,0.2566591335196015,0.39864417605990204,0.25188386428144055,0.47850012222382377,,0.3011344212094198,0.6183631373382144,0.18353206113678075,0.483287606015237,0.1315092108347167,0.19166539930085413,0.17577656666219024
2024-12-30,0.4442847445125969,0.1833321073796033,0.2010038379979707,0.3974590139422389,0.2633525639884476,0.4102558655069036,0.28152533056018675,0.4487711035224791,0.24995100896291006,0.31277503001978096,0.6076124925408634,0.18751545347257573,0.48329221339835854,,0.20815291124500124,0.18409680212832982
2024-12-31,0.4430468130181074,0.1922175023907759,,0.385765992200586,0.2765312992130378,0.4019704496293939,0.260554393050687,0.41150580755371485,0.2609120202308444,0.3063390344694709,0.6151413149302838,0.1960827399982425,0.4898484908872691,0.14499145130023045,0.205184667444565,0.19734607591038555
2025-01-02,0.4491855131895492,0.1981862217785439,0.2239351220537786,0.4027929679379434,0.2758564917591676,0.3994001815540481,0.26316520587900294,0.4349608138074086,0.261156396140423,0.30759202610711045,0.5654000697800771,0.19326097299975714,0.46456337502310346,,0.20564185499948764,0.2086953111060245
2025-01-03,0.424848432007729,0.1938289212623614,0.171921477686763,0.3657637155573509,0.24857165205402754,0.37868458478375877,0.2143860419749368,0.30297237802837346,0.2674859447201179,0.2851325949102637,0.5763124959152379,0.17213348729852823,0.4283319169645237,,0.19147816367184314,0.1682793389325584
2025-01-06,0.5015487467213529,0.2023789659437535,0.2035266736236161,0.4591087039740339,0.2659151441589912,0.427118863266212,0.26772383731954946,0.5148957360517872,0.2630498892508406,0.32318340605188756,0.6210037750530517,0.18978672692946136,0.48226601973603833,0.16744916301405777,0.1995970637019793,0.18732694636770125
2025-01-07,0.4622858005648298,0.2400711613221302,0.2500854382925709,0.4484157711159883,0.3493155408882731,0.4989225567059291,0.3142965353963399,0.399712262464944,0.3092827715893034,0.4119467310664435,0.656633708680778,0.2617930141266202,0.6091358911291166,0.2472302706973829,0.20018875448207496,0.20121401393186367
2025-01-08,0.4376603370288349,0.2294688139007716,0.245929732550537,0.4269124539505606,0.34260643986193384,0.48820502904277774,0.3192692265293739,0.3831425416506637,0.3315133893427625,0.421168897832344,0.6331713951130453,0.2592398838995248,0.6004402764838699,0.23673799779664037,0.20402101382124865,0.19274008179231628
2025-01-10,0.4303325346976375,0.2560627360203513,0.2523453804481348,0.4349735921039077,0.35252494646748966,0.48990886742978107,0.33392271825167513,0.39809610318682725,0.3286500046198039,0.4261599981173253,0.6274129701171063,0.2707749194465323,0.6178396285829166,0.25613126429924826,0.20604467249524872,0.20942200609177314
2025-01-13,0.4498594369544062,0.2541794468247919,0.2509887889409393,0.436215555345044,0.3583935047430021,0.5003512244083526,0.33015799309003885,0.39897598707876925,0.3289059795526403,0.4334141669994778,0.6569322687959338,0.27757526206088406,0.6046385339162305,0.2596692915066017,0.2082600368362777,0.21284680711158077
2025-01-14,0.433446830147557,0.2513868845298124,0.2532673574873963,0.4257503824891989,0.35575120226213897,0.49298514632904483,0.3241224294707275,0.40184190600095915,0.3206856624185178,0.433477755582246,0.6520490583633932,0.2721092943879042,0.6294501006973241,0.26159053339643024,0.2100752962507308,0.2156054649808406
2025-01-15,0.3980541485869276,0.2273118020492834,0.2315173931906236,0.4184210749000533,0.33754407131279635,0.47359191090192215,0.3147218074136763,0.36960187864250316,0.2746953013000071,0.415380017013595,0.6666816561308843,0.2589098983449513,0.5999328504730675,0.2593162561522759,0.1856618583418242,0.17454691182898932
2025-01-16,0.3974531172253356,0.2655894652570342,0.2412016955593616,0.3920620589024877,0.34636654157873403,0.47026321687484496,0.3341597928497591,0.35484112700593873,0.3118463548178348,0.41797026635667966,0.6622154895555131,0.26240010369897837,0.6008395818036951,0.25132984704013145,0.18575919955167244,0.16603990988069428
2025-01-17,0.3795843036369398,0.2524131032506456,0.2300759555473874,0.3774762815567207,0.33618108603910984,0.4600767060366792,0.31631048709901294,0.35154413848828703,0.31000138652280307,0.4137736599342233,0.685040326900965,0.24769611420924834,0.626632961619155,0.2429976710306997,0.17940245043189626,0.1692306000903623
2025-01-21,0.3771655918780608,0.274767972753805,0.2363803503482996,0.4417274567525699,0.3484284816003122,0.4780981304244449,0.35775536751704445,0.3715997574054822,0.35281294737911767,0.4194584520727164,0.6786457578624916,0.2665776787078638,0.6495130859067411,0.2607410490294775,0.18225888368171986,0.17658430864070582
2025-01-22,0.3822994084933822,0.2808535035734285,0.2453211420748302,0.4058308620113592,0.35629692830580845,0.4862304597372739,0.3452967144892387,0.37090212274132495,0.3355788766880475,0.4322435179361884,0.6636171368595973,0.27092387557232156,0.6818066655835264,0.26926767839300586,0.17907289418803532,0.16120574731259554
2025-01-23,0.363223057254455,0.2828173868737713,0.2464705940824584,0.3964650471668616,0.3574029590739055,0.4933966758052042,0.34785885574898234,0.3524225567114254,0.36590346826288994,0.43605582596508935,0.644976693461968,0.27582392591700566,0.6339919387241985,0.2899876218698096,0.18384093309778649,0.15849928386828788
2025-01-24,0.3758821567342868,0.2867102537513905,0.2294884037735702,0.3912634550542025,0.3587030515904885,0.4995084045574914,0.3543004635220156,0.36765963151007497,0.3386796155635436,0.4208771329457057,0.6181894824542863,0.2777475540019152,0.6503404710548264,0.2590254739116874,0.1736727975940339,0.1593816527478002
2025-01-27,0.6379370396339008,0.3041147344027362,0.2669147484476823,0.5301839942953029,0.39547314335386674,0.5983758720967451,0.376992541435426,0.5779613885649163,0.43753589117579134,0.45428688782804827,0.6451964676208036,0.2844344909571881,0.6721671659066667,0.32610715049121913,0.1883333805868063,0.2139848422827304
2025-01-28,0.4280590509040556,0.2992972598898268,0.2775988010634189,0.5005453524382266,0.3998419814576249,0.5770536239933375,0.39920270689940135,0.4798909955597055,0.38835778701110146,0.45674088892667747,0.6813546107962396,0.2946635616264202,0.711545575748382,0.3054576341896976,0.19199385017448595,0.18730136922794569
2025-01-29,0.6121653403011394,0.304855687584377,,0.5320382693796142,0.41437238730057147,0.5982906031538067,0.4194807181930525,0.48252075810742284,0.41341162914421825,0.500089942360448,0.6694305520081614,0.30621337827737977,0.7556892004425224,0.3299722703648908,0.19244877295282045,0.18234562641279023
2025-01-30,0.5948100942827395,0.3003644798298826,0.2182228698055462,0.5209744500782688,0.41428256653554185,0.6094992826546456,0.3813200857705812,0.4532364893440668,0.3928758226763377,0.3035695257052108,0.5545307138977845,0.3110321471495682,0.7922215814506149,0.3220642640734607,0.18612555171745357,0.18676900642746247
2025-01-31,0.6333323130621928,0.2280169163286028,0.2237076509099817,0.4703665125744382,0.41405367587156705,0.5778317407001006,0.3850443190190599,0.42690591965570185,0.3834907500965726,0.29047368828316067,0.5289662713641199,0.30824316312549804,0.5028019373015675,0.31564101344057605,0.1940096923165036,0.18381826383924546
2025-02-03,0.6088718251342681,0.2618728979661936,0.2555678828487139,0.5014479755793664,0.44989161464967314,0.6326998181444867,0.417437969618982,0.4735068485734268,0.4270135466700246,0.30734067774389456,0.5687621478881776,0.3356311059055336,0.4959904417797207,0.3493671059578025,0.21843124179281115,0.21559671422176074
2025-02-04,0.5262518184977012,0.2259507666080765,0.2051713861468903,0.4648540236564576,0.4484532787393522,0.5871538727095276,0.4433620132180916,0.46014967522255795,0.3508417338534491,0.2940261452891363,0.5331952681041077,0.3295990771891464,0.49892662091572504,0.33197978715466886,0.21080559491412065,0.17559658213155144
2025-02-05,0.4906254533048036,0.2220631630198754,0.2055271945878115,0.5137806941988404,0.47892866892902897,0.3888745379048888,0.2585021829006704,0.4230459334925482,0.2646506613998156,0.2871414892260934,0.5151312456249899,0.3526918055670002,0.46982370516269156,0.33480584161270127,0.25249827391096086,0.1926713856463956
2025-02-06,0.5977013453303974,0.2069544424878592,0.2068296320641522,0.5089606884831972,0.34505701426670665,0.3975495272734925,0.2501058999682533,0.4998731705069703,0.2527412110386453,0.28159588007015424,0.5120975863725744,0.2599247373591395,0.49691542586668247,0.25823867396769634,0.24792887852860118,0.1686575692720046
2025-02-07,0.6108145890707787,0.2242754550882862,0.2000620837864473,0.5124169536813269,0.2737560631899582,0.401384445867233,0.26443496010033907,0.5071387538569084,0.2613366901865669,0.28399696822909154,0.5087548238854328,0.27131508856038816,0.4958446408792906,0.23261523473116696,0.2567648795646385,0.18245635924197512
2025-02-10,0.5908989490411949,0.2202341383079036,0.1982379328472789,0.5064749515892764,0.25247580528571123,0.38946555567078683,0.24933900081284754,0.5012842146304735,0.24738194688128437,0.2808349530039798,0.525576123849428,0.26728625410171175,0.5112347706917516,0.2627861931560396,0.2528260240121273,0.17604423827044985
2025-02-11,0.592006957035151,0.218887446390331,0.1888028060174665,0.5120848565850661,0.24917545831831106,0.3915876020293579,0.24982424710385662,0.5049710449208612,0.24346989885231293,0.2798281909954112,0.5619625719908095,0.27434878814658586,0.5426996104959524,0.25088154502058796,0.25391394656837984,0.1775482569984348
2025-02-12,0.5948868314578407,0.2267761426104749,0.1939793376497686,0.5083697964172419,0.2583841675196746,0.39307839088906754,0.2513861049915895,0.4811988575449668,0.2510964783824666,0.27475429877799734,0.543594152565928,0.27911125029346967,0.531824790293004,0.24857161520390558,0.25515613446502045,0.18204062562592702
2025-02-13,0.5957174105287584,0.2192457082533807,0.1911456059446472,0.5056093165043624,0.2514746420918275,0.3933161450902709,0.2475895471829678,0.5115192063921906,0.24633931835448136,0.2624222295994027,0.5361618066399707,0.2732587913571842,0.6073606637789267,0.1716987953140071,0.2496421044755921,0.16778324543516457
2025-02-14,0.577345351473902,0.2118635431527713,0.1903765200961754,0.4985385659214325,0.24726220759238002,0.37884091991734703,0.25521511438772976,0.5038154156321477,0.24842670151973312,0.26831648563041666,0.5180049753183048,0.2793637130140153,0.5748239946767102,0.17101615375462142,0.24657456063330896,0.16759519731038655
2025-02-18,0.5843470776241166,0.2146716994778823,0.19633400233283,0.5332895917587182,0.2662054573655922,0.39030709466133606,0.25749671470868757,0.5265355043805879,0.2610561202406217,0.28086288281125255,0.5137382936045387,0.28856239795078226,0.6381657417755214,0.18016472159545835,0.2563294620055679,0.16543205896104504
2025-02-19,0.5751258650028895,0.2076153472930211,0.202394541341297,0.4836595146857621,0.26379738241568634,0.37907018811654947,0.2501005368920764,0.5116125886315644,0.24836823574153474,0.27871924742999515,0.512662888489116,0.2953751557464353,0.592150080596838,0.16457308459596023,0.2508808168125945,0.15969712168269062
2025-02-20,0.5693888278010659,0.2072088389840286,0.2098840481871606,0.4919924031344444,0.25713304222112443,0.373897102509077,0.2502323953624577,0.512750371766156,0.2441922603223001,0.27819553626028914,0.4980779853484389,0.20462910178753063,0.6140150543188547,0.17017882365196882,0.2527245356950468,0.1652472527899565
2025-02-21,0.5575755206840776,0.2209546636817218,0.2180317007978973,0.6231281436126214,0.2762751616653358,0.40386502082076087,0.27021180236536174,0.5290903271037625,0.24812872740014535,0.28646995793969404,0.5076066443701939,0.20361199138874672,0.5785334152623507,0.1812394198979547,0.25662723904715995,0.19264095220285038
2025-02-24,0.7053788173132142,0.238300494405812,0.2384029958805708,0.6600558049658605,0.3073131960233114,0.433065071052939,0.27495043616469717,0.5944301656017543,0.27393661387382096,0.3037286691092851,0.5542959327392275,0.21524968211474768,0.5694888661999813,0.1916894087430777,0.2756540475146467,0.21422863990323165
2025-02-25,0.7444238125064973,0.2480210269841664,0.2491144309871297,0.6842603063262321,0.3212574380692852,0.45832509784403735,0.29162670579161337,0.6268372493307021,0.2897535009161375,0.3333248191903341,0.62133962481036,0.2320626003134882,0.5777510410224128,0.19885525917313154,0.286474001599008,0.2318269355477403
2025-02-26,0.7001989094506693,0.2525973693804609,0.2379203856735743,0.6989766285331892,0.3073037388392643,0.4466145232673282,0.3075753432957609,0.6269293952107656,0.30184619146295105,0.3310420591029461,0.6214110776645163,0.2248821592784939,0.6051197444551792,0.206181699154249,0.2960826975050691,0.22738033085579845
2025-02-27,0.6294286886843691,0.2767907741705144,0.2703409016217373,0.7396707879309108,0.3309782064139137,0.4623456895831279,0.32056698706348913,0.6493570778893905,0.32362700359963004,0.3461804044685678,0.638374315642163,0.23834226173795417,0.569400948028091,0.19973021153406967,0.3101601870130679,0.2606077332926148
2025-02-28,0.5742795893488191,0.2405521180827459,0.2460284248759424,0.7777882967745191,0.32691855084145655,0.44423279950813344,0.27563778517623977,0.6188870722111439,0.3167681256597601,0.32589425028137414,0.6331411930358907,0.21143721174930144,0.5985397285775875,0.17835464955890012,0.2988071114290811,0.2196195422722101
2025-03-03,0.6737480831411685,0.2914957656834964,0.286564988655144,0.7888292577307269,0.3547870790113375,0.4939456833935006,0.33174591741241,0.695911042683855,,0.36782608703591313,0.6939515198836793,0.23847310133350103,0.675101263142212,,0.3341566895506446,0.2819753909536708
2025-03-04,0.7131833000235385,0.3155337744881799,0.3072043883836699,0.8470898245055546,0.3742945145813841,0.4980813653103554,0.34188963047385645,0.7753224702722419,0.3225336287064545,0.3929536076263642,0.7234260065469467,0.24906208872847843,0.6991693572097075,,0.3493050509235049,0.3084486150667298
2025-03-05,0.6734712601234671,0.2904317587229607,0.257830187281954,,0.3542326376637568,0.47847781552984847,0.31617773081545547,0.7393660371229706,0.3223166409843569,0.3654092789287489,0.6869655279436382,0.2327612281544918,0.6441211844451713,0.21475463827566812,0.33415799322839645,0.24880848889821164
2025-03-06,0.7054429551192383,0.3203138312872864,0.3073638543276208,0.874870108110411,0.39552044820313037,0.5111114790638306,0.35646918361650154,0.7933535124085227,0.3477345803316548,0.4172825442533933,0.7043063256205765,0.24486298377874338,0.6570459309297378,0.25555282412774116,0.37273011111535953,0.3162886499938317
2025-03-07,0.6586771015010722,0.2863661922721019,0.2826250386286282,0.8468309346040443,0.37871192342990717,0.46747659326606383,0.32365793637293905,0.5242418932868699,0.32725042525864345,0.3963563098104319,0.6746455709908732,0.24615554354836106,0.598042196319094,0.20519284866055157,0.2644086675580368,0.27770156168070753
2025-03-10,0.7733729946523897,0.4005258444174729,0.373901929001497,1.045315264365123,0.49142841896712464,0.577526959605193,0.4419905222352551,0.619539309869473,0.43765098720957085,0.5307069952070892,,0.3452456548034663,0.6852472002727155,0.28342297500732355,0.331388894932187,0.3701037532675735
2025-03-11,0.7402947715492384,0.3920812271081282,0.3431065160771478,1.005760851806082,0.4559364364085126,0.5491816329618542,0.4162411656209522,0.5991999713385795,0.4244334341574353,0.4892231872749503,,0.3207017220856585,0.6433755148101388,0.27845486133047587,0.3106889875473138,0.37885957762352357
2025-03-12,0.6916794859155961,0.3649503712071488,0.3070163842118625,0.99712197513358,0.3949770311019865,0.5025424845283314,0.36532628875960177,0.582354130876422,0.3620893436517402,0.43627066774185763,0.7902352436724007,0.3066396779583372,0.6399779026436966,0.26242150656816476,0.28159034880496875,0.30354445106126227
2025-03-13,0.669757693645862,0.3880487950253167,0.3123299245332619,1.0248159277854365,0.4134210314610351,0.5029303380409411,0.37878316375141896,0.5456642486371479,0.37543338684293176,0.48383197425376245,,0.30767151182685404,0.6455446491681168,0.2758909945379062,0.30474233625030334,0.35695357933362754
2025-03-14,0.5814967105910482,0.3153398621880364,0.2472861655217615,1.012392815813031,0.3440778796810758,0.43065916291111356,0.32033443111523874,0.4944208168716114,0.31297673372001034,0.3730213774919182,0.7413071631755054,0.24363327099526955,0.5383515709727457,0.23546239699919128,0.250256687405838,0.24768762008077258
2025-04-01,0.456653812782503,0.2853819616601992,0.2867323932773613,0.472235319184153,0.38274010391549657,0.48913034793947613,0.3708248035853869,0.4548350107508164,0.3624408166412691,0.4346693445670899,0.7191117055290949,0.28039591117718693,0.5935476428658762,0.24570199493005876,0.22989706049112626,0.2317455913251985
2025-04-02,0.4540630745133385,0.2854417715365783,0.2857166430955775,0.4662433240407536,0.379232252733401,0.4904965252037236,0.3669149908675609,0.44810888930246956,0.3583289680423024,0.436000656888759,0.7093810392241005,0.2820247164492562,0.5936314315768587,0.23664221109190411,0.23168525077016622,0.27293498960429785
2025-04-03,0.5471533124028838,0.3871959905787339,0.3276478934934949,0.5850329918977483,0.4505792989284625,0.5724953093625021,0.4165922179565574,0.5177377174738789,0.4075036564470133,0.5033905598780135,0.7579288829806616,0.3343498895689912,0.6973601313965138,0.34238159502654447,0.26969815568067484,0.29981256029447345
2025-04-04,0.7218313649647141,0.4926861364358391,0.4427592619475765,0.8342630109169343,0.5412367009375234,0.7339837140643585,0.5110876025964024,0.66293417392978,0.5057703527598146,0.6188619808837131,0.8619018934279962,0.37074626072879296,0.8031213961990638,,0.37061864272545897,0.3986273360186623
2025-04-07,0.6709255855191879,0.5453366493840445,0.4105524451817519,0.7746188102657775,0.5832452652070313,0.7441234085479843,0.5265243084431064,0.6793809893996374,0.5102522514460682,0.6338023991842412,0.9190771979170228,0.4371511183602428,0.8371435712684168,,0.38746307326180757,0.4434534382257386
2025-04-08,0.7283338410039721,0.6279518152328574,0.4819226957010186,0.7887830739946146,0.6117652330451501,0.8158474240641382,0.5401454608277916,0.7153821473546941,0.5498836798956994,0.6439432322813305,0.9949193601801835,0.4920829671389679,0.8937017912605573,,0.41224947650962235,0.45090295484384796
2025-04-09,0.511399422903189,0.4016718547975227,0.3270550980134973,0.58979955551715,0.4315590923462765,0.6208388484483257,0.38661755108929624,0.5185137155112678,0.38603794894166493,0.48417023600755926,0.7806341043291255,0.32484888103551524,0.6735105223612428,0.3191223427550918,0.26423146866146235,0.29442389338244984
2025-04-10,0.5916450946737122,0.5224467123004388,0.4036298182259943,0.7377017223760959,0.5371992139464694,0.7283596244024084,0.465689495456352,0.6352462012654063,0.4740010347979211,0.5768648339830574,0.864360033728394,0.41248188894151316,0.7946339180827858,0.3929627671212694,0.34790259114795646,0.40472383341887025
2025-04-11,0.5608557016788028,0.4695538468618548,0.3567941392377899,0.6871297234246292,0.4934619888750496,0.671299983711231,0.44466562893703243,0.5676112940634629,0.4310993534640222,0.554225549556345,0.812714910271636,0.3672040707182801,0.7902159605616557,,0.2971190405945377,0.35276314903039524
2025-04-14,0.5474002291186737,0.4359657980017926,0.3223780876564698,0.6873611676833167,0.4793569046005984,0.6512034577453757,0.41360356916534646,0.5395241823915925,0.41746843388006405,0.5433687367826824,0.7654908849930417,0.35315078728445803,0.7523263687555668,0.36205627860875306,0.2761569137334496,0.3128837832080676
2025-04-15,0.5090869444731844,0.3977959479564766,0.3226703189367715,0.6234552066775615,0.45259801948181944,0.6070640725772396,0.42027658626159553,0.5060967854170448,0.4017681937272769,0.5216367671424387,0.7312170569158079,0.3215076583112246,0.6982192595975891,0.320190324883048,0.26182471729628315,0.2925515997756199
2025-04-16,0.5471469274506832,0.4314227897893954,0.3429888733707231,0.6362532578136696,0.48871129519724904,0.6560199263412713,0.43132254538496445,0.5428130011525624,0.4376736910521624,0.5534037770069665,0.7603752394827338,0.3887049872024453,0.727840963599862,0.3392784778945376,0.28694880006143203,0.3445479359110037
2025-04-17,0.5517400261821305,0.4127054475933288,0.3417397307174146,0.5988776855923766,0.46062396072027373,0.6674063198250982,0.43786951461075924,0.5167635485971526,0.41802766062533186,0.5407447382802717,0.7310846108383837,0.35765189392955743,0.6803358268016525,0.3350482665366164,0.26873308004405605,0.32372634998084043
2025-04-21,0.6061562865050609,0.457202855214895,0.3859586833792031,0.668166305443229,0.5207593444496416,0.7097055117252444,0.4747664242481663,0.5735502707771096,0.47299412476497005,0.5970436658328617,0.8438769277098077,0.39463521993597217,0.7287625100330017,0.37210131949766334,0.3207962907984576,0.35905550869846503
2025-04-22,0.555361642481722,0.4194053265661995,0.3566458934740864,0.6414928264737786,0.4969242819748534,0.6844983089535773,0.46314511358196725,0.5313744193465272,0.45609224744885174,0.5733117928468592,0.8461981121264516,0.3672105934898828,0.6839399076988703,0.34388563363768015,0.283374275377243,0.3242978694111162
2025-04-23,0.4985058926107873,0.4010102065720667,0.3329657489581518,0.6078928730236278,0.4902604383968367,0.6684392126653852,0.45284905599776126,0.4993757162427869,0.4498827078913914,0.5636836857915403,0.6934877173818323,0.361694042271105,0.6087918507545754,0.3555560617858735,0.28441609160267345,0.31091878917246707
2025-04-24,0.4799438481820666,0.37813101911669,0.3377873207179067,0.5769552594038788,0.4717238220608729,0.6441048257940496,0.4464363674396955,0.4688529856184112,0.4556897256816223,0.5620182666872501,0.6597038063096408,0.35448725180740476,,0.37189088811919063,0.26642074442981295,0.29719543785088665
2025-04-25,0.4550536040090249,0.3576456117935806,0.3307150017421703,0.5448047677183467,0.447864148121291,0.6219156446896988,0.3135218489336411,0.451349061918619,0.30891710826813296,0.5294491375575929,0.6617861136518837,0.35288540698456994,0.5193784685862294,0.34618444279858474,0.2552859501596928,0.2698548716695999
2025-04-28,0.4817722100967243,0.3722406438291392,0.3548259553151746,0.5642309134641539,0.48141111817964505,0.6576481962247612,0.3226712036333541,0.48015810497632805,0.31713875383675283,0.5705085107462056,0.6898541380090275,0.37198250948064776,0.5415122014656657,0.3816369308193292,0.2598311564529795,0.2699481078324754
2025-04-29,0.4614686852276313,0.3682049728663896,0.3380029368133705,0.5601344087396873,0.4860882500139179,0.6626728886123902,0.31223028853621804,0.4739816608417403,0.30991306122561557,0.5646562866045304,0.6770489321176058,0.3667507273493426,0.499770786237918,0.3685763726492396,0.2511802884144245,0.26267122170111085
2025-04-30,0.4574145245028888,0.3885938638663484,,0.568425929644192,0.5035273653537055,0.6912539857820534,0.3235644313238802,0.4811021856561698,0.32278081039868417,0.5353230542443357,0.6761691790539941,0.3753223236017275,0.5223741220152439,0.3887243503835406,0.2616015971463898,0.31765552802335123
2025-05-01,0.4585447282975606,0.3473440236803139,0.2232068195353078,0.5513355054967334,0.5078024866220789,0.6824683358780187,0.2969030379987051,0.462657135682344,0.3004560566847807,0.37392589126502046,0.6695713030246309,0.37850253181685106,0.4871380213663336,0.3804053512041414,0.25731068908030774,0.23266703186270396
2025-05-02,0.4270055954313978,0.2991033185160049,0.2015967840263222,0.5187809349101441,0.32670052008320855,0.6434642108057773,0.27115769623716507,0.4230246683315878,0.26918163643100623,0.3549975064431149,0.6143032558338575,0.3595244253008934,0.4610464280975735,0.35081427378368896,0.2453833896844278,0.23484230098063852
2025-05-05,0.4647252839609487,0.3483596870774787,0.2283814130186504,0.5547845454127741,0.3466342902204244,0.7438436484540927,0.29634324876199647,0.47013690942440844,0.2990574285167881,0.3623062515790271,0.645214578967008,0.40320879869917614,0.4652149694825848,0.3999537040379426,0.2624699365860811,0.23556214121898847
2025-05-06,0.5081048325079368,0.3240784791303043,0.2286583941225684,0.5280570016281092,0.333869852873376,0.5274077736106204,0.28450755099199226,0.5023128324862456,0.28427753445245507,0.3466405086677003,0.6145593210792164,0.303729585072888,0.47355747765081413,0.2729589565932434,0.276859249250447,0.2528723158353773
2025-05-07,0.5124753472013108,0.3285972280429282,0.2229853274967381,0.5169293952872358,0.32438430808116014,0.47127841906483364,0.33767096596319496,0.5062408489692104,0.3322728142802324,0.3402081021735613,0.590574780931452,0.28092483744269037,0.4475321875219063,0.2801027654124464,0.27035659354931246,0.2483032260703212
2025-05-08,0.5002468941417514,0.3229463528847301,0.2085045855000535,0.5037385069657614,0.32378770288213077,0.45959223213936223,0.29963456194832916,0.49496850540111353,0.29864886218608927,0.328452770072318,0.6026122501000735,0.287340746135768,0.44630501074988604,0.2675636313417393,0.2657734711805947,0.23302960504816753
2025-05-09,0.4934598344262099,0.3000464610369919,0.1967647793557985,0.5016185364394798,0.30781424822672343,0.42808400275439873,0.2876422799587327,0.4799026509036879,0.28672086113293416,0.3235987555981303,0.6121103810781012,0.3004645224863577,0.44698923371021354,0.26295713889385464,0.25887431707704583,0.23036783412470344
2025-05-12,0.4692514611626122,0.2618735961749676,0.1795415451087703,0.4627893530091549,0.27184101017346507,0.4003264713220872,0.2584668938504369,0.4579103810059841,0.2574172591509361,0.2924571579581609,0.5883361059643915,0.28418269882664077,0.42204564378868353,0.24444678250362975,0.24588256300601619,0.1936442673339154
2025-05-13,0.4754894984493786,0.2564558744947137,0.1765436286497453,0.4816403546704383,0.2722795684483505,0.4147211174779005,0.26375747878405864,0.47562932257831625,0.26541413315826984,0.2887568379432678,0.588755695770755,0.30615376690645757,0.4101389878205815,0.2439801105088449,0.26937881788062085,0.19369501900265812
2025-05-14,0.4975619630319549,0.2772367685225081,0.1928765391940823,0.4765109455034989,0.2848213560996773,0.45062572830446684,0.28541813476691474,0.48234608176087473,0.2846424327249141,0.2916692335715078,0.6034489629133976,0.28531084030933207,0.4393321768058797,0.2594403357063144,0.2710061474457933,0.19999210251349916
2025-05-15,0.4931603320441813,0.2675540854394959,0.1828427828216561,0.4817253989075662,0.28769906007211193,0.42967036721729657,0.2823303716714593,0.47940531843330875,0.28176802997681916,0.2970415818988952,0.5948967936564079,0.22320607290667135,0.43120923086942037,0.18696084694514192,0.2569652107534687,0.19140415041227543
2025-05-16,0.4849601619950721,0.2585925225831019,0.1793216243257629,0.4653986035123156,0.27526054692439006,0.4283742161514288,0.27929194983904676,0.47710698135185986,0.27791254823400247,0.2905248497544772,0.5890023596368,0.2158878559029178,0.40654337771097676,0.19288964089755176,0.2536972341947397,0.18833215963804759
2025-05-19,0.4906365192148624,0.2662084026951496,0.1787500915109501,0.4750515349288129,0.2846518234470915,0.43435777598892383,0.28697983382531816,0.4909306587070443,0.2869232606528411,0.3014491189679772,0.5968264565936913,,0.40282733872512805,0.18467173012620983,0.26190100611922923,0.18971089782025938
2025-05-20,0.4882270205285742,0.2797586813815532,0.1886455235825118,0.4714369706101627,0.2896951561794076,0.4265920861475354,0.28786685781823734,0.4948765975250581,0.2876992851920892,0.2991915657725767,0.5981475538805151,0.23438215427386397,0.42029529245945446,0.20131061125167737,0.27718863875737865,0.18902750170804525
2025-05-21,0.5121820232462027,0.3120826785372207,0.2077697390685796,0.4983269349699236,0.3105104995858303,0.4467736902378765,0.2983653117929183,0.518103165432955,0.2962957683073848,0.30827219348024626,0.6043018578975233,0.232069825310409,0.4412453034365777,0.1773001163909546,0.28305611633954597,0.21199537012323214
2025-05-22,0.502889006942958,0.3081127125473865,0.2020425061353415,0.4804618884276183,0.3062176377989263,0.44605079526609026,0.3115020556560656,0.5194256259196619,0.3092467580782081,0.31260055286920546,0.5986575305273439,0.22759760760178707,0.4374513981824276,0.18643592320958413,0.2741907877017802,0.21462374324545389
2025-05-23,0.5066623782086851,0.3436699633145288,0.2107548806800553,0.4889751550691668,0.3190474307964611,0.4487055145848269,0.30868897710831467,0.5260227352434418,0.30505159518289227,0.3170183090578746,0.6010397524834742,0.23858558967346466,0.4550262520986911,0.17534848416990917,0.2765142181091091,0.22222190881639514
2025-05-27,0.499148487916691,0.3103282871882042,0.1917000602580404,0.4771877363218159,0.2919789046523547,0.4437539831683348,0.2881597264795568,0.5356887762138394,0.28325370969788854,0.29424156886093117,0.6305502690520852,0.2159122015089916,0.43361899401184023,0.17093339030547408,0.2543874475732262,0.2014576871426372
2025-05-28,0.5102076703577436,0.310713865132208,0.197542823221703,0.4889625917533322,0.29531358544035236,0.4504630145784131,0.28560762622886987,0.5550567585266989,0.2854477970979374,0.3020031274029945,0.6303115173625589,0.22273012481982032,0.44824468215931135,0.1800088005810593,0.27315588245478317,0.20786199849584833
2025-05-29,0.3905906435227841,0.3068735508537716,0.1916482428876076,0.4638113164246274,0.2901151880538639,0.4258335698826615,0.27978144550508116,0.5337204831843706,0.2736011740731306,0.29150932793232703,0.6203242516610119,0.22427995351302138,0.43615128505658884,0.18027098802107477,0.2664421378140875,0.19135593678069265
2025-05-30,0.3686262048625081,0.3010786466056902,0.1574212056817581,0.4737797914398707,0.27826473129990087,0.4241038107924512,0.2632907981311148,0.5132335027786997,0.2645815848028667,0.2736427621857948,0.5922609974737132,0.21086330506550469,0.4336441800681665,0.17192697715186037,0.20483389892747256,0.19691110715057344
2025-06-02,0.3624931920157975,0.2977216905770808,0.1723499413883093,0.4608032289158489,0.2806814438945009,0.4240812384148646,0.2726697647480003,0.5343219788809208,0.27166134177537204,0.2892053016915846,0.5898875733710742,0.21430896082189738,0.4233179202430824,0.17396438874154113,0.20638046564426601,0.20198138609910526
2025-06-03,0.3533582522494921,0.285454584637335,0.1697770408607698,0.4572142160091361,0.28369356381753985,0.42360137488374566,0.27671704202166303,0.5404601086877973,0.27498237495836025,0.2836457677730597,0.5981644262743138,0.2068480505810352,0.39940147717096425,0.17537721557276922,0.19823500796526053,0.1785338850955462
2025-06-04,0.3651931219164179,0.2769802455959239,0.1772328738328726,0.4489835384758976,0.2762983277376295,0.4117082770988613,0.2699999937441697,0.4617857515404132,0.26539249147885535,0.289868380729771,0.6132790446477324,0.2226016380281918,0.42929837299899126,0.15952535204501908,0.20020827748635506,0.1797458343103793
2025-06-05,0.3770654782185936,0.2880747424927454,0.1701415828415609,0.5548840697342454,0.28942205339094673,0.42130450636624217,0.2787838520074949,0.47201582506800804,0.27762240528479354,0.29978398408320966,0.7240062364168812,0.22573985160475388,0.440428573399212,0.15628374616602442,0.2240052914118418,0.18588694336591208
2025-06-06,0.3676507602313454,0.274058168450413,0.1640646752882633,0.5263296456463569,0.2743992887939383,0.408478721392703,0.2627453167770266,0.378039250383113,0.2596251532154181,0.28217127621394894,0.6442834030412685,0.21717140650219918,0.4188572208746315,0.15742601695122596,0.20319609335599167,0.17780747815663347
2025-06-09,0.3598852521161749,0.2857296699785862,0.1774174462717516,0.5409106883143303,0.2786637467108142,0.41256583730548785,0.26881993152215305,0.36710511058494927,0.26333538816156676,0.2865979901106167,0.627187778337875,0.21581179089651323,0.4581603907436635,0.15775219611850994,0.20638096709615944,0.17324895808037366
2025-06-10,0.3548052163961857,0.2680565260312508,0.1711972644716625,0.5383035031611013,0.2691823381436538,0.4046838977698794,0.26827463830637843,0.36636507220689857,0.26568988518662756,0.28482537346631775,0.62354453156555,0.21507052198000612,0.48155590587476893,0.15563516355113644,0.20451276958788545,0.16902065950030712
2025-06-11,0.352577310591575,0.2812292708215624,0.1750367247264793,0.5522877305095023,0.27387504217959335,0.4107010653771931,0.2755085380666652,0.3654585961821056,0.26480473058975706,0.28134700946183294,0.6271548158363663,0.22246359034313223,0.46577018099029627,0.15275296085131862,0.21579400289087305,0.17841080847359742
2025-06-12,0.355949663646519,0.2718835838471636,0.1734520844929146,0.5527261447832709,0.2708134053231165,0.3924374494387441,0.2696059897443011,0.3484631123884251,0.2694710310415805,0.28096416742910374,0.6119968121605976,0.21812973183305634,0.4512795165140615,0.15515471461358446,0.2016771219557866,0.17548829529990972
2025-06-13,0.3775887352821554,0.2848148118736709,0.1822132496140036,0.552292057888736,0.288468296498814,0.402745736428402,0.27201770009246345,0.3633122641006253,0.2704382748736562,0.28610100887187184,0.6349976838790835,0.22998691260431237,0.4584824823219719,0.167996822090448,0.21801384529115772,0.1949022412156678
2025-06-16,0.345291360262685,0.2635623397804902,0.1676256174886807,0.5713456250712777,0.27489624016180303,0.40937184539726446,0.2693969500169872,0.3544505972682045,0.2618989304919182,0.28419339005044664,0.6227073475186279,0.2235958324196973,0.42757301885258453,0.15644850114753575,0.21558910305273982,0.17553712883518607
2025-06-17,0.3555712906398862,0.2828607851140468,0.176580284137356,0.5775884066312328,0.2817828326361383,0.42425679926070575,0.275291811046079,0.36385601426667236,0.2744590066245701,0.2957155733203762,0.6260550557029277,0.22808803745138606,0.4575764929108619,0.1572147020436789,0.2195934466271146,0.19372869011255292
2025-06-18,0.3456013034030206,0.2630664661157418,0.1707765377169474,0.5504360234905268,0.2781063083086326,0.39706849467488214,0.27930119363295,0.3617851284609048,0.2678809584162746,0.28214689597861425,0.616030915752173,0.23030328487175852,0.4467061452966136,0.15187234007527028,0.21169841445160045,0.18841374428728053
2025-06-20,0.3387124010319251,0.2573579016184799,0.1740233364453753,0.5548429826750253,0.2826626900098835,0.40268167658096815,0.2883253435945346,0.36255491043906507,0.2764684018544686,0.28684661548201473,0.602930782629197,0.23087119734168715,0.4363167346263548,0.15112486077227294,0.20437559538391734,0.19242565338730583
2025-06-23,0.3204707489071462,0.2427623283156208,0.1723470547820164,0.5424060871673105,0.27383880351877327,0.39077416510620333,0.2727286939120868,0.3525511934117484,0.27259414201410087,0.27486539484670736,0.6087615479152358,0.2030783319363684,0.41951986774888744,0.14872748583194345,0.20016802162350908,0.18839433992006535
2025-06-24,0.3097174306487347,0.2478841372933081,0.1632738218836975,0.5584469157180949,0.25854793562219147,0.40187623724567223,0.2616752080266485,0.34714068280488825,0.2642179318817175,0.26713395127559475,0.5833290715947743,0.2025051983896749,0.41553205385972514,0.13816371341244862,0.19182827753006404,0.17048577323618913
2025-06-25,0.3443882281596679,0.2428728930989604,0.1595153531995742,0.5286554991484591,0.26054124866691125,0.41665190152647774,0.2654285129588368,0.3455505608613797,0.26056783697604535,0.2622229055934399,0.5708797045665408,0.20199881727430108,0.41323508326031616,0.14494093067534733,0.1985239505882575,0.16965516417775434
2025-06-26,0.3333045345223332,0.2442716593109214,0.1629924242000902,0.389824948973928,0.2620896454359587,0.402814130330087,0.26036253629380407,0.3452283584257155,0.25446458595713084,0.26826302516128686,0.5481393778857919,0.21853217926775026,0.40876091877158977,0.14304592894679022,0.18882493048353846,0.16117917397337062
2025-06-27,0.3396254712669985,0.2457100706574718,0.1560147779477947,0.3632025581804705,0.25280372203502915,0.39704372400768145,0.24920558214461352,0.335758914662961,0.24306074707742117,0.246676924526501,0.5331444689532503,0.1830976992778826,0.38451807607095073,0.1220697331935665,0.18615948744751454,0.1599118665861076
2025-06-30,0.3309073669853344,0.2552050279019008,0.1619047982885222,0.3679690105164925,0.27192562651592406,0.39153634689808836,0.27299932729699794,0.34299894571396544,0.27271451292586785,0.26240773663097505,0.5354361713245936,0.196994731473145,0.4001964172638637,0.1315801578500307,0.1876197933535033,0.1603623915422922
2025-07-01,0.3436650296068359,0.2541051794023771,0.1637004764688464,0.372901433994007,0.27334022718493034,0.39321873608509156,0.2596744491780482,0.3590238811919008,0.25646325294555805,0.272432396272668,0.5731425422580693,0.20362358849037596,0.4159821825551601,0.14604471393989302,0.19432882479199162,0.16632250241753763
2025-07-02,0.3740710856853271,0.2807394539378513,0.237444723714405,0.3673504153729106,0.346123928753754,0.3803052967121067,0.26147471731406524,0.37258309857414434,0.256019603635925,0.27118201392003755,0.5154198339752558,0.2008022293578808,0.5172335947534727,0.13312977228646514,0.20701776300769695,0.16367785895706197
2025-07-03,0.3559391214675689,0.2651243971386879,0.2302063918774516,0.3829223773221017,0.33409219941112467,0.4593777022136486,0.33651708601906927,0.3630901452295221,0.33436009790752624,0.3584419780784156,0.5643665568671278,0.2024336943932597,0.5202488154613825,0.24518486542958517,0.19667862979620823,0.179287937434676
2025-07-07,0.3679007979764584,0.2943450300197675,0.2441528798418076,0.4071417515629771,0.3541029673284138,0.4776687367330153,0.3582611625549376,0.39342937298538905,0.34690404142596326,0.3777110216684261,0.5986595035556799,0.20859567249489475,0.551639116840802,0.2655867379910711,0.20979668939976368,0.18614164270535785
2025-07-08,0.3674224703503858,0.2881792939389909,0.2356547298500009,0.3997593862506043,0.3574859462537502,0.4722325218227296,0.35283309837778,0.3821948288048531,0.3504951831119471,0.37203110556318086,0.5835449492455157,0.21750266748053698,0.5471269333039198,0.2755721722887439,0.20539107543330934,0.18386474494124025
2025-07-09,0.3558664466738537,0.2860759532672172,0.2354472101277535,0.4030559487850645,0.34049793563133673,0.47194411946930687,0.34720205935584464,0.3717432889570613,0.34709387393436353,0.37099808532824874,0.5527772833258398,0.20806249831309126,0.5385452849630828,0.2606925522772517,0.2072942314884138,0.17477499711751962
2025-07-10,0.3591651814799863,0.282687572874657,0.2373579360088556,0.3884037988200393,0.3518812995990385,0.4803437334026866,0.350960080550243,0.3648595524831766,0.3491314956781583,0.3731723311746827,0.5549028229466016,0.21383420783670912,0.5331010680492873,0.25358507815975895,0.2074552971557458,0.1681292800110343
2025-07-11,0.3594441010936647,0.2782615364372074,0.2354002440914665,0.3897604313243595,0.340760545988609,0.4828344716340622,0.35187731712764964,0.36846926096988275,0.34649949073607145,0.36948443602456066,0.5483515856546438,0.20470466090014908,0.5356004098201519,0.2629723607690334,0.2068310641854805,0.16695118734104755
2025-07-14,0.3566223301163953,0.2887586155431508,0.2461200979013356,0.4142178585074658,0.3423214309502129,0.48905617778580357,0.3715182148053408,0.36895935210253983,0.36498980623658034,0.38417974616741296,0.552776198903015,0.20746291946618178,0.5360460607646275,0.27837273439069915,0.19911719516644355,0.17670694428503766
2025-07-15,0.3557987171809998,0.2918323551009489,0.2517439775230714,0.4012309712660689,0.34968469751171355,0.5185893359836042,0.369535106409147,0.3694760625359258,0.3622217175980478,0.3912586590578977,0.5566733701307798,0.20406085767645746,0.5320491170403628,0.2676702071257829,0.20063352606020562,0.17211965803074897
2025-07-16,0.3558222089630805,0.292893688684292,0.2505226974211452,0.4164440590910038,0.3463128060664734,0.5375183150061538,0.36938648246424255,0.36660149758348154,0.3669415391118869,0.39395155797375614,0.5498106104051501,0.20277297160602664,0.5391429023408698,0.27283189145679204,0.1992669377188731,0.17725261660452332
2025-07-17,0.3452447738429189,0.296328612130973,0.248481296793985,0.4169551181902822,0.3457671530382619,0.5302397095401155,0.36992072431993134,0.3637988922228272,0.36612537071592327,0.3988807776144669,0.5438428422095903,0.1995423360266379,0.5405571215626643,0.2921325983754622,0.18571089482074798,0.16697021650080734
2025-07-18,0.3398803546885195,0.2887332791129352,0.2453883927309042,0.397877129827909,0.3382552789401971,0.5092372684407862,0.3625300582100908,0.36034614441768853,0.3611032544376278,0.39083210834796916,0.5455508434299804,0.1975919080468878,0.5249232723554383,0.2749537497158489,0.18400717496206473,0.16448014651243859
2025-07-21,0.3384812643079734,0.2936464135039067,0.2533803811818853,0.4183539362980999,0.34769609879354946,0.5239707716040436,0.3763161323158694,0.3603331065260467,0.37137672394389826,0.39754541249774106,0.5740522889176687,0.1944288339663048,0.5326305002843873,0.2826816553582233,0.1871349088046198,0.16807847930804876
2025-07-22,0.3476319585594125,0.3013552199601008,0.2684956753090238,0.4308138409384659,0.3605454474102624,0.5305294247405071,0.3950896945771711,0.3722198453839098,0.388855734172688,0.4066717825273016,0.5809744490865372,0.19417644739587714,0.5574152316335189,0.28756980322754644,0.18963607519463066,0.16445697907561177
2025-07-23,0.3447644536822122,0.3027515936138746,0.2670173639822903,0.4167655192464639,0.3626993217558598,0.5287796595640277,0.395161988516143,0.3639328613631183,,0.40125152958574767,0.5882894408074841,0.1965909468678513,0.5821329195468188,0.28212044644173817,0.18026383386105244,
2025-07-24,0.3177045847527648,0.2968573023230403,0.2606883541029581,0.4007705400826217,0.357336387551908,0.527584802887434,0.29528314447332576,0.35672966925302996,0.2925854802235719,0.3919705928939681,0.46696007634921427,0.1909545937595265,0.6383541945252384,0.2720629556356863,0.19150277260890736,0.16139439358527424
2025-07-25,0.3051532868643286,0.290530930811089,0.2660361560648701,0.3928583091504929,0.3441497762854061,0.5232717282076851,0.2734860789070775,0.3455814529873296,0.26926092915673666,0.38966233711783865,0.45679247512695415,0.18373933433053172,0.38454292224249875,0.2911327802803086,0.176889209213128,0.14887507370086167
2025-07-28,0.3111503012386983,0.3047105705340565,0.2800421560127255,0.4014971148388235,0.373656819432536,0.5764285477373506,0.2754311786952633,0.342288529986001,0.2750459332372819,0.422684636364645,0.46080849020037634,0.19367311951145486,0.38235468155492885,0.323380495682809,0.17943139874751315,0.14839302153901515
2025-07-29,0.3350867259359321,0.3353281185133926,0.2931522008267833,0.4260663501375087,0.38882861653312106,0.6131881383620988,0.2886080023917718,0.358756901548108,0.27428995014775776,0.4509045245721376,0.46870519439350933,0.20244622125504222,0.39134959561987454,0.33074709615975795,0.18999383847398274,0.15488284615611603
2025-07-30,0.3326607444496368,0.3397750139461588,0.2653294421524471,0.4348476629396422,0.4089349872769452,0.6391580460324209,0.2819568096976474,0.36743125830633844,0.2766856603003605,0.4670263894645257,0.45358620967845154,0.20397244559020938,0.3804271268202058,0.3414409081582395,0.18809563389832212,
2025-07-31,0.354849745841898,0.3770275493840752,0.1972971638538877,0.4457479815297575,0.44606874657284806,0.6440091494192972,0.304058628111164,0.38449089838721884,0.29765885038151346,0.2760105048827755,0.4752784653906953,0.20565966386601997,0.3876462212038168,0.36305834635902967,0.19657790855002147,0.15850655746887915
2025-08-01,0.3834740210301904,0.2917171077535035,0.2006846235277604,0.4541718882706174,0.29748788585538144,0.6521588890991487,0.30690792717910764,0.406269908114821,0.30413970177821653,0.28894861753292506,0.49220891630240465,0.2051905430939915,0.3961487566216771,0.3755030572274417,0.20467394560200594,0.19832963179113122
2025-08-04,0.3493907664811523,0.2911232044302129,0.1861379526855661,0.4577086490433105,0.2810631823019807,0.6835789004290824,0.3201929741088371,0.37800022678721307,0.31795938021129866,0.2792308613619112,0.4695394514984809,0.20459296699384133,0.379205658473835,0.4097680773909694,0.2080327137931941,0.18097191833544712
2025-08-05,0.4237276471175171,0.2594110046173903,0.1848789200369975,0.457314834423658,0.26324184266836753,0.5144977540983183,0.2902040958339353,0.46029699378602834,0.28828131384270045,0.28192421910218707,0.4646356517032019,0.24200932824534163,0.42921785069926405,0.27086806148848874,0.21063037811754406,0.1747326712220119
2025-08-06,0.4153461090154263,0.254144890419578,0.1839684253054706,0.4526561989734399,0.25707781659162865,0.42113781955805246,0.28909018075088405,0.45848888887516454,0.2844292859456597,0.27138561327257543,0.4551041007392291,0.24082219147897335,0.40595205091458064,0.26638861544779807,0.20527418293193986,0.16770011694406306
2025-08-07,0.4211703620400996,0.247626430536454,0.1914585764674861,0.442869966360319,0.254509635886702,0.4341160224340344,0.29785502654838586,0.4584663365575912,0.29445955093680803,0.2765871171169678,0.4555032772256154,0.23799859808210655,0.440875480308889,0.26468599083681665,0.20031009080980333,0.17641616214651928
2025-08-08,0.4005762952895436,0.2428986679229485,0.1780613106106673,0.4325449993248209,0.2419976880270002,0.4202041823534663,0.2968625051467242,0.4500350007370812,0.29368445684643907,0.25979090500745367,0.45397323240044307,0.23618462464837597,0.42249573362071613,0.25981537305963526,0.19567765138839002,0.16734505145313927
2025-08-11,0.4183338894839831,0.254478452815649,0.1897416831478507,0.4476159360921173,0.25568522042111974,0.4382677549471407,0.29264575227753353,0.4562133143305251,0.2885196015810704,0.2721873823199121,0.4695277376452407,0.24144682335062453,0.49552186291007083,0.28328216967274206,0.201017491884148,0.16244874560508993
2025-08-12,0.3991673288102934,0.241692685169739,0.1804613486627361,0.4242400394026566,0.24272441112835966,0.42359823498501065,0.2945788478858716,0.44430382366852544,0.2918878062871698,0.26560785047666224,0.44841577412565636,0.2306745218439093,0.46010797253630553,0.26317827511462977,0.19162075988801108,0.15200002449743943
2025-08-13,0.4191910020773181,0.2383428698199655,0.1853617616078384,0.4311939304542906,0.23979037320438504,0.44224366190345593,0.29467897592954584,0.45091678471828606,0.28852720462201875,0.2627854173872784,0.4547181439591821,0.24139417431876203,0.4423269755361894,0.3121574263460404,0.19668846935760356,0.1499800228250494
2025-08-14,0.4167896227349427,0.2291337876260352,0.1796306248641069,0.4346644350648204,0.23881407534823332,0.4358925963794749,0.2878293367815159,0.4579780907913029,0.2871519579462265,0.25593715348598994,0.4459079986692249,0.24785967767083283,0.5948114355791955,0.18753099859999434,0.19749417699829366,0.14144391606518641
2025-08-15,0.4211431630581293,0.233981516298341,0.1798739115621261,0.4336293298228648,0.23641883994847232,0.42383391113460417,0.2940450285752103,0.4600881909697485,0.285932741767931,0.25841805240293575,0.44103035921943723,0.2621079638463247,0.5476812051668354,0.20744739340816862,0.1979194311457267,0.1547641273420502
2025-08-18,0.4067955010756728,0.2397796937414872,0.185516501813749,0.4221405993340775,0.2330307412495167,0.4208363562873297,0.32052175217425194,0.47123454830503547,0.2913261697346209,0.26922800496021915,0.43381674369443524,0.2608799244534107,0.5167861578097716,0.19389251739527477,0.18624413060410416,0.1559974721099709
2025-08-19,0.44175543769503,0.2350630070586299,0.1892540538653093,0.4426744961692169,0.24458223422784792,0.43909326912960533,0.30309081430629076,0.49718455427726654,0.293181265891242,0.275761234380691,0.44639060053154384,0.27707869762852705,0.5553309600235921,0.19680869501290604,0.20270282467971337,0.16902443830938352
2025-08-20,0.4461380568904277,0.2442551359024137,0.1899837020248087,0.4602578837097492,0.25292386695678265,0.44007746388002855,0.2971380141009249,0.4987257897238537,0.2989007715044532,0.2779360232186754,0.4478003455578343,0.2791595046993312,0.5277546491533631,0.19460145768988965,0.19895241617722645,0.17285503062669172
2025-08-21,0.4531213164379591,0.243292695130479,0.2016611996858509,0.4555627887682503,0.2617269553532728,0.4385050064425687,0.2971784588817236,0.5016629990216365,0.2963692044259021,0.28519945165365956,0.45447316800859405,0.20521920439024546,0.5265355290505735,0.2003619436857407,0.20665425842143972,0.18605851158664607
2025-08-22,0.442129327851872,0.2315575702113712,0.1790274028485654,0.4354429436915208,0.2334591757725523,0.4179740061682887,0.2961930350495368,0.4895817467785286,0.2925896686165455,0.2583519736585286,0.45231584310837525,0.19055341396613598,0.5489375497884967,0.1813800661061295,0.19482900699564015,0.16056859226035144
2025-08-25,0.4557209953842357,0.2476614556622806,0.1879739176343282,0.4544961873534393,0.24276170323093085,0.4270498243903873,0.31159896165937917,0.5044227846012864,0.3065814437738386,0.2600003542316045,0.4685256480567219,0.1954842467457687,0.49956924461873303,0.1880459424520465,0.20609080097253005,0.1678132356926575
2025-08-26,0.4595650238800327,0.2475084711777939,0.1908385596016232,0.4544325653937155,0.2385869556991474,0.43040273974010385,0.3175386028962614,0.5090130724055697,0.3101785990165068,0.25762095491740383,0.47014778260016943,0.18437240785981032,0.4926914350597064,0.19003068668442885,0.20739575492676857,0.16775680639551682
2025-08-27,0.4556177505243423,0.2469932748456282,0.185028975722992,0.4568940046709863,0.23803278538196648,0.4303881976011359,0.3091068925527814,0.513260628816153,0.30702330951413875,0.26302359152606364,0.45485782941404423,0.18102039461769273,0.4874315444389047,0.18748067905448135,0.20533267279613018,0.1682946712424603
2025-08-28,0.3245508757280742,0.2428819409790872,0.1760828548745232,0.4429544772626434,0.22843082175525203,0.3928355693090987,0.309398428709964,0.48104642339606385,0.3032550571009874,0.24742219179733252,0.42476543814769224,0.18508062774362058,0.44707646371196025,0.17672494545812803,0.1943514839696949,0.15093423817439477
2025-08-29,0.3361292984494394,0.2377797387430782,0.1706914757631988,0.4124976410518108,0.22914045162793317,0.4005821756977402,0.33754208027990423,0.48901639762458315,0.3356568090270303,0.2563406236354501,0.41807280858022133,0.17391954304642449,0.4168894082421717,0.17518029689512618,0.19197531037590948,0.1636423091378994
2025-09-02,0.3694731640404706,0.2541391194232825,0.2106438622538869,0.4478125157168611,0.2599753510024512,0.4293047293785617,0.3358994924988116,0.5392768607534871,0.3319060360020976,0.28220926725206436,0.44628974454092274,0.18906755125875802,0.4288745594875808,0.1975512222706717,0.19622371493855284,0.20864218005169757
2025-09-03,0.3507095711721145,0.2183828738293287,0.1953676548080808,0.5062707105037483,0.25776784966911626,0.41357865342793043,0.27637208640167,0.43962404038896885,0.2741513468923738,0.2721245271802666,0.4737933838313893,0.19201257064425936,0.4269370102413856,0.2078806028301434,0.19979598782888244,0.17776233389388807
2025-09-04,0.330357705733275,0.2118188672288081,0.1901350814215011,0.5068645115920469,0.24905098333020884,0.39939652548525806,0.2686043363754373,0.4117390110472223,0.26038680849995677,0.26170275618373984,0.4647626878425372,0.19370319260765484,0.4374149856926901,0.1813621614817005,0.23463956360389962,0.15580031265395014
2025-09-05,0.3519088415849138,0.2093203434314134,0.199587318428621,0.5047111595464914,0.2546251601368634,0.41651999856043675,0.26029787406671806,0.3638439460661203,0.25738175966160914,0.2650803985698417,0.4746499622101555,0.1887667374313622,0.4240346034901787,0.1755996949292789,0.23641876077607696,0.15586222640006
2025-09-08,0.3423290227899316,0.2147271499470694,0.186362643141889,0.508807639878602,0.2564619821546962,0.4181274743936172,0.265285691752178,0.3571294662192353,0.2624116913604751,0.27278497842375843,0.4732588998982826,0.20100918353822295,0.4209130170467064,0.17489839066269983,0.24461999357968434,0.15728075869799
2025-09-09,0.3393673625897999,0.2239715981182343,0.1942012111944376,0.515379386702016,0.2504886213375549,0.4139145669582684,0.2710092867982826,0.3558952454842823,0.26887090990884943,0.26926645056640974,0.46144298836893344,0.20374035691332945,0.42164630057586094,0.17511621855952075,0.2448617543948226,0.15700680627906932
2025-09-10,0.3478503760967919,0.2411540119700911,0.2021044323986838,0.5362731386842964,0.26722698845878023,0.42334968613694857,0.27734951826510984,0.3969859450290934,0.2755292982318054,0.2787035060631556,0.4687647615759426,0.20434719601019563,0.4434610487666215,0.18834398960385773,0.2498294251009589,0.15719665701676797
2025-09-11,0.3344592385081606,0.2256540101967796,0.2017686733020373,0.5846705180136246,0.2655044601983537,0.4176142746959444,0.27530777356574654,0.3760606267001165,0.2702934429101962,0.27359028567982624,0.49964736454508113,0.19307555547895705,0.4324777130539893,0.18265131434094856,0.2471203641953717,0.1531582148444798
2025-09-12,0.3200370067795362,0.2217211294599527,0.1956744716046692,0.590053783451163,0.2593582102392796,0.4186890283381476,0.2742711530811982,0.3693772090337085,0.2700649108185983,0.26813202399923824,0.5454419324751355,0.19090008876768227,0.4055744340580817,0.17855804248487453,0.24787794783159914,0.15168267705860444
2025-09-15,0.3353561232543839,0.2302893460736382,0.2049316390166816,0.6043305193486165,0.2730153487211808,0.4347214232977738,0.31874372414493357,0.3785101461527911,0.31586253524616514,0.2831172234763633,0.5698964164648962,0.20102331920146832,0.45018794057810185,0.18473237842520426,0.2595516848748988,0.15192257050650124
2025-09-16,0.3510269545670626,0.2264512998806329,0.2097731486764637,0.5858834292455213,0.26745116218084863,0.4334260852419622,0.30715421749727023,0.37730099934230976,0.3055981195621392,0.2947206240733585,0.5559265297656003,0.20218761249022627,0.4526458021545109,0.1950532679813436,0.26478841653087276,0.16206759153757078
2025-09-17,0.3570083428437268,0.2162573194503283,0.1975154107893205,0.587918186720155,0.268455027946062,0.4311158153984026,0.298074614079345,0.3854859119104651,0.2965257513775387,0.2878172319976539,0.5525182286454625,0.20994448921365283,0.43170273103523255,0.18897268211258766,0.2585383741641708,0.16275554109469503
2025-09-18,0.3490179460665327,0.2185240331459707,0.201029651912597,0.6176730554854206,0.26860075308299164,0.4476329619024465,0.29581087555794594,0.381691978357166,0.29230945833448446,0.27702790041159875,0.5462972318969659,0.21350602261839025,0.5706159897341184,0.1855130661834351,0.2628305850049867,0.15324264200793292
2025-09-19,0.3391780190685633,0.2173314492158466,0.1906700165506456,0.6078149693711229,0.26439203031386854,0.4295424451341138,0.2872139921440919,0.379715727584897,0.2826893423529985,0.26838750324821514,0.5306740681521428,0.22293817556171355,0.5189119087348426,0.1722667453241373,0.2618627049576424,0.15673627157699005
2025-09-22,0.3871122992879943,0.2393196082478812,0.2059533663187123,0.6464083862508531,0.2793969614306031,0.4551944746473053,0.2959949453377395,0.42861057804898994,0.2955225352430746,0.2905905529101606,0.5651424998414565,0.2191631663847894,0.5083052230354661,0.19438448416057907,0.2666464531686091,0.1654080707962193
2025-09-23,0.3851552948227871,0.2338255457935511,0.2181173018286982,0.626566996725198,0.31325812237299694,0.4651439992759036,0.3038487867796885,0.42565701019589713,0.30078284656721155,0.29609198771375583,0.5526027425410398,0.21502538641635519,0.5148709426317478,0.1887647967477803,0.2778831779020586,0.17634940192182902
2025-09-24,0.3648137113438806,0.2271867683102446,0.2040753571497497,0.4901270742875613,0.3101686976394076,0.4561173299404479,0.30041667953946377,0.4090602059538784,0.2977665535757391,0.29290111892291026,0.5497586784962317,0.21478281441489244,0.5484698827921463,0.1875848439415226,0.2759401890806678,0.1770435920461584
2025-09-25,0.3647564938958532,0.2342245571493477,0.2034080726463334,0.4795349601110842,0.31159190862601793,0.4541967079291134,0.30212485183135207,0.4121941932659761,0.2982155832427675,0.29064294439648464,0.5400546699705708,0.21502354259474432,0.6467247879629475,0.2013872923710492,0.277451918049174,0.1773747354714162
2025-09-26,0.3373549947782306,0.2151098528422135,0.1917597269838271,0.4632819681551197,0.291478548704719,0.4284849378315298,0.2842412729166221,0.3846265038643393,0.28196777532379685,0.27465561530911103,0.5393573946035929,0.1958679540090645,0.6626859235051747,0.18289354736580776,0.19937802590204437,0.1690096090051063
2025-09-29,0.3457011310508399,0.2197273335159935,0.1997522837316606,0.4978997277146672,0.2881240488852699,0.456058953328187,0.30859710951480235,0.4175211192314741,0.30594573702357736,0.28815839687543976,0.55778615558933,0.2063915774435403,0.622421237421081,0.18813228632351012,0.20902016142981625,0.16324266954243832
2025-09-30,0.3705917812238537,0.2198438388031368,0.2024171082759727,0.536489209721656,0.29284220935416855,0.4561130535080951,0.3104177420777436,0.4079087020151673,0.3214440996909559,0.29222129284949017,0.5604259068081789,0.20584049121741377,0.5919422089601833,0.18334036879415205,0.2077863594019752,0.15441426042644954
2025-10-01,0.3643425648655143,0.229348358412168,0.2069798007197442,,0.2938656938824557,0.4720385538881709,0.3122811426235452,0.4207680569641616,0.3127938504468965,0.31646293513224905,0.5856061994961616,0.21487707611178164,0.6636086296472951,0.19595156276231704,0.20428030157802518,0.15528646140236668
2025-10-02,0.3607773242479985,0.2235271551526309,0.1969676203153236,,0.29145350794687974,0.47580883116410516,0.31594243070184513,0.4420243592802281,0.30707143272832493,0.30294682956141716,0.561484084143611,0.2157334624642139,0.7239519024797222,0.18936282002604055,0.1968626623144267,0.15960406511156403
2025-10-03,0.3466947898116255,0.2112570620716826,0.1961687962154304,,0.291797314387588,0.4662657153473434,0.31776874318277404,0.4164698986362014,0.3115874395363368,0.3272809326745574,0.5409306024660989,0.2095694919241991,0.6847846892415697,0.21796485427412637,0.19140257878617806,0.14769102084508867
2025-10-06,0.4032836511218338,0.2333294439915232,0.2120753571935603,,0.3131384545378229,0.6896632676266979,0.34986892108516643,0.49889779638368104,0.34511896808889814,0.35451622021004303,0.6295350238294208,0.22182717772720928,0.7171584129535271,0.2311898973583254,0.202888273527015,0.15331045472860194
2025-10-07,0.4399846570313956,0.2535877472159407,0.2617136640896034,0.5629733925971871,0.37343144262281874,0.6179758085656576,0.3777800425451954,0.45809765038257017,0.3757855696864848,0.43100696899093377,0.608116362620157,0.2638258721949041,0.6790543029718099,0.2932548089188058,0.20541764663447323,0.19169822224481176
2025-10-08,0.4446304297338761,0.2506042707086412,0.2634931446425645,0.6045762068491973,0.3754655419619478,0.6923643760202495,0.3712666547745763,0.47004516392248497,0.3710870009961671,0.422559473641371,0.5894638941692967,0.2659350664183308,0.6924205325282942,0.3078354865720745,0.19906745981570118,0.18815620488185875
2025-10-09,0.4476977734136377,0.2584212460785874,0.2658141846766069,0.5880097053857158,0.3806692478988866,0.6581166778862833,0.3743335929517537,0.46627193997080124,0.3717361431519396,0.41636879551267647,0.5743476842452756,0.28268445650200197,0.6727861870821144,0.3016874171194974,0.19828034926228208,0.18198349605746578
2025-10-10,0.4940949280429425,0.2921567949182319,0.2904007801645605,0.6147886425824524,0.41750206513789867,0.650124304637764,0.39175211684301037,0.5037788552117044,0.3910512482581429,0.4551253119883823,0.5958078208246023,0.29466095173485113,0.695644831953648,0.3464588879423459,0.21593510897320733,0.2309953471873687
2025-10-13,0.4690145665435918,0.2737574257386042,0.2761779812525212,0.6031555077557543,0.4021634087790926,0.6231510152925649,0.3887838343227215,0.47890251065818024,0.3868641298468077,0.43153787510835384,0.5862624617477893,0.27604909967064256,0.689664598451379,0.33061112740155074,0.20836673245800413,0.20330586378209792
2025-10-14,0.5005522873836061,0.2823338926414523,0.2780437174754323,0.6085819841183693,0.4186656211442544,0.6387933907663562,0.39914628207594716,0.486372373915078,0.4092673870486519,0.44287205101266874,0.5812342402667106,0.29026925506965245,0.6971841423770506,0.32925392951966387,0.20628663515019635,0.2131973488057448
2025-10-15,0.5037099659875185,0.2864145439728859,0.2818454789704489,0.626263590835443,0.42768341759253925,0.6757551750950878,0.4133266971592575,0.49574412785566396,0.41084611477264893,0.44070168022604694,0.5875630133918204,0.2832830691002192,0.7227683577832809,0.3315823626893129,0.2082380490362409,0.2219061857083244
2025-10-16,0.5101378383057918,0.3006293968988947,0.2914060591385402,0.6754388431663857,0.44506367283543186,0.6809570587607403,0.4271050990032227,0.5074113443797029,0.42838801047771846,0.4567476092733953,0.6030551825743697,0.2995091167160626,0.7324372066323857,0.34182916243357814,0.2410636839426053,0.2334266232280608
2025-10-17,0.4844649423362268,0.2864503250166487,0.2812288214542738,0.6524073637889762,0.42804837220112724,0.6552225930735213,0.4199952740764874,0.47786286489957785,0.4166211263681449,0.4337039350247599,0.5911582501797377,0.28028808222124785,0.7502463459920357,0.32769295367142226,0.21379334456555993,0.22400454511519402
2025-10-20,0.481979106121933,0.2824112964026242,0.2822523172267228,0.6462279647981474,0.42271963542646146,0.6563362023393935,0.42164749957908293,0.46593688704345315,0.4283074151508605,0.43243263127549825,0.5949939645330723,0.28218454910466706,0.7424346906555087,0.32649793551960404,0.20469687809161605,0.19926112222834694
2025-10-21,0.4751829084618134,0.2731954431635973,0.2895774070917504,0.6264279644910439,0.4174235552334793,0.6505709528202255,0.4318171381564611,0.4696964320996373,0.4226691563771793,0.42816808517580174,0.5941219136012196,0.28872637059088935,0.7294920617709274,0.3375647947475815,0.2017081466304326,0.18472819933798829
2025-10-22,0.4718086492289675,0.2824154109550022,0.2895373041944721,0.6272932836686275,0.431232564868786,0.6501508201184597,0.4359676928165613,0.4603033793737971,0.42999794404980696,0.44115985043185696,0.5917080852016515,0.2947019132741264,0.7233408233671992,0.3295483771413015,0.20240249970490815,0.2044038048108802
2025-10-23,0.4654109214694155,0.2647393279432051,0.2849867184815312,0.6126416376559517,0.4146844115427635,0.6294633145066527,0.4150136241729534,0.4400512435943365,0.4139197531848721,0.4190833621404086,0.5486758753353549,0.28356488999935353,0.6970763942286878,0.32614392834650496,0.20198848747499074,0.19271298764198147
2025-10-24,0.4633127780401486,0.2622707346871306,0.2835187392116893,0.6404022271620241,0.40515097045439136,0.6582258530598322,0.40430970995231863,0.43615617308440857,0.4019646126212785,0.4146889063124704,0.511077041163312,0.2949763253164701,0.5835548763223439,0.31466853497562225,0.18759244108051235,0.17852002655216476
2025-10-27,0.5028596656960505,0.2716718392905284,0.2952114368088805,0.661617731294998,0.414525176014303,0.6973874822376865,0.41999227335421857,0.47335174620043735,0.41916326555579086,0.42349690380456195,0.5397653010831084,0.30515513422345203,0.6204623474085694,0.33816755996920866,0.19692639586720043,0.18692420881299776
2025-10-28,0.5213299397012551,0.2697983153634046,0.3114024436272619,0.664586000342001,0.4387286453098241,0.6880338698197263,0.4335944885342993,0.4926502522642435,0.4302149594536269,0.43695948816539587,0.5632675775301355,0.31656526374521127,0.6641525409421056,0.34272530979287025,0.2050547313528245,0.19179580004410832
2025-10-29,0.5399433804084128,0.2813354387544403,0.3407080170506564,0.699038722394471,0.452868747538731,0.7145403495023539,0.46333392292863335,0.5425347091484289,0.4945284269588273,0.46233417916511726,0.5673512225631334,0.3240680671459978,0.6577048335680549,0.3557066657029985,0.20656489183708088,0.18617688527899778
2025-10-30,0.4920114693415147,0.2614948815888236,0.2277415831451233,0.6331565805324929,0.48980421846089683,0.6698558420623311,0.33376135582173366,0.4736128226800105,0.33039709966559,0.3676045708510676,0.5382051573992591,0.3245337079021484,0.5854993700326361,0.36038304862593284,0.21236234221414654,0.24265247721533068
2025-10-31,0.4816624656174137,0.2256331385703608,0.219467529662575,0.6568908483481025,0.3186852655081043,0.7049082243046263,0.3276833680383513,0.4637045945774632,0.3245628429079033,0.38189717996796985,0.5597116083531956,0.33127465068510886,0.5951787051932016,0.35069428551156867,0.2213342762953707,0.19709703754375746
2025-11-03,0.5391647580589636,0.22428172032969,0.2186495591646418,0.6823384792201923,0.3148798470226271,0.7352334589013281,0.31909978499594743,0.47227502215924666,0.3196799443717781,0.37988599202926937,0.5820259196510605,0.3454416003703263,0.5857062740547939,0.36095974582715856,0.2204452247182445,0.20014985597601076
2025-11-04,0.5315106539702286,0.2300437830400432,0.2224224349449481,0.6787545786208313,0.3238764105516062,0.7220700772827185,0.3220566917967329,0.48583492323926114,0.32093792573727425,0.3731073821924321,0.5967327084791078,0.3532410248352279,0.5707190024095189,0.3684605866512787,0.22274603385601852,0.2172619474122709
2025-11-05,0.5331040094876045,0.2258997437998654,0.226586304925979,0.6876228422504584,0.30541260376362867,0.5719091926851458,0.3261934107008529,0.46454953512065955,0.3152779959717242,0.352330715847368,0.6111372324726938,0.27944520353319335,0.5714806192835837,0.2984005904791516,0.2518396110989514,0.19537599982993395
2025-11-06,0.4904780121196656,0.2378248307313504,0.23521782739101,0.7290434976842857,0.3206133327137685,0.5822608942476418,0.33914908274020394,0.5443483729209523,0.33670970539438666,0.35753169740209595,0.6034544862559127,0.2886412358320811,0.5545135920229225,0.305552020729024,0.2645800377895189,0.2308886409017668
2025-11-07,0.502127940488815,0.2344432389357574,0.2235459751028134,0.7153904381746553,0.31680099629372915,0.5629710674187406,0.335897221235965,0.5606820861830915,0.33025833415193767,0.34987950287705094,0.5541335135257922,0.2787002461510048,0.5611716595409405,0.30776055448451944,0.25408685408652937,0.23029827528822439
2025-11-10,0.479958502718853,0.2325387956555347,0.2178597279842048,0.7343533915260007,0.310111196331324,0.5723949966380366,0.3311771116616157,0.5462504012859402,0.33539226606529515,0.335760758526052,0.5382605693930598,0.286768956753725,0.5481525358611753,0.3037948895764835,0.2657982544966439,0.20935178740732735
2025-11-11,0.4909849891538258,0.2295667320439834,0.2119599497635591,0.7215848255655736,0.30248806970278125,0.5501191772002644,0.3201562493553002,0.544480745212519,0.31704997785083916,0.32663747796440135,0.5145497191312584,0.2810665276164231,0.5324536754421102,0.32090013850858023,0.25942413491227057,0.2109644424465535
2025-11-12,0.4798766894331843,0.2277531299881377,0.2172118483013082,0.7076822817089664,0.3055182672906245,0.5455104042998289,0.3199196603721009,0.5388198636149609,0.3162265469033074,0.33770260145866776,0.5025865509733595,0.2814541222881116,0.5284994756233146,0.3245219419500597,0.26317853321669277,0.21416103908048545
2025-11-13,0.5045284874914048,0.2434019697388363,0.2342540856127944,0.739770600319748,0.3238586007649132,0.5722524309510011,0.34013485911997887,0.5742672718870088,0.3369158632177744,0.34158846230789663,0.5433153010549284,0.28195162425571696,0.5357226713940428,0.248670750912852,0.2676477148563003,0.24624721465964702
2025-11-14,0.4965746827814222,0.2419975455942994,0.2235693469905447,0.7316353477963763,0.3194729114095991,0.5521223734420113,0.33723607806647216,0.5614295353152288,0.3211079288697999,0.3276684527783963,0.5117010141885906,0.2851086511246518,0.5049774954495952,0.23783023847458362,0.2597974861234286,0.23780512725565842
2025-11-17,0.5173070574867351,0.2549993685062562,0.2371078475830185,0.7724649061163943,0.33608286791935055,0.5781916349083233,0.34523623145897514,0.5872821394214791,0.35080740379593167,0.34737660428400585,0.5305014843189868,0.2899962023141019,0.5470165704476139,0.25579915168144673,0.27971689706397035,0.2586513889152061
2025-11-18,0.5471868115564029,0.2600557430861593,0.2634136757123308,0.7716578547146832,0.36407691673322706,0.5955275586074784,0.3571234039531791,0.6096877033684655,0.3560454620259483,0.3665617065979186,0.5456004111880716,0.31213864280424647,0.5523521332922152,0.2606155287091988,0.2939516995715395,0.26771547859106654
2025-11-19,0.5514200063842816,0.2503538441106066,0.2497763572043232,0.7836158369879609,0.3521578843696341,0.6158496396555849,0.36728441889513547,0.6166940953708643,0.3608242998588971,0.3612884489157802,0.5458755659897733,0.3047481524482006,0.5536454622273157,0.2670559476874167,0.2951744656577674,0.25889062721240025
2025-11-20,0.5255025860861893,0.2735787423500173,0.2761962826054804,0.8461015346263052,0.38463594149759045,0.6372795056232733,0.3808830156936096,0.6575435097880893,0.3937673564309984,0.36117095693687024,0.5873877868217016,0.24275099404704786,0.5636407811443526,0.2735255239034868,0.30200216485142944,0.28703230110944433
2025-11-21,0.5108464052510756,0.2487435113593786,0.2670938558611057,0.8091976446638631,0.34598980047782907,0.6216155425199292,0.36980155690969063,0.6354492742182445,0.3722333647425655,0.3446025290896702,0.5562354229551978,0.21375989990875802,0.5409113149365771,0.2695441715032862,0.28890025956474435,0.26530359457537966
2025-11-24,0.4477970450817193,0.223012683318629,0.2505790287948836,0.7786245219947375,0.32700554123058273,0.594652460282038,0.3792768484151787,0.6521346126305589,0.36520315600564884,0.3325307751584312,0.5502141943331608,0.19731427514138764,0.5092558473670051,0.22409636734810806,0.27228716798029506,0.23859249904616567
2025-11-25,0.461166458650935,0.217338706789793,0.2422270984273684,0.7624545673806504,0.3152415839900929,0.5809519828271656,0.3616387698111038,0.6035191049399096,0.3585448703830895,0.31103989094236195,0.5025035300430494,0.20115347928751132,0.4968839459804042,0.22553258461854545,0.2837539918549082,0.2124492779246274
2025-11-26,0.417037840099547,0.205309142170123,0.2378266474359185,0.753525987847208,0.30470796030433234,0.5327398451986516,0.34439477918817335,0.5732914469395287,0.3420309421678467,0.29361241952815587,0.4669420844059018,0.19252616029326752,0.47915201091212223,0.1996783645503703,0.27927536578561846,0.207308854333627
2025-11-28,0.4106635580307323,0.2016871755966985,0.2110679050292305,0.7273327557085066,0.2952133398108907,0.5211460202950187,0.3331476688427668,0.5616595517085362,0.33091693992287285,0.2843788005072527,0.4613334732537737,0.18044422686566336,0.5798728306188679,0.18617018134137478,0.28010295739362767,0.1946499292958686
2025-12-01,0.4186158363136714,0.2193949231903793,0.2346457628381143,0.7935958162993835,0.3239908173959844,0.5502739829861772,0.3428394827754861,0.6077282293477644,0.3357943076322528,0.29260472194107845,0.46917018441123576,0.19705681148936055,0.53990880624399,0.21084820543466626,0.2930270309201946,0.20482566843305242
2025-12-02,0.4040938443975984,0.2058740304148034,0.2142347750808276,0.8050363898941021,0.3081263448179711,0.5449184654306023,0.31506581323325933,0.5950811723675157,0.31454855586649566,0.28056917794628994,0.4522676075719342,0.1906599644858077,0.6011569399486314,0.20998463275798027,0.3005671463379347,0.1989297435549419
2025-12-03,0.415226533690069,0.2018507637880133,0.2353075883490247,0.6686958076625228,0.3024561212384487,0.5212857139106218,0.31555597088615134,0.49208813637277943,0.3147049766215121,0.29249711178533644,0.47833575842621573,0.18411250035773594,0.5495423230712223,0.19620058197018592,0.24841762466931808,0.18830730302712728
2025-12-04,0.3984949965857062,0.2112953813979583,0.2332857666305058,0.6604449687703996,0.2963366243305143,0.5023112952314093,0.30943864501549,0.484067516580041,0.30774864435133764,0.28922126578553115,0.48436180098910786,0.1972950935943674,0.5063442549439142,0.19223174246208424,0.24782716292646362,0.179337759315364
2025-12-05,0.3889922616842501,0.2012086824961212,0.2191362280974967,0.663883531709565,0.282612367032871,0.49596883963546046,0.29670744344127126,0.47540557574152775,0.29414563796961635,0.279054856890995,0.4691858777003015,0.1970851637583921,0.50009117120213,0.19207810192297403,0.24305301769289397,0.17863633138895452
2025-12-08,0.3965587239894859,0.2074681964484015,0.2257480535260607,0.6860320110010768,0.299014491104029,0.5143996326910099,0.31274048366358576,0.4891579287431257,0.31126553997490014,0.2904446204909671,0.478021693906112,0.19662979969307046,0.5169508867067145,0.19313807769716249,0.2523768288638996,0.1797895221915878
2025-12-09,0.3928659751101021,0.2127275812816149,0.2203028249506466,0.6875201412923246,0.2846918750204004,0.5043802456726859,0.31043594153147414,0.47910008668749915,0.29983405849092565,0.28357091615231933,0.46993361469317596,0.2059571936308264,0.5166527208312087,0.1935929749929777,0.24881791374354148,0.1791219965829247
2025-12-10,0.382696636433419,0.1983801366515458,0.2350730316037839,0.6806870751942594,0.2841065357190068,0.49498929626078925,0.298970248888377,0.48340427215930276,0.29572378050097053,0.2795579495276084,0.4720819020425207,0.20990942708677024,0.5219656057513093,0.1943123112288898,0.2548864998690046,0.16786360585875204
2025-12-11,0.3794554574578288,0.1959543354460213,0.2241122829563463,0.6691082426765469,0.27759389939181095,0.48570294518931145,0.30344463878488515,0.4972337053145301,0.2991742014984212,0.2666967803639618,0.4586733137138401,0.19648166936577424,0.4941318349031256,0.18755147285990215,0.24500358087589108,0.17092476793162673
2025-12-12,0.3876284553996268,0.1955871388363534,0.218805562130016,0.6813989876305765,0.2768796613193372,0.4868694091530542,0.2905024199958649,0.41891479544509436,0.2889583912787717,0.2650575693240682,0.472734902204262,0.2064880645088677,0.4708569251926011,0.18917548032129158,0.20355190814511648,0.17580377819319545
2025-12-15,0.373328358524637,0.1993995891861035,0.2163534996290195,0.6821537546989578,0.2714705021350989,0.48202286133134714,0.2869127503192899,0.4106217529691662,0.28297820508188415,0.2696145596326192,0.48904984673491353,0.2097271671757006,0.4780211714411288,0.1891873171258343,0.2047970319485948,0.18010142668835433
2025-12-16,0.3550058254363231,0.1917797877962883,0.210244290146896,0.6711071181656203,0.2643133016119337,0.46866948950050324,0.28328420089399936,0.3946581422162177,0.27725088051344654,0.2689002656189633,0.5064426766307987,0.20567874847076342,0.4633717352183304,0.1891713034855081,0.20175967980732465,0.17053200465789928
2025-12-17,0.3811587561988029,0.2071815943497177,0.2216883879560784,0.685957429407273,0.2843706864172933,0.49179229846650374,0.296388389424729,0.42267062988867493,0.29113203399468246,0.2769276101750999,0.49207211695624464,0.21649202674838713,0.4689438696128556,0.19188969507276277,0.2018258410698037,0.21244805807513686
2025-12-18,0.356501469152617,0.2019587317879041,0.2104054606983093,0.5689348762231838,0.2729159624779733,0.46409658866229564,0.28268939569246976,0.4049684804752092,0.2746253847694959,0.2620669873278894,0.4833478956812853,0.20764447672062558,0.4621982895662821,0.17973841870703527,0.18927046294647443,0.1661598125310811
2025-12-19,0.3351460766384713,0.1797596184260297,0.199927220541244,0.5495173746000347,0.2633799631902785,0.45720047555575327,0.263741949515647,0.39519280746298596,0.24874436067239913,0.2574771791083975,0.4605134115620835,0.19132353196435148,0.4623595617431849,0.16861096324263636,0.18427649308234217,0.15720190194626915
2025-12-22,0.3299194145638124,0.1808501551451301,0.2033296584184995,0.5224775011619033,0.2535686689423674,0.4449610946519308,0.26170975251198947,0.38580261823946627,0.2531119747743445,0.2514616614486841,0.4578655941530952,0.19357602991100517,0.43169824869670254,0.16317324805365974,0.18095708638561678,0.1560721897399247
2025-12-23,0.3279693413709907,0.171966664797853,0.189908009707999,0.5043337503151926,0.24698082463231255,0.4354037855398859,0.2577657569183219,0.3759409863569983,0.2560020732369881,0.23750076955756425,0.4291784311259292,0.19715545832398138,0.4183979878133447,0.1601245331919284,0.17624381508920717,0.14998246807046844
2025-12-24,0.3246032435465952,0.1713904363014569,0.1843819542395075,0.5142226502968223,0.24102600072070815,0.42442554573248925,0.2546591434742979,0.37388227688144493,0.2495893412312102,0.23478363724032522,0.4144559421755124,0.19421267504862,0.4090744134765093,0.15842618925552268,0.17850069110088965,0.14225103173702924
2025-12-26,0.3271682257447378,0.172610980884513,0.1844540296189064,0.5010924260812587,0.24006678867652317,0.42723275010049916,0.2652407872831474,0.3818525187954963,0.24690857534174784,0.23546560959418442,0.4077775215551716,0.18710197886427607,0.41282430301662826,0.15143779061385723,0.18217557895535133,0.14233816684188205
2025-12-29,0.338036416975307,0.1774271089114528,0.1885450854428078,0.5424700529702945,0.24118379503885945,0.4421224577048145,0.2350724528220977,0.38681858495627314,0.2524946750427226,0.23415792878373018,0.4189862468296437,0.19219190098375147,0.43893928138441746,0.15065215686079259,0.18840265605037795,0.15236417924236992
2025-12-30,0.3368162147260758,0.1768675424812283,0.1875873003670655,0.537825631441451,0.240662150315511,0.42831732541878015,0.24842953085529762,0.37743821500099833,0.24639166924412564,0.2367082340758503,0.4152131486569745,0.19179509362999092,0.4369235393348047,0.14763387680407247,0.17815434509406866,0.1604434697802166
2025-12-31,0.3462871734626208,0.1783890165466858,0.1828093133724971,0.526901129807843,0.24636430558457928,0.44312124801207053,0.2520502703673118,0.3741909793777358,0.2453304889841118,0.23501873404583548,0.4022342027546199,0.19814601833054843,0.4537498797502451,0.1472651662850454,0.17565676150612153,0.1664252189210742
2026-01-02,0.3517405403193145,0.1855516128371874,0.2034107070558781,0.5814439145611439,0.25664247106895927,0.46722417099034763,0.2591086676250151,0.3893558551221616,0.25442486548551285,0.2506243874366603,0.3907943312256843,0.19037470509943455,0.48276029044336644,0.19083086576149694,0.18557125582948256,0.16816565213040433
2026-01-05,0.3927163013041281,0.2033808828492346,0.2099689975720686,0.5719048802759532,0.266822910392805,0.5057065301022461,0.27741836863591857,0.4295282523825379,0.27083128858581834,0.24942774285724253,0.3934493158493189,0.21478911003535017,0.5251972256531248,0.2003581767870474,0.20821339267267963,0.16281181167659517
2026-01-06,0.378453321597142,0.2397583375944414,0.2612830456048212,0.629650415143683,0.34812331813630165,0.5318717605459462,0.34150778072583243,0.42386038804759824,0.34178927179413016,0.36094230013221396,0.4725826156897593,0.25991165707489905,0.5540691579302676,0.2612657647341389,0.19628003886237744,0.174550708672462
2026-01-07,0.3671010936181484,0.2478535984086678,0.2672881132187918,0.6142337192003583,0.35169008821528697,0.5243281162500134,0.358262171991826,0.42867076867239334,0.3507971962112771,0.3674216004412852,0.4629860696678542,0.2688776196005219,0.5831840949362678,0.26764099695407917,0.2052148326021238,0.1744022462522688
2026-01-08,0.3675915769543384,0.2537664764567045,0.2679529531451222,0.5987134915290167,0.348578140944884,0.5107786653519154,0.35420688865675437,0.4189964320167461,0.3516576471319136,0.36424416949097826,0.4612350729343344,0.2732223232516156,0.5956839825901543,0.2709350915697372,0.2004058943535952,0.17671667964989363
2026-01-09,0.3562166380341099,0.2443902806093956,0.2654724267477963,0.5844817731321955,0.34734800985420944,0.5058300993470153,0.3424584501330369,0.41458148686642876,0.3401717834066913,0.35758663321494033,0.4496099017152158,0.2639702756386102,0.6292166879341985,0.2683666306863191,0.1936715737969794,0.16612531036057138
2026-01-12,0.3567613150221613,0.2558591341806153,0.2758348758332584,0.5970816235218298,0.35534560257042486,0.5183735687017298,0.36065636669779244,0.4232790696180097,0.35544283114183695,0.37096333516467955,0.45853146067688044,0.2738593518863738,0.6186915666716797,0.26761001287958697,0.1988856228832013,0.17149848306760168
2026-01-13,0.355561710226555,0.2524551152671251,0.2928118668389597,0.5787769122459036,0.36324943375006824,0.5385532586644303,0.3669370285769063,0.42226094336469916,0.3645229899293423,0.382032696953092,0.46264778631480835,0.27374891023618364,0.6602640414979057,0.2842321488330398,0.19785848929916736,0.17270099961067117
2026-01-14,0.3548925239505845,0.255511466421621,0.3121782329246687,0.5812675361484294,0.37962173696580104,0.5455303287497756,0.364587865367769,0.44716062601792583,0.37206386581053347,0.3870735308649979,0.4625312124501015,0.2894334145406362,0.6720619244179771,0.2834427764506983,0.19994594883374156,0.18116970596993048
2026-01-15,0.3586856551767532,0.2560160217589247,0.3116493273158301,0.558026755871306,0.3782742526652506,0.5448158806592389,0.3479272130656246,0.43541296502603455,0.34862244409381943,0.3730670188067604,0.4586412761759682,0.28153322306388534,0.6243125763630222,0.28747850674901304,0.18397396459319426,0.17011868227947421
2026-01-16,0.3529261568131027,0.2498238568501475,0.2984293715295848,0.5526786811795826,0.36330933959227024,0.5371856843559007,0.3468567677759733,0.4215989303887806,0.3454189963524311,0.3712800520980128,0.43995449347907833,0.29560857318908806,0.6084021268433694,0.2907693681851964,0.18817439905931332,0.17407291445252715
2026-01-20,0.4152695109321225,0.302734076316558,0.3173256141576311,0.6383396610101464,0.41565812828344384,0.5887883392514249,0.36337227945678513,0.4936391719463549,0.37984679840750607,0.40799046002559053,0.4829311196127489,0.3058930265786041,0.6403954777060982,0.31442923630754405,0.20191851031163152,0.21987874957413409
2026-01-21,0.3823927130656516,0.2860306307702993,0.3202191806010515,0.6439939219936112,0.39833340135875883,0.5864449254552482,0.3689205993772654,0.4474791199472923,0.36691083514185896,0.39969113742180895,0.45872795129127486,0.3023903881574635,0.7240684517829794,0.3053500573447251,0.19604863518823318,0.19942954339417063
2026-01-22,0.3673733146245032,0.2804477913853412,0.3073211721578437,0.6407478930575768,0.3954112148347618,0.5747579825285489,0.36697812379074235,0.449146228210039,0.3706910505286593,0.4027980530543512,0.46766112059688875,0.28514120205606436,0.671264465764368,0.29395411380724923,0.1905794361582399,0.17552033462136002
2026-01-23,0.365519961004999,0.2867128415999635,0.3203421166438632,0.6404353284426713,0.40440343303606247,0.5749104385141867,0.3710307629192943,0.44551801967555277,0.3683703157451973,0.40794248203024286,0.4625177629654354,0.2813006130420517,0.5371666818502736,0.2958363571314501,0.18418778550985565,0.17261378699443192
2026-01-26,0.3681906005123195,0.2909222508665722,0.3305845281999152,0.6454433668025067,0.4337611947986723,0.5834071548760222,0.3888970618542446,0.4562803233476304,0.38660717779807496,0.4374089392562794,0.4792148516249883,0.2869359163929378,0.5171220970047871,0.32643318419861955,0.1857782949852639,0.18128909931134202
2026-01-27,0.3795344411897268,0.2822902940836032,0.3365610433053982,0.655856434652007,0.4459457273890959,0.5889437071880228,0.3979759132714719,0.4551144890996946,0.3931991495485531,0.4442457676897122,0.47783471337236805,0.29973014699979933,0.5069082517099782,0.35191235424523737,0.18629331759796208,0.17818821595168186
2026-01-28,0.3876459379777099,0.2953975439255235,0.3491363936803069,0.7001894171489612,0.4499076879834197,0.6238045131785985,0.39575572540094,0.4800488792094748,0.3877099942348276,0.4466955288435034,0.46514684104492543,0.30396914290637367,0.5620053547201144,0.34349560226696635,0.19575801359397546,0.18301256866990337
2026-01-29,0.3801974713867817,0.3237797166906259,0.2675079227995234,0.6800833064848093,0.4597391355820919,0.6090111099879288,0.4079608276697734,0.4814942250514629,0.40425360236950447,0.31291704632055134,0.42687904103404956,0.31628501063877495,0.5701251207674429,0.37173211633351294,0.19733403572206176,0.17981142962556854
2026-01-30,0.3946858479509209,0.2316131433736136,0.2410644651567475,0.6865878318449551,0.4713584849622091,0.6262502721642864,0.4060784972477272,0.46114381421405404,0.3979818717069416,0.2892358424136182,0.4216555484483493,0.30734741587090286,0.568734615429084,0.3724846941696099,0.2037419177314627,0.18500192143728808
2026-02-02,0.4180454760171227,0.2151369715034394,0.2301801931744911,0.703401451813761,0.49692888338932667,0.648815888798613,0.41848701322175147,0.46887632778869237,0.4125697766874335,0.27702729464165426,0.4204425214895253,0.3285243203459006,0.6001636155182967,0.38941649441685744,0.21506455117810985,0.18480157221024018
2026-02-03,0.4396737492007483,0.2307323030367021,0.2670556637893515,0.7304204514248774,0.5374233823610457,0.6803680269827,0.4564993556214785,0.5148347682839648,0.4530673330836604,0.30103465161875403,0.42496627359410316,0.35802392724702536,0.63690802745622,0.43848547131616006,0.22525642915269406,0.20709030736175676
2026-02-04,0.4963621506116444,0.2402958360467709,0.2610664731963697,0.8133221268636265,0.42860717475831683,0.6146327715780693,0.3963575835803355,0.5963446829960376,0.3961789125263844,0.3175087496061265,0.4551227505571445,0.36031577599402526,0.6380145828802491,0.40247554837036115,0.23848951048671482,0.23351413299548787
2026-02-05,0.5194282253078722,0.2591993159792353,0.3031445512316568,0.7837198804100852,0.45279929317440004,0.5851967965468512,0.3541940794061515,0.6156319127912565,0.3381873906570093,0.3368813062490931,0.46806229208526745,0.31109130083644887,0.6325031689908744,0.31772577359748166,0.2651039708739144,0.2431130970911189
2026-02-06,0.4857755222018824,0.2287787229535433,0.2741387404779604,0.7422953284549062,0.31495575430044476,0.5500731102708827,0.31816637053443503,0.5792086838711153,0.31532175205362084,0.3211204294842684,0.43124349566439285,0.30499126395588977,0.6327825787124006,0.2940679313079677,0.24936326098118403,0.20873958250120017
2026-02-09,0.4816127121908721,0.2342366554520888,0.2612750687427714,0.735249709701031,0.3153714704505024,0.5447284897579012,0.29442785643181923,0.585204515195654,0.3034988096335275,0.31433089261640973,0.4229519456313783,0.30438698871208,0.6192134604854732,0.3109189230225943,0.25688019211677654,0.21027204993964363
2026-02-10,0.4708554703961653,0.2290351476818496,0.2608690432521792,0.7420471263790147,0.31713370818180764,0.5397760508603351,0.29794521136627955,0.5809945442465613,0.2942578527005844,0.30800300624868693,0.41997473109023215,0.3095057071986254,0.6002704933719417,0.32377787515164896,0.25245336477405167,0.2086285351415729
2026-02-11,0.4732894304869739,0.2328134942884291,0.2698477199495301,0.7464976223946803,0.32009163990897843,0.5529543611431182,0.2981404509063052,0.5789704485804206,0.29674164750594534,0.31603480219820845,0.416079284976281,0.3119507545547918,0.5933874282797379,0.3302818390607735,0.2548159073156014,0.20259953240958326
2026-02-12,0.5089272294583748,0.2787255323695032,0.2913690178382449,0.7911447617571558,0.3366580183130697,0.5763336183168567,0.32224484232690304,0.6134395310074224,0.31849125867439715,0.3362923940988655,0.4424542142180946,0.3484577012031372,0.6016070335859204,0.2683675334518953,0.26884852794387776,0.2417847856258668
2026-02-13,0.50042051151157,0.2773493051559815,0.2795074788491649,0.770199969300208,0.3245212116954394,0.5584205740687033,0.31374898761174635,0.5906005567540249,0.31402646227568415,0.325538502243323,0.43001986509821527,0.34170413540237543,0.5983199167135695,0.2581174445487521,0.2620779066717131,0.22798977048281557
2026-02-17,0.5074874990013283,0.2649890824231091,0.2791387574061645,0.756164841349385,0.34416875882958137,0.5818876300843091,0.30479865032631825,0.6076008353516512,0.3092041319044179,0.3298594670682953,0.4436652429246031,0.35275972340773787,0.6026655937982555,0.25104705989411547,0.27421287273764033,0.22962494324589608
2026-02-18,0.4892105460448762,0.2560404743936749,0.2701953745846727,0.7505953151956812,0.3249602682768307,0.5606584318003232,0.30016664930563086,0.601631503746788,0.2990651215262741,0.3220552518897996,0.425292625367282,0.35289794448349704,0.5819733802972555,0.2365546218429107,0.26921599417043646,0.21550960244123032
2026-02-19,0.4857937654781041,0.2678108178593487,0.2819343307496268,0.7369695234905491,0.3283510194841165,0.558387875121207,0.3099955304732521,0.6152254981899318,0.3206986011980913,0.3191351496864398,0.4175736134351438,0.2685209661548286,0.5738734261273684,0.2479809827957557,0.2648548605919521,0.2232251348904776
2026-02-20,0.4830256949245139,0.2491544605960554,0.2797587082526787,0.6972338363687416,0.32383666159866853,0.5488385518129894,0.3162347947083224,0.6069245483884973,0.3261121940374941,0.304238238161893,0.4031423335173707,0.24428280703091232,0.5617777716591674,0.21191895514471315,0.26422504831795113,0.2122741400410632
2026-02-23,0.5213260046648346,0.2722150799568202,0.3016368392854687,0.7501887330780687,0.34807286096526063,0.5881871410580961,0.33367352708058895,0.6476688704809502,0.3312541016577338,0.32681285757375006,0.4293334667047467,0.26482733690991406,0.5853922886119853,0.25859245767233874,0.277991344627272,0.2419822972891416
2026-02-24,0.520376603571781,0.259792905884782,0.2783883865024477,0.7733282282393839,0.33929232173234464,0.5888838110671255,0.3262116309539541,0.6665357726277686,0.322702553225726,0.32033253287005725,0.4136525439553035,0.26525508254357677,0.6373435310982183,0.2658469220696996,0.27391823975351115,0.2170274559650955
2026-02-25,0.5244476592030352,0.2429403855513394,0.2732621092921655,0.8330673500191349,0.3193342510449672,0.5878410471006065,0.3220974080546235,0.6632585370492655,0.318255897126595,0.30621649171554033,0.40028498213542124,0.2519775231856578,0.6223569124670014,0.2407601982086626,0.26858330081724635,0.19703696762330888
2026-02-26,0.4592355893402263,0.2461004410144816,0.2751351181157955,0.8032936325119764,0.32111749751493085,0.5473150283700953,0.3264633795920463,0.6342966842937618,0.30801256253638554,0.2979141905702105,0.39438469008664645,0.24133539943215346,0.5958357581282522,0.24961823108256243,0.269921864563257,0.2063402430909674
2026-02-27,0.4826323493451923,0.2726155402632073,0.2815085001335605,0.7833167762526688,0.3289445060539516,0.5393621146258332,0.3056697387024793,0.6431641222964456,0.2962470176719821,0.30735289899883544,0.39774056025702476,0.2582143159604699,0.6126040319682953,0.2502231424173641,0.2806032107073361,0.2131785850587005
2026-03-02,0.4650006359649222,0.2760871194452007,0.2940572376518378,0.8497491075264428,0.34936723537183917,0.5753206707983004,0.3294366728490435,0.6713680814644819,0.32874612354488403,0.32790560491431614,0.41461572521622725,0.2784810485075658,0.6249236907910696,0.274349469889838,0.2986421596416997,0.22391651342538957
2026-03-03,0.4803823952005895,0.2877455568035384,0.3093899939623901,0.8971025308896455,0.3623308163940522,0.58400894514406,0.34509731506185287,0.6958321642267854,0.3224106253057568,0.3411542278762124,0.4392467110889432,0.28038652675337955,0.6240182169146211,0.269678085926868,0.31131055398668755,0.2502416813774078
2026-03-04,0.4684280208506871,0.2639643303897623,0.2945703782635508,0.748214197692197,0.32841000394901065,0.5335445369321252,0.3105921344204072,0.665584121822909,0.32158247464636436,0.31628449620165194,0.42936880997622257,0.25163113795996783,0.619343491425414,0.24295660376099973,0.30531336806296705,0.22840820310424184
2026-03-05,0.4173280769003856,0.2751036958899588,0.2938820078404036,0.747865233539067,0.31956475129383927,0.5321550793421128,0.32628854559902315,0.4770943593730405,0.3222118511351517,0.31397856633610105,0.4250544494109419,0.26525028223861163,0.5947211432410565,0.24883984124172023,0.2579371248762553,0.21241071213339405
2026-03-06,0.4627811901750381,0.2972521825285126,0.3014780588322053,0.8133831179288603,0.3622187811621221,0.5951271679632686,0.33786988353928177,0.529968350098579,0.3320386236100019,0.3471505725186808,0.45510151537698573,0.2768517525949266,0.647734863991177,0.267040885045388,0.24584107794992915,0.252998677903362
2026-03-09,0.3970524354703401,0.2773477957077547,0.2904858311200404,0.7590015542195674,0.3369810955093087,0.5421244078097877,0.32806761322146866,0.47913775141509657,0.322223253480175,0.3248463614421828,0.4363458694747152,0.27324353887952263,0.6135644670129677,0.24764425558537312,0.23730209357482857,0.22044440015940278
2026-03-10,0.3974065946476278,0.2749222113787055,0.2889326736971354,0.7637333922405019,0.3314007506086394,0.5499637573064435,0.3263047906291659,0.48017798558634645,0.3246890580949384,0.31624217219855605,0.4361724026571294,0.25930901034694126,0.615484034374172,0.25686481555846075,0.2268130032474275,0.23331134725432864
2026-03-11,0.3951552818353414,0.2672716134940775,0.2718526364381267,0.7426254897375949,0.3246681407733732,0.5452118779336735,0.31118408827032623,0.46416346535530445,0.306595784083642,0.31495639151136,0.43128220657855354,0.26228370958189506,0.6175864714750031,0.25361229268322094,0.22179797810890614,0.21615699514226971
2026-03-12,0.4114543561731018,0.2882533645819989,0.2906435465006733,0.742409076685097,0.35075280972097367,0.5457457591321544,0.33007144426727747,0.4705090739181525,0.3235088756782623,0.33735363493323467,0.4577512934227519,0.2712874536190934,0.634046834388326,0.26419288164892285,0.2242360835346688,0.24697529454321968
2026-03-13,0.4147739985470128,0.2949672299077301,0.2857861925961291,0.7154542829973008,0.34276198721622075,0.5355905496492788,0.3289536155262905,0.48184929440589047,0.3258422323579271,0.34566394420581537,0.45740274771028006,0.27369438523780026,0.6314455793993419,0.27097464067126564,0.2254246026306655,0.24619195863437957
2026-03-16,0.3856212758811947,0.2606040356012528,0.263516640801498,0.7404017338931825,0.3311070736648404,0.5319334132896895,0.30357497461387856,0.46434284674430004,0.2968903170120532,0.3277918970509243,0.43107715102465455,0.2595111431390378,0.6349630075913671,0.2505982776537834,0.22092286450079493,0.22441517241065878
2026-03-17,0.3678643307730098,0.2479115548670922,0.2501727307867585,0.7119081934799404,0.3037376550551634,0.4934229088917079,0.2829067854748496,0.43507831363628674,0.2755682433828592,0.3037026670292778,0.3894172520487442,0.2474514784208198,0.5946999268470751,0.2360444531039374,0.20508543634686432,0.21089050825639694
2026-03-18,0.3674561543669067,0.2711496097214826,0.2732797814426281,0.7161137761847709,0.3254925826549173,0.5125117316445571,0.2999538885935988,0.4432329446459052,0.29790935016735604,0.3263833782419101,0.40559941428992013,0.2632888898912196,0.6041691720867396,0.25382294209257444,0.21603456795424386,0.22771879402889222
2026-03-19,0.3525424993691212,0.2571130779809815,0.2600589712223567,0.6521615652669991,0.31997307418001525,0.4908308617691768,0.3104844489391711,0.4320010268646334,0.29736628238455154,0.3264359031418242,0.4129056339159893,0.26536770876445054,0.5998850076095412,0.25096827887734263,0.22859651244370457,0.23844067405080657
2026-03-20,0.3804445250501869,0.2689502275396277,0.2807089097087613,0.6624449604999562,0.34033097581722116,0.5216952576077567,0.31011495047736665,0.45022835587422316,0.31161782091816975,0.3375073138007211,0.43034852070145363,0.2770469384519713,0.6268772552549444,0.2577642979647147,0.22718994288810646,0.26270454408051824
2026-03-23,0.3609211757843207,0.2633151122649487,0.2648422727067512,0.63840885810916,0.3243070854273706,0.5126451503606022,0.30083814989098934,0.43876630635717156,0.29643761586629164,0.3247659968974602,0.41046087852146906,0.26821368864707706,0.5960788356375001,0.24964950194535587,0.23035022701626176,0.25566392264484855
2026-03-24,0.3599132684905403,0.2702413326195772,0.2793535300336425,0.6202733185625487,0.3339689808172498,0.5159112159182455,0.3344937854143369,0.45587813280679473,0.3211175930825257,0.3447668438145957,0.41469842184943734,0.27008346674004496,0.6017993852998983,0.2577014776653168,0.2279915202472281,0.260259480596874
2026-03-25,0.3495067359012256,0.2682696359538526,0.2779685103885105,0.6287418028964206,0.31919854295566435,0.5112903749322911,0.3167360331404582,0.4484492291831451,0.3181615164276782,0.3375642849171793,0.41028638638760123,0.2655704124662051,0.5974177250773834,0.2538059660160489,0.22763053759680396,0.24378059068627583
2026-03-26,0.3995552439637312,0.2812403656131141,0.2963550185594208,0.6527019913293636,0.3533512952746406,0.5323172401505428,0.3441182715612544,0.48206992831628076,0.3403825308011654,0.399908663823012,0.43239901848569323,0.2796266558683095,0.6177288451952547,0.27641398708746184,0.22622757041993546,0.31262753583938746
2026-03-27,0.4028109873586726,0.2978814983428925,0.3228789464379511,0.6646850494714049,0.3798723977161963,0.5445795596045804,0.3467513366352108,0.4883886782911662,0.3600071664102275,0.4223303006355936,0.44903152161081583,0.28687205285778705,0.6305468394013034,0.3005280385871861,0.23642139641152654,0.29246164016908477
2026-03-30,0.4127846434908817,0.2954894290246461,0.3189873844124814,0.745980279347275,0.38089665294901653,0.5796035042382928,0.3560320744865119,0.5019852588634273,0.3444112752807236,0.41603481245665463,0.46030714112308857,0.2955743093960172,0.6707288746830976,0.28950140241800737,0.2499205599609461,0.2914674208071799
2026-03-31,0.3572173693663272,0.2677218734909147,0.2928569400715709,0.7021538136788341,0.3512902580222217,0.5262876958890158,0.3120141832134477,0.45795024337287094,0.3054884397853905,0.3888361975461002,0.41679186412076363,0.2690418067525125,0.603933118519633,0.27834920643476296,0.2366169446085831,0.26213891632998376
2026-04-01,0.3543374269504626,0.2600860290955608,0.2772153968685905,0.690246465843066,0.33316682856280394,0.5198590180264094,0.31268785876455724,0.4634194922566366,0.36201048234208183,0.42412956413979647,0.44891866981712925,0.2530616666172671,0.6729995622162753,0.25408460650285547,0.21614315912853524,0.24783236394213345
2026-04-02,0.3572450061725401,0.2831474079394855,0.3411965978477494,0.6887419036752085,0.4025565220934611,0.5635784082321336,0.35420627214347417,0.4523714961356504,0.35012568299171726,0.4222080758816868,0.45634299321926475,0.254750829098809,0.6940273760756356,0.32910330057568715,0.21674297880681723,0.23429989889938055
2026-04-06,0.3452035632312354,0.2859234908366985,0.3395636550230048,0.7021629543951421,0.40115488908220365,0.5753770940082553,0.35954482839787794,0.4500810468419589,0.35442912930185927,0.42497839317272534,0.4589960670151367,0.25636148104614687,0.6874090121971936,0.34014421077396517,0.21796525204777742,0.2330217159922998
2026-04-07,0.3554423916657065,0.3049618490368609,0.3550677611300548,0.7086285926132406,0.41209236327742027,0.5931181242581879,0.36982064408585985,0.4683298406894144,0.3556057615992043,0.442010915540897,0.4745194180106837,0.26811880717689923,0.7092653515196494,0.35385243891911383,0.21541266520666158,0.2532732414286066
2026-04-08,0.3430014880984296,0.2801533514795241,0.3456080746238983,0.6858400130567576,0.4049279487316195,0.5801610267339615,0.36199679444852173,0.4434038571788721,0.34426180169208287,0.4378637339479207,0.4800508028175543,0.24721336756096665,0.7304349134989055,0.34274381022708156,0.20511942227926244,0.2208423736801317
2026-04-09,0.3247252124430523,0.2730360619755046,0.352720399655582,0.6936811034103847,0.3989530202237261,0.5595354093141305,0.35339210901081286,0.4394853420103782,0.35172810248004766,0.4161104510521163,0.4714525485273675,0.2374653471181969,0.74167912201102,0.3437945306055055,0.1935354059769974,0.19768948219513405
2026-04-10,0.3267797368569264,0.2674236364262451,0.3568921460603122,0.6988710918213433,0.3976044257177409,0.5734394982788132,0.35114105155143616,0.4486642368321542,0.347086398548963,0.40233322307802755,0.45756944898251295,0.2422725863928139,0.7422388061551566,0.3362491510168184,0.2016736745572728,0.19572365885764598
2026-04-13,0.3320369888170073,0.2798639450142949,0.3751208605009085,0.7024581509002179,0.40688158904132504,0.5656109827510407,0.36860561041664586,0.4378642502334145,0.3614839733939162,0.4054643902297792,0.4608320223355944,0.24434753736157322,0.7671844790322521,0.34096826386178575,0.20526230325681252,0.1939532368338302
2026-04-14,0.3378071353634642,0.2820723069119735,0.3766852716265448,0.7451017430240461,0.4186250636657299,0.5667611094251994,0.3621390738436805,0.4327512795832904,0.36051066580336866,0.4174078690337439,0.4630773073096633,0.23647594974467842,0.7324069979292264,0.34548652169614635,0.20420121795913132,0.1863660436961298
2026-04-15,0.3446737682224078,0.2883049941670704,0.385794172769279,0.7417030778065021,0.4074130265074289,0.577911273001122,0.3803554248556588,0.4483605338161354,0.35915626923708366,0.4280417910823259,0.5014845015026433,0.24296476160502908,0.7485112054095836,0.3473196173207164,0.19315609337198705,0.18801228993855892
2026-04-16,0.331498491324096,0.2824106605179987,0.3777618203596924,0.7260753202785782,0.4040747191867791,0.6164172590902433,0.3576351216948104,0.44180691824045226,0.36666788160946145,0.4172414942670527,0.476244184186104,0.24184436706482615,0.7466303408903456,0.34675162850026314,0.19145188398663943,0.19210547175761405
2026-04-17,0.3252720873377752,0.2738249957451681,0.3620216694654518,0.6920666418348261,0.3986381219917397,0.589716938978722,0.34923792615180155,0.42647815658207094,0.3387144265818268,0.4139962345683891,0.46595237459391403,0.2316254659545779,0.7348068955944336,0.333207837397188,0.18009707835270655,0.19054640117049043
2026-04-20,0.3395625419489823,0.2870945047251728,0.3791424437265037,0.7051797483103853,0.4195583693211409,0.6239546278771995,0.3565848338165007,0.4377560551106541,0.35129607747168634,0.42824316008599256,0.4662309849869465,0.2486053598044588,0.7491548163720014,0.3702434439630636,0.1923090372970846,0.20170646589871855
2026-04-21,0.3483481297434513,0.2999860290485703,0.3890585782297872,0.728923078442019,0.4388023188326141,0.6728221026156029,0.37374682377998575,0.4435513032214478,0.37186568431902906,0.445016551247252,0.4827022551481702,0.24764857000034848,0.7720265191360246,0.38335897465898366,0.1950421135215106,0.23496017193502933
2026-04-22,0.3474873190830947,0.2825569620648649,0.3927897238027341,0.8010931326221454,0.44208726191133996,0.7312818285287335,0.382375666188706,0.48458717445425337,0.380699614540406,0.44924266832728227,0.47939539369849105,0.2537496497742687,0.7928599213305113,0.38640451155734973,0.19705394990617545,0.21275915262629996
2026-04-23,0.3497580639871021,0.277634166036275,0.4172942979683715,0.7799426396103004,0.44560643144718043,0.7145896393575968,0.37871499035110495,0.47144907020052973,0.36983788639556364,0.46998951566345104,0.41889838795953616,0.2422362876194547,0.8240886056209715,0.39264160656562724,0.1896056730218795,0.21331222305138456
2026-04-24,0.3689818424602042,0.2809424195466207,0.4186219397035108,0.7976060642213194,0.4491502890221762,,0.37512979235982424,0.4867874152942391,0.3742916939726316,0.46845557809763466,0.4051265821409698,0.25126695943780203,,0.39440586229348507,0.19711308832257188,0.20144475017726063
2026-04-27,0.4089367711164351,0.3017392105145458,0.4653721226989996,0.8752773781056633,0.48188992556116994,,0.4086579261175825,0.48526109863735223,0.4022580521337282,0.5105860506052252,0.4252825707691271,0.25802887230337135,,0.412674339760554,0.21132896559319497,0.20539146086939064
2026-04-28,0.3895477100979936,0.2943613101956263,0.4846437900571677,0.8408875645688789,0.47909066289180396,,0.4044386875588023,0.47852548386158505,0.4044037558658008,0.5129105227283892,0.4166931688823628,0.25436482041175446,,0.4025672828897752,0.1929520529459986,0.21868666798658337
2026-04-29,0.3941092670659525,0.3070275706798141,0.480599415326064,0.8308925194300002,0.5289490905469698,,0.43615786126700384,0.48054272774209306,0.4236120258374041,0.5413474843901018,0.40451848492353404,0.2623549383666562,,0.4405966280031793,0.18439449317138226,0.1698002502387599
2026-04-30,0.3844984624278113,0.3251921818523152,0.2869383499229164,0.835304721948488,0.3031138971864126,,0.35588013500668225,0.4586546710263699,0.32604338909811653,0.34827241913276646,0.40442946769681487,0.24031252828967878,,0.44359132409463137,0.19774677495989448,0.19042879768706236
2026-05-01,0.3546889321130633,0.2267587316354851,0.2671184769832244,,0.28628856118892904,,0.3135354491651235,0.4262369799846871,0.2641217109629722,0.3058826835244455,0.40169113174528787,0.2289241040317299,,0.4384905815495229,0.1976226449629496,0.1810092046100989
2026-05-04,0.3668893395603695,0.235671989397946,0.2880303281776957,,0.3176579094281965,,0.35133245973777966,0.46304582511903497,0.3384799177995384,0.3149076349109284,0.4281121670082207,0.2517696449103241,,0.5028949121713645,0.22858162567229182,0.19944782344580245
2026-05-05,0.3687981448199203,0.2345865338970351,0.2769017033997076,,0.32127446212486965,,0.29345335584116244,0.5309895151164217,0.31163542169026276,0.3098473199025604,0.42392521385752413,0.24592849582774004,,0.5212836027980664,0.22606695351959002,
2026-05-06,0.3934710749214056,0.2324218364509358,0.2750110471656029,,0.32191511467032735,,0.41501715714955006,0.5040600323665902,0.4007664312367374,0.30797184205386346,0.42910401840439577,0.22917184330704413,,0.5572173000349413,0.23476125553704683,0.21636849411778267
2026-05-07,0.3863883012957013,0.2261276580578179,0.2847986844240061,,0.3033522166172334,,,0.4915036018643814,0.35394732184220584,0.30375418313219205,0.445043054956005,0.22408667846633062,,0.5793174834506107,0.1982917696218258,0.20606569121985235
2026-05-08,0.3708402698310475,0.2140616926582297,0.2610381660340295,,0.2835352285257995,,0.30715988412167905,0.5196816846760495,0.48806061877789253,0.28201772640510053,0.43397954761788105,0.22592613478189655,,0.6894111166458057,0.2017120439318223,0.19228409874648467
2026-06-02,0.4099805657177864,0.2317771551747536,0.3091296641055115,0.9698144260805244,0.3150161314586575,0.7033447390708285,0.3146352560962957,0.5880826591681636,0.30274578976807603,0.3396906134444833,0.4593494903673323,0.2555220282885094,0.8053162655182737,0.38998151862051256,0.22534999711667794,0.2144617640133674
2026-06-03,0.4025151448575558,0.2428961589421565,0.3112074645979167,0.9844478518008504,0.3252090237227118,0.7030310417425314,0.31836309544329705,0.5757186925537485,0.31010368233421104,0.3431918822386327,0.46105245115656096,0.2623205774315969,0.8048223149524049,0.38050827066682136,0.2289617230705597,0.2103950409899481
2026-06-04,0.3921803490257585,0.2352094062091673,0.2926226681207717,0.972665853974845,0.3140587283236999,0.6872589352222016,0.3161902657222161,0.4758973798324571,0.3047953429428964,0.3238739252958619,0.4561374914044256,0.253371890905331,0.7652688847529063,0.3593304288559568,0.21231037703744293,0.2045317000314743
2026-06-05,0.4126327484484353,0.2486777700499508,0.3052523883667798,1.009408278795652,0.33405634525051425,0.7005722750918053,0.32525951371779727,0.48307235033409185,0.3157870424408114,0.34393677549267504,0.47984455403684734,0.25254704827231034,0.783902587168389,0.3683145446900827,0.23651816169986756,0.2257048773013213
2026-06-08,0.3996642580921399,0.2412137824092474,0.307516587619503,1.008441564147511,0.32276883551631497,0.7056436091631457,0.32141463874699455,0.4550771463015209,0.31578060609759045,0.3399978527877381,0.4705070025749604,0.26091068515225113,0.8276224997495091,0.3735085040613744,0.2313480138083896,0.23072708410110582
2026-06-09,0.4018953357791883,0.2439227240307429,0.3097708030285062,1.0204145044933175,0.32348827727400764,0.7148923620346767,0.3185936985146755,0.4679542700695813,0.31662253457050593,0.34099662991442486,0.47891574797518927,0.2542145342697596,0.8308729046096556,0.3615865902903612,0.22527262345491678,0.25307764344314704
2026-06-10,0.4209180836013186,0.2525209795908609,0.3150106168265956,1.0516421975711514,0.325265629576591,0.7315970247051218,0.33135680955715907,0.48339044583479013,0.322813132848879,0.34315561535519906,0.4953273390105605,0.26617870719965364,0.8395497003257293,0.3683786795516476,0.23237486828151016,0.27569513718210725
2026-06-11,0.4045150476284725,0.2322423743069848,0.3126597036616351,1.0337580437322935,0.3185563686487134,0.7207994175825935,0.3298211150176154,0.47388013120508066,0.32796631762213413,0.34334233816316273,0.4937029502776935,0.25532854869070803,0.8422199366473206,0.36835007498063776,0.22742625482917125,0.26922658833117885
2026-06-12,0.3771205260730655,0.2249260352515857,0.3083794774670154,1.0495445380504371,0.313961614629459,0.7268119345079819,0.3169009240297127,0.45535934235491976,0.31402402980571203,0.33233440212248017,0.481416634933501,0.2419101839508379,0.876793114528283,0.35191150922461223,0.22442392729031044,0.25085695449400425
2026-06-15,0.3724379604593136,0.2191877933943859,0.3055119198827061,1.068489925208102,0.3014367816879887,0.7356466169613965,0.30568558599131546,0.44167975226072814,0.3001630524671928,0.32860082542864766,0.4432521858409534,0.2423989905166796,0.8491568124649709,0.34252016930171775,0.22091604931400957,0.2226493369325358
2026-06-16,0.3610486781523638,0.2152086536029064,0.2979169589398676,1.0467254227677958,0.30631842817451466,0.7035928407263288,0.304935969584528,0.4514536536712875,0.30664703273713056,0.3304678121836465,0.42796935912463313,0.24167982440857014,0.8385608927555458,0.3462686955179278,0.21955614211142377,0.23646118522887577
2026-06-17,0.3656028397560076,0.227192935002073,0.3133143659845266,1.052700815645033,0.3150064136282638,0.7029310011971404,0.310346034377972,0.4704719785152124,0.3097283473821665,0.3456071645045657,0.43912830718074075,0.24690475435479034,0.8440112579441855,0.3425170533578709,0.22047437405461492,0.2558715388686995
2026-06-18,0.3510508613563779,0.2168016206986436,0.2961419818667509,1.0290374253022303,0.3083633272355519,0.6919731043439578,0.3072316124693782,0.46486057423563476,0.30179782217924944,0.335249272256814,0.41870911746104106,0.24678156782686578,0.8472183282216776,0.34160705721405,0.21930339113963368,0.2260111301572966
2026-06-22,0.3538436898981579,0.2319066894731761,0.316213756329974,1.094826816423584,0.3428647605350886,0.7263084654654504,0.3241345445851767,0.4826999769094859,0.322593964339127,0.35029945806617035,0.43411157652641913,0.24969855490755707,0.9090449783344985,0.34652181302435436,0.21996400849485867,0.24784491737137254
2026-06-23,0.3821851135821947,0.2397203499620612,0.3210232467556249,1.1106671645759436,0.3307649146236254,0.7501437184576306,0.3214342823666248,0.48989124001207185,0.3229218193487456,0.3493645844257433,0.44558018921063813,0.25453628928432936,0.9161146752910206,0.3552138114050793,0.23145363550068412,0.3096090415682644
2026-06-24,0.3768154476930512,0.2441935101157702,0.3338144653443494,1.052164545907291,0.3402929166388989,0.7298491699401508,0.33126220077516244,0.49657803106522835,0.3300463551129683,0.35096087030576795,0.44302147783658474,0.2524312489893282,0.8999034802153818,0.34966367023218403,0.22246753957632964,0.35308218967013283
2026-06-25,0.3846943779953889,0.2813817435564967,0.3502193311961347,0.9253973238436416,0.34479200371348095,0.7177767763967237,0.33005296461897604,0.48136543076915717,0.3207733861862052,0.35724238099166605,0.4343271069319609,0.23713737059826973,0.8695231639101784,0.32462915614970383,0.2237447209631149,0.29741722298827455
2026-06-26,0.3497386834326097,,0.3501816974126976,0.8890424689145273,0.3013433468493028,0.6924961350477458,0.3234866055156225,0.47796136368895425,0.34758675660296684,0.3224973209735165,0.42581749520218726,0.22674788452755898,0.8277140171071911,0.31637585036964105,0.19936555342690235,0.28844270987517334
2026-06-29,0.3737269459336031,0.2580516161689105,0.3642115350857434,0.9563564127548964,0.3511922670981069,0.7179300811467516,0.3298996063672331,0.4830498218062448,0.3217654482086849,0.35299031495259736,0.4522547604845735,0.24334240609910804,0.857731547019744,0.3303209423410365,0.2198613545271162,0.25932959439942976
2026-06-30,0.3541789862368596,0.2475327402405902,0.3365562023396959,0.9281507653595736,0.34883534941871014,0.7203885157931398,0.31030477845726884,0.46254259751236926,0.30380514822788135,0.34498224863782523,0.43653361441437616,0.23415741181136893,0.8549144585116257,0.3358848164741059,0.21987944066956408,0.22663369036132902
2026-07-01,0.3709195706991112,0.2529485866023712,0.3453105221478739,1.0294277359509705,0.3458311651427349,0.7100991531398815,0.3185902408751105,0.4658870748355079,0.3130647836108995,0.3863169244773552,0.4321131519744312,0.24844182552910363,0.8564042728248262,0.33840897708916745,0.216975518350377,0.23565087077007987
2026-07-02,0.3654627965872715,0.2405742418859695,0.3293661851258231,1.050769017605616,0.32970635907870427,0.7258547523651604,0.31842784836186155,0.4796852051970863,0.31250458694446,0.35853178964490223,0.4291148857846789,0.2373822614988059,0.8931951113957224,0.34558750405918515,0.21257553704001567,0.24539222752722958
2026-07-06,0.3872597240195476,0.2567232775486638,0.361803447330797,1.0774062798236272,0.35898282782782154,0.7907290691970557,0.33444614908821513,0.5170006747488995,0.3257289486667503,0.3826891158238077,0.4596784251825712,0.26445428194338244,0.9140373797020391,0.3812584768496642,0.24325211895217227,0.23018010166800554
2026-07-07,0.4115700257328597,0.2676589563947222,0.4028786752092024,0.9874409831200596,0.4071742875038129,0.8188674519727788,0.3769242102336605,0.4951471427921609,0.37172087586966407,0.4507446713748279,0.4715773523305465,0.2922223586876933,0.9509401546429619,0.48897424316730076,0.21963554139553462,0.25027952037215967
2026-07-08,0.4138806848363535,0.2622410747243008,0.3991060761012149,0.969270451426534,0.4078358151922591,0.8105718848022632,0.37282991268736754,0.5086858836490306,0.3733316305216303,0.4606769149642528,0.4692768724467673,0.2864013034557874,0.9445132807041703,0.4973716426027082,0.21988333159357562,0.24245180264317182
2026-07-09,0.3956706787979825,0.2628091871368627,0.3989966071099285,0.9625676841026868,0.41461960249779506,0.807257417357945,0.37663559096499166,0.5080707655333182,0.36878102142980745,0.504200951861603,0.4653852483248275,0.2893600526712265,0.9312502742374434,0.4808963017519355,0.2253698647343946,0.2392460007920222
2026-07-10,0.3882576592985826,0.2615926162403033,0.4094701617056183,0.929346327471692,0.4107622655643715,0.7824324271548087,0.3705026452594661,0.4903758694442734,0.3649594154200537,0.534053967996594,0.46090236109684085,0.27996591964979795,0.8961464455012762,0.47775094688974423,0.2077995201052974,0.22650359383488422
2026-07-13,0.3988637281139334,0.2745128957513612,0.423846302183486,0.9338079200681784,0.42146407990947826,0.8212927757206403,0.3813978167288394,0.4975992116092339,0.3770822560507488,0.5274387275825277,0.4732817684927327,0.289957423808597,0.9176662432072775,0.49448293148858635,0.21853693687362813,0.24285870626355716
2026-07-14,0.4019078937332331,0.268873402211719,0.4332017585738731,0.949609552334996,0.42340352246049834,0.8278346512378323,0.38275727711086593,0.5074070168961735,0.38082431953875057,0.5238412445006981,0.4690532085234593,0.287494727540261,0.9401448219219642,0.49792148090398913,0.22298463263376872,0.23341813168063147
2026-07-15,0.3983840557738198,0.2739848221081356,0.440798397371111,0.9591838280708588,0.42142426590588383,0.8315710158567063,0.3840280518063106,0.5027128253961253,0.38052972993914014,0.5349600801065989,0.4825659616712039,0.2915565825186128,0.9406990843287256,0.5009128178206919,0.20804965383164023,0.22559505766313687
2026-07-16,0.402255596911411,0.285653863705776,0.431874786352821,0.974628765354144,0.4290348560306392,0.8457316401055657,0.39666961367752196,0.5029624547335726,0.3920399778241002,0.5327413433823693,0.48397249513185975,0.2917102929982337,0.9490386979481003,0.5104636004353924,0.21266146772442776,0.2372209270557964
2026-07-17,0.4076819365889892,0.2932629943160171,0.4407766852749976,1.010789397475527,0.42354868272555357,0.8486770597521501,0.3894810218684586,0.5260566127739503,0.39027753172686236,0.5347744722331049,0.47789015804649326,0.2995644515775001,0.983370221625807,0.5179696618881517,0.2186282884542931,0.25461757674434177
2026-07-20,0.3991030497212154,0.2999048717862537,0.4473332198506428,1.038909694130065,0.4254874716551272,0.8807935872825523,0.3886935630870362,0.5193579520468815,0.3869477561320076,0.5362141370904858,0.49379747965406706,0.3233659402098244,1.0093101370946216,0.5405312758296887,0.2262500958440085,0.25513000000227337
2026-07-21,0.3827348073793277,0.2904616886627807,0.4474188589169202,1.0014757665970926,0.4240193742515325,0.8472249151299656,0.3874444672955994,0.5167669056140666,0.3889504638820711,0.5315911158212705,0.4792190148976251,0.30562847069288634,1.0147055164479128,0.5130406690802249,0.21547250154996916,0.23723091089388143
2026-07-22,0.3840193994082539,0.2846344936813286,0.4554535366378323,1.0146607643026555,0.4354954403133937,0.8550412472326346,0.4031230212941224,0.5299740791911849,0.3978797617407246,0.5359879116961481,0.48460401120353147,0.3028022990389111,1.021781389876967,0.4933233529890727,0.2162965254671511,0.2551975677951559
2026-07-23,0.3924164240627239,0.2868768749004775,0.443966371522909,0.9752018720845652,0.44473250949286236,0.8454674119433633,0.33331117859656917,0.507347498117875,0.32828437912386615,0.5440944454442773,0.4698271947234511,0.32077876172989117,0.9980476287804457,0.5069528614538416,0.2139714022487567,0.2784553388535811
2026-07-24,0.3972133354860842,0.2887644864764777,0.4235135712053997,0.9551900653315306,0.42633417975974497,0.8241067254096255,0.3040132238745698,0.4944352666895894,0.3023349476213941,0.5095173524898942,0.48072137186375513,0.2977270595059478,0.8436939164636774,0.5121592058177402,0.210772464399181,0.2603144508856414
2026-07-27,0.4135860406020085,0.2944782066273513,0.4508830785453977,0.9606885492484089,0.44571575154952187,0.8342022896206236,0.31515030549549294,0.5124446800653669,0.312796460257101,0.5297001043451397,0.4778444931796949,0.3115652915677099,0.8287668091645425,0.5300903654635056,0.21922512095342428,0.25945366743099124
2026-07-28,0.4097939543883269,0.2929659791971275,0.4612687297884249,0.9826300913236818,0.45005462381783623,0.8338702558304776,0.3158242830572027,0.5219058336638399,0.31508072653975205,0.5377887249565715,0.4714162622133998,0.31650951048523707,0.8619487454975954,0.5405720840386475,0.22672023440269332,0.26371087756342004
2026-07-29,0.434302351896537,0.2962205475936292,0.4759980911254526,0.9849102036104312,0.4759990538256549,0.8434897449395953,0.33728582706078836,0.5287539950396012,0.3302999076148776,0.5647677734042881,0.4863522176126223,0.32408866507515405,0.873136167028626,0.5611572672667572,0.2241646837258949,0.27111727911659056
2026-07-30,0.3913669876229241,0.299671909892506,0.3310802177179389,0.948535257291987,0.5326855351813166,0.8224969495468727,0.3166027896062245,0.49801377016903936,0.3085608781403325,0.3905722361773415,0.4613271482250553,0.328862585012659,0.8362180950916744,0.5454204440628717,0.21969002220912312,0.26596710595756484
2026-07-31,0.385220604862406,0.2737164918633564,0.2962582398845177,0.9345772534249344,0.31961048022693916,0.8275222976548609,0.3258843188605183,0.47775487731933225,0.3176689501067465,0.3886693010891502,0.4497933091124299,0.3227520244723889,0.8354291790850094,0.5532908991519654,0.2303670458910719,0.22441686322166096
2026-08-03,0.3902117516443206,0.2737369754315411,0.2986713014143844,0.9185068647989796,0.3385941283994303,0.8541424164226784,0.34206459359598573,0.5027718049077073,0.3357276589464129,0.3997079823793113,0.45958135757777513,0.35400522121641254,0.8392401123845458,0.5843973033014684,0.2512539257719476,0.2162214015982248
2026-08-04,0.3840270838365511,0.2669919405826689,0.2978146295420626,0.945076777420346,0.34377518072244184,0.949668932730138,0.34106591024605604,0.5330225108184945,0.34014123353140874,0.394641069697395,0.4655737464530942,0.36486622903979726,0.9044999942028112,0.6208135925718439,0.250463059884052,
2026-08-05,0.3791886601760699,0.2562494496486619,0.2974197982439212,0.8784768085513814,0.32327424540520844,0.704459887077222,0.34887900714390546,0.4917866251416169,0.33538655310677695,0.3942431895931072,0.4311516167930945,0.3539402996473299,0.8247988127865631,0.5907854200490047,0.23237253711338438,0.20806088764567313
2026-08-06,0.3636156332013075,0.2447455690305615,0.3049017564854215,0.7819613642299468,0.288225020322438,0.6673569602620382,0.3128114236285983,0.4667076956186752,0.30712946693023624,0.37037073343344856,0.41771831455891195,0.3657003053462178,0.7909134365714868,0.5834496417730207,0.22411286078916132,0.2079233872596444
2026-08-07,0.3379025802947267,0.2257279805038501,0.264337292232811,0.7141912380598245,0.2878513121911252,0.601651208503237,0.29238866534833874,0.41786998248172946,0.28622056233549814,0.33907119435659555,0.40747651597941614,0.34380490742811204,0.7128312713893381,0.5709304030731106,0.1990889817784928,0.1803515252039386
2026-08-10,0.360467168354766,0.2388918582476386,0.276774378712163,0.7285319466568724,0.3006218775422704,0.6131589594584631,0.3019389787460712,0.4417435765243215,0.29865183789006217,0.3518037520682072,0.39452464247715013,0.38264642419157746,0.722629934983812,0.6393864532084037,0.21184108119053247,0.18991360358285692
2026-08-11,0.3424622600200363,0.2338414080691996,0.260335463972668,0.6676246190648327,0.2919247644552498,0.5883526243765729,0.30827392324617775,0.41622399381176756,0.3008427704929826,0.35060402064426194,0.3786105080810249,0.3946827126338387,0.6924824684634501,0.6596987044582602,0.20182528474776684,0.18041852003853498
2026-08-12,0.3359788227881635,0.2301626219421765,0.2585616727242353,0.6705556410198027,0.28743214968300657,0.5531678447478333,0.29522356775480446,0.3999134492987595,0.28683959886975824,0.35085955471634883,0.3663947545065948,0.4207215731893004,0.6755608938405543,0.769324254724982,0.1989529099647128,0.16076638553512718
2026-08-13,0.3261176147938006,0.2283815482408268,0.2282351077633497,0.6549977987226685,0.27971800873736635,0.5414780955000157,0.27661668085092167,0.41092180406488993,0.27060752644870034,0.3308526522860113,0.3763062382413473,0.4280347094751928,0.6859543925130165,0.3339755115726505,0.20511306486465253,0.1593714600883428
2026-08-14,0.2952988006816748,0.1982788943061103,0.1970591152164345,0.6075230098026025,0.252330767266167,0.558050889381218,0.2543872246273527,0.3771511142036666,0.24558213330449796,0.3060441172502732,0.36323470352162285,0.4343838705688647,0.604074008479773,0.29056662581241544,0.17824306657757502,0.13568472907457682
