,AAPL,MSFT,NVDA,CRM,CSCO,IBM,AMZN,VZ,JPM,GS,AXP,V,TRV,UNH,JNJ,MRK,AMGN,BA,CAT,HON,MMM,WMT,PG,KO,MCD,NKE,DIS,HD,CVX,SHW,DIA
2021-01-04,0.3837469152614114,0.3072788932901114,,0.36760606647825533,0.2503876199603493,0.5750109698918402,,,,,0.3424188215118552,0.29678345289968533,,0.33239401662582585,0.24808780966529367,0.6154336768383145,0.32693358009136175,0.5002624624713469,0.3325253297290242,,3.0861138289116754,,0.24284420816931362,0.2931624308869132,0.23670396609052563,0.268251402695746,0.3513486071108057,0.2455934119380162,0.3931984665891629,,0.2040799736366496
2021-01-05,0.3650081101363686,0.2749455237818776,,0.3303112952427324,0.23786450768580053,0.6631130436881253,,,,0.34403281502978905,0.32197723987976834,0.2462784942510077,,0.3109561670564256,0.2305408809972901,0.6538854374966445,0.32135493330232734,0.443938119735987,0.31064008644438335,0.3817526117329877,1.2608001639643174,,0.22146231183088924,0.2252206974163199,0.21947642588301958,0.2515711357102641,0.32902446571522365,0.21516076693140268,0.3842785178316231,,0.1599565708867478
2021-01-06,0.3861920848298317,0.2949967900774137,,0.3545393123813718,0.23290263260386374,0.8195862957112505,,,0.3262088372466197,0.31299021189165943,0.27087475154942353,0.23138358223425257,0.247818163263653,0.2668883053229669,0.22336505337555823,0.7507365368917813,0.2985519795778515,0.44480639624490304,0.2991351125013149,0.3612455854948978,1.3145698883091994,,0.24071199084878828,0.22224675577622122,0.21172814999837186,0.26732558467301354,0.3228639112331937,0.20856811607944498,0.35557459241293393,,0.16751672167081164
2021-01-07,0.3630737721581021,0.2741196450368,,0.2917171808985408,0.20499011316538351,0.836545931144365,,0.20318100050615667,0.3152996374576049,0.34129831403075167,0.30844425951562476,0.2322030432577984,0.25723357820226117,0.2703093747187633,0.20566715521183512,0.9534840582924495,0.2844318807763017,0.4159362737623869,0.29588410100408213,0.33573522501980635,1.2285488900095909,,0.21328838589408589,0.21322389135030925,0.18621510989874415,0.224324526193162,0.2989340491983811,0.2041093469251425,0.3186845211359523,,0.15265969220475883
2021-01-08,0.3633986497473127,0.2621796165046904,,0.2814474879795586,0.19365384254050447,0.8560047485015849,,0.16060387044356478,0.32032772156554523,0.33464743348488357,0.2951906509254098,0.22636451153196588,0.25018089595530035,0.2590534533115831,0.20251936781554705,0.8907174045512932,0.275997145619483,0.37718012549854835,0.2947690454181618,0.30874787436312856,1.1170509878734818,,,0.21240041013758892,0.19740144535396661,0.2411854960638292,0.2904021977346529,0.20095996143961692,0.31558448401894157,,0.15087304816111757
2021-01-11,0.399282635739578,0.2933014705678097,,,,,,,,0.3363612584280961,,0.24760721559475915,0.2629928291126583,,,,,,0.3124207436634567,0.3438757242457069,1.1390226445082476,,,0.22939978566893812,,,,0.21857830991798477,,,0.1661421635071956
2021-01-12,0.3969565523834342,0.2842521370564713,,,,,,,,0.3344624167204274,,0.25286794717037886,0.2649384357856514,,,,,,0.31103197403243243,0.33959816487351946,1.200730553935759,,,0.2243178273675585,,,,0.21766148016531464,,,0.15671459472280314
2021-01-13,0.3862927733556202,0.2813260930256038,,,,,,,,0.3228389890191649,,0.23837451673380583,0.2566993331248513,,,,,,0.3059876922914193,0.3666164337471059,1.2085542386511756,,,0.22106357654050812,,,,0.21682961182615032,,,0.15469138599069562
2021-01-14,0.3990607144576666,0.2972428846856567,,,,,,,,0.32536644133434034,,0.27671479583616004,0.26737416851127715,,,,,,0.30936042468927466,0.36972127779362124,1.2281974008290377,,,0.22449851253993938,,,,0.2167386020062317,,,0.1512389549919566
2021-01-15,0.3903228550301891,0.2947460447102579,,,,,,,,0.32697441562320784,,0.2497708317443208,0.2530837514085358,,,,,,0.30008731345633805,0.33204335875216673,1.186650715514036,,,0.22172842592275735,,,,0.20848735667747118,,,0.14607590168758441
2021-01-19,0.3676122707444652,0.274747021225853,,,0.27415533193108127,,,0.16511913647254867,0.2543942813254483,0.2941110819649672,0.32992164278951025,0.24865197943007597,0.2510700340334735,0.27495848002167356,0.22708636872717836,,0.24013754792099973,0.4502798502878509,0.30981364940503137,0.3430695532580963,1.376758695437557,,0.16038231485355356,0.21372253007199568,0.2093519735396156,0.23506258944348699,0.3296186944482744,0.21400792884794168,0.303810042743992,,0.14679333055662563
2021-01-20,0.3800867754428647,0.2822958528922251,,,0.2847357976429031,,,0.18420036728665679,0.2495119624869296,0.29723786823556825,0.32425220640494956,0.2472214046666927,0.27291847111885,0.19647596899258574,0.23628042544842384,,0.24246752077978417,0.44334626538854993,0.3092379830121675,0.3505844311585028,1.4501295338573543,,,0.21179279258847494,0.21118499377401834,0.24163579874586222,0.33600785427315955,0.20937166447098143,0.2958621503669965,,0.1451686538094719
2021-01-21,0.3882874483185056,0.2881278008494826,,,0.2913097297892501,,,0.17799807713256016,0.25488382469186344,0.2900923748594806,0.33007545797892646,0.24238253563152504,0.231320195760137,0.23276949516350598,0.26352881627870073,,0.2212510309445556,0.4621268477313238,0.3181146110111749,0.34087279382978436,1.4658269817524994,,0.1735416121339228,0.22095406034440063,0.21780050938162404,0.23665725032497556,0.35290584731581437,0.21278014208332643,0.31372217993503015,,0.14036796673129256
2021-01-22,0.3713434930073493,0.2949664030472189,,,0.29613766620384047,,,0.1898512340334619,0.2615790888990048,0.2933683749557762,0.33119230983905446,0.2512575129048591,0.23647952705274194,0.24831895712758623,0.2685102021198441,,0.2728802105087924,0.4567031553898186,0.32080652108122815,0.31824552738092254,1.4955095277720858,,0.1796065091793064,0.23151567082009733,0.21945266837257638,0.24117232544122094,0.3575689085645151,0.20454644665052607,0.3169717231999082,,0.1397773908303071
2021-01-25,0.4305096167773949,0.3127809570441213,,,0.3167444584904235,,,0.1923143404292357,0.2882572604111971,0.32089128847988074,0.348858489157528,0.2905400561403287,0.24212750548763962,0.2517618865621077,0.2911838540472047,,,0.48898794671652906,0.3574225313050477,0.34203298725774534,1.6042778848548593,,0.19728548865987722,0.2420885841059697,0.24083784127706417,0.25327608516072764,0.37613570207407604,0.22531117324104524,0.34267892114362425,,0.14860707649071928
2021-01-26,0.4488404593988159,0.3352037028008132,,,0.3328017131273958,,,0.16384750928124436,0.294329516799795,0.32677980007241314,0.3417788841879562,0.2773395044731311,0.24516578012459084,0.2576461482732459,0.25368732071143574,,0.2262040482963604,0.4991127081319214,0.35752589930972345,0.34769772157315765,1.8054274937876211,,0.19373739523243486,0.2507629277623559,0.24315454476313134,0.2715654520440558,0.3986396376243598,0.22866830047990874,0.35156354814640806,,0.15226110844919835
2021-01-27,0.4514967403428052,0.3319299564224245,,,0.36093677880697533,,,0.22104115177712097,,,,0.3405309881327467,,0.3520542987221947,0.2906764978019444,,0.29281314604715714,0.5475719498409214,0.40611952042052873,0.39910731470221017,2.2044474210764964,,,0.2897192515278447,0.3178404133800017,0.333706453339021,0.49014745494218676,0.29315977800152143,0.3972788152084148,,0.18959348366933557
2021-01-28,0.3918897419556569,0.2608090054517166,,,0.3474977110304715,,,0.17351060159226306,0.31737107571670115,0.3592242412160275,0.37109383563088943,0.3143300687899486,,0.3407451652023885,0.28959026599787385,,0.3349655240481474,0.5125173096475519,0.3745453604916212,0.3839183025552243,2.14131358427066,,0.20088569091979971,0.2683978756982747,0.26431705056604543,0.2874431874225133,0.4347926048563802,0.25945982788553873,0.36380020645662725,,0.17404457545359434
2021-01-29,0.4214016847244829,0.2967597210835051,,0.3671028982087326,0.3823494465879691,0.5713481195221428,,0.1997515353432837,,,0.3720224645085527,0.3191808236088762,0.30117928671141453,0.3362826684106983,0.24922307481258665,0.7279779876659577,0.3408534908215909,0.5166254562765202,,0.3443128423393596,1.9617408593534875,,0.24128473396119898,0.28660252410828735,0.2562662893400979,0.31112938433279347,0.4627568201431626,0.2884743415479169,0.37602995093004155,,
2021-02-01,0.3519605330168335,0.2725509998247548,,,0.37667257099827745,0.5919234235324004,,0.19272363846276058,,,,0.2736102161353738,,0.2875766978708588,0.22810453062467526,0.8333099446980982,0.3092383131172915,0.47114333776081385,,0.3106944741748616,2.0567520362960265,,0.21032164680588364,0.2665184488065486,0.2365049402482053,0.2921623354010755,0.4526758289856782,0.2625968201314186,0.34707993326940995,,0.1667519038268714
2021-02-02,0.2813198303980895,0.2422012649726725,,0.30479903452432955,0.36093862205489363,0.5694476292153378,,0.17718145997925175,,0.32127014105091534,0.32077191628092094,0.23718474083563998,0.22456433146958568,0.292542965043482,0.20268250316872208,,0.28245969183846364,0.41249367261773295,0.2784727701368554,0.3017455329133674,2.1389375400094752,,0.19229052897376037,0.25478032831458824,0.19210518856068168,0.25153445825800236,0.4125589187949794,0.23204191550750383,,,0.14786150429820794
2021-02-03,0.293125656516898,0.2338145302020762,,0.30280716216752296,0.3565968339989731,,,0.17370727740223085,0.28999260203841204,0.3197938599451421,0.31074719691257285,0.23511997593544467,0.21375212123985216,0.2815533620125677,0.1947892808625221,,0.22911543288242578,0.40007545058019295,0.2807745899168612,0.29181627984634023,2.1974391413823153,,0.17539345421433744,0.254890996327414,0.18966909520933728,0.2479047252336214,0.4117758832211662,0.2439745156831941,0.2965849233485399,,0.13410367030749715
2021-02-04,0.285532417144284,0.2177883905667217,,,0.28494178825475214,0.6386063816236373,,0.15203799920767055,0.2754026918082512,0.3133792807131846,0.29002829775692024,0.20291278324868214,0.1963207838474098,0.2407903026197855,0.16999378562975134,,0.1853321830518082,0.3759214198624825,,0.23634502220749248,2.250295150879846,,0.1652660245807708,0.24479607716690055,0.18495983358038062,0.24117164065258187,0.37491936834705886,0.2356940517055366,0.2806416168161404,,0.12796509784869287
2021-02-05,0.2995911732775624,0.2223387848916554,,0.2543657155954313,0.2823834986378941,0.7007286244386001,,0.14480193846623068,0.23393616850153814,0.30972552762862554,0.2521093468872608,0.18202725843800066,0.20610916933692142,0.22543391238098412,0.17587550219587963,,0.21780302564426945,0.34975298515128955,0.262377477727556,0.24124715248400636,2.463093495882615,,0.15767174534069153,0.2587703356259479,0.1694363460931592,0.24574064293995374,0.3633592327773606,0.23198533067176844,0.2708234549526034,,0.1284118992343874
2021-02-08,0.2957017695681523,0.2175141448025558,,0.265345782253627,0.28282467668075123,0.8881137420916978,,0.16027694910250595,0.2697950642337541,0.3092967414068491,0.2762309366147048,0.19156138063076894,0.20782525771011093,0.23072225531293575,0.1609639752023527,,0.21498060194072474,0.36531133376664904,0.2751936665395112,0.24055657694491775,2.8476254366784057,,0.15979693061463826,0.2779881491501096,,0.2418793974337357,0.3769832963783465,0.23763223670685707,0.2798290720858933,,0.12881606729258932
2021-02-09,0.3132129965419887,0.2163300413249303,,,0.2983925819513785,0.8764401603832968,,0.1551626967931108,0.27204342200038506,0.30787981497090955,0.2713025361587298,0.20430581472342565,0.21256584169729864,0.23837236641440268,0.15199462032711697,,0.2174222431375238,0.45599012076243,0.274593366217963,0.24189053131742524,3.0454166889938192,,0.16136784808305082,0.3023831201282651,0.19317370105505116,0.2352210905501632,0.40359547952900754,0.23847852613502868,0.2669474532248662,,0.12898815373308814
2021-02-10,0.3070546362929976,0.2285879140913303,,0.27543320951750394,0.2289920750665055,0.8960061399876675,,0.16967273276780123,0.2620892864334761,0.3069149189660018,0.26292630111836524,0.19437547802502567,0.22000375614566395,0.22174314666853895,0.14595101730933077,,0.21415129649029624,0.37506943947495697,0.2591944614257119,0.23417775266612514,3.3045076779979974,,0.1541848640718534,0.2192248742442997,0.19011727009084836,0.24904295313941985,0.4014634815256938,0.24300391929704346,0.2530624390379341,,0.13902678429362575
2021-02-11,0.3040280111282927,0.201590910638647,,,0.22405920154896716,0.9171164905228988,,0.17558412401505746,0.2626851354498002,0.3064793950599417,0.26131715819041107,0.20982372728208754,0.2129292950820744,0.19896647365038017,0.15630675194542565,,,0.358315779934867,,0.24003375709150207,3.2037659181392364,,0.15768527679152872,0.19372734043145404,0.18478132548671625,0.22835189533814157,0.41292274108158755,0.24520147536586345,0.24644172672195486,,0.129386807955745
2021-02-12,0.2917699132084244,0.1931492009806862,,0.24367699225641926,0.2236630507679086,0.9195371852977934,,0.16328951273766043,0.26398735327374495,0.2988605275727678,0.24141904237330986,0.17304084136567624,0.22484972392743255,0.21117293017021635,0.14817283832369593,,0.22589277969155364,0.2993842987854012,,0.23466799367263547,3.4996656223709426,,0.14270855819055916,0.15811028804788202,0.15321572347569776,0.20470107370697102,0.33880394973541755,0.24357518430487787,0.20800447129633348,,0.11037361679845857
2021-02-16,0.3005322441784436,0.2151424849349504,,,0.224071571063727,,,,0.27239320100833814,0.30201332422849825,,,0.20955518723854044,,0.15854983549257304,,0.2446660442508051,0.456054084495672,,0.24319217366012033,,,,,,,0.3237447859838912,0.25360061902972136,,,
2021-02-17,0.3090750545418912,0.2421877564510351,,,0.2199222433290145,,,,0.26591544501095676,0.30935193533311206,,,0.20699333562849545,,0.14514526991904486,,0.23243242320984253,0.465087495299858,,0.2334732614998016,,,,,,,0.32172514144288383,0.2472172112737523,,,
2021-02-18,0.3133887592282988,0.2355858351434669,,,0.2176612219412633,,,,0.25362349165006465,0.30229497199121697,,,0.20896558449993755,,0.14113761310705425,,0.23500639539370977,,,0.23922181746281168,,,,,,,0.322337659504433,0.24837926480107167,,,
2021-02-19,0.3193254761305613,0.2538056338143009,,,0.2253448543436728,,,,0.24483430534677067,0.2804472782557482,,,0.20951515717045402,,0.14997031211890122,,0.22330322258539895,0.4581932134618001,,0.23611851391766733,,,,,,,0.30284268031697836,0.24935483633044406,,,
2021-02-22,0.3411471154233917,0.2602723148536279,,,0.23930577780084225,0.3802119665661132,,0.16942277401889905,0.25413794527085226,0.28856915785585313,0.30288871697878994,0.24057041492465445,0.2005490443618221,,0.1973502504590058,0.4090369747892859,,0.48654198495665635,0.29557165614037534,0.2402162908060538,1.5044447169086939,,0.18342357581914207,0.17797408189715255,0.19726885435645464,0.354433826727918,0.3171191485836865,0.254716287851158,0.32665524111720023,,0.14602528942294363
2021-02-23,0.3423428967959004,0.2555792151634279,,,0.21885924419369554,0.3771267483244554,,0.17434016755500664,0.2620238110359831,0.300687576281632,0.319639279291966,0.2578666231061489,0.20031674205699374,,0.19849633436300462,0.4218503174542964,0.24283486003248728,,0.28788107986109746,0.24046781004500378,1.546124728530256,,0.1946965652211684,0.1747689095144656,0.19490976769843,0.36424269229774364,0.3300680418030547,0.23861560399162685,0.3115992370605166,,0.1475269037837427
2021-02-24,0.3360018664163978,0.2672181321745793,,,0.21657333204934345,0.4208081035490794,,0.184505861069181,0.2737579297912222,0.293529270541084,0.3273757992786117,0.26426859122464935,0.21335137919088534,,0.21008993391864444,0.41512486811955596,,0.49283806620417536,0.2974540692332969,0.26616272858217416,1.6180270906820986,,0.1904034199458305,0.17815114497858112,0.19291481206264874,0.37361879682675886,0.33553271290753756,0.2703614970731682,0.32635035925273437,,0.14430671137167175
2021-02-25,0.3979435599639854,0.3227046724019836,,,0.24892686189209953,0.44847366210505085,,0.21088952700999497,0.3073991369605967,0.33027119623304796,0.3444699176334953,0.2866790925223048,0.23770172915880736,0.2926260693538485,0.22338888327120465,,,0.535265788188335,0.32900304692656446,0.2971486265864772,1.7028768730532788,,0.21914914854253703,0.19963304928875117,0.22782713374084995,0.41300057435215415,0.374608143763691,0.3047676396162062,0.3543431875728523,,0.17930550057675218
2021-02-26,0.3857808575931771,0.285254117293298,,,0.23175314288741947,,,0.20692801325026342,0.2870113350110344,0.3170217486779349,0.32533718046134646,0.2750505207624348,0.22420856167017902,,0.22236502953808573,0.3757672520823959,,,0.3179656976117457,0.27719094330421823,1.627546272831536,,,0.19106642076715807,0.25303461953024825,0.41456602049931235,0.3565948934442945,0.277609560017055,0.34340073299966656,,
2021-03-01,0.3286043938115405,0.2372289691461574,,0.28116058790868403,0.2149362879319853,0.3963461529856673,,0.17630709079293763,0.26826552850368873,0.3026723472064074,0.28783721302903675,0.24704251689918344,0.193568591623325,,0.18965981087693512,0.3442847252456638,,0.4911429397504323,0.28080743245877354,0.27336122982909145,1.7729415593411129,,,0.16734571644340052,0.2256035457173024,0.38131310685770714,0.31391232602350805,0.2637061319978223,0.32596984140344726,,0.15201973330598367
2021-03-02,0.3438929532823679,0.2600336229914733,,0.28869165329466195,0.22772943340576954,0.37318599908288513,,,0.2663911460157111,0.31239464778176396,0.29125702748644827,0.2506495724136954,0.19224350257239883,,0.18731858776276653,,,0.48955587249609656,0.28193922756701634,0.26687376214088887,1.8482804288110262,,0.1972338582218835,0.16515628065632126,0.2276603760094954,0.3900529736518376,0.3099375923696669,0.2648396334395822,0.3338707295856187,,0.15596915840555556
2021-03-03,0.3729890643535743,0.2980163994231966,,0.33323927943855647,0.23990461937380933,0.4504352467952961,,0.1930158699810609,0.2967040065487007,0.3395440040878561,0.33141499958644455,0.2780775007839653,0.21152857562607114,,0.21036596079926412,0.3843969862891791,,0.5245216967173358,0.3056074658315332,0.2934359379844744,1.9609389204268257,,0.2015853001150139,0.17448965341635325,,0.42285093774075866,0.34223021684070504,,0.3524332094748891,,0.1660961829531755
2021-03-04,0.4017758038944015,0.2767662988189327,,0.3515912548133912,,0.43190716219093733,,,0.3146748561241698,0.3619935629144915,0.3104230724978123,0.2942104374781462,0.22709668201397062,,0.22593446865325595,,,0.5485161454559238,0.3186289701700616,0.3086106311543662,1.0045221651267136,,0.22766800544971288,0.18841011763685145,,0.45132447335603515,0.3665858368377546,,0.3523667831525777,,
2021-03-05,0.3581626561135494,0.2566591674691441,,,0.23586905087920504,0.46553943959937916,,0.1808982892707653,0.2796939330193344,0.32619785651170125,0.30543340517936884,0.2772982671316413,0.2150373142273259,0.2593882530390843,0.2002722114989215,0.39377932887000117,,0.5429210672575177,0.2963086031539705,0.2843906102119327,1.098563312824667,,0.196611017313437,0.16214411013238736,0.24550836525367883,0.43674893889033706,0.3330952741705634,,0.3140201749456663,,
2021-03-08,0.4270300439160288,0.2789040881417771,,,0.26524979317177166,0.5793007494410964,,0.19042181004552103,0.30976262429997103,0.3695799405193816,0.3223407008941698,0.40523591343370313,0.2308584190864139,0.2631150230538535,0.20821302192397123,0.47614983337226424,,0.5480056516292824,0.32885918969048666,0.3240682190865769,1.2108021421294748,,0.223846507993957,0.16734670965202988,,0.4830989501572667,0.41953352056782867,0.3174991064658846,0.3815955715919713,,0.22282789462514369
2021-03-09,0.360026005869736,0.2426331142843898,,0.3356483433058975,0.2476247920972438,0.5471885888318355,,0.19517562876513564,0.2901640473189111,0.33226042627858177,0.30537784337755575,0.4115537402332764,0.2484047874124508,0.2521351625275899,0.20199647186206168,,0.2424113031643608,0.5465134250070757,0.2949746807812585,0.30221962309784933,1.1548335083377215,,0.1954053766270362,0.15551561230133876,,0.49442828705049463,0.38135160285387454,,,,0.18597810665956993
2021-03-10,0.3645169360748934,0.2503679514090394,,0.3161449429086389,0.23495697723796824,0.7498001050965039,,0.19624518437129024,0.2916724258894994,0.33360367382873124,0.29877135276669825,,0.23583456847737796,,0.19446178714982715,0.4920911825712432,,0.5272626117789184,0.29545811886006923,0.26871825116631554,1.2544135664737783,,0.19458255074587644,0.13991767358456997,0.23055221455624875,0.5083941195673014,0.36243735831477075,0.29225603820306134,0.35791089974030893,,0.19141398280292182
2021-03-11,0.3277586954517037,0.2425257200934292,,0.30631378858214736,0.22101598454422103,0.72255598059223,,0.21457145889423418,0.2743634342981944,0.3105361525394387,0.28921903615032757,,0.2478019629737951,0.247114750360365,0.19908077715691078,0.4671060350918634,,0.4603199356790975,0.29025293552698017,0.26926458232005074,1.2862834208666731,,0.1777025316569973,0.1376505277659372,,0.5067394760707855,0.32034169655424816,,,,0.1686047813584979
2021-03-12,0.3109099537036882,0.2477520536376146,,0.2795483856199059,0.220793097878651,0.7817533394925685,,0.18042305172799084,0.2643074004925405,0.292781420715224,0.29751278043778134,,0.24350338275142946,0.24997560465952015,0.173086988391389,,0.24603659603651482,0.4870922518703207,0.3154608657551758,0.2668729871901855,1.3087348021282796,,0.16976553886716664,0.19156767313453113,0.2259179448586088,0.5209153596184346,0.32542856405580844,,0.19496975079936538,,0.16623341240113834
2021-03-15,,0.2470627000489491,,,,,,,,,0.28377539878962726,,0.24007341545524583,,,,0.22807142458925336,,,0.26142376549420643,1.4705137541167521,,,,,,,,,,
2021-03-16,,0.2346912016134293,,,,,,,,,0.2818254203073261,,0.21204782471402156,0.2415226370185454,,,0.23194238982018628,,,0.24457593520282894,1.4116507271890715,,,,,,,,,,
2021-03-17,,0.2326978172836654,,,,,,,,,0.2719963141945185,,0.2128614903585261,,,,0.2167067562887192,,,0.24261665480517242,1.475873800754566,,,,,,,,,,
2021-03-18,,0.2748681938937281,,,,,,,,,0.2919031234931385,,0.22246993400775472,0.24394044823354868,,,0.22781490962304018,,,0.264024077261422,1.5568764950520226,,,,,,,,,,
2021-03-19,,0.2596447163622584,,,,,,,,,0.2740390839315451,,0.21692173183308128,,,,0.2100196538269653,,,,1.5784312265683917,,,,,,,,,,
2021-03-22,,0.2244575963488232,,0.2648855595245699,0.18136388374266893,0.4029285705234627,,0.12357204918246736,0.23593508450658762,0.28207628935810813,0.26144055282289397,0.24500496612430012,0.19265168720394424,,0.14383410720730397,,0.17889750072366226,0.39537526612837987,0.25209664051073377,0.23513915574679384,1.6276514042060237,,,0.17122455870199746,0.1751461112797806,0.2320689302514585,0.28601242266734195,,0.269431690222853,,0.1281960219150887
2021-03-23,,0.2233262987187163,,0.25932558976272785,0.17814565014785658,0.41470999638617995,,0.12713405931205837,0.25116823755330553,0.29100116206520316,0.2861986104235826,0.2424624750099885,0.20006693693797825,0.22042007725727827,0.1514200383531623,0.4872746287599583,0.20278347397476373,0.4118129971608943,0.273864198419055,,1.6505259182642424,,,0.1663011584032612,0.17327905178826702,0.2322888807684499,0.2790462259464994,,0.2788489417046403,,
2021-03-24,,0.2382347657854774,,,,0.42478904497276043,,0.13074987166901356,0.2577912281353948,0.30651942171914587,0.2722159792354072,,0.21815752489558482,0.22917300798653142,0.15193566777245554,0.454119835532255,0.2085990798840806,0.41878195896633175,0.28192081345318765,,1.7999630535166142,,0.17164389155186358,0.17111101308932478,0.17705087272835185,0.26021590199764216,0.29158537207040713,,0.2789036577014775,,0.14156597062115203
2021-03-25,,0.2612705743750105,,,0.1864347803662403,0.5083056026649261,,0.11987661446494083,0.2523387152653847,0.31175012812450603,0.2658293821422978,,0.21908200362618196,,0.15659006915294768,0.505941386805168,,0.41947182827728563,0.2916805339514514,0.23473418787306452,1.881554695520253,,,0.16258922266478426,0.17236316186468995,0.2753850347223381,0.29448146478009657,,0.2850993673047475,,0.12535711802827368
2021-03-26,,0.2204885981487884,,0.3016163308305558,0.16920356867803463,0.6031150028923982,,0.12108180042024914,0.23688901794442918,0.3067824147841883,0.2514575681419729,,0.23283005983712282,0.22989081761946625,0.1505745686148089,0.542746471271709,0.18967347340259835,0.40765767342785353,0.28781445262099803,0.2318305360488662,1.9190252293235746,,,0.15726581567929918,0.1642253450197136,0.2509300952782541,0.300164734726688,,0.27659979456779765,,0.11835764719274874
2021-03-29,,0.2510906498997717,,0.3021954552472049,0.16987855043461447,,,0.10087585933712043,0.250685007824513,0.3176283581542549,0.2682662469983047,,,0.23509345709567908,0.1465848931295766,,0.20865251480676955,0.4431856541142669,0.29389673546115064,0.2399511548642744,2.1685417495973387,,,0.1573669665394367,0.16863068392247849,0.2573316732522469,0.2858134860339359,,0.2919295569735069,,0.13389661829358085
2021-03-30,,0.2770445684040367,,0.30303003287215574,0.17317741805006243,0.5939533308179694,,,0.2360921527899858,0.31622309843801993,0.24640733003974552,,0.23042840852208502,,0.1428537972911314,0.6000016407110709,0.19624119792172282,0.4185751612669632,0.28226905009938513,,2.1711012676951,,0.16616620099265436,0.15430017352877543,0.1648832242977774,0.24857549265166842,0.26921277054011705,,0.27750746582350944,,0.12285260751822508
2021-03-31,,0.267231493271298,,,0.16277040278970226,0.5725670476094874,,0.09827315171413932,0.2603540342033129,0.32393199967860054,0.2560963130259353,,0.2115714742717971,,0.1559079720075856,,0.19792398130126962,0.38127064327949856,0.28575360252915893,,2.2024840397532675,,0.1657700103075637,0.15911587237242866,0.16035813024913262,0.25444049937852775,0.28071428046291014,,0.2766364633819694,,0.12447527097411576
2021-04-01,,0.2137688443143492,,0.2551309647404914,0.15455392309793856,0.5643525740573234,,0.08833477993616781,0.23595436594344632,0.32602515216597905,0.23631925400563367,0.2181264270675342,0.19559561705500034,,0.1432819991655257,0.5378594345658969,0.17486496914871671,0.35399616678978135,0.24649438956071681,0.2619420601438039,2.2628828253815723,,,0.1519728133804362,,0.2377639372183928,0.263118427599076,,0.24703571454008932,,0.11235195979871417
2021-04-05,,0.2431977206273003,,0.27104855254928806,0.18439129697749493,0.8114896033864244,,,0.2870751416925492,0.3697253273784201,0.24482422895601008,,0.19472032622915839,0.25691564921781185,0.13812126039183287,,,0.37537684262881943,0.2583808812522281,0.2758045088846319,2.740947392894444,,,0.15832150922404647,0.14614425451063617,0.23218543606014205,0.2660877407134646,0.1971285284704548,0.2516179992019203,,0.1219939008460635
2021-04-06,0.2730632291501523,0.2165698951037024,,0.25322027087271,0.22718846506277168,0.7405814625461106,,,0.2856259565173802,0.3507152206137818,0.23575519846137788,0.2136842139012389,0.22388651030535203,,0.15131612474062167,,0.20316662754581014,0.38982831013457,0.2559766885240005,0.2364904081011202,1.2153916956729587,,0.1561806171329696,0.1529021084478711,0.16214426666843906,0.22187566726599553,0.27349061620068,0.19611508694355287,0.24468603632595962,0.20159185829699192,0.1181856545606899
2021-04-07,0.2659938546585225,0.2219367304140609,,0.24756069420048948,0.2219615280929698,0.7978727123178669,,,0.2893655983525775,0.3609136617011333,0.23563957148775178,0.20324096516754953,0.215282392711701,0.2701105658730926,0.14907631731168552,0.6557360701285037,0.20308594293399274,0.37435551251771065,0.24259907051563284,0.22911891739972465,1.242851434043067,,,0.1424088923668714,0.15939982308183073,0.21539990149003194,0.2780403610884626,0.19343247324077872,0.2392125065770059,,0.11712215566205533
2021-04-08,0.2656597771036129,0.2139885628839677,,,0.22255741466663279,0.8538378458965757,,0.1305923888382694,0.30238549075323,0.3690536377946927,0.21931987027002345,0.21009294739723508,0.22004299633651195,,0.1404118061999027,,0.18893130269921055,0.36455867314358686,0.23687832400923078,0.23548069160371682,1.2786981699302749,,,0.1362931489147365,0.1609674201990451,0.23066817049385785,0.2718683714415456,0.19118521769382893,0.22750396973870096,,0.11579233899197659
2021-04-09,0.2579419854638402,0.214129865439843,,0.2143361760857716,0.21799959728801102,1.093967003493843,,0.12843217754914815,0.2964449273020108,0.35989694604920164,0.20122257237254806,0.18024904140180117,0.21531990759715672,0.25676186811342183,0.14871885325070733,,0.18128778081214547,0.357638347775311,0.22265511361098694,0.24865760386679991,1.3362304445661883,,,0.12416109537759351,0.15737811177740027,0.19633402029688635,0.2610006320376984,0.18468114523719575,0.207640855416862,,0.09934583201684664
2021-04-12,0.2756895063283686,0.2172338322361848,,,0.22836371008813267,,,,,,,,0.2181477110544211,,0.14929639195614616,,0.1842930718398996,0.36235345330161156,,0.2824817911167998,1.3786968497912384,,,,0.16257532595215493,,,0.19541908310215855,,,
2021-04-13,0.2749711487017953,0.215709300340086,,,0.22790394682169865,,,,,,,,0.2182556899488208,,0.1670881647392968,,0.17909181826390672,0.3697102718211127,,0.2715200309117593,1.350164700801336,,,,0.1597428638026315,,,0.19152288656009087,,,
2021-04-14,0.2966848509543398,0.2283964344290684,,,0.23009406455786566,,,,,,,,0.2178976317031927,,0.16059600114988185,,0.18602539346054914,0.3590525770764669,,0.28057452409846234,1.4059315038964948,,,,0.16773177734783862,,,0.19590513811199714,,,
2021-04-15,0.2749040616933912,0.2107531929483392,,,0.2301682082218232,,,,,,,,0.21739785212838525,,0.14806052738706657,,0.1985892764905866,0.3568340902109134,,0.27122370006850266,1.44067596036536,,,,0.16608632258910297,,,0.19350558679469412,,,
2021-04-16,0.266438204666892,0.2045041251386662,,,0.22763436943178633,,,,,,,,0.20452175244278403,,0.1408836278181205,,0.16932766356581125,0.3504374737903901,,0.2600232308366289,1.4863336410051504,,,,0.15767846554325116,,,0.19174000467613525,,,
2021-04-19,0.2831931652625716,0.2333899978446196,,0.22682497029863932,0.2505948787156015,,,0.1528299719658872,0.21722381924906875,,0.24724758578603795,0.20578288931716546,0.21344053518443637,,,0.4597604516137615,0.18586925013035568,0.35388576384731735,0.25429096612522434,0.2844699950544655,1.5515799833137138,,0.12981853366362478,0.14081385033200558,0.17051933491632248,0.21102877090839792,0.2830808473877399,0.20602069934257256,0.2363779690391493,0.23892735723812553,0.12490560854534322
2021-04-20,0.2927686105908704,0.2412226851774994,,0.2421195074965888,0.2564781389775657,0.31147432438338385,,0.14148109645001708,0.2392251590612687,,0.26992149977972646,0.21876166728133573,0.18540154695911298,,0.1489709777389975,0.45209610011883883,,0.37209774433475207,0.2715810435844768,0.2705052263208699,1.56307516603155,,0.1124108938365351,0.14826972150472853,0.17900971854196607,0.23698362328064268,0.3008249548597312,0.23221386681982212,0.2576509188748054,,0.12949754603699684
2021-04-21,0.280729882907216,0.2231966629006129,,0.22826164884359662,0.2458886446485381,0.40287293852796946,,0.12925687240347286,0.2240838927374094,,0.2558944782778657,0.21263532685956596,0.17453741159849154,,0.13891183905526183,0.4911125590145785,0.1922770476820282,0.353733057112239,0.2585395902111895,0.2865896962373932,1.6695072529303383,,0.11616486299969096,0.14059978107046925,0.17550094661619917,0.21866909377869792,0.2840761080150351,0.21631202196951443,0.2450848522199854,,0.11571650047613441
2021-04-22,0.2948200740435041,0.2415165958430943,,0.2527494746946505,0.25202842780644014,0.3729240870325918,,0.13036987976290584,0.2361501689441366,,0.2660278720886781,0.2192124427184238,0.1817518955403616,,0.1461005451028372,0.44374781215414455,0.20276901151314006,0.3813527110528356,0.27097590022882423,0.27870247797348474,1.6952535049373076,,0.14684803472172916,0.1465761454411369,0.1857452964196899,0.22921081332442503,0.3016342157018118,0.22076032488403083,0.2526233071951965,0.24765867320242885,0.1314669738668595
2021-04-23,0.2617870159580087,0.2086944200625988,,0.21982565821516387,0.24405187448348414,0.3790236915964041,,0.12484959173223377,0.22067141267739648,,0.21701246775731714,0.19869232096755485,0.17179675629731025,,0.13801286409929822,0.4444429254681887,0.1796835723853766,0.345845009097619,0.27049442632452614,0.23248528207022284,1.7757550753672446,,0.14073726494856875,0.13455877843460803,0.1729182740118658,0.21360088964627144,0.2908695358561646,0.2015415898736013,0.23802748871405313,0.23957879718636615,0.11672250505277408
2021-04-26,0.272904093777383,0.2337089112679802,,0.2057749239197741,0.2507428352001332,0.37685445274662543,,0.13318719354338898,0.22615807400579344,,0.23217168360246343,0.2054772854076992,0.17490740153938797,,0.14038765921216495,0.44580373067300194,0.1967976170034416,0.36334863083455093,0.2769791668912445,0.22299279302507147,1.7967835256427054,,,0.1422136715749894,0.17840227093437916,0.21677156729032068,0.29551565323267004,0.2113768363579822,0.24310536991655257,0.25283384098046957,0.12289359580524348
2021-04-27,0.2465035962851496,0.188728998375327,,0.20997157239102132,0.25783476232304414,0.3874285828183351,,0.12927030007720197,0.22117537139426377,,0.23403097347313828,0.20559157780797296,0.17001139171825314,,0.14002846043832276,0.4528006195426531,0.18850918896649704,0.34323071107355524,0.28227877023089964,0.22251574026845192,1.6730386625000362,,0.14898018663568408,0.13670146566159863,0.17700061050869637,0.21248407580086182,0.30667250441663174,0.21275374334732033,0.2402158196881615,,0.11640353295773882
2021-04-28,0.2519659541421118,0.1980927467754646,,0.21628453108868978,0.2628880151114951,0.4215691157480446,,0.13073667902377062,0.21390301957716026,,0.22756535216034052,0.17182901329813513,,,0.14692448521872756,0.4329706664489726,0.1845405368442331,0.31566753547997,0.27409004938257325,0.22143234969989029,1.7506933552814647,,0.150927610121872,0.13537293287833985,0.17457339989812842,0.2110635886748739,0.2941203779300602,0.21129923740221296,0.23360469912935147,,0.11912843043119782
2021-04-29,0.1878145337235468,0.177184891348275,,0.23158048032654904,0.26388567181397865,0.45705952579035364,,0.12657722949989014,0.20444800598467233,,0.2243332694520839,0.16343878295762201,0.16754850561164103,,0.14057866917007916,,0.19055036575887205,0.3021917094814104,0.2526894732376393,0.22393282882407162,1.868846483660882,,0.14514826790219995,0.13541833439914533,0.13620429514964258,0.21150158215297607,0.30985488460301414,0.2147087324875812,0.2165135689138119,0.1939235008782092,0.11448536066046903
2021-04-30,0.1998540815590006,0.176082197506631,,0.22064639000528524,0.27646091312595006,0.40288994223512414,,0.13466472078706362,0.21627726479365475,0.23527483593911927,0.2217778215113762,0.16731576060123535,0.16883509515024278,0.1831573582383572,0.1416417449952889,0.33675882679695823,0.17091947861274645,0.3118219164734323,0.23838772035384242,0.22157154378126284,1.85626537307686,,0.14479235114254727,0.13470633727286827,0.13322844854144048,0.2114113333963044,0.30507891984347807,0.22022622153166102,0.21063167029625388,0.19485994201057197,0.12101979892297483
2021-05-03,0.1838982316487309,0.1792719882376076,,0.23274677538055763,0.284091572123254,0.5501895311341549,,0.14022743778064284,0.21463041378323283,0.2300877290879437,0.21940846301633896,0.1719141782265359,0.1773800930696554,0.18320896401387068,0.13466511774666043,0.3979773684559355,0.15885863684717125,0.3010992528771061,0.23246189967138284,0.22804296358892867,2.058756597616437,,0.137512188839788,0.13445880075922417,0.13263454308640954,0.2140398335656103,0.3205796202813339,0.19870575772771726,0.19351804253076502,0.193101369613389,0.1171401138834235
2021-05-04,0.2573870251669439,0.2028387654799522,,0.2753920486363454,0.2983694984795108,0.5877598164651721,,0.14205062909508714,0.21927628033442223,0.2449758212831395,0.23562475708838693,0.19427179970673794,0.18820708979912643,0.1954019305625297,0.14570824333078086,0.40771962688018054,0.17311744568544246,0.35017657057949947,0.2516895835925629,0.26437784071910947,2.1336105311912354,,0.15884343877102838,0.14358569640922747,0.14550037632157792,0.22935887064810287,0.34644082192571496,0.2380998956883443,0.20888406244228452,0.195236390645156,0.12320045074669443
2021-05-05,0.2453279694055124,0.1906146176911306,,0.2578724584801548,0.3122617726495235,0.5789367724830671,,0.1234697869409313,0.2120242025034605,0.22175667469328753,0.22009910229338972,0.190630491953205,,0.17911629847488425,0.14021835849065564,0.4760576292115044,0.16815325362725875,0.33028998902338585,0.24390568223542491,0.2666548315426929,1.6292816987646042,,0.1502720132293258,0.13619590205655238,0.12157391808579653,0.22188264279050682,0.3268939793193917,0.21210056147982462,0.16561692540745415,0.15824613465546633,0.12444167010780767
2021-05-06,0.2274324549657043,0.1888839141578028,,0.24380424182782692,0.32944204128543075,0.7244855994769975,,0.12706067072076108,0.21135775193431464,0.22556814534175978,0.23123185720642644,0.1904047367382697,0.16045659689926087,0.19526063636683383,0.1373841075923247,0.507409066247856,0.16772092716637405,0.30726511544434226,0.2475472724211415,0.27147181083608024,1.64838108413668,,,0.13553028064802627,0.11930066970064082,0.2153761889127584,0.3322549419817509,,0.18733273073933773,0.12575638827245658,0.11876576282433902
2021-05-07,0.2217560125973755,0.1773361274659352,,0.22117935225699056,0.3173902083713402,0.6110416367447207,,0.12252203348000261,0.2002108006559281,0.21432883420258006,0.20678424905499218,0.17351885448509635,0.17688318535341863,0.18191994592290314,0.12359613117204624,0.5744033489472236,0.14627976027422404,0.2900670658731482,0.20788146922364364,0.25795710950983064,1.7078518476808289,,0.13745172963239577,0.12842779679261368,0.10712986187858407,0.214648354063726,0.3351769820509329,0.17688432149143365,,0.1699976547593137,0.1265121668928737
2021-05-10,0.2399211795369358,0.1979806974767211,,0.26952660109268517,0.37433957692450165,0.7700560264706463,,0.1454077492884381,0.22175559369856634,0.23333398083726262,0.23475552372507116,0.19460517314791587,0.2456208169552782,0.22263470034876442,0.15105467285249627,0.6159876002284367,0.16571739419679682,0.3401140123917039,0.2714944779285467,0.2955385883452805,1.8645115831412051,,0.15991140446110796,0.15074922097674592,0.10798752029293347,0.24087710242033336,0.4103425089374547,0.2982609262628271,0.20660119163331253,0.18945701938300333,0.1615233514575727
2021-05-11,0.2494755765351219,0.2067339250035753,,0.28919029459853474,0.395306470220131,0.7283522689878404,,0.16440314455067234,0.24534341873555016,0.25200867253715,0.2669008047900894,0.2013586157534657,0.18318242389629633,0.21549890805326735,0.16725083786296208,0.5970451103416342,0.1708746035668721,0.37049372089263766,0.23781312398717983,0.2741494077800073,1.810444452474092,,0.16788432603961156,0.17401399187717964,0.14305876079942148,0.2655457863241497,0.4043706426822803,0.27117712655284404,0.2444955472821921,0.17460863321875916,0.14565012286309073
2021-05-12,0.2901281042515166,0.244653618528445,,0.34166914195510745,0.44888327827753355,0.6789345661846886,,0.20542227355051035,0.28613061159814257,0.2841616344120047,0.3076686335782909,0.22997815859522244,0.2274941408386776,0.2641528971865967,0.19321501518931478,0.7101021933527046,0.20030579307285473,0.45680942187606954,0.31539070781714673,0.2982558492432005,1.7398185233607377,,0.2032909580239595,0.20351803063015045,0.17459366564106427,0.2886215665377304,0.46339391750379333,0.37107542678578614,0.26601779930001546,0.23238372776475852,0.18890107413188909
2021-05-13,0.2603292004557991,0.2148928317172921,,0.31011222611072614,0.4273202520791447,0.8132440583144415,,0.17943315199759294,0.2521940708538336,0.2556730921980165,0.2606594357842087,0.2166630699440825,0.20150873491708698,0.23610980780385143,0.17195792760268472,0.7477989803679055,0.16855076818869716,0.4071360305429837,0.28143042131802853,0.34101316931734055,1.861953318545495,,0.1831981902857479,0.18106721060462166,0.15903375991620358,0.26862846359636644,0.44254037837182975,0.34220903269383324,0.21743477247448634,0.15937992930452644,0.1528305680125057
2021-05-14,0.2309902568189068,0.1826546775857766,,0.2619882600252665,0.43122641778737386,0.8661553414447044,,0.11565287415116592,0.22565579593526322,0.2228912444818233,0.2365760591300072,0.19345097976027426,0.13993898183863393,0.21010928772452683,0.15000003280457605,0.7578931224200938,0.19893167711669021,0.3176137888708135,0.254933564915912,0.3384094921549575,1.93349755597756,,0.1488402260012177,0.14509774591309973,0.13049888441791516,0.2309064172624822,0.24200865928147292,0.3354162427767371,,0.15398971943748987,0.1443218737238442
2021-05-17,0.2357376861545901,0.1972880989921586,,,,,,,,0.23691624581217802,,0.1978461785248274,,0.21013553789253317,,,,,,0.34316793754909963,2.016485170741205,,,,0.13842527146734038,,,,,0.1820957779797155,
2021-05-18,0.2360651622041358,0.2018238008426203,,,,,,,,0.23330487922780654,,0.2039934054681178,,0.22502911217581947,,,,,0.3047378903712096,0.32271472248682126,2.013390552603813,,,,0.13524941186214642,,,,,0.18350396356743431,
2021-05-19,0.2470277561799296,0.2108911883223279,,,,,,,,0.25146162800293365,,0.20515617983790888,0.14975662811598286,0.21781132522301033,,,,,0.2778772622972111,0.31847882164383357,1.9863612917362021,,,,0.1458168331511286,,,,,0.19710954487643523,
2021-05-20,0.2220302036470269,0.1945693340624261,,,,,,,,0.22613885762186514,,0.19823068206282266,0.22230883831343926,0.2239520770670746,,,,,0.27228300542182315,0.3154929248400398,2.0416261602641725,,,,0.13173492714499685,,,,,0.2000957503869682,
2021-05-21,0.2249858381313288,0.1885763232261874,,,,,,,,0.22607375782486755,,0.19949463603746106,0.19423099687024403,0.2213679913974429,,,,,0.24396219587121842,0.3233997889510918,2.0947675068021456,,,,0.12098333856986504,,,,,0.16031983534999342,
2021-05-24,0.2057276741946109,0.1735596794804266,,0.33943874905057864,0.16969553150924646,0.5196615012823129,,0.14187847033999584,,0.21588717378259176,0.2156881039049987,0.18217363794979344,0.18469863491739555,0.17956283629132908,,,0.20087297726640038,0.3165839619024443,0.26168110610183326,0.33636914195088163,2.2285742108264825,,0.13209928244474392,0.10410624368966845,0.11846072246899574,0.16710842525979783,0.2025536755431557,0.13608377872398386,0.23513467899852597,,0.1442112064625902
2021-05-25,0.2065110779616209,0.1742767600439536,,0.34411455646078115,0.17194850986015536,0.49653001248413575,,0.13397127107023518,,0.21510843705234275,0.21040009412606944,0.18123872375106337,,0.23170848161118868,0.1396240645705216,0.3555676026542207,0.18848198340098812,0.3098570999984143,0.2310555992239171,0.3496824881816096,2.2526127759787475,,0.13062816419751863,0.11006169588673204,0.11251022599588005,0.18259134376657876,0.20877934262922596,,0.24089990084804047,0.19193741742951348,0.13162608756253222
2021-05-26,0.2014229570543186,0.1676323151743333,,0.34514385915348633,0.17144228994546823,0.4922257730357704,,0.1274558647510126,,0.19282732311278675,0.20599412471214515,0.1800441835953685,0.18419658824970858,0.2075535783778609,0.10943076809427614,0.35537260350947764,0.18636306700583655,0.29870046533646216,,0.31780466730892376,2.2758136846412564,,0.1229746396273976,0.10549759305383753,0.10292249029382931,0.15457679165313384,0.2073243551683577,,0.23459636780975643,,0.12620449872264347
2021-05-27,0.2108991162986962,0.1679287915200654,,0.3512447442756797,0.1615393422698889,0.5074746154368082,,0.13068468672767133,,0.15857882560021172,0.20228788051530452,0.16784729929762568,,0.18039790066057976,0.0812943044000972,0.32622048449222313,0.19053152902833,0.31877834952019685,0.2510475808452449,0.3796980010559589,2.3922956828710733,,,,,0.16855547968578743,0.20448423142787567,,0.22957214344609728,0.14460210449268046,0.16625589440756797
2021-05-28,0.2038593623608192,0.1676878278675567,,0.23418568323763775,0.1604390109029482,0.5251482909395683,,0.12869915231676812,,0.22559084649990743,0.19338027933487423,0.17556643410498066,,0.18329132378706983,,,0.19603183734582494,0.29973014574738743,0.1844969087976478,0.4183320342823094,2.458123710283369,,0.1357795626910009,0.08841751887026847,0.1279645410822706,0.19373516401477164,0.19712352164892966,,0.21819468023031185,0.07867725198318364,0.11616681745228948
2021-06-01,0.22728320848251,0.1857307702489813,,0.24732678208446085,0.17266392983981094,0.6111228785752956,,0.159544714681934,,0.24671201387768305,0.229858962204838,0.19144371707343014,0.14867392096171653,0.1906437734330258,0.14875618059195628,0.3217517477475699,0.21909688160119958,0.33398002547034344,,0.4979107418141396,2.7187788770045582,,0.14602340363645236,0.09487520359153136,0.1408270773919217,0.2294929508230716,0.2112166218896526,,0.22565319050884683,0.25119460210847977,0.12545825729654253
2021-06-02,0.2157895154264174,0.1963563317596373,,0.23631821898727265,0.16374318984816635,0.6610585273581993,,0.13599801194395583,,0.26031119227444344,0.2229166728366713,0.18867126307853593,0.13218466579552532,0.19691404588389141,,0.3308879494261551,0.2034454910484436,0.31671973194791425,,0.44211580578526416,2.8088685951409,,0.12334946062713967,,0.1313859340201369,,0.2082244068891861,0.18099278754049775,0.225255978515765,0.18190191445449666,0.10613410798129894
2021-06-03,0.230226345007178,0.2035827626168292,,0.24460035011307618,0.17968514082345033,0.6897988078367475,,0.13116869284958932,,0.25915269248326467,0.21850882982794262,0.1948136431126592,0.15800861320315268,0.18647584251244978,0.14509384762678518,,0.20136561543052592,0.335560433848662,,0.4683745629102205,1.5765757322874416,,0.13303566210976775,,0.14144320668314028,0.2794466836134701,0.2078819482376042,0.18294252121799687,0.21356201819054407,0.19131222517442278,0.1117238005428728
2021-06-04,0.2155598512409414,0.1916228562949881,,0.2327529518101066,0.14453885577221467,0.7632079748579041,,0.13398056913983747,,0.25282089184060275,0.1999828937500605,0.17536250871188702,0.1534497497207806,0.17668735867255883,0.14439647238730394,,,0.31929520363640224,,0.49640933251745756,1.6292042388068686,,0.12282648837580155,,0.12094188385364643,,0.19752898091215002,0.1755220677848772,0.19434838687862924,0.17963577731659208,0.10201030256584791
2021-06-07,0.2310324398079859,0.1904698904197563,,0.22752624391731616,0.15997626677506738,0.8798192107376608,,0.1224863460908544,,0.24290214785210404,0.2040925766066788,0.19682631947015114,0.14903857231875525,0.18359815448673814,0.14710808409397794,,0.2020653689199016,0.32321168097139735,,0.5472230165666578,1.6543684885652774,,0.13531721237766192,,0.13474404251569094,0.2840025344910485,0.19567448827408515,0.19304906935738975,0.20228351987508003,0.18835495827755439,0.1057686439666189
2021-06-08,0.222273850538039,0.1901949563205582,,0.23984217115353285,,1.0105983769687008,,0.13436639401623385,,0.2640674898434643,0.20448683967277154,0.1805387316979425,0.14892695930813118,0.18324594869828337,0.15131799917455296,,0.2022295894308346,0.32852185463252853,0.3369516091323933,0.5847305561394601,1.6691125957141426,,0.15742571597645014,,0.141188735382258,0.21468397230710584,0.19890901602169847,0.20112238985568928,0.21311736288170166,0.18553132276029827,0.10734314204514195
2021-06-09,0.2106794417128992,0.1876376255440911,,0.25053766770583225,,1.086859282363096,,0.13448411599941387,0.3569959537048703,0.25937278121361346,0.20893438830528444,0.18477187238661208,0.1846203904069515,0.18633701167013225,0.1396572492430005,,0.1936026438199739,0.33203921831453637,0.522299477689454,0.6108720763727942,1.6967239791311166,,0.16651722032275984,,0.1472451405577254,0.2258557189190247,0.19822151793992698,0.20899179357271,0.19007712777176558,0.1911862397980121,0.11085082973405701
2021-06-10,0.2074277295644592,0.1745537436698048,,0.2129391053033309,0.20639657001156506,1.173702285765098,,0.1320148602291355,0.45111178204184205,0.2469492173038344,0.2031472252476785,0.18037604263758894,0.17577599351260131,0.1786212437436995,0.08750660831633328,,0.18013410583121683,0.3085263995035754,0.411061290763813,0.61451370478709,1.7153224039625528,,0.16400944396954392,,0.13794931936614607,0.19389383680601463,0.19244867327584853,0.17078680170922234,,0.1818421656866659,0.10201967613603316
2021-06-11,0.1709756632570458,0.1674983943733491,,0.19552720839038265,,1.2715441950528261,,0.10581142073215236,,0.23655099990844727,0.19280110555683921,0.15859935932149444,0.1678185585041162,0.17084056393345495,0.13709199547368342,,0.15429560529126266,0.2861100701362019,0.2733986404972031,0.6232088556033953,1.727154075626419,,0.13749663614994923,,,0.17567426744839246,0.1853129147985945,0.1606469086402642,,0.1725590753640151,0.09412183625174735
2021-06-14,,0.1670663548147443,,,,,,,,0.25037217100798687,0.19762874988763793,,0.1698836974191593,0.17017321555039538,,,,,,,1.7592656692413147,,,,,,0.18738899772360873,,,0.17315238537559358,0.1014215278659907
2021-06-15,,,,,,,,,,0.2472699340599736,0.1987739587699947,,0.16941881229742456,0.1783026318147847,,,,,,,1.7631115785784834,,,,,,0.1938553048613124,,,0.17097952919068893,0.10258296497492911
2021-06-16,,0.182462207435138,,,,,,,,0.25295268814760563,0.2006832640970668,,0.16920297549749322,0.18724141042576903,,,,,,,1.7137624198262922,,,,,,0.2001359394520725,,,0.16923326836165156,0.10405023644522172
2021-06-17,,0.1691931338181052,,,,,,,,0.25971591578593034,0.2051727603620843,,0.1758915304548243,0.18714201385578,,,,,,,1.6906730895535753,,,,,,0.1973927957072665,,,0.16501683235784775,0.10377981762272175
2021-06-18,,0.1786130502490846,,,,,,,,0.273932376486384,0.2278223777958545,,,0.21957187119623392,,,,,,,1.6474812572669815,,,,,,0.2205620271129016,,,0.18354588992187912,0.13035428564010662
2021-06-21,,0.1671089890471795,,0.21105578722392773,0.13581022207911567,0.6821270673877738,,0.09271893878768302,0.2124946281617067,0.26285823688443166,0.2088796988229952,0.17154724816797404,0.17557187321847412,0.2009515004265395,0.12114216816755514,0.1517930976882329,0.16658866303584705,0.303462847992111,0.24336931214798263,0.19614754581557342,1.8433520706640576,,,0.1389244652677383,0.13480975455277083,,0.19807310396614836,0.17786052104925776,0.23390661416663572,0.15868021764407608,0.11279369048762238
2021-06-22,,0.1639081495172751,,0.20940564266166775,0.1320945861859524,0.6766357376788357,,0.08469661244148853,0.20873066436332058,0.2660754275985953,0.2070328962360998,0.16604562399814285,0.18140253824916386,0.18987711023867013,0.12109476223648986,0.15137900546519903,0.16841159863930086,0.3109000352244289,0.24695694448557692,0.19671790004163883,1.8517369933785757,,0.13940171873624724,0.1378256902617821,0.12917179932427728,,0.19243728555286063,0.17765435687123846,0.22803077327943444,0.16087263588865316,0.10270044123313563
2021-06-23,,0.161256659335684,,0.20293863449826696,0.12881572664316837,0.6363672388339512,,0.08966905512793973,0.20329462608563162,0.26068004079795926,0.19731794840363512,0.16487697350551853,0.17767490721080065,0.19544998784483486,0.12248343153744065,0.1515566556432383,,0.2967591666279564,0.2375072218371943,0.19904850750409228,1.8273875400207298,,0.14436811263882632,0.14104253556359053,0.12795056135430322,,0.1861726155288269,0.1687006643452266,0.2336487207739164,0.15855703020910408,0.10170884248201195
2021-06-24,0.2122841600696084,0.1559764777793539,,0.1987877827429338,0.12454518892466743,0.7077498216450452,,0.07921836560796365,0.20508247052190304,0.2717011466540673,0.18648860256489208,0.16155998608742694,0.17049246672029592,0.18969583207276702,0.11814618143878686,0.14948985184357702,0.1582356328383446,0.3079857946429322,0.2572224156051896,0.1994758634399642,1.8846436609022617,,0.14131848951888537,0.1335397747952302,0.12364292205533449,,0.19034555237939865,0.1666944474021735,0.2369206177086068,,0.0959783794763821
2021-06-25,0.2120680314855575,0.1601886834516836,,0.23792828810676625,0.11760028011707115,0.7316555122288789,,0.07534813196815614,0.1855621176983675,0.25081498538593067,0.1794125764341237,,0.15761020343542226,,0.1184789064054079,0.14534716118769014,0.15918450544825516,0.28190190641021123,0.21447940884217354,,1.9937384005227785,,,,0.11959819125791732,0.23605330714515263,0.18024758014603198,0.1622463639721442,0.15748987432643197,0.14564827800584382,0.09124146004865372
2021-06-28,0.205189083964364,0.1569767240186591,,0.20317643788897333,0.12125054766225561,0.7590084682165986,,0.08051678564981073,0.1952908754201212,0.26107184854811655,0.19712798277359356,0.1863245973288522,,0.20620271961767306,0.12385912429507055,0.1498769943397451,0.1599540657302452,0.3209082564281667,0.2405903810811163,0.2024786526939716,2.19673179216097,,,0.13049010728504956,0.12417076838994066,0.22288477055929554,0.2038485670280225,0.17179434849175548,0.24599164363023596,0.16291219456173353,0.09586886194241748
2021-06-29,0.1950173299495657,0.1517615922791333,,0.19215314229230984,0.1193298478947243,0.781031517388418,,0.08546182644830291,0.1795500187266844,0.26402769211479343,0.18712174618578944,0.1713279877426279,0.1745046356235319,0.21407922502919546,0.1249986925540262,0.15249691528913653,0.1601924887773487,0.32820312238055593,0.23597253723007713,,2.2525132034277813,,,,0.12261668047638168,0.20688603533531436,0.21262749110888493,0.17538914019566273,0.22617070084062646,0.15884413963680263,0.1040295665671544
2021-06-30,0.1995760765336245,0.1493063777954379,,0.18965674429319843,0.11080457776741084,0.8317682826930007,,0.07495762536808426,0.1747331671495959,0.25728133166774375,0.19639803173150375,0.1831200790608516,0.17308872810697662,0.21248321013255797,0.12144045352535407,0.14736047578947165,0.16169205042239151,0.3006942295913309,0.2355221771224698,0.2042859631828333,2.40837588312028,,0.14300335018542984,,0.12117797620023632,0.21128536603403386,0.20197066611524472,0.16842971213849667,0.2575153862603458,0.1630159061420629,0.10598515928845648
2021-07-01,0.1938772361828467,0.147169114597171,,0.19484285616763042,0.09844180742973704,0.8712635599553867,,0.0631064228387808,0.1349713840356292,0.26136147072105376,0.20065944189988613,0.1665027022298055,0.16323788896231947,0.2145843478926253,0.11374501070700986,0.1366738144877052,0.1562550840803459,0.28771187612035487,0.22166390638869488,,2.5008464441213847,,0.14067832668690275,,0.11971267302960575,0.19221084853953532,0.1863220147928554,0.1606416297881679,,0.14790172479555977,0.09155125398519874
2021-07-02,0.1887585286397685,0.1381441080098958,,0.19712384374543399,0.13196750152765951,0.6643807863895205,,,0.21100517780329614,0.24238514273274964,0.18245279389389304,0.14355453506502774,,0.20359743042595657,0.11016417202460724,0.11938007373502843,0.14386974326080976,0.2552629667371407,0.22586374955554933,0.1886685644903353,2.634512011320944,,0.12498815409199232,0.13051261235501854,0.10936682701286608,0.17084127272717722,0.17592080908061458,0.14531714598908385,,0.13825743830023737,0.07748695213441333
2021-07-06,0.2331772896218147,0.1890450179137859,,0.265970297613042,0.15729055613705964,0.6967182667698147,,0.031235388158216477,0.20577658321098352,0.23756847834486067,0.23734366520112646,,0.20148756914222515,0.19307174968970647,0.14880570329861578,0.14803500001092432,0.17437733101075467,0.3356928051248909,0.23810370223676727,,1.5288258160086934,,0.13830803590149268,,0.12426961636432847,0.19293167525917101,0.24209894206148638,0.19227341702114079,0.2886541675319457,0.1623654856719552,0.10705116069299055
2021-07-07,0.2352219980061327,0.1933941288517079,,0.13104006078479577,0.1541884163515001,0.8100443195436129,,,0.21611260139111726,0.2403595345541134,0.24472448100262897,0.157713448351308,0.2014646024999206,0.19187520141699682,0.1460938796738605,0.14277731646898834,0.18103337762343455,0.3282757709296423,0.2519343780914442,,1.5925066258006875,,0.13672417650201685,,0.13258537908188184,0.18622811341598644,0.23714657886165763,0.1919609659146167,0.241210062155305,0.16157482759785297,0.10825858344718706
2021-07-08,0.2498234926210469,0.214471895042471,,0.19773846857264632,0.17087942986986457,0.8904806570469052,,0.13341194526412806,0.22721821148553575,0.26402299454078826,0.2566666063532968,0.19308429591879583,0.21583976517257372,0.19780114671379287,0.14887442304730453,0.15783705325176312,0.19064165074501768,0.2942683108363979,0.27351946949257205,,1.591425825832529,,0.14293196595740673,,0.1481856972283012,0.20721802381181426,0.24387630738242305,0.20356117524882847,0.25324212098536436,,0.10836364716614953
2021-07-09,0.2222118212120343,0.1945975027400796,,,0.1458692589113509,0.9938549447880811,,0.10418635860200802,0.20598486396832216,0.24335731540434433,0.23794333642311596,0.1643634997366346,0.20368768317236105,0.1848517815347676,0.13879833438489692,0.1441660908232473,0.1642913397541182,0.28942173232862084,0.25336896148781185,0.22325727369147438,1.6773235536266924,,0.1356568305120587,,0.1270553880019269,0.1778199961045006,0.2327673506803702,0.193658296460298,0.18032224806171357,0.14574200532591172,0.1058897929477813
2021-07-12,,0.1994008339321445,,,,,,,0.2162807820274706,0.2506875103340926,0.2391545807106802,,0.2045340681240019,0.18364887266193888,0.14249902952918764,,,,,,1.7014308540091796,,0.13259520781830608,,,,0.24897860204165473,0.19557663246756854,,,0.10877965969417755
2021-07-13,,0.2029597021992531,,,,,,,0.1929802457652354,0.2355181305032348,0.24149661273130535,,0.20364126776824373,0.18550014985794386,0.1422158269719315,,,,,,1.7367161205843646,,0.13347940739574274,,,,0.2494263499723455,0.20225122873270335,,,0.11464552071752822
2021-07-14,,0.1998904428694866,,,,,,,0.19841850984517836,0.2325113717585191,0.2508673564916771,,0.18269271341543367,0.18202201688738712,0.13488462163948456,,,,,,1.8320853594766309,,0.12901043735005463,,,,0.23987424741895555,0.19513667643737886,,,0.10863913579177788
2021-07-15,,0.20131493823985,,,,,,,0.19841041997153894,0.22992470753404393,0.23166587532854332,,0.18834782595120866,0.16904336897146013,0.14556462089215993,,,,,,1.8364500320549857,,0.13016859611578843,,,,0.24050865808285393,0.19622285284664948,,,0.11181820937700403
2021-07-16,,0.2033273342290453,,,,,,,0.20059818859532555,0.23782579709934984,0.23563984562809398,,0.20205610639842903,0.1734230021661015,0.14114432450517672,,,,,,1.7887997432643599,,0.12419253125899378,,,,0.24216489660485935,0.19479109551594978,,,0.11816725377817461
2021-07-19,0.2795422068239183,0.2149471730508664,,0.2624245522455151,0.2279940656397065,0.4828461827601359,,0.15010121122215705,0.2412915882328036,0.27565401255098504,0.29779510799969233,0.23246534173870095,0.2114973974645065,0.1916956697490337,0.16039530689614398,0.19839935756693608,,0.38873209513518064,0.30641356719348833,0.26683033572826487,1.8280817219958017,,0.1415840264499755,0.1681703476238181,0.18290891616839894,0.22844760737736905,0.28312274429000883,0.2172297282605295,,,0.14836952097370515
2021-07-20,0.2645369533828066,0.1974335636484738,,0.2336593267003417,0.21375326003832226,0.4488781873629629,,0.14204220315503793,0.21666775721678924,0.25287410984717873,0.273810320184891,0.20044161418364947,0.19319007880223388,0.16642252131097182,0.1564787540188144,0.18079027307053028,,0.33871833269958596,0.28135248804274543,0.26683299992423404,1.95313643888236,,0.14072033533934614,0.15981675762544864,0.16317913468868378,0.20714201558964673,0.25744622132058764,0.2052632200760832,,,0.13592402057989572
2021-07-21,0.2628412495693854,0.1883315069057124,,0.22572575991443453,0.21503597905679375,0.47009138308150883,,0.12193036139700307,0.20545398443593707,0.24071302275419124,0.25357340674173545,0.1969195888605506,0.18044026987767273,0.16147858971452833,0.13543433732346438,0.17509806055044785,,0.33391579274009975,0.27733284179540263,0.27161309541958056,1.9720314453398176,,0.13264807671965612,0.1300827004880794,0.15775040448318134,0.18747059309122152,0.251774859513715,0.19815948857875498,,,0.12368940904011065
2021-07-22,0.258586507123987,0.1905225634180445,,0.22624298508203516,0.2228865547172718,0.46865921090745877,,0.11500973866736154,0.2055167455659326,0.23459180550875505,0.2656787915334708,0.19892647844070405,,0.15496282048421067,0.13107350360869027,0.175077601544695,,0.3322991299419495,0.2769383713552306,0.26931974579002815,1.9984655031050944,,0.14960020444491848,0.12162803149844832,0.16247568020807535,0.1827143197226576,0.25646566361364476,0.19892713610959636,,,0.11992435823347046
2021-07-23,0.2410517882555756,0.1837931413976286,,0.22143061544609632,0.2201655216086352,0.48282552137134566,,0.11067541381544903,0.19950583132659933,0.23110961523156606,0.2542906034542625,0.20849842938452057,,0.1510185348090579,0.13115192819555763,0.1689471437282934,,0.3282861826711348,0.2774219892508976,0.22948684463619798,2.04805659855376,,0.1510841688266298,0.11733035065462594,0.16569034436224697,0.17535971659992608,0.24937552121906698,0.19942320734278157,,,0.11758619125927698
2021-07-26,0.2509819161409278,0.1918356950145339,,0.22956318577594598,0.22882651459141276,0.5536114961792727,,0.11646919631698634,0.2051269943172497,0.2359218402733291,0.2555222523462273,0.14040861069535554,0.20030165481806808,0.1562111383350472,0.1316746351605267,0.17962359388263038,,0.3474366074631661,0.2876987166161283,0.2444121059169229,2.1972169806952704,,0.15402426342313907,0.12152404556671742,0.16844078814352723,0.17887575518630242,0.25809646097764366,0.21257129677776826,,0.2668407477766287,0.12403657250914936
2021-07-27,0.2613369713724411,0.2156462178198678,,0.23756885666176142,0.23879459247331905,0.583266806317051,,0.11539886624438601,0.21348917041571666,0.24831545047481676,0.2695499792797538,,,0.15788177355773822,0.13247140961637632,0.18090062387753642,,0.3617019017471856,0.29327446068144314,0.26024467587472805,2.1961657534071453,,0.1603017328550656,0.12659300554038827,0.192122696264832,0.19802246287300257,0.2744992576704527,0.21445760251907198,,,0.12037891486596422
2021-07-28,0.2183811840664335,0.1755081342321219,,0.22219796877142042,0.2378737895411476,0.555583445933288,,0.11886082840933046,0.2055073285804339,0.23529171517912859,0.251244312431084,0.17452952371345093,,0.16200305650562713,0.13364974825942863,,,0.311150903084963,0.2921222383539629,0.2551003977587304,2.192598258319039,,0.16211518575018116,0.12669394611145338,0.1487652493586076,0.18960255055172512,0.2608808188169068,0.21609738009567522,,,0.12609560126365033
2021-07-29,0.1871079802806763,0.1641091785845026,,0.22165349282144625,0.2344659977723539,0.5598287538694005,,0.1108213401813888,0.1957310399988763,0.2218254425560253,0.2521719362064047,0.13012972962532754,,0.15280760934823648,0.1225580024443715,0.146655667702761,,0.3040434274951493,0.29189512158576814,0.26382739804940125,2.2445955283421046,,0.15488941624272942,0.11782297416288912,0.13243490078535308,0.17258922141060792,0.25934359102461974,0.20464970083541756,,,0.11954930557493795
2021-07-30,0.1870056265637233,0.1674882400545767,,0.22048360628434452,0.2426822849539192,0.559118264083094,,0.10893376621372328,0.1944821778735501,0.2254300402270572,0.2512565001316265,0.1536015400846743,,0.1486480540903705,,0.1457693320961709,,0.30714909312343125,0.24136132642171204,0.26673625547327384,2.2760147631735044,,0.12776646209616216,0.11311402469271122,0.13687972273753837,0.16414699249187664,0.2773830948382185,0.21201906323057218,,,0.12171608341628386
2021-08-02,0.1839102588951496,0.1786584079137625,,0.22515820985553006,0.2636140170397296,0.6228289357549734,,0.1144695728060335,0.21002269884625757,0.24503129564079926,0.25774436106973436,0.1979036054072741,,0.15445541532797707,0.12926302256587738,0.15889243374241924,,0.30109077322030603,0.2416979902225387,0.274088970758211,2.4490966269673,,0.1275418795205064,0.1235681970316385,0.14614465521558553,0.18233365737939006,0.284697325096218,0.21827038618809538,0.23492997399030593,,0.12734315071328553
2021-08-03,0.1811952820844307,0.1644384345425543,,0.22575522764671746,0.2635529021234672,,,0.10986510139057742,0.20193334004970195,0.23348537628533517,0.254787793652691,0.20284541762342168,0.18343453116189312,0.1497188233028926,0.14010998212221115,0.15540815921200696,,0.3257886385394363,0.2344892736413431,0.27607454869848247,2.632144534741723,,0.12266905191492562,0.11705994414161314,0.1431858845179948,0.1881033971620212,0.30070312336727106,0.2194628857049451,0.15263081332073145,0.15584857421310655,0.10834222012692463
2021-08-04,0.1860380602279227,0.1576534641660511,,0.3000472346217189,0.2710687810590092,0.7293774625486176,,0.110523229639449,0.20714272969977376,0.23634726776702428,0.23231526732092203,0.18523860858165647,,0.1622595489568632,0.13837259661516457,0.1704267829165015,0.13183989931063106,0.3159749029806269,0.24074281608261486,0.25257203073421514,2.59468091950802,,0.12644290811885073,0.1306065606099085,0.14471761798800756,0.19459959185543374,0.29362521714476647,0.18910631296440444,0.3341393161388315,0.16376675338350485,0.11281679647447876
2021-08-05,0.1767265859652135,0.151221725286329,,0.29362054736089616,0.2672335412890298,0.7090632663522322,,0.10937452993869314,0.19123629313743928,0.22272714609884192,0.22487314348697954,0.17282256726581918,0.17347185741524637,0.17168001056062346,0.13550857647338838,,,0.3086783148301896,0.2260851314012575,0.24937742811881908,1.847679115044302,,0.12075471437017275,0.11855358767673821,0.13884713272174543,0.18792314675017158,0.2888333246802246,0.18655304225051259,,0.15718223833332495,0.09768555342688337
2021-08-06,0.169693987886718,0.1436988763461351,,0.2894377962068487,0.27900693159371104,0.7981223532753143,,0.10270698580307402,0.20510988283505535,0.23263106136211759,0.20255325416437214,0.16314424799322702,0.17199019984637748,0.15461803505441432,0.1412173206107498,0.16629684418731294,0.16120010673284763,0.2863663164911199,0.21789105654687244,0.24123871850344258,1.8805282150533624,,0.11571471216024297,0.10799450804448987,0.131831407546559,0.17936218934347767,0.2867222941073266,0.18506995050810857,,0.15424839354064518,0.09906660827814423
2021-08-09,0.1686212314621235,0.1499462536487174,,0.2919891478271812,0.2977649458628538,,,0.11273798274563003,0.20363008001079555,0.25685519620407327,0.22331612408295085,0.17585334727584148,0.16952382517128653,0.16146554405299685,0.15222341148843027,,0.13256279838624174,0.28325753182769425,0.22135654224482873,0.24733334133420748,1.9488948370064705,,0.11886138019192992,0.11562366931027243,0.13546769025142405,0.18537726221089698,0.3073391135798065,0.1913666372952356,,0.15090963326525345,0.10866907942904665
2021-08-10,0.1806322279102852,0.154497877296227,,0.3009164292038858,0.30170215309046045,0.8088652924721019,,0.10138200392505374,0.20807363731048006,0.2492028573775702,0.2218861698927075,0.1826010623607182,0.17517619602091677,0.1560319904568177,0.15789026316482857,0.18857814662011899,0.12541814001417756,0.2720583437216064,0.22651524189700606,0.3026155329791095,2.004089970695811,,0.11371634613562218,0.11931229636247315,0.13392247098793153,0.18558111468949334,0.3070206274819263,0.18318876439822504,,0.15090591596528216,0.09830411948311404
2021-08-11,0.1724111451414345,0.1452931583167535,,0.3003555909515956,0.3197739316882029,0.8995620900991397,,0.1060034748324149,0.20680553092540502,0.2449294953748399,0.2214875198997455,0.1683474743715961,0.1701889782103195,0.1575907380953466,0.14487025061158945,0.18465709855461265,0.12284486324572597,0.3754145589794497,0.2423320827712131,0.2943977086481559,2.079761931201942,,0.10964879822139474,0.11483367211632853,0.12256417719575792,,0.3302884623100175,0.18884651895448445,,0.15795525458338136,0.10501908960846096
2021-08-12,0.1907159384949742,0.1411875183605702,,0.2974719659265914,0.32807964651868193,,,0.10508225998837024,0.20435330339371532,0.2564799605659282,0.2202210431271591,0.17057569202443246,0.1640924216452617,0.15166780052011178,0.15022887078477976,0.16842309743686135,0.11005575632576103,,0.20632734043000076,0.3681002478667671,2.1011325833590484,,0.10502115825591297,0.11353326750704988,0.1230063065528201,0.18166487004232343,0.38563244403774544,0.18883957515660993,,0.16751035504758363,0.09646681595811797
2021-08-13,0.1714873090383107,0.1402830121596654,,0.29693604903508586,0.3352957843238358,1.0941557716781518,,0.09682136381389367,0.16828535082303311,0.262713122889436,0.21302271648031648,0.1568797282668572,0.1756223755961723,0.14512829625491733,0.13360936782011792,0.15041318106758017,,0.25846335362299017,0.2158189946975319,0.35796433900135166,2.118695444944768,,0.09891639734266397,0.10720579107796226,0.11823848797305318,0.18541599840352782,0.22135862810070722,0.18425884279252566,,0.17278317144001953,0.08132113973895325
2021-08-16,,0.1420307487143913,,0.30570342055892674,,,,,,,0.22390360758606556,,0.15866663828821842,0.15157225852090153,,,0.1571653414762109,,0.20787594604136456,,2.2594574746442775,,,,,,,0.1859938000455842,,0.13296644644018749,
2021-08-17,,0.1570614086464342,,0.32215264559463613,,,,,,,0.23578730842436854,,0.17350361702812803,0.17254028657204268,,,0.15851143155002054,,0.23031992527131764,,2.2018941823886506,,,,,,,0.17423172739167295,,0.16966920903614988,
2021-08-18,,0.1701403323095048,,0.34564933172770673,,,,,,,0.23641561909404307,,0.17265690507935774,0.17215724782278044,,,0.22241520794537975,,0.23892040324346087,,2.1996092181326694,,,,,,,0.17424220345092795,,0.17354371809906038,
2021-08-19,,0.1827172231659703,,0.34799496646986455,,,,,,,0.24554612852743188,,0.2097740805519371,0.17848508483250852,,,0.21535846283482304,,0.2535088376556415,,2.215138627872746,,,,,,,0.1800696749747741,,0.18701622104317214,
2021-08-20,,0.1751017071557562,,0.3546943819220905,,,,,,,0.2191706263159026,,0.16348372214946147,0.16607635101668192,,,0.19207505364624167,,0.23327181977260025,,2.2287376124837563,,,,,,,0.15802788944069596,,0.17669530406644604,
2021-08-23,0.2076097689032565,0.1604811457622486,,0.3465878982726821,0.14587627096761202,0.5911054446872603,,0.11568141609324258,0.19053585802591202,0.20333811824220685,0.2061042906679571,0.17636109547964063,0.16043723462896056,0.1595236905461012,,,0.17342433180989947,0.30049055374778894,0.2268073571185085,0.3394191747557633,2.3932628057407253,,0.11169416279859982,0.0812819847777619,0.10988513470955005,0.23214785087135015,0.1889310662806201,0.15060562768916844,0.23134241261252153,0.17171129178730823,0.12227133285573144
2021-08-24,0.200576202305527,0.1591655944435635,,0.34332831901580824,0.15982701978158143,0.6285082045078082,,0.11196294147590415,0.18617901525819316,0.19325106647098753,0.20071621611518708,0.17874501658807332,0.15536645918195993,0.15239293326495684,0.23415415107308454,,0.17460761999329968,0.3111217578572379,0.22448962169701986,0.3379424220881006,2.420612140655312,,0.11693535246941823,0.09306904914831789,0.11185479245462406,0.11343244506882874,0.19057396591403664,0.14931646614804361,0.23146348379693402,0.1676119492109068,0.12404430472022328
2021-08-25,0.1900747996225426,0.1538384895773253,,0.36724884955740655,0.16182048780163452,0.6417877820497787,,0.10520334918505489,0.19587409569328215,0.1782558762890674,0.2138368415622828,0.16774092749715563,0.14739045454731373,0.15302106427775455,0.14506386412154984,,0.17636674214233042,0.29531336778171047,0.2166176691845631,0.3482071131855867,2.451545606565688,,0.11763856973888119,0.09990183676197677,0.1077561714489834,,0.1900442010913492,0.14748434572863758,0.22976081570127332,0.17950021207216837,0.12095835631150734
2021-08-26,0.1987882139361998,0.1603775941960592,,0.24021415997151727,0.1622208033795681,0.6278702049615659,,0.10750662047846869,0.21311669567760075,0.18335864457315912,0.238385522866356,0.1882601187648795,0.17454216406462034,0.1528385659769709,0.12633894225398826,,0.1785334116317024,0.30282184926851224,0.23474709231221597,0.3635269274695468,2.5417473034229756,,0.12315967500321484,0.1005421847927949,0.11461105387036537,0.17615058110851037,0.20241633902359818,0.15722834875757982,0.23748551453445965,0.16681161033511754,0.13496463233648592
2021-08-27,0.1683443689030573,0.1359985933092024,,0.21360740695863983,,0.6067461435214574,,0.09967488642169342,0.17993503242170772,,0.21187883432945634,0.1764052756526239,0.12338974058516732,0.1316610625882477,,,0.17170676211874428,0.2814472484901963,0.20598772044921698,0.39875162176714657,2.602281051960854,,0.11179277980003381,0.07694943745990093,0.10285331579690532,0.19468060171809834,0.19421718658229065,0.1407276728962651,0.2155755895160513,0.16299726152954322,0.09508702292023047
2021-08-30,0.2097465212820973,0.1381206813857275,,0.19343276859224484,,0.742629649831755,,0.1063392027198344,0.18935610239160836,,0.212701088330608,0.19782708405452637,0.21749244107642707,0.13413000762108293,,,0.17326164329525506,0.28799562489179226,0.21157518398623312,0.3930016754442718,2.831171578975288,,0.1137769155594365,0.10848853114612826,0.10952498094970771,0.21268363817650818,0.19514691832857153,0.14568247888109515,0.21802863105329726,0.191348288007056,0.10216409344261802
2021-08-31,0.22438824904262,0.1564007551179603,,0.19837250554957653,,0.7456152467631593,,0.10087873422619034,0.18662564921822208,0.21225453018837465,0.20917618485640604,0.17770786200777983,0.1351202602865101,0.14393164102679312,0.1391949039956031,,0.12983520412123145,0.2784930101075342,0.2045167882783308,0.40711549682313747,2.8573108443521082,,0.11481447726132077,,0.12140700281427527,0.1742046846337278,0.19313825544381089,0.14553688268529402,0.22064698444010775,0.19627213601359192,0.10811329680697801
2021-09-01,0.2159260665717449,0.142782607876878,,0.19925266128560545,,0.7853049283633412,,0.09762602574877911,0.18551797894133984,0.22923438535854213,0.2130402021153045,0.1720145522115967,0.15639978584123915,0.14119794864919663,,,0.17504243309856718,0.27278608211302174,0.2151821617008614,0.4266028200834335,1.7374866824693616,,0.10926682698203923,,0.11940314521708577,0.16775357571503763,0.18367326775903228,0.1582458766040587,0.20929730923988035,0.15403340793233833,0.10087807090492694
2021-09-02,0.2178863556987492,0.1566369870469983,,0.2001796742610211,,0.7905069670931973,,0.09996023686970064,0.17844568158967736,0.2430014938390183,0.2253893593263599,0.19429293006788112,0.13998285683432105,0.13061884348039873,,,0.17253247309303782,0.2801512603197154,0.237878637333738,0.4016035022591358,1.7734309226622456,,0.10866093967499975,,0.11489027452347486,0.1890027934204311,0.18028561977818894,0.1670456765678046,0.2352750643515365,0.15942345297781838,0.09827071706376735
2021-09-03,0.2134619371230956,0.1528276281472598,,0.1965978039144473,0.1457009850262664,0.8046753324611775,,0.05987911969407025,0.17885056614483477,0.23639963145127463,0.22609316641872235,0.17670075831274049,0.14918467105872754,0.13302780531236977,,0.32898994169018886,0.12701994934873514,0.26790350394459983,0.2228061602851034,0.40144958075263604,1.8353161890792649,,0.10315104133922,,0.11275990088224085,0.23058140597801974,0.17786659484408907,0.16554002978316068,0.2369697451976818,0.16134147881558042,0.09459987547708609
2021-09-07,0.2350641523894902,0.1701010277444963,,0.20977500456154013,0.16609007714177976,0.8860339773680169,,0.11935234265012454,0.1996401582641395,0.24302165063489908,0.22945123142797544,0.17908715565193215,0.16664710707888805,0.13898072872373735,,0.2837620511742151,0.20959169645655712,0.2945743709349739,0.2340955383210396,0.3781093076363259,1.7311866841633645,,0.1148099780274546,0.1072767684138134,0.1320810311318774,0.2880980315211344,0.2050708573149482,0.17401231393368075,0.23981725892052486,0.18685365628073689,0.10291522553782317
2021-09-08,0.2373232153930081,0.1671160092094933,,0.21427985151063636,,1.000513177134729,,0.11315674967281582,0.20041954324292202,0.24715669594921422,0.22873141884943343,0.18587679154165448,0.15497209704931086,0.15567008289474535,0.1538045988542697,0.3058663810112197,0.20346003383028632,0.294024946710386,0.237011988533841,0.4369936224926593,1.8106286934787057,,0.11814841386974778,,0.12651955201763207,0.19036791156788416,0.20698092559352957,0.17302861009772721,0.22907447052951307,0.18462195976152254,0.10707515503935267
2021-09-09,0.2366931898946227,0.1742692588799554,,0.2132615641713486,,0.960653367557397,,0.11280384852091158,0.206324980415118,0.24710439103388193,0.2358443409342072,0.1840446935781804,0.19162875945047422,0.153519334307559,0.1505215366861561,,0.21256235477283056,0.2812045083352004,0.23478033263548714,0.412925758861586,1.7690609034829174,,0.11559629741385766,,0.1321909351991762,0.23549385957530763,0.20001087411941626,0.17246276875647615,0.25451000699606885,0.1825313862814982,0.11371126950052547
2021-09-10,0.2564910100217218,0.1831596000305284,,0.21997467089172776,0.2288047751973839,1.0562317184326946,,0.0996407315840803,0.22281732165658413,0.25317578175607514,0.23812381941691754,0.19278021854340396,0.20073771218355363,0.217622548933101,0.1614910254931628,0.12108738861355751,0.21718233556488395,0.29510076850712746,0.2399006747995562,0.42668737632869264,1.775774225443491,,0.12920156270908092,,0.13995546645940868,0.24645007121024515,0.2093054423779113,0.17715023489256684,0.2556071032216907,0.18480675990584083,0.12106375139479912
2021-09-13,0.2388665144608643,0.1706739368554337,,,,,,,,0.252114444897631,0.22999985341838847,0.19031806456010292,0.22794295917815752,,,,,,0.2445975858887577,,1.8579374952454302,,,,,,,0.17562547830981837,0.24369178976933584,0.18448098017824102,0.11760062885391365
2021-09-14,0.2366953981843961,0.1741816569324298,,,,,,,,0.27089206971238633,0.24152282539870987,0.1937628220628535,0.2075997695091302,,,,,,0.2604673203230132,,1.8216076130630992,,,,,,,0.17542775612647118,0.2650528584047582,0.18559075138410105,0.1220058331682929
2021-09-15,0.219016162737628,0.1663429257246564,,,,,,,,0.2532170354971689,0.22991692159787383,0.1806414956689974,0.19321993254007486,,,,,,0.2565053735308534,,1.874796849172016,,,,,,,0.16684910097499722,0.24293554256959632,0.18233361638375778,0.11073257983061867
2021-09-16,0.2111176352761946,0.1612195013445846,,,,,,,,0.2456158890852837,0.2270845499739255,0.17994195140114355,0.19281906374594052,,,,,,0.24638072432227762,,1.858413441043206,,,,,,,0.16368976653322856,0.25099178908023845,0.18605944545304992,0.11068332459217063
2021-09-17,0.2190160262791127,0.1812843820432323,,,,,,,,0.2529305213173007,0.23214433864732567,0.19100165156264304,0.192715883996198,,,,,,0.25190391288344544,,1.8919844578406995,,,,,,,0.17047103321753426,0.2559392162735549,0.18825920417361577,0.12204294253980152
2021-09-20,0.2567902885553031,0.2168008470285377,,,0.17307533909432715,0.3425723128310248,,0.08950790880319498,0.2358454569230695,0.2995343764947381,0.27461666737068996,0.21655628746055042,0.23121809991293818,0.2666539183600388,0.17993639769590308,0.24751988899456057,0.2761691721942991,0.3432958460807862,0.3030018781638687,0.2809940721062136,1.9586969982120965,,0.1594104448043343,,0.17034030562862362,0.35099396529713717,0.25328339165568686,0.20500871682762303,0.28645701054858613,0.2165130811061927,0.1528354796762002
2021-09-21,0.2383989789458992,0.2048334609183065,,,0.17016576588941845,0.32393546968403714,,0.09099811191002832,0.22145743914797955,0.28014261071908236,0.2567549756739076,0.20739288060341887,0.21478954685781707,0.2573235480042257,0.17673709363341641,0.24047840676401772,0.24805638902252508,0.3177983333047261,0.28148081990192675,0.2606112851859043,1.9921552027929035,,0.150688055112317,,0.16253183465644294,0.3604571375510285,0.2645427532018597,0.19259327556137687,0.2846806829130085,0.2083286519659058,0.14937221106487922
2021-09-22,0.218692762778191,0.1862997125528113,,,0.14471942077753092,0.31328018718181916,,,0.19413040176992663,0.2626741359116011,0.24079465395434338,0.18207101092511682,0.19489995835405777,0.2355296022988262,0.15266955965422715,0.22324120755283797,0.23379280220034787,0.2970574683193988,0.258210241067477,0.23947661117787725,1.9984119243052998,,0.13777234789303325,,0.15256932861149913,0.3480942508559213,0.22139091503042702,0.17914086851827002,0.24681673559174144,0.186018025749364,0.1351585962615102
2021-09-23,0.199843511248923,0.1662987947996143,,,0.11102564356751995,0.32926359551566786,,,0.18910661608396315,0.25563452209830406,0.2233480666738928,0.17784304382336702,0.19894254574563264,0.22635385809964756,0.14253623193962775,0.22108766160329738,0.2148474670299089,0.2809542848537191,0.23881229972303625,0.2397556198806752,2.1028626749983714,,0.12915846001547152,,0.13851821749671808,0.4059531705413116,0.20065707270355557,0.1654198239976331,0.22300552965962975,0.17617337678087727,0.12440376873863256
2021-09-24,0.1934885917588541,0.1559972751555678,,,0.10433104934590719,0.34486004677099635,,,0.18691367794304914,0.24599461970514797,0.21082761909793646,0.17732744151439467,0.1896692216330552,0.21792194724102884,0.14082916255842548,0.22168708974278087,0.20671972706557895,0.27431335176267196,0.23771879888087183,0.23796396936877764,2.1457494861875905,,0.12471499613090153,,0.13575525357284207,0.24869415458726374,0.1971387759571163,0.16046111448206227,0.21957132968234136,0.1814410155564394,0.11403595124545879
2021-09-27,0.1972658566267993,0.1746621282594489,,,0.11819966426932399,0.3765563046454365,,,0.1979063799535489,0.2651661547530475,0.2159816055233406,0.18169971161363213,0.1851766101744267,0.22856025386773127,0.14218486639580488,0.20426876945400294,0.21033218197616557,0.28337554645385954,0.24720657978335428,0.23592078351413107,2.3536051920306478,,0.125826791266192,,0.1333913393342139,0.2239961902991998,0.19303953766367588,0.16762486287947495,0.22411681170939984,0.18452743177302774,0.12083222195646472
2021-09-28,0.2509502691315587,0.2477181735528293,,,0.16023672889569765,0.43004526179747077,,0.07256253575116352,0.22283303713153246,0.2941518279108993,0.2589396213621715,0.21418386411204304,0.2208595641680248,0.25413607489884066,0.16587705944736272,0.22566271796513718,0.2370600044657028,0.32778118475451057,0.2816242678105964,0.2582864252317221,2.343556610541361,,0.14948652724294265,,0.16687180064287932,0.2501799991206594,0.23679808379537645,0.2034223968749529,0.25648189791561743,,0.15481260292455928
2021-09-29,0.2424017822416147,0.2415334796736151,,,0.16727466684118894,0.4769282129979407,,,0.22334553046915476,0.2912115389062912,0.25014199508298257,0.2069993858193372,0.22288062468250774,,0.1640982233127679,0.21649871739873366,0.22818135266702028,0.3258869284292498,0.2796446451872116,0.24609605197144746,2.445441403218883,,0.14293575923783425,,0.16243707709715552,0.23989767757844555,0.23532904139824523,0.19558819857913598,0.25196095631051335,,0.14959620800707285
2021-09-30,0.2495433472794159,0.2460281475010382,,,0.19205443893713908,0.4946899764078561,,,0.24823593517958314,0.3059110010623403,0.26020869123784945,0.2245513266298136,,,0.17248710195953557,0.22856293384276039,0.24348715482036892,0.33510083495929166,0.2980789861510113,0.25247847609373236,2.358446998998254,,0.16118707617951764,,0.16940809014784186,,0.2604460013865576,0.22066617672470434,0.27590606852692906,,0.16154560281695118
2021-10-01,0.2152205793679774,0.2076267037679288,,,0.15723071257187324,0.6797479617553651,,,0.22552286314762865,0.29567264054103215,0.24417844922596305,0.20900524733697817,0.21175335837839854,,0.17661728534616777,0.2854474953629874,0.24171930136201272,0.3221062471704787,0.28149717127409546,0.2614616552680716,2.478498199997254,,0.15221583748674455,,0.15870279804718251,0.23543082022549425,0.2412497966539671,0.20817803496326986,0.2500168057608455,,0.1398761070049747
2021-10-04,0.2692716121618864,0.2706201667389347,,0.28759087560661767,0.21834828596883726,0.7361411608542036,,,0.2552314412604279,0.32879063299761874,0.27650587036098234,0.25744186807254543,0.23787308819106737,,0.1928585025563213,0.2577829990791413,0.2827216301525826,0.36332479394459877,0.3065931584582726,0.2815659589812897,2.72441409027442,,0.17463324562387586,0.18475455343425756,0.18895899396394303,0.2594943464408985,0.2641929523457382,0.24178456836172765,0.26481093160488234,,0.16222564203620757
2021-10-05,0.2422419909159246,0.2162144798565087,,0.2482457764167124,0.19380014480648242,0.6923493956259198,,,0.24847567339129958,0.30321382583494194,0.24238899770625544,0.2921588700596776,0.22351341247198894,,0.17302737571569837,0.27879929199440506,0.2362581843826463,0.3460308240345345,0.26954741694624695,0.26427992426863955,1.4148772174281001,,0.16086426580056526,0.15728450035637645,0.1730095365966615,0.24938967546558044,0.2892621623814861,0.21562121782654012,0.24569324410434443,,0.1396711043920583
2021-10-06,0.2420322644529225,0.2110527914062139,,0.24615024417581133,0.19943008055507133,0.6800177684246709,,,0.2590048394524529,0.3307349430353087,0.2597342742622756,0.28524925734632733,0.22751953220878696,0.21094180200630408,0.16260430758125788,0.24120313728220952,0.23736478549593903,0.35636785339979005,0.2725520781276115,0.28457924391846845,1.4182835260537325,,0.1513789201770383,0.16005935795791865,0.17578822655992116,0.25841417063298816,0.27207850430119285,,0.24717256952049405,,0.13507668962156422
2021-10-07,0.2353223792048881,0.1949733138323288,,0.24589795910648402,0.19152058972419436,0.671299346881158,,0.1882205781869539,0.23410050789232623,0.2954246217565715,0.24440487930884175,0.24562147896597591,0.22353475373190426,0.1922717426354776,0.1593339703897701,0.1899478557770266,0.2222543178521344,0.3320028075978583,0.2536978959179322,0.2827584011692057,1.4324691710519144,,0.13732028141898692,0.15082198889722437,0.18173104663676104,0.23804731262986134,0.23712954498650093,0.1822534732687884,0.2272625087039966,,0.12874909397548318
2021-10-08,0.2314852016747183,0.1808975490526833,,0.24404755049200214,0.1805269362730085,0.7964149607962295,,0.14187730419139408,0.22948908001237633,0.29396266577374325,0.24633236981198992,0.26834844651491396,0.2264574554210328,0.18530721820307147,0.15192582146704026,0.22103422327176983,0.2220359082501999,0.3371399808509672,0.2448494710106486,0.27649996896029927,1.422689126464836,,0.13868144527502332,0.14971767941831635,0.1642591857873925,0.20271581112474935,0.25257677460693334,,0.228018818297608,,0.12386500587462078
2021-10-11,0.23584896126744,,,0.2429295860145533,,,,,0.23527871434236217,,,0.2663924944249531,0.22958615138747662,,,,0.2302920437968059,0.34830295257552785,0.25203229437163804,,1.4697707743969404,,,0.1497699051112061,,0.26201468254060706,0.2728008834492114,,,,0.1320485608226009
2021-10-12,0.2485455578416701,,,0.23656236195230748,,,,,0.2265820856287242,,,0.2527693053734976,0.23585330838512877,,,,0.24574195573949775,0.3435109533495017,0.26207911045753984,,1.445654319500237,,,0.1528606267022908,,0.2446184556682241,0.26763564892286784,,,,0.1271536130247704
2021-10-13,0.2474879879971011,,,0.23420124253153582,,,,,0.21297882558734918,,,0.21311205611138131,0.22423986041224334,0.19699920256408504,,,0.22022040559912093,0.3231938813270216,0.2600881840206187,,1.5105038439353649,,,0.14658455813437624,,0.22715583334730255,0.2557097056096706,,,,0.11979195658115963
2021-10-14,0.2220407344728173,,,0.22122377896621903,,,,,0.18118765787687485,,,,0.2053471394529381,0.16846447837346892,,,0.20090954188598975,0.30977058515649114,0.24419394538396316,,1.6184806925593975,,,0.13522291901242942,,0.2222364810897811,0.21516085843112406,,,,0.10765194818029641
2021-10-15,0.2117466928966892,,,0.21021484611636485,,,,,0.1706938661133497,,,,0.20169560205316123,0.15084436069309556,,,0.20041832647608424,0.2940637070189204,0.23422608807408024,,1.6778233553909345,,,0.12808275497808932,,0.21397925538363866,,,,,0.1079131662050102
2021-10-18,0.2147745995414191,,,0.19812544637865245,0.23439187304110387,,,0.13474674318659194,0.17630698257238933,0.21218178748146252,0.24592798631020213,,0.19585983679129915,0.15945144478996315,0.16263586479972958,0.2068416551521208,0.21051798894597204,0.3086277739302627,0.24296673380750977,0.237293450392833,1.748076141760932,,0.12149644848776216,0.13506751683247414,0.1598165405247773,0.21049665866951153,0.2534351565815822,,0.19696219060277553,,0.10949833060508268
2021-10-19,0.2155249804527129,,,0.2093443570552603,0.22507349899703785,,,0.13263936309072227,0.16699283366898138,0.20758837083703452,0.23948565337522942,,0.1796913781376288,0.152787189749585,0.14199806211863178,0.19190104401329428,0.20352916462373838,0.30590064276272655,0.23944793904126105,0.25053136976363277,1.7924970832550589,,0.11324872091068346,0.1345623703008407,0.15821890484659182,0.22482053040670788,0.2648440320975103,,0.18615424233339747,,0.10772524747329815
2021-10-20,0.2184233592785698,,,0.2083243910652785,0.23561105834490426,,,0.08591868843218994,0.15614765242945647,0.21044163874700716,0.2478390249360758,,0.18689041209644963,0.15886739249991788,0.13695689531194874,0.18802764470412847,0.2092748088269191,0.3079907182433893,0.22745588213431517,0.25925055572535893,1.811680689450828,,0.1102720594471422,0.13597913059714678,0.16874743938946724,0.22070238040156373,0.2517676906966099,,0.19734251285854462,,0.09946211613853899
2021-10-21,0.2155269459659478,,,0.2031651609816531,0.23278181562492664,,,0.08350714101936078,0.17043392350616202,0.21018797682007118,0.24721449765736128,,0.1875514446477497,0.15029736206526206,0.13193785762843327,0.18797005477778475,0.21122524082843666,0.31326602055061503,0.23379241521768662,0.26801879196740575,1.8525566762367907,,0.12206690195580025,0.13978481954708524,0.15858389055458483,0.2018722874723104,0.24156323757613773,,0.19389402985404072,,0.10715515867172429
2021-10-22,0.2270424907593959,,,0.20986638345052283,0.24518394955716424,,,0.10427753492882927,0.17090505575714035,0.20839847192744515,0.21520280019175927,,0.1836831361414531,0.16030448686726728,0.13373376540898466,0.1903203333539344,0.20902736163297356,0.31368590202049473,0.2673511611755719,0.2151967343290685,1.862624496854091,,0.11735594995893003,0.14470320066377368,0.1696047561334704,0.1993472161523987,0.2688761855075292,,0.19035150339794923,,0.1021467107119353
2021-10-25,0.2318363120617973,,,0.22035749094118146,0.2598600239480947,,,0.11658842832282243,0.16022401808952805,0.2213852376428817,0.22953892274070636,,0.19460781680938385,0.14658652458604987,0.14055574806167104,0.20376693347817282,0.21326842672350318,0.32565650225880605,0.27929924728652455,0.21619309786789492,2.023900128849213,,0.11966578196668816,0.1487225629042777,0.17620431193170424,0.19623121864371362,0.24699591183272612,,0.1897249655214093,,0.10514890306508172
2021-10-26,0.2330921351006251,,,0.2208883810269222,0.26323609717535296,,,0.11750290587809405,0.18105277926218072,0.23483487041122028,0.24522432316304504,,0.19709375634693957,0.17743568703600682,0.13864492028742,0.19208393955695688,0.2212001716840035,0.34026341334587246,0.27239714168032764,0.22833057477609303,2.08454085446866,,0.11726064676612731,0.15406215008717764,0.17327384518423264,0.20133740227504524,0.2761544184896685,,0.19284349872918907,0.17470493878168908,0.1145891958906115
2021-10-27,0.2592611775466634,,,0.22383653024297662,0.27005668133683725,,,0.11872030746582925,0.19414235062016336,0.24326271435263416,0.2310676816346219,0.2654291384482332,0.19830495160618572,0.1869802719591377,0.14903136254320035,0.2057799922992238,0.22673037370446325,0.3038226531298331,0.2787682707858616,0.2210057336349137,1.9468407930741556,,0.1283275429123289,0.12586773673711,0.14595181811320615,0.21184669899119898,0.2780168706623845,0.233869312897899,0.20184203810694204,,0.11057941886619413
2021-10-28,0.232239566488986,,,0.21943099488898204,0.27773257305910726,0.6376108514951134,,0.10672077585489836,0.17692967390811468,0.21190733894172784,0.23901464796934987,0.23594633295235598,0.19331101736915113,0.17717974207713263,0.15333238512047065,0.20991734659183275,0.22872019955569392,0.29531568893178506,0.2515135185108616,0.22963104009824234,2.007682502917959,,0.12297501699739156,0.12083709973286338,0.14496104013184977,0.20942798103068241,0.27611253811321756,0.24253540548854752,0.2069255223015025,,0.10925954547268149
2021-10-29,0.2138590326779818,0.1712589112146272,,0.2151430228935314,0.2706729624816101,0.6318808357827366,,0.1114787474045401,0.1822557171343261,0.231638345163322,0.234277873580698,0.20109597329830065,0.20530275966726136,0.1649204360937799,0.1539622176215764,0.16226330053859614,0.23070112433075388,0.2935535709434031,0.24174882823114877,0.22946141172625834,2.026357440387003,,0.12143856556987989,0.1154593282482226,0.13476995602503078,0.19812627167747068,0.301097086997575,0.2445733167139607,0.1750836977662113,0.1917815517102522,0.11424470913859854
2021-11-01,0.2199133137338168,0.1793661427005441,,0.2243204281623769,0.3027976070258417,0.7561043518837902,,0.1000602044076069,0.1945213420069275,0.21840742687580997,0.24021270795081417,0.2063577713741497,0.1977360318237777,0.18036319980488075,0.15921032335450092,0.20822853084277645,0.2452257577689852,0.2971244011975799,0.24623519513142278,0.25117094502351145,2.266225871650909,,0.129257877424391,0.12928283474570024,0.13323234841065698,0.21161609292824765,0.29525873978692135,0.28120019561700077,0.1771809769950891,,0.11485422731057837
2021-11-02,0.2134749445273034,0.1699207675744422,,0.21420159342943101,0.3070588256597676,0.7417174130936306,,0.12275357221629515,0.20937024484920963,0.33609410222050096,0.2446417876629182,0.2277616718853713,0.20779333709941342,0.18393306373973195,0.1600052873302672,,0.274134667838917,0.2918624686138964,0.25611820655232637,0.260578874438119,2.3951590838300674,,0.12718147145025802,0.12165697098278155,0.13034077648594952,0.21808181290642883,0.29925978825685956,,0.18279201028439374,0.186662099230401,0.10743422205087166
2021-11-03,0.2229234393816351,0.1654607439880099,,0.21394984335583397,0.3304254893384547,0.8122710983490369,,,0.18082982745378523,0.24234907174711562,0.23582922639864443,0.20835820042077674,0.17711032431023352,0.143767232997451,0.16236712164934586,0.18776281717329818,,0.2924668101990205,0.26450496563550435,0.2828208358348789,1.6291865547215802,,0.1209552462452051,0.12019331654152432,0.13142394316006784,0.21090460707227937,0.30509590825207894,0.28074979197542943,0.18434081447371586,0.18293636860211868,0.09712432408992909
2021-11-04,0.2337479371898111,0.171851251267383,,0.23580599243804884,0.3199165241966529,,,0.14830931032758027,0.20942153401861077,0.24512020718554542,0.23587487868199897,0.20960001321456936,0.18573321193679537,0.16711588180943515,0.1805084728984916,,,0.2948497349227648,0.25113824341123625,0.2920591009331344,1.603176358829252,,0.13156728349035648,0.10039397969851045,0.1384397736197824,0.21034562027493314,0.3275827625960776,0.28585882737901835,0.17588700722198014,,0.08910807474018799
2021-11-05,0.2357639418954401,0.1764314296827161,,0.2316187788711069,0.2935038538940698,,,0.1360678291575557,0.2096325859297368,0.24057149336751216,0.23371753070010753,,0.17076915576690366,0.1843324251274782,0.16908222375048831,0.27410052918775857,,0.32019053758684857,0.2613148582855001,0.31411290418871357,1.6726286077416295,,0.12863980603914002,0.09489555382975313,0.13357800309202156,0.23255475288971883,0.36402139559368496,,0.1654625568765688,0.17966997345918076,0.08297496689559432
2021-11-08,0.2472385788059108,0.1721881526177799,,0.2562658465145501,0.334820863553596,,,0.14869666066128612,0.2073220166042203,0.262487810962191,0.23169052626437883,,0.1814185917517187,0.18496457252511783,0.17281039315313954,0.2655121859750845,0.14849512793275346,0.3450938594571691,0.2738180153229499,0.36847611283983484,1.7040014282329556,,0.1414255557778406,0.10639072002386196,0.14148686219509155,0.26865987458613905,0.4876648138962312,,0.15631133527511396,,0.08727594348275049
2021-11-09,0.2465804542083543,0.1759846236712288,,0.25028393908569224,0.3871613657875164,0.2634592274420659,,0.1391910104669567,0.2452495302436333,0.272890147946046,0.25000913192075624,,,,0.17419344587643554,0.23250674857826753,,0.3517012608327187,0.2785969593974707,0.40699966585690306,1.7219238691127547,,0.14172651045184026,0.1021901499722098,0.14804646457538273,0.26965226590156094,0.49711345316816846,,0.15803018852323786,0.18403279335470277,0.10773471322300837
2021-11-10,0.2652124492656543,0.1877639540466039,,0.26895590054453705,0.41178609735131555,0.187817745546679,,0.1534204348330732,0.21626226296313422,0.2732192195533344,0.2686968594995206,0.299553575333008,0.18113543499049697,0.2280446366274401,0.15963933660341473,0.2524765410081926,,0.33832077529942456,0.26974753590455713,0.42612340973667,1.7877351713999265,,0.14443274604448025,0.10303516755055266,0.13803610795897112,0.264382922780744,0.5993413483714394,,0.17145287743194246,,0.12226455979410475
2021-11-11,0.2581798432463296,0.1735347874463381,,0.2439730822473022,0.440845643454327,,,0.14461259841807422,0.22296306029531796,0.2716021003818547,0.26160083302097,0.28914395409579624,0.17018985075486034,0.20223871417950928,0.17645970741851633,0.2238653611013308,,0.32424707831824157,0.24731319132156734,0.3580626047199196,1.758683251843004,,0.13668046839834497,0.09932631587225663,0.13436504153343887,0.2593997790676949,0.18611222960715884,0.3805080893784978,0.15104557322513232,0.17869001964037712,0.11529233235282298
2021-11-12,0.241315354252374,0.1739265840844522,,0.23554069255419557,0.4428256206469775,,,0.14253534839620932,0.18278430808103935,0.23892632351225535,0.19234400908432023,0.2637280832907929,0.16789356712179115,,0.18210170322702157,0.22919378402132135,,0.3221099912439485,0.23460013112815256,0.4187535988401287,1.8717555202579212,,0.12570858122087578,0.09950506971404961,0.1289759892962098,0.24618881368664466,0.23516463424774567,0.3743273841920034,0.15366980228253355,0.17825841567605227,0.12039260846166404
2021-11-15,0.2488377863150942,0.1750235666391137,,,,,,,,,,,0.1713751398064806,,,,,,,,1.94196229865304,,,0.09907563336677343,,,,,,0.17585981794178404,
2021-11-16,0.2376170643242267,0.1614160900833078,,,,,,,,,0.22711565782309315,,0.16457457238416318,,,,,,,,1.9896880050816186,,,0.10265676577335088,,,,,,0.19383960599251665,
2021-11-17,0.2377717763660683,0.2017013861174782,,,,,,,,,0.30011565331826906,,0.16676336901039737,,,,,,,,2.0255927882657008,,,0.10888276585332808,,,,,,0.20103296891091846,
2021-11-18,0.2508810880929892,0.1995606950649893,,,,,,,,,0.24704678354466017,,0.16277458281854704,,,,,,,,1.9479471241348634,,,0.11000619353644768,,,,,,,
2021-11-19,0.2316935212105753,0.1733313360021497,,,,,,,,,0.26034024153664664,,0.16935643266352685,,,,,,,,1.9913333377965148,,,0.1205988060831265,,,,,,0.1932506596134612,
2021-11-22,0.2527698159089234,0.2174232065382637,,,,0.20686556828719,,0.1357278010100939,0.21711795706834963,0.22870821392044224,0.30039740877817916,0.2873075348275686,0.1678172075433457,,0.1602737992829971,0.218186535360247,0.23224934427728885,,0.2461843269317363,0.36680563121635323,2.1561467850670657,,,0.11239208363938297,0.14873679011521104,0.2419310766317925,0.25161975940849823,0.15777302308720476,0.22205519048682418,0.20192648913351527,0.13463007149097678
2021-11-23,0.2682049465965092,0.2134141904025915,,,,0.21454645280395393,,0.14093543229773425,0.19815475132610197,0.22245732434489826,0.26588901853680513,0.27310234800354,0.1938329782922754,,0.15363129839073417,0.21540142856153363,0.22777322328759145,,0.26369138167159756,0.3364973261504746,2.177349835515288,,0.14398472902795414,0.107919307153237,0.13515016349618647,0.24376585584063504,0.25732269434819954,0.1596774947907857,0.2322665225104583,0.20627386633314998,0.12741106681672823
2021-11-24,0.2636426773175623,0.2250247748503521,,,,0.2061062927250353,,0.13852500315140995,0.21298115975656806,0.23229303032008766,0.2677809169004611,0.2682432338245039,0.1695345695459269,0.19086760035459,0.1590408127701713,0.22873780683934358,0.23246140303236923,,0.2607494037104156,0.3218999508219267,2.167418201772493,,0.1440464147751111,0.11787315146635413,0.1328872168550028,0.23613753072803204,0.2416275890858077,0.11946708016768974,0.23241093472035693,0.19092646061044,0.12928900827697942
2021-11-26,0.3089027375194086,0.278575539370706,,,,0.24726538661642639,,0.1692681465970282,0.2912153861140724,0.2902236151986075,0.3582213994770564,0.3390255372435236,0.23514828761284706,,0.19999963664302517,0.2929809270100176,0.2706439102270331,,0.31618454539621166,0.37160461059207267,2.189189033253627,,,0.18085886672315324,0.18810003670890438,0.32225100519107475,0.29925374084115763,0.23229763576323667,0.30753839269259914,0.24454129393680732,0.173665092436669
2021-11-29,0.2611266046010472,0.2262361640051353,,,,0.22392752841278804,,0.14782598242024753,0.24930535617815897,0.2538508054057686,0.3100396003575202,0.31102204129400374,,,0.17702649776064558,0.308096058162796,0.24744682252887948,,0.27785686181109687,0.32445405303136193,2.337095795611822,,0.16307214862596184,0.15007689108827574,0.17789522401016644,0.26992804924588204,0.27137016643484985,0.15916293263573572,0.2654668582980999,0.21731194563718714,0.16585079981892187
2021-11-30,0.2935753184189358,0.2848120696825136,,,,0.253225200742528,,0.2062000022497162,0.28405955221874396,0.3023613309167278,0.364763995376526,0.30756592233101365,,,0.2253195347968909,0.33504283638083043,,,0.31865820723329036,0.3290716922284433,2.2002185756088077,,,0.23732343392052085,0.21932868998189275,0.3220383086797506,0.3005168411934901,0.24854125507914182,0.30183526850855597,,0.18475158162490524
2021-12-01,0.3147992642373254,0.2962413050177491,,,,0.2564476538735378,,0.2156858916415846,0.31280155352601624,0.35736867991482857,0.4007837151194739,0.35670313099126405,,,0.21716413081953864,0.27305588706443074,0.29867137742502414,,0.3365433790894044,0.33540439453210846,2.34702319133723,,,0.25129195648118785,0.22728161238874098,0.33821224374410025,0.33015489954879007,0.2973268432595306,0.3228188008665097,0.27611922511946696,0.20725328122836068
2021-12-02,0.2899889645237604,0.2937459984706993,,,,0.24859656781698541,,0.19423998454299354,0.31368377507300804,0.3417822710851111,0.3691471561609824,0.3169484671600278,,,0.21865629857223734,0.26159262315851556,,,0.3138659501248375,0.35290159622440054,2.3496127012528496,,,0.21546025538926827,0.20373614231436735,0.32701195825226953,0.3073449301317129,0.27641615856408297,0.3050493369801593,0.2895704706781046,0.19569899430204143
2021-12-03,0.304890627206206,0.3131468789560944,,,,0.26732515135474494,,0.21322158389019294,0.3406330034138282,0.38761486174315263,0.3877828875192392,0.32456833042516414,,,0.22288086910583713,0.28008045262499587,,,0.36410970886925614,0.3847474856861442,2.5201099627681245,,0.20477773070577782,0.2024415449385787,0.2107056523432606,0.392178827592458,0.3333457307770196,0.30354534825398294,0.315382092168952,0.31247767411866567,0.20506567903828607
2021-12-06,0.2976619512906196,0.2818877849099887,,,,0.2319808500204125,,0.2104913027686472,0.3018041317871629,0.3447785410615354,0.37505039134195894,0.30257427190137864,,,0.1971785738227995,0.24364932611506898,,,0.30283910100370587,0.38671353616309734,3.0893060733662674,,0.1755053774599238,0.19642963054466994,0.19351264511005556,0.3506008188281619,0.31658381985616996,0.30819835956755537,0.2899344636390037,0.2810690945491268,0.19899781375950426
2021-12-07,0.2849431043738201,0.2623732702247613,,,,0.19715845837758653,,0.201937771624731,0.23042199991069295,0.277381137584431,0.3341462090460262,0.26377912016962496,0.18482928907214277,0.24346994588388107,0.17129331561480546,0.2545780818848686,,0.38139420289670733,0.26962856138321395,0.3545981096008919,3.2099831748839973,,,0.15571395274913438,0.16235210312734258,0.32361583226598906,0.26893183505033863,0.18869109511743412,0.25173104072551267,0.29797900241515857,0.19080071756339412
2021-12-08,0.324375094901207,0.2506509232820338,,0.3209865013817478,,,,0.21631055841112656,0.2317899543054307,0.3291132090099583,0.34631118213866674,0.25607561143166,0.17799457873938795,0.23954624690473128,0.16081083076103023,0.23681519099382076,,0.3583122437172958,0.2575829108373056,0.31903791944647664,3.3604630969682927,,,0.15000741912351873,0.15281116643499187,0.28482204970606023,0.26455160977319586,,0.25483082514768296,0.25536127800639513,0.1522314250308266
2021-12-09,0.3684196354001264,0.2973869571875893,,0.34925001706197095,,,,0.2335232116601348,0.23675145288341856,0.3453981693803932,0.37214591043231005,0.2525334551815182,0.19440738852226297,0.24401420846322236,0.16135821214048393,0.243237046618322,,0.3524126670132914,0.2646923208620143,0.3549902428266526,3.541334932952923,,0.1579003204529442,0.1510786189930295,0.1555921942337996,0.301324164923177,0.28648850441273843,0.345595519190666,0.25199967234669923,0.341720581327718,0.1543777809734419
2021-12-10,0.3710483252941656,0.2948720714090674,,0.32067137371878257,,0.17743263117007324,,0.2352229451716786,0.20894528871439041,0.3110455589579108,0.3274972171084808,0.22522473602066437,0.1871890702998405,0.23971748960526887,0.15185453177627997,0.2308487299912714,,0.3327845729270932,0.23814936216803143,0.4288061145747215,3.8029862046377643,,,0.1379080698902064,0.1408233326129349,0.26181552902538757,0.2592350327124028,,0.24656252264510736,,0.1419133952441409
2021-12-13,,0.2677085830434507,,,,,,,0.19401432737965954,0.3275110044883688,,0.24258605091214683,0.198790082797532,0.25078152141181514,0.15634464718293278,0.2269335533093361,,0.3450303541976923,,,,,,0.14470386201079255,,,,,,0.2818541946383375,
2021-12-14,,0.3040209012254521,,,,,,,0.23860431348379205,0.3261791630842205,,0.25317682884643644,0.22483096406252362,0.25671272794478406,0.16646051635331877,0.23772453356350512,,0.3568487254071984,,,,,,0.14855647946245695,,,,,,0.33945169205866815,
2021-12-15,,0.228977744984342,,,,,,,0.19762034752881252,0.3137797392042052,,0.24219143604879312,0.21361943330231095,0.25632935569170845,0.16128124633407417,0.2234327310365449,,0.3556871450864353,,,,,,0.1419577540112647,,,,,,,
2021-12-16,,0.3072117524088387,,,,,,,0.23666752983295344,0.33398719089676915,,0.25312867062515787,0.214478416156393,0.2563082734014305,0.1655653586837882,0.22798244171418372,,0.3656193394140551,,,,,,0.14075812582759878,,,,0.23814981733697185,,0.32736070930275674,
2021-12-17,,0.2923545988691493,,,,,,,0.24826822174742816,0.3646092730596232,,0.2517272404203305,0.21765003870377708,0.27229762532648355,0.17218537920413232,0.22628934086935065,,0.35358512140206105,,,,,,,,,,0.26308164713206295,,,
2021-12-20,0.3180624589839547,0.3104973330852842,,,0.18180942316728485,0.2255193990113269,,0.14841054759219835,0.250060066375423,0.34904862291747235,0.2954283932573952,0.2644590220860269,0.23855900960288537,0.25822173733275766,0.1738176216728415,0.22570653590911918,0.2342443380311401,0.3671254626332737,0.25806029142192144,0.27543059591058777,,,0.149371471848149,0.15625959295223044,0.18019777506558135,,0.28735409535282386,0.2656230780108947,,,0.2021210936249162
2021-12-21,0.2897729818213121,0.2787160910627557,,,,0.19297971028340719,,0.12935823098736843,0.1976567832749686,0.3321050034122902,0.26734128803020485,0.2561668857287639,0.21604331880247638,0.2542815662361854,0.15810168308127978,0.22750567687970294,0.2141918109189305,0.33906159319308854,0.22754932946985335,0.2505015598742328,,,0.14465470521361543,0.13875410866981663,0.17060716939546505,,0.25197512967838187,,,0.26248527343266126,0.1787122053905467
2021-12-22,0.2746637884540027,0.2700343156470142,,,,0.18232390300751508,,0.11628543821381858,,0.30657087188516835,0.2550763179424651,0.2410529685991145,0.20916358556540324,0.26144949114160065,0.14626304209127214,0.21309921037619006,0.19922187870785174,0.32896900088140607,0.218152298929636,0.23740409453777064,,,0.1358749534688189,0.12907587445227145,0.16150579249669428,,0.236262420333998,,,,0.16478884699775762
2021-12-23,0.2759643665429497,,,,,0.18005106501827425,,0.10761849812367529,0.14726996365556774,0.2982445956003686,0.24930085256429388,0.2343120858552324,,0.26603662205438006,0.13371408364309134,0.21478800611098825,0.19199362845862228,0.3113735872866408,0.21329314763565047,0.24929278572356667,,,0.13464517965018963,0.12577850174269078,0.14714759953265155,,,0.19228746512524653,,,0.1608537689688255
2021-12-27,0.2751305750292078,0.2132521923542692,,,,0.1721585682073237,,0.10804916033485541,,0.30427245512531065,0.24057937991773015,0.22749676883491404,0.19868430261684622,0.24414771648818023,0.11991285616608233,0.20890487350355635,0.17972701049265422,0.3153645852848341,0.21151221094999878,0.26175639474881496,,,0.13629241162597425,0.12769257759208177,0.14488609067516817,,0.22926620837098688,,,0.3297833162761899,0.16499865331501112
2021-12-28,0.28635223127103,,,,,0.16823358261247132,,0.10270160291658365,,0.30362757953401837,0.23339619354987204,0.2307918569544655,0.20599789502618238,0.2536246657608818,0.11793683186840934,0.19925994131985908,0.17526283497763778,0.313006285356029,0.20646192454628226,0.262544370820469,,,0.1403536487462949,0.12334651079764435,0.126443101786978,,0.20647451353332624,,,,0.16063251578340385
2021-12-29,0.2598840579169461,0.2167222622475796,,,0.2761222774507052,0.17410913905262512,,0.09945507345825291,,0.3028362730476208,0.22963083637345927,0.2261768263429886,,0.28048735120393775,0.11868520934115423,0.1949840501965694,0.17323348906975453,0.3021418553899195,0.20364361105074025,0.26339026204007876,,,0.14355106811321766,0.12504500456522571,0.14268694531283546,,0.2568898558130946,,,0.33506667129921996,0.16498358590396184
2021-12-30,0.2741970381896024,0.3512711556401764,,,,0.16352125919511673,,0.09949616306953847,,0.2987202275993985,0.21344556828833647,0.19980800616964228,0.19421963396235237,0.21863961287833222,0.1234776493767451,0.1936449256289059,0.1656843832069851,0.2935337659360819,0.20443447761617883,0.25845816648320397,,,0.1472856921382264,0.1226374791754053,0.11608644135009978,,,,,0.27541244195278036,0.15398715018910597
2021-12-31,0.2641054128055414,,,,,0.17023286646163455,,0.11152979834222898,,0.24930389362496566,0.21510986275702773,0.20579979808603602,,0.280507510438678,0.12782212372429597,0.19430574120160915,0.16523421269034705,0.29164202434581354,0.193905533663545,0.2731781466692696,,,0.14346508506014133,0.11576077538436189,0.10556211627164613,,,0.3053136353077941,,0.31850051996016904,0.17171637789567498
2022-01-03,,,,,,0.16099182264613507,,0.08878159311811744,,0.34237711368453444,0.171238272653161,0.1641419914108407,,,0.12525535504644356,0.1951062606544242,0.1622526005965879,0.30167452871482126,0.19759479566834834,0.2666474699776388,,,0.14607169675789347,0.11698927121587299,,,,,0.19983178016473085,,
2022-01-04,0.2300774598634266,,,,0.24738468950928577,0.13355346748307909,,0.06962660690768666,,0.23551501390478774,0.20852520794189833,0.1740748348761801,0.18260542660519166,0.22390765281936958,0.15120258581894347,0.19083101624175622,0.17242810369570286,0.29510718670118424,0.21277198457167157,0.29014096138485396,2.179927630907369,,0.157177205392034,0.11788410809654501,0.13709166577123558,,0.26555931015240486,,0.18830831682223248,,
2022-01-05,0.2919552520671923,0.3553894986589553,,,,0.2542886290722581,,,0.34071087923607724,0.30191672266695974,0.2590490087556332,0.2539236966557818,0.22698089669239674,0.28678905739602617,0.1386809896624274,0.20241087843283903,0.2009115925147304,0.3244115600653862,0.23101832840190253,0.4195120982291994,2.1935606261911738,,0.13137782709935075,0.14097673580784764,0.14898577071398847,,0.34357093461220484,,0.20847458441535377,0.31528939365066033,0.20728235594911254
2022-01-06,0.2994286525907586,0.2893558060343009,,,0.34356394060614254,0.23773907455111634,,,,0.30753857185238087,0.2704666326532204,0.2391082447561462,0.21775858312433738,0.2911308511282359,0.1602497604820156,0.20059284394620322,0.20760328661725092,0.3452319005773127,0.23706303466670123,0.42757432784474686,2.1830499084718085,,0.13664497411788842,0.1557902376667412,0.16401834123606773,,,,0.2094057703169358,0.30717322921105195,0.1870722961361468
2022-01-07,0.2734067477247019,0.296969168835313,,,,0.20312110375182246,,0.15146201702597628,,0.3239697833393005,0.26945717323163937,0.24998145255251772,0.2049451488675399,0.3061595702498224,,0.200411099598774,0.20341369865794387,0.34265487538036715,0.23588964094715198,0.46705146314945556,2.262017266322438,,0.1357197679277483,0.1526089262914455,0.16672983028021812,,0.37750264268834244,,0.20275629646334858,0.369197620906317,0.1604709182060348
2022-01-10,0.309906262651509,0.3161288809270413,,0.37403965299039105,0.27240932464482065,0.24294113944451343,,0.17366243498025716,,0.27333082308642415,0.27996328122454167,0.2749453119492461,0.19976215796350794,0.34004239353324145,0.14245747690221583,0.22707418073099986,0.20872842632675342,0.36008756617025955,0.2312562072456232,0.4681627878101977,2.29614830728529,,0.1420767314575415,0.15793489742767094,0.18321270360092495,,,,0.21739408736053126,,
2022-01-11,0.2721356851236923,0.2879765924899933,,0.3502669537850432,,0.210408372786173,,0.1504250658210037,,0.27997653647416704,0.2614547398911697,0.25469129228274784,0.19907283958538044,0.3094306406859888,0.16022145311308902,0.20780516469115837,0.196579574153386,0.3471616447656433,0.21554228692843067,0.47674968557560643,2.316556856007723,,0.1393629431761166,0.1534806309609521,0.17002868186583908,,,,0.20671443867472167,,
2022-01-12,0.2815003012545567,0.3038121352913415,,0.41437731774998676,0.29056665293835293,0.2024176709328347,,0.1451338018502879,0.4332658174427608,0.28380359755355217,0.26484955455246545,0.2724321799850316,0.19388044901223575,0.323526827251677,0.14625862296367567,0.17664031656305332,0.18361322601310273,0.34845319088524307,0.15631201952277984,0.49357909614667933,2.3564009938034856,,0.13427016548847565,0.146588918881033,0.17070058596376572,,,,0.19446077740495057,0.32734929799165846,0.20867595311758286
2022-01-13,,0.3479484298747118,,0.4166616298268054,0.3278660480771245,0.24127582950170418,,0.14571967516743084,0.7191142803493278,0.302596231760839,0.27105908282373153,0.31797859585924293,0.1970097612835584,0.30203333301584534,0.17492753754100474,0.16894012846136552,0.18638096554569442,0.3471998975823586,,0.5166081079890771,2.4372097313676644,,0.1406132870276525,0.15522135573488846,0.17413948199854437,,0.4792025304072494,,0.2071973682024144,,
2022-01-14,0.33911584195695,0.2737165228171057,,0.3186662433546219,,0.2448466577548985,,0.1510389827263221,,0.29914749943056357,0.2891147440164667,0.27677241339115366,0.26878219269775466,0.3216645090240662,0.1494530238561777,0.1569400256376295,0.15169648515116435,0.35172994767640087,,0.5267944600114969,2.4297119322936567,,0.13562183591376467,0.15019126939530342,0.18263749477397936,,,0.33954951375988723,0.21447934557501,0.32384631603537933,0.21716839699910453
2022-01-18,,,,,,,,,,0.2783634710986746,0.3117862436078584,,0.2244255625727422,,,,0.2259951865377188,0.3704674141261746,,0.516092165794721,2.559670284263182,,0.17792051526411803,0.16838977462086258,0.19803025562498047,,,,,0.3836140876430483,
2022-01-19,,,,,,,,,,0.27612415372966514,,,,,,,0.2120288595343794,0.3740619245579218,,0.5130622221898463,2.6416354863510745,,0.12672256081191727,0.16548536797111138,0.20752217575514328,,,,,0.3032627512814955,
2022-01-20,,,,,,,,,,0.28868140248194296,,,,,,,0.21853495891139904,0.37241653660248175,,0.5125342203322835,2.542844736315117,,0.16694560084809704,0.1680696230251079,0.20057426859662594,,,,,0.2982324093505708,
2022-01-21,,,,,,,,,,0.30870087823712367,,,0.23433330289828383,,,,0.25047994875765045,0.4190824592600771,,0.5235883760635942,2.5644681538168332,,0.18244075575062693,0.1797969576590687,0.23603568562586236,,,,,0.3283894539908077,
2022-01-24,,0.4280838163525794,,,0.3499821183815256,0.4752658651247211,,0.21838794709234768,0.27742785930744474,0.3484143754177297,,,0.2642674772356991,,,0.29230605303876755,0.27589317900856825,0.4476731443785723,,0.5125456865296545,2.704725160872623,,0.20175248975488586,0.19138996684552909,0.25957782650765837,0.3280885966600436,0.37301939929907885,,0.2608548069139028,0.33493325875492896,0.2269410289813218
2022-01-25,0.3660724928676091,0.5157943322853439,,,0.3524729842109509,0.2348731981176436,,0.20089342517853723,0.2709844092527305,0.3581234314352679,,,0.26227227946198445,,0.1930404860842378,0.2864358671842053,0.2631156269408119,0.4655782030015458,,0.5165521492089984,2.8032212093312485,,0.20030556835628294,0.2014495297912225,0.2538826257065357,0.33355619775745715,0.3748885726029389,,0.2845175604314223,0.35314017734068487,0.21539556649985156
2022-01-26,0.3578235688118634,0.3838281817302153,,,0.3458527176649292,0.2554220733409035,,0.2178196096952738,0.26755992707800835,0.34136959171114206,,0.33170796295678523,0.2562918052711141,,0.19173804936596797,0.28793172745305234,0.25900702544379894,0.4309899593628534,,0.5259759644947258,2.6868469425699297,,0.1932006465530626,0.20048802730707427,0.2568019635790352,0.3167066691826258,0.38231011104834817,,0.2892353829322884,0.34951101892647074,0.22688997843885145
2022-01-27,0.3867072782256505,0.3740897053638864,,,0.3582235663454756,0.23150292245376336,,0.20921717436897105,0.2823045449477765,0.35199271529685655,,0.35644765582672916,0.2694211997751163,,0.20478848064230132,0.2830106026799347,0.25938358092846875,0.4179158448028208,,0.5443886732549729,2.7763786697824537,,0.20303882332087955,0.20292398794757016,0.22188916378816992,0.3264012580667142,0.3920508823087681,,0.2919665537865631,0.25683828595765146,0.24395146816384444
2022-01-28,0.3146154480839305,0.3414354158519926,,,0.3574561795242699,,,0.18365409886314457,0.24688510314250178,0.3217315839797945,0.2764513263934819,0.30031781566764676,0.23705231560821674,,,,0.2539748380578697,0.39681942317483476,,0.5230263654509568,2.5875497689674174,,0.18741891078460243,0.18778078920707109,0.20685693634523009,0.3087149558721568,0.3714051083779469,,0.26183698556134083,0.2767372941953941,0.19986385872331483
2022-01-31,0.2826686917218228,0.3341987842302857,,,0.3472465211958605,,,0.16716771741689007,0.23820270940409283,0.3194546510211374,0.2588864958342521,0.26623294500372857,0.23026927300736663,,0.12593942268987973,0.21170815542877489,0.24127541904683564,0.3882031990158986,,0.5994996346115924,2.930698085557927,,0.1729185971384099,0.18907374589447076,0.1815852438225588,0.28269051446678767,0.35122945033443825,,0.23062015476364375,0.3857202472637285,0.19014723137083095
2022-02-01,0.2546625753475925,0.2828864288228824,,0.36527828260676964,0.34077518511640004,,,0.16129892280508903,0.2287816808196466,0.32231967777012366,0.25140080097657846,0.26138792460905447,0.20851908261531482,,0.12515654582567387,,0.24761893384275366,0.3637442828494065,0.24493928970447748,0.6337757832602819,3.0856822399458115,,0.16817820301892708,0.18152220750164527,0.18036602195652318,0.2716754395916255,0.34537614090397034,0.2448663133258907,0.22907825445347466,0.3444830776395106,0.1376862149754915
2022-02-02,0.2460074246652616,0.2417724698992844,,0.3764242254413258,0.35686245480305673,,,0.1580488748553612,0.226168002840148,0.2592521119916045,0.24806029588361198,0.24065096560328791,0.18080497931456313,,0.21241277679400525,0.24622800853252788,0.20221716828635974,0.3721320382070612,0.2449256919259985,0.6462057859539898,3.1419829963863126,,0.13939319956211865,0.15154825167414795,0.15937495945412294,0.26576477360045797,0.3700956249979973,0.22899452209853666,0.20999091117685245,0.44387551479454784,0.1614770658119325
2022-02-03,0.2940262818279095,0.2973962899128318,,0.43981992036011547,0.38343100194601093,,,0.17886899329165704,0.2670821301839181,0.28957009384700094,0.2731948352362811,0.27799993660205563,0.1924875574636585,,0.12941006898564272,0.24003621258900396,0.2632883956770278,0.3961690302500042,0.2652588166659259,0.4743866352509918,3.142902552662926,,0.16937689373929776,0.1637574009618154,0.18892028031295705,0.2927594902517512,0.3562586170447828,0.2670545872480555,0.23503081784708996,0.33880402566410184,0.22310695249881787
2022-02-04,0.2725152223775842,0.2710400545447343,,0.4107467624504432,0.37706158373096993,0.32437779508376025,,0.1590946629522836,0.27770608120217205,0.2801966843766141,0.2708805058387051,0.25893852982061655,0.28887663459692803,,0.13582049197945173,0.2235269883466635,0.2739217104391189,0.3540617636594948,0.25195883664782787,0.378715505196346,3.0934950454814616,,0.15644972257245565,0.16422394097575266,0.11554205863145249,0.26410543619774085,0.35565704743359444,0.2754424677538956,0.2239775339488057,0.23455920741958702,0.1744343508736375
2022-02-07,0.2742472153399151,0.2696584651236398,,0.407036694385994,0.41543439660483644,,,0.1678791830932565,0.25693275540018873,0.26138259828790106,0.2754074976499257,0.25368194289541646,0.2414869841032049,0.2829311424718967,0.13323578072420092,0.2572137568483255,0.37871167561831576,0.3734752298380196,0.25306065218826296,,3.4547015089211808,,0.1677838755515787,0.16121008116867827,0.14663793443119771,0.2786950278654884,0.3739442747554039,0.2659374019804664,0.21369406852697212,0.31735895939292935,0.20447745446534124
2022-02-08,0.2582471481848085,0.2453938906727581,,0.393814802785258,0.42029159025225543,,,0.16815080625291487,0.27019875654010805,0.2566257561607143,0.2834156875634131,0.24922471624381962,0.1671940278571397,0.2949404969655987,0.12346359213520028,0.22566068395178185,,0.3590860598755264,0.23969265142217588,0.5665966023320433,3.745017072103215,,0.15721923370343502,0.16333305079047258,0.18201926834223206,0.2746709332670216,0.37896299055306826,0.2697278257864646,0.20671961648599957,0.21046540957650947,0.2011042442954391
2022-02-09,0.236265442339628,0.2225576712595897,,0.3799335614975664,0.4305462547914538,,,0.15631368698455253,0.2313181527379376,0.22900034805432304,0.2715278445883336,0.24272858610898276,0.1678526307512906,0.27375937727239597,0.11965660829689338,0.20359948041102818,,0.33217245925374034,0.22607643712108505,0.6327264021133941,4.0044039473209985,,0.13393189057851412,0.16730387967538218,0.14305932865697407,0.26029174054521154,0.4226070697188939,0.2597652751284998,0.19527257739581488,0.26545304919315876,0.23435577186225784
2022-02-10,0.2997578081224641,0.2599256312834339,,0.40931596475890053,0.4559482414522521,0.34522772868804125,,0.16151379670299695,0.2475160972991022,0.2629246530946324,0.2915293002882864,0.2737703220309842,0.1834577510113249,0.27166872425304983,0.13101009244465417,0.2233746384608917,,0.38713053568504036,0.24527321859687565,,3.9940483998467817,,0.1702256283776977,0.14529054658506044,0.19688591424614332,0.29406721375818656,0.2974342564328096,0.2855519896949617,0.19956821802326505,,0.16580366117513587
2022-02-11,0.2919045111329415,0.300372071909444,,0.45187139047734715,0.5022607450723742,0.41765881792380233,,0.18360566135629294,0.28029646818757437,0.2934022022540509,0.31078639671213654,0.2973898961748258,0.2065682560285912,0.3252936548552837,0.24802717000796207,0.2564456591400927,0.23239561583311247,0.43645450732900615,0.27147847392545327,0.5006789716244698,4.290707045917751,,0.19731210409889788,0.17501521774402753,0.17127498358917778,0.32472164651746666,0.31992850913616766,0.3103581559188629,0.19150771016218854,0.35436336738548446,0.2529899978511386
2022-02-14,0.2991246103612603,0.2893592751372356,,0.4520109236731306,,,,,0.30177195150392755,0.2969956798485697,0.31936371159788063,0.30253717808889896,0.21347856436317103,,0.1624824832178698,,,,0.27201870184892546,,,,0.21479733195095516,0.17703414946553359,0.17043650038678126,,0.3205655807940143,0.32555480153355365,,0.3337136642730175,
2022-02-15,0.2742858353314935,0.26039507392123,,0.4280721316353152,,,,,0.2789784305439594,0.2693093979371189,0.30750187415032626,0.2807526334523842,,,0.13983452408700342,,,,0.2500415545661715,,,,0.1826701411518684,0.15728772584346634,0.14057100336013623,,0.3008047673779193,0.3017582174258977,,0.24580485998025173,
2022-02-16,0.2689573873560735,0.254815767058959,,0.41818314540265566,,,,,0.27083247838633817,0.2497819283353907,0.277362085500226,0.27014471496510567,,,0.1403243407917109,,,,0.24904347818298647,,,,0.17692094762842217,0.15380302488704523,0.11635000821564882,,0.2908790505721504,0.2926809060164801,,0.2278184475274251,
2022-02-17,0.2966445819068821,0.2927822817686103,,0.47176005564208134,,,,,0.31088882272516655,0.2838321659474235,0.31095854637548037,0.28896069368948407,,,0.14863152771890023,,,,0.2941191972498486,,,,0.2050520877422438,0.15857737072157913,0.15371930794890634,,0.31694926148148816,0.3223442465663432,,0.2562688244871595,
2022-02-18,0.2874597791138389,0.2893418238546652,,0.48433940701146094,,,,,0.31289831577167626,0.27748894076527864,0.30312802963533025,0.2874595291726361,,,0.16875170873661,,,,,,,,0.21384195382610635,0.16802326407587836,0.18433681884384742,,0.32092344187717525,0.32858230541149225,,0.26970573089236805,
2022-02-22,0.2881614661286628,0.3045930800040533,,0.4913311791447333,0.2766512558203768,0.2450886303226525,,0.20102436767029097,0.32262982181871697,0.29420826679974077,0.3349318274662294,0.29817151740880643,,,0.18163107636962803,0.2020954631832327,,0.43959597210727275,,0.2683385079977174,,,0.21551161492841697,0.18002031683497852,0.14223924539091615,0.3725600983838218,0.33696262928653126,0.2979726678712822,,,0.20013220810645105
2022-02-23,0.3023156964139892,0.3176920019725708,,0.517490129620045,0.28095239638359054,0.24959243478896462,,0.2068523140259592,0.33955545434423234,0.3070113583117997,0.34461989308385144,0.3167997592992938,,,,0.20882108941125108,,0.4442480907962766,0.33231033518804065,0.2874000694287102,,,0.2283810147681886,0.18861658432996609,0.18197023245384839,0.34579969915436515,0.34036323798328105,0.2991674882008227,,0.24971065629750291,0.19351107684277571
2022-02-24,0.2902046740986346,0.3047557776994617,,0.5120958940131538,0.262209505082434,0.24374773473465727,,0.22710270766676752,0.3303832920832824,0.2907408529916047,0.3325220256676669,0.31334475933922007,,,,0.22485811132944966,,0.4359309340541946,,0.28893069666298105,,,0.22219230347132446,0.19646957112020136,0.18498602777878026,0.3369457863229533,0.3350857209702629,0.27304390815742696,,0.279709315020697,
2022-02-25,0.2592294111617812,0.2810760614735418,,0.5035642537716148,0.2448240146239626,0.22228443397326805,,0.2237143218763389,0.31602410638796535,0.2694878441304899,0.3226066211126616,0.28734770217641387,,,0.1732308531951931,0.20197428974670328,0.1975602408219039,0.41379685506309993,0.31470527930406045,0.2904971834035309,,,0.2073303639408573,0.1627658535543935,0.12164725943760071,0.2973597747787233,0.3093622189580764,0.24461683771471626,,0.2819556769072263,0.17695181607799143
2022-02-28,0.2826222073053258,0.3074621570391684,,0.5883243884737265,0.26942762471137854,,,0.22701509560984873,0.3480268791429967,0.3120819332381825,0.3524823333859405,0.3226445188880827,,,0.18819144210969652,0.20790857474851362,,0.4759878593799066,,0.3327062825532557,,,0.2604160269908422,0.1992324110951818,0.2500238413000263,0.3374836563079968,0.3521361256750321,0.272307192567245,,0.3307207001485956,0.189010596277032
2022-03-01,0.3128214973937786,0.3504127544259587,,0.6487313565271892,0.3048246918254188,0.2728524348004458,,0.27112540024099796,0.4064124602513247,0.3921862734518418,0.4023720621410933,0.35506783632086075,,,0.20637943790062083,0.23177480424892954,,0.5252931226280994,,0.3690293102434376,,,0.2886053144592047,0.24016765285606065,0.2780203270652114,0.3676301710593411,0.38808092788900556,0.3187349884913193,,0.3469185380828604,0.218866442121221
2022-03-02,0.2955986577920573,0.3146686005221112,,0.3981078020963177,0.27694078645828685,0.24521291643556356,,0.26052462270968463,0.3470675663857875,0.33413915531124366,0.35148833648030237,0.30855010136288874,0.2310813120666748,0.22620438079518407,,0.21777171110033575,0.22260775827918322,0.4616968997755913,,0.32662220388963115,,,0.24356043599014657,0.2068077846367172,0.230976921980716,0.32416426278638744,0.3410548971990452,0.2749681055941975,,,0.18881147389046476
2022-03-03,0.3016729137311603,0.3150240607332522,,0.3857631643642714,0.28527167696062217,0.25133749918871745,,0.26408098719357276,0.34766369546554904,0.340035188022167,0.36359957539877313,0.3097978749035517,,0.22285611208685438,,0.20577464539969686,0.20904869331409437,0.4660449105663796,,0.33652946638549086,,,0.2516960639375779,0.19037569396193899,0.23799163658921646,0.34565483553773524,0.3899924363343916,0.271722476229075,,,0.195169896845724
2022-03-04,0.3163035869573991,0.3221094010148153,,0.3870087485572644,0.3005310164556514,0.2709385368921307,,0.2659774138024304,0.38981197124828615,0.3588031938423628,0.3925536711148117,,,0.26513798238652364,0.19108433639944003,0.21015493049373918,0.21355877142466173,0.5028317018866111,0.3436560299908347,0.3553183269546051,,,0.2663061414493761,0.2045204521969851,0.23880943897666748,0.37078607872533736,0.36980799465927267,0.2895850733823398,0.3788710764721032,,0.18400307243515915
2022-03-07,0.359210107847709,0.3751177604331108,,0.46036896672597866,0.3445739893918888,0.3098659002602742,,0.31128631888374675,0.42245071994636724,0.40457266366745537,,,,,0.22353687476430556,0.22581461086038407,0.28315791229713866,0.5939551256861847,,0.3940332143047367,,,0.30803782951976516,0.2463445274557008,0.2943093309176678,0.4105648321667054,0.4225681598031664,0.3351121185191127,0.449241961276502,,0.23236606211211577
2022-03-08,0.3519534400256657,0.3809241941769253,,,0.34450654710391104,0.3075109824008071,,0.27514690647569673,0.40929142578712513,0.43362466300934727,,0.4391053700598145,,,0.22187431641148916,0.22403144840296624,0.2621324638535008,0.5536623262071255,0.42704629081484485,0.3790820430263398,,,0.29673188853419363,0.26068198049561836,,0.4130963185904714,0.40178291107481007,0.34311085220069154,0.5498187921331408,,
2022-03-09,0.3174547535499247,0.3197643289298108,,0.4095802640230456,0.32367590531225787,0.2874907590883953,,0.29074350025527573,0.382450233017104,0.3961866168935328,,0.3889535428894464,,,,0.19186983182835482,,0.5002574384261815,0.3811440123553598,,3.059102912384933,,0.26795520239125203,0.21612766077414416,0.29605008655181275,0.3838458554856753,0.36379894703285215,0.32413129123670614,0.4811994940247824,,0.21264333807030172
2022-03-10,0.2980013078941468,0.3185371284105094,,0.41158363221513017,0.29859289461624505,0.2692064811389061,,0.26434318923983124,0.36314453982480877,0.3776473406106442,0.4524060506831576,,,,0.18826723057312544,0.17580662511468145,,0.4884619172139502,0.3712811094295011,0.3240293442280794,3.03389592364056,,0.2614705987133026,0.2207710714751197,,0.3649069485688432,0.34631356976344724,,0.46024593496208227,,0.1991181398455137
2022-03-11,0.3299566444928075,0.3362470599599952,,0.4173924209446075,0.30161431609092065,0.27785044879691995,,0.24019149038414833,0.3811229968086535,0.38473468901883745,,,,,,0.18337586383369106,0.22889112156432723,0.5027179237593566,0.3687400930024649,,3.0515356863230365,,0.2611027577044053,0.22789831532908533,0.2881224661920901,0.37517344603950337,0.3630336553520358,,0.42053977255615926,,0.21813924032376955
2022-04-05,,,,,,,,,,,,0.30306985941210474,0.23735630196899957,,,,,,,,1.5801371934279387,,,,,,,,,0.2611061481845002,
2022-04-06,,,,,,,,,,,,0.33404023538048727,0.24241682938238482,,,,,,,,1.6352767193505984,,,,,,,,,,
2022-04-07,,,,,,,,,,,,0.3216329048525248,0.26146592771967614,,,,,,,,1.6928979765084033,,,,,,,,,0.2533958617908921,
2022-04-08,,,,0.39867164147917067,,,,,,,,0.3148583690422226,0.2370054856260706,,,,,,,,1.6438920848493364,,,,,,,,,0.27410265148958185,
2022-04-11,,,,0.4842056680833835,,,,,,,,0.33140733528950395,0.25964517459482495,,,,,,,,1.7633542420185793,,,,,,,,,,
2022-04-12,,,,0.4592242987910351,,,,,,,,0.3274309818754411,0.26865788885328346,,,,,,,,1.7154547812125531,,,,,,,,,0.2663130211498199,
2022-04-13,,,,,,,,,,,,0.31493551196956826,0.2512519393122502,,,,,,,,1.7377154593987052,,,,,,,,,,
2022-04-14,,,,0.4351497006564751,,,,,,,,0.31615474564003637,0.23040815730317793,,,,,,,,1.7366358182669224,,,,,,,,,0.26344879893274303,
2022-04-18,,,,0.3874718251817134,,0.24332492892715374,,0.15538283496625369,0.30359326048960106,0.32116763911917146,,0.3251964795634623,0.2814567830151399,,0.1721823148054303,0.21434045846842043,0.20255604239371947,,,0.30770578173214747,1.767692257522586,,,0.19024098570425604,0.21222121926598694,,,0.307689601644872,0.28309310747152083,,
2022-04-19,,,,0.4069516893185145,,0.24622320192255098,,0.1651402678595275,0.3024010586656154,0.313922032066945,,0.3195516018251843,0.1965247425447933,,0.16217512268588363,0.2119112126393622,0.17293935767062496,,,0.33006735530371567,1.9418865801427734,,,0.1711272618578178,0.22423028264311992,,,0.30966679287988247,0.28416474508823164,0.26851253647609097,
2022-04-20,,,,0.42792129516125016,,,,0.18305982790106545,0.3009435647672931,0.3164941548995007,,0.3256502781565869,0.14693943199575682,,0.14911368849383538,0.20082816635195497,0.22664943404069393,,,0.33019862463843364,2.034908011957719,,,0.17306880708893352,0.23139097405427045,,,0.29659037049315345,0.28461845930365354,0.2670017752243403,
2022-04-21,,,,0.43603451869224147,,,,0.2293068285049776,0.22731124196871944,0.33154625124278714,,0.3728347630390537,0.2164035340968021,,0.15165981413294166,0.2083493238880363,0.20496515936600038,,,0.3373230498161518,2.0008172127290225,,,0.20908915351204957,0.21942028259309948,,,0.3375235006845019,0.3065285291982734,,
2022-04-22,,,,0.4574374117804313,,0.18251599012810477,,0.1968049379458544,0.33102505699246987,0.35423679117409246,,0.38124479592258365,0.2273736739888901,,0.17054520328136988,,0.23233591522650304,,,0.3441649293270124,2.0175700161307,,,0.22886579712941346,0.2541318887564646,,,0.3496064509416864,0.3280560217932437,,
2022-04-25,,,,0.47346425966264805,,0.12590906534052893,,0.2047053925331509,0.3373812855859189,0.3350289063364396,,0.39369469326335366,0.2408245564188756,,0.19196838456754114,0.2365236254533404,0.23131918644101226,,,0.3575615950781228,2.1185918032047324,,,0.2160175186229202,0.2662929015069463,,,0.37024003127154304,0.34427130207208945,0.33392756185282885,
2022-04-26,,,,0.5048274401913061,,0.23341146359112724,,0.22404548866624774,0.3810093854249468,0.3667380664848592,,0.44712910455714233,0.2597467289639541,,0.22147228076609524,,0.2642247276849232,,,0.3752922719174717,1.9259649238124117,,,0.247032921194762,0.27594022215789166,,,0.4043881667878381,0.36539364160368626,0.3905412039155003,
2022-04-27,,0.4107792498000071,,0.5008746006647284,,0.21349501376938876,,0.21421677003173628,0.35048430289932486,0.351580525260051,0.48927376739904,0.3648154453543794,0.2526794763613595,0.30924134736427994,0.19289237091579306,,0.2622329479879077,,0.4326485321047015,0.3657046017745899,2.0262489870697364,,,0.2390811737025469,0.29650486497618744,,0.4969939803389098,0.39693346928833867,0.36434245993735564,0.3385249342604332,0.2986016355725979
2022-04-28,,0.4329360387646492,,0.4740821543775365,,0.1737223637358322,,0.19523675699351214,0.32665713595004725,0.33411646811537976,0.50535711621294,0.3436928949379396,0.236791811571132,0.2938464021644061,0.19842266327337515,0.20207111052284463,0.2127920544593577,,0.3920570727606868,0.37748149725172164,2.2115725358547533,,,0.224117029639273,0.2596692493542237,,0.48279145124898465,0.4169364099803458,0.35055219393362624,0.34735693414769175,0.21824537291243684
2022-04-29,,0.4461430986637371,,0.512068587859236,,0.21401419127753155,,0.24879538248939032,0.3546049636156443,0.3541802223666562,0.5087533939950342,0.3707201695888029,0.27062883524520026,0.31536032013271653,0.21270317102324715,,,,0.4083174013596847,0.3704964141608328,2.150378903027376,,,0.2555306465338008,0.27216701162435264,,0.5260443837135778,0.427008709796557,0.3483620666230372,0.3985478827109434,0.30649962909660733
2022-05-02,,0.4470505756485179,,0.5501257703361357,,0.19538123747005284,,0.2492576183169767,0.3629064270632703,0.3731009656311123,0.4932735856522884,0.3911328153945426,0.2733230512449475,0.32311259155650607,0.2240578038669438,0.22245162308447178,,,0.39097816053318346,0.4213180114155228,2.3665602242912764,,,0.26642224027352057,0.2934225873112334,,0.5677475073948632,0.4534988962005832,0.3290408122482144,,0.24668634602473352
2022-05-03,,0.4361468918909683,,0.546112677294285,,0.18305257513653334,,0.23257625448582728,0.35819434089386076,0.3676827933640937,0.4811096127075618,0.3716266450821987,0.258500807500269,0.3127598883684345,0.2049161903717051,0.20644755734834835,0.1994669305658526,,0.3906310992543322,0.39991675044858205,2.509593896090603,,,0.2504103487134437,0.2744631141653128,,0.5426214475872664,0.4376051696921035,0.31420835552870113,0.3631447535540709,0.2758208387088703
2022-05-04,,0.3970769329265103,,0.49761301851281947,,0.15094485805239624,,0.20081332192290993,0.3015477249479939,0.25808422163331457,,0.338786134919454,0.236240172114335,0.3220887856102445,0.181339942894301,0.19014388090304382,,,0.4153899190951217,0.4564063888312579,2.798472406674729,,,0.23289794787085338,,,0.5118098608082793,0.322312388582829,0.23520832608103548,,
2022-05-05,,0.4505489381055594,,0.5525755016280605,0.5347248880900666,0.18771990855649037,,0.23216283569756296,0.3855276396166695,0.32396588480635663,0.48335051632564807,0.3822577629409108,0.25545569446988536,0.3029530830885519,0.185897508952098,0.2090859137442668,0.21689724831207777,,0.42539138413619393,0.42241101425576655,1.9771861793415253,,,0.2770396470330321,0.2822726742093738,,0.5777723472448787,0.355723512891581,0.28099193295856484,,0.275802989223353
2022-05-06,,0.4999145060463518,,0.5498558204036538,0.49059678278168084,0.1806373342001163,,0.21745559236209175,0.3731133973567552,0.34465237057626913,0.46657101319009237,0.3551858745735055,0.262930629759073,0.3296161836405305,0.1860742711383352,0.21193575996309552,0.1868517871881441,,0.4291858699362263,0.3766961935269018,2.0015940659770575,,,0.27077282803186276,0.26181393752157456,,0.5838283375832463,0.37410225908382827,0.2592424077073875,0.40923279789701983,0.16123281775343992
2022-05-09,,0.4906751784861904,,0.6187155908397252,0.5784428650536937,0.26717897081110736,,0.261523656323841,0.41042938052597056,0.3804574935291299,0.5095040653229591,0.3883680536174006,0.2498258258862641,0.34695029765112034,0.19504767331822015,0.23377864435910306,0.21048096837684083,,0.4667878272035719,0.4251206784451613,2.204689373414482,,,0.29832199783017505,0.3252722566777762,,0.7076759379837169,0.40625250015508185,0.35059965991756475,,0.35425015396607484
2022-05-10,,0.4550235422946054,,0.6052116238875577,0.6166234784636192,0.2848888956150845,,0.2597391586059406,0.4119525821222587,0.3753812142757841,0.48744947588587356,0.3714343867522204,0.25787341139741626,0.34286985111115115,0.19039749885552074,0.2254585507363712,0.20248375696867893,,0.4503077219744203,0.43249904238918185,2.087444841424715,,,0.3113187565073812,0.3096101455888094,,0.782486222472705,0.4058733767906768,0.3329929374879091,0.3813058141705024,
2022-05-11,,0.4643984856999518,,0.5991502500464958,0.5918609895453337,0.26866084094299075,,0.25144185982969014,0.3934778692408895,0.3770141686504758,0.46937626602319366,0.38171623874994554,0.2673591992778772,0.34557507331287013,0.18448107015034895,0.23514059090128536,0.20762623191918625,,0.46194021404219143,0.4054606336086411,2.045188245825561,,,0.30606135539448354,0.3012527177464834,,0.8929706156790879,0.4131105613455473,0.3142342874570589,0.4446983137329822,
2022-05-12,,0.4546406815116249,,0.5956273952227644,0.613216517838533,0.27401778071952915,,0.23901347797098474,0.3940822942961223,0.35668343148855525,0.495918251524812,0.3876115080504861,0.2532641962688,0.323571595338801,0.1716484371405609,0.24018736661601142,0.19236844039626372,,0.46028325819824434,0.4785002728818984,2.1528066623127122,,,0.2988504523967731,0.2955397854122102,,0.4478983594483436,0.4141492710823047,0.3074686774104025,0.3813052836264012,
2022-05-13,0.5182417321028744,0.3715646796296404,,0.5220846207354553,0.6546928318392568,0.24598162058641096,,0.21406190497165256,0.3595245490371374,0.3482528560024332,0.4440227120519127,0.35211192827424376,0.23750301267194882,0.31907823555064113,0.1534829962701892,0.20825764713796968,0.18052344332587442,0.5984968034245959,0.4443701719143618,0.4703092418281032,2.1927889533778626,,0.3409710010648375,0.28586910110550373,0.26873311655428006,0.4513115402288681,0.4097569200170682,0.39788848729518617,0.25125734058376653,0.32764203254953833,0.18173990577650143
2022-05-16,,,,,,0.24745279537461407,,,,0.32498131410478803,,0.3455117941769809,0.24595383244931635,0.321920857796873,0.12731402054071986,0.19364958485574302,0.2413710777376804,,,,2.3311941255906667,,,,,,,0.40516873335712356,,0.42529909843923386,
2022-05-17,,,,,,0.222092337484701,,,,0.30195436046725316,,0.33707015614752456,0.19166342399850556,0.2733158530450773,0.08991996864295596,0.15333390206425568,0.22812228886770572,,,,2.446784248604169,,,,,,,0.3213555170486693,,,
2022-05-18,,,,,,0.2753308001211436,,,,0.3358675441591917,,0.37729861871946135,0.2479425842232585,0.3118406371404076,0.16366532020076893,0.20002831354853098,0.2395053404018987,,,,2.3581476416302833,,,,,,,0.3490581897868973,0.39910830073203885,0.4142341637176148,
2022-05-19,,,,,,0.2570873230378473,,,,0.33622501896608775,,0.35390499693197847,0.2430720489408518,0.3346145227670675,0.16584680330710208,0.2155432019891169,0.24098634333302973,,,,2.3577249228288943,,,,,,,0.3361799270849103,0.3746765696827254,0.5689675675487159,
2022-05-20,,,,,,0.2526590509938418,,,,0.2924804873890393,,0.3542114508224841,0.23748551300475435,0.26634543650682807,0.12063791984088773,0.1433890150775438,0.22625823069582893,,,,2.2697583377580144,,,,,,,0.3302553315017589,0.3575869415596516,0.45939869659761623,
2022-05-23,0.4059947830000955,0.3540519830961907,,0.5541360802350572,0.28349128616455427,0.2437974730991327,,0.2100908424961056,0.3795262830486998,0.2797392077389449,0.44816269379232837,0.36477029048334003,0.2499820517445364,0.3078537519902191,0.2024596260961619,,0.2435825280509786,,0.3595431315304882,0.41907307733429516,2.4158457162801663,,0.2817296334623591,0.2254028581364568,0.19940771286517012,0.3804391676067253,0.3751043453947385,0.3171345581008841,0.3631395695998292,0.4030189555365289,0.26037551078045845
2022-05-24,0.4284575793014891,0.3791670279887621,,0.5768574463733507,0.2908333067570959,0.24810858644339803,,0.2246398902297665,0.3917723637131618,0.31208356150176286,0.43329471306813,0.3919755412860781,0.22194337533080874,0.3016232188891337,0.207553706056131,,0.21942190869192194,,0.3562951535227388,0.4242346810195919,2.488095800662657,,0.19897678405856317,0.24381101830721377,0.21088243165455295,0.3829879903464169,0.41685783344145694,0.31897570397987685,0.35668807336874964,0.4310776697749274,0.2570540370323606
2022-05-25,0.4171231038161088,0.3711210585110993,,0.5901493884025841,0.2889818252637267,0.24039524914370664,,0.21804632256419376,0.3636264514926593,0.25711936645874967,0.4382145653986623,0.37385516474777414,0.2535968243497519,0.3412236300974309,0.1766955523893669,0.16554726744244574,0.20488215003218582,,0.3687064980997126,0.43137815502928745,2.569992247447974,,0.276694217860713,0.21901226836381485,0.2069536301042261,0.38162492137959675,0.4069679263751841,0.2999055153734566,0.3632356424189812,,0.22029109380502088
2022-05-26,0.4029738599917292,0.3516991278587623,,0.5682525867742306,0.2876157158439263,0.23061808930352934,,0.21321538044924576,,,0.4427119462917021,0.40495361245935513,0.28131081062603047,0.3930099208890975,0.20355151745707808,0.1758482258378343,0.26383661364395755,,0.34271641140658177,0.45401690533752026,2.708832677009335,,0.2836989853834298,0.19814684678297637,0.1614400224532227,0.362090634471666,0.38399766811854785,,0.3875158268313862,0.5348698045262009,0.2113623188000514
2022-05-27,0.3858211878759465,0.3299624924324585,,0.5550019351265005,0.26379932684497315,0.22587256740154432,,0.198774817951958,,,0.44503243606039566,0.32283577633603944,,0.31250046183486885,0.17205520303513278,,,,0.3000070122910826,0.4670308828228713,2.8559388081500208,,,,,0.33319412313778046,0.33478030790887287,,,,
2022-05-31,0.4325285632894952,0.3683486747263744,,0.6491752452300532,0.30454408560821755,0.24724380294726617,,0.23730225076275224,0.4338216554926866,0.5110767632795317,0.5064365850870237,0.36299374113056043,0.3731396379311,0.3660894636596928,0.19268156439597683,0.19899868830444162,0.18721854676845695,,0.36160546731025445,0.5152114089160762,3.1664866366092963,,0.34492286800252375,0.2457478249015284,,0.35041307976410657,0.42400234507405976,,,0.44058749585570706,0.1865359186797452
2022-06-01,0.315767493061371,0.3653618161100311,,0.4807676816158021,0.27740960982976404,0.21666599681890603,,0.21954640580204857,0.37854034918863927,0.3564908490696586,0.5723796971493907,0.41366122439317743,0.24788383256856278,0.38684678390702454,0.213734303108193,0.20130357646345906,0.28517911898354326,,0.4297895198805814,0.4911878591480936,3.159107983662913,,0.3268033926352231,0.17385588725414,,0.34477929522839024,0.41846990375917303,0.3816337900201389,0.4240224996075323,0.3010282312100232,
2022-06-02,0.3014316684077804,0.3511875564007382,,0.48438627080907587,0.2539320594068171,0.21119892827614256,,0.22452301045854953,0.3510241544913501,0.31718039253680247,0.3529514401285646,0.281898025677754,,0.23877222340188797,0.208093006743117,0.1775359614061993,0.25298188394076637,,,0.446854464780296,1.924932775446471,,0.20504913502370212,0.15841424423510977,,0.4149524586212022,0.3417577784400182,,,0.2814412133743232,
2022-06-03,0.3103476397818226,0.4276177565918493,,0.4854952192007549,0.2709594495384726,0.21494449913415523,,0.20340623968276553,,0.3363341193674189,0.47867808055481453,0.28661709815932374,,0.24277822980428723,0.20734680030354952,0.17760567828693238,0.2570009403948436,,,0.43069096522699696,1.8870824552102266,,0.20390618056642754,0.1705633685375722,0.24707192936555208,0.44945081449275576,0.34724276303203655,0.38076727825689255,,0.30098383755349845,
2022-06-06,0.313757154027815,0.4083068867758777,,0.49063670773385426,0.28220097522425064,0.22038343405311853,0.4389048332845097,0.21552249975928012,0.3296325685138736,0.33843953805756277,0.5012774612475632,0.2833680893577718,,0.23862295938111144,0.22643660238969993,0.1778410926366216,0.19357477049566962,0.5119107628136365,0.448305448564616,0.4592461230859441,2.0189140795455964,,0.20502707571463005,0.16415786241103544,0.25500037950078314,0.470575226635463,0.35317279780722033,0.3755549765257295,,0.31559864870031556,
2022-06-07,0.2993639127224905,0.3786854066117679,,0.4899946714485827,0.2908387503862054,0.21451847685708136,0.40609537492113373,0.2355084410420728,0.3932817763723975,0.3219381159505883,0.5404714176129382,0.27880080439826965,,0.23077388680737573,0.1859277673024324,0.17217195025606238,0.25479332441919933,0.4883945218068398,,0.4619273058049753,2.0398629885782396,,0.20266958331950688,0.15553608203852,0.24938732678475126,0.45241565489168967,0.3380481650943019,0.4110463310016729,,0.3141889598739776,
2022-06-08,0.2995229245002644,,,,0.27251736668370397,0.2119631401470401,0.3938845108478405,0.24595285498996403,,0.32628252166620025,0.5434617600135374,0.2752647994475312,0.3891912235657162,0.2311818955869614,0.2201402996669489,0.17457264505883557,,0.4986640080050991,,0.45749604608117284,2.0320668854216812,,0.2014368059441126,0.15913729666023468,0.2622524260345024,0.46463590455092485,0.34812070922549126,0.35434111788989087,,0.312497726863114,
2022-06-09,0.314751837248307,0.3851910367627493,,0.5486517092085662,0.285829743916533,0.21747386784687459,0.39999432751071373,0.19175644031667138,0.5797623667531852,0.33569099204150826,0.5127660351449231,0.29478720523351615,0.29333198183592557,,0.21543979182185927,0.1872215433247133,0.2565672830261114,0.5247857435200511,0.5145166570409704,0.44802699114516614,2.0612005180214985,,0.2047578449097027,0.18040560624261534,0.2688012097575304,0.46713508460506803,0.3643166558980509,0.36641162982305586,,0.3024437621609991,0.340027400259178
2022-06-10,0.3256465137862235,0.3968079468943307,,0.5480067846578427,0.2940107264551733,0.23322940020550076,0.4042491145926505,0.20525528847453678,0.4254969015518234,0.34491273474018314,0.4908459520841356,0.29905790852130304,0.2851031791610831,0.2542457739497961,0.21986161040598529,0.19640384935363506,0.20382873600998963,0.5278309312766237,0.5425282062745841,0.43158501002015226,1.855973313423641,,0.22221858378979598,0.19239339093783,0.2769965221215441,0.4743165057064308,0.3774446189540831,0.4590742111451761,0.4547760945723656,0.3077884271083459,0.2832153691748744
2022-06-13,0.3581764137633969,,,,,0.2663059759167872,0.4756474573828465,,,0.38045708593056765,,0.33129385815304313,0.31795407562625877,,,0.22823101729034054,,,,0.45489073731268986,1.8821080473887075,,0.24916084165607494,0.2200157993563341,,0.5215443468138271,0.41281899169440756,,,0.3248732483506543,
2022-06-14,0.3433879384728111,,,,,0.2559442463683958,0.4472960644375884,,,0.36555095068505783,,0.31469365836060365,0.33393101354333327,,,0.23499741072510755,,,,0.44133629890982906,1.86997117911135,,0.24826825386553264,0.241325902177694,,0.5058394598358377,0.39467464775282257,,,,
2022-06-15,0.3124609067824153,,,,,0.23374987492463634,0.4278605409745469,,,0.3548873323268167,,0.2886925247204168,0.2650574877213174,,,,,,,0.41786774320392966,1.891703278938078,,0.22902816045066854,0.22147642936440076,,0.48956220349205626,0.36308178786547873,,,0.3250892168410533,
2022-06-16,0.3476768506550893,,,,,0.2632540282640413,0.4564666498826895,,,0.36174843903541504,,0.320891388430267,0.29391523769681627,,,,,,,0.42406768328698835,1.7644208145044031,,0.2394787419640426,0.23613115321041425,,0.5232170414780831,0.38732998897169957,,,,
2022-06-17,0.3161565287288367,,,,,0.25008200044115975,0.42713373602894145,,,0.342540231205726,,0.3010557392941136,0.27885852930431904,,,,,,,0.40222739576814126,1.7573074133922482,,0.224068937390236,0.22995946421060195,,0.49124200607770274,0.36779430712676414,,,,
2022-06-21,0.2974141837520038,0.3136511198057359,,0.42551379030494113,0.2135159307208157,0.23263820000542398,0.4228870910563215,0.15617814521144333,0.3034785221977453,0.3233378121674849,0.35914279140840866,0.27884237113080745,0.26916663514974437,0.265449399034723,0.1720858177554434,0.20954207020922896,0.20312118435969684,,,0.40296607845982657,1.8670195241072889,,0.22039938847555854,0.2140073589168901,0.19815267442890988,0.49728437411407717,0.3517805587638517,0.2939078611083153,,,
2022-06-22,0.3016459639448117,0.3089925473319036,,0.4187997223333811,0.22294869312812102,0.23289016116668762,0.427255087527271,0.15667468526447303,0.307660785151672,0.3250337303425329,0.35504164496957363,0.28622702957865814,0.2711258769112101,,0.1914745423758471,0.2066031916403792,,,,0.3954150041711526,1.941349470442557,,0.21719069430622281,0.2142960677111062,0.19871869814358248,0.5067716028757246,0.3367109823406237,,,,
2022-06-23,0.2913543971091676,0.3130605149444167,,0.4200339537168002,0.22408453564789146,0.2324910800901787,0.43589926728307554,0.16117807004876114,0.3225503794555747,0.3392187517646643,0.3647179029437802,0.2839616119313493,0.2658977223069019,0.26465220528402517,0.1836868543524605,0.2071154547188745,0.19131002016569038,,,0.3808418947052385,1.9781312697499775,,0.22125971171642264,0.21589073576085502,0.19434870106348365,0.5137787257700438,0.3470027205337871,0.289988146338983,,,
2022-06-24,0.2690753874630973,0.3047337229792176,,0.4336841544598629,0.19447807644681692,0.22532953398819605,0.4498354703510807,0.15151683628125645,0.28320411974364396,0.33897203438879453,0.3355986949724976,0.2744301390954607,0.30038979623716916,,0.1835407668845607,0.217595311021446,0.18384017173714687,,,0.3956792280160187,2.204849221143334,,0.2199376403391371,0.20719901954966538,0.18390325609177266,0.5193661867239057,0.33723711830705966,0.28088907490122855,,,
2022-06-27,0.2912432213357018,0.3189682473238693,,0.4394044229006839,0.20092930497540765,0.22593434989833183,0.41624334209242675,0.15025692061362167,0.29751103866471296,0.3491777521404764,0.3434109346320356,0.28122282050193176,0.29430165738490816,,0.182641519238568,0.21699212117796832,0.1877606144493469,,,0.40785345243680915,2.3054283190211393,,0.2224789661038803,0.21275891703535077,0.18848723900669717,0.6047008217753076,0.35117426182339206,0.2817469938898381,,,
2022-06-28,0.3118743864793761,0.3162104340335707,,0.44565135994252847,0.21286341622022287,0.22390270650934538,0.4308384145285431,0.15462091788586696,0.28855082299542073,0.3417433514624222,0.34389693253229703,0.29149394143941126,0.25725091554957785,0.27801011624618904,0.19081461032406455,0.2199128690737152,0.19515339256944408,,,0.40373478349341085,2.25721686119913,,0.21805395320137574,0.2225432361751727,0.19364367623609705,0.39925387248778665,0.36024448922974345,0.2957814485097225,,,
2022-06-29,0.297965342746184,0.3191708348718234,,0.4363068670431155,0.20584316843788328,0.22438194428461095,0.4306178934868951,0.1421432284050333,0.28668700763299004,0.3425660192469484,0.3537720561022456,0.28549998187362036,0.2943867583668847,0.2858702266490944,0.18015474164765938,0.2164490071641637,0.18669773561128594,,,0.386226881585481,2.27652974814513,,0.21439902998900448,0.2181535387505537,0.20184877771162366,0.38979275100851773,0.36304846004022917,0.2899749275086874,,,
2022-06-30,,0.3379932490913938,,0.4403006132831888,0.20712335771146997,0.23446028852681206,,0.14588693072368777,0.30721513193693695,0.3630926037072637,0.3785007165768658,0.30283560449705943,0.28117040724043396,,0.19683028439848993,,,,,0.38189518966137886,2.325621864392769,,0.23014020201891144,0.2236291713528829,0.20084557042139764,0.37806144741082115,0.3754661536720355,0.3011601661912512,,,
2022-07-01,0.2749542436230107,0.2937403582641706,,0.42112446902766815,0.1884349741632377,0.22183490484328047,0.40384622498035067,0.11092124862794955,0.28252339562341827,0.33314285716130043,0.3392342859578722,0.26932542460941666,0.31172385483642107,0.26695587855779385,0.1806924741398549,0.21483387916156205,0.18050432755556453,,,0.39099764824006533,2.3375585039163744,,0.20977935428795505,0.22787908402879656,0.18894061499667772,0.34537852670661784,0.3583086640448878,0.27906206903188474,,0.30263882076105164,
2022-07-05,0.293559966866203,0.2940930270599526,,0.40602416002868547,0.2562205793467782,0.2454760219202497,0.46994862732996884,0.1042126544906143,0.39079259123415583,0.3132158572975102,0.35894790957047457,0.2862733333075643,0.24452050027013747,0.31598021744886834,0.20714326373247996,0.23301258967812932,0.2236425542829674,0.5579685764724327,0.3464409176594269,0.2684327671268625,2.815938992346511,,0.20873984073144453,0.2246855184181256,0.21023773905461968,0.3861030071597904,0.40029447594483475,0.31319494147078697,0.4567394445240279,0.3216610208589165,
2022-07-06,0.2970674687954714,0.2864288560377989,,0.40031718998473836,0.2641154833384576,0.23826511239009737,0.45711719049593263,0.05314871991533767,0.3884300988430117,0.3097420248068871,0.34941162701016026,0.27811588929293507,0.2410083326906104,0.30885717385398054,0.2021609650545716,0.22589511842018947,0.22382620445735787,0.5397193919591609,0.34716246495988407,0.2624278190631902,3.017076897590362,,0.20643013689586673,0.2195723775912822,0.20275744753058134,0.36072522777922633,0.3997350292118244,0.2997667312796241,0.4480933881957999,0.3183389903733151,
2022-07-07,0.2771789289459264,0.2785568567625776,,0.38136015371693405,0.2555840794677959,0.23930480641505922,0.42379828865491925,0.18543103049136886,0.39187971814619865,0.2952864977543981,0.34791494526350336,0.26410613931835847,0.2377855982169167,0.3151762670018579,0.1992750212622266,0.22439762513943706,0.21753868914526558,0.5008004828738782,0.33795850883801354,0.25694871681718107,3.180622506252952,,0.2003283638423668,0.21169706504150015,0.1982497442863399,0.37137831636321333,0.35517214094478805,0.27944087261392353,0.4166914790388695,0.32135208429044543,
2022-07-08,0.2558931305591925,0.2730227439259102,,0.3695595779350179,0.2350955464705131,0.20429834005848535,0.4134600110172797,0.17223129188788872,0.37432888807403497,0.33339369964274534,0.328462911431678,0.2539028961494852,0.23128564725609352,0.3175884511966012,0.19087758730144477,0.21449482067574868,0.21819629947890612,0.47379452111138476,0.32378175726735414,0.40963838397349367,3.3360952499555467,,0.19274460760926657,0.20149704402940138,0.18218060210933942,0.34272551121643724,0.33963826833588384,0.25959688530032815,0.3898934026410721,0.3187360667028151,
2022-07-11,,0.2887295922938721,,0.3829613811209576,,,,,,0.30470769831707994,,,0.2372658395176402,,0.20525536385521995,,0.2254808949413807,,0.339245436701413,,,,0.1980713156180095,0.20929844525372002,,,,,,0.33738783563185687,
2022-07-12,,0.3046826024659477,,0.4003133441422936,,,,,,,,,0.24434737039080048,,0.21298727751928406,,0.23332559205308892,,0.343192672186182,,,,0.20816836751012358,0.21688464989194942,,,,,,0.355123670849502,
2022-07-13,,0.3031949077142702,,0.394764949150008,,,,,,,,,,,0.208405553851236,,0.24384671681899464,,0.33591522112225636,,,,0.20589337750001607,0.2150422935088267,,,,,,0.3461875577895752,
2022-07-14,,0.3010494220110786,,0.38603340775472844,,,,,,,,,,,0.20399929910414352,,0.2343332879476608,,0.34076067516918407,,,,0.20189520624160232,0.21008109116123863,,,,,,0.3560576501821316,
2022-07-15,,0.2721585417069856,,0.3616288142577591,,,,,,,,,,,0.23559924759988685,,0.22424303944373775,,0.32121441519182814,,,,0.18832391857343345,0.20008994926058696,,,,,,0.32400368282335734,
2022-07-18,,0.2888061190168157,,0.3753069526708127,0.29608729275791873,0.28303245885485445,,,0.27206239117281666,,0.33945051175260565,0.3133421681403619,,,0.2127045360433017,0.24477290521199602,0.23731871878408492,0.49519510907129727,0.31751305543194297,,1.1478574620527626,,0.19815851874173768,0.20399653814879193,0.20948431155046124,0.3097522783550238,,,0.34002557215274276,0.34097499475977494,
2022-07-19,,0.2807053114080357,,0.37202477401758044,0.29576119478536406,0.19491703869664215,0.4184562164066771,,0.25901578333611114,0.25930173234425763,0.32982205668718967,0.30234362323572356,,,0.18606995850285846,0.237381337685112,0.2305974334312565,0.48502162477576927,0.3215455691320381,,1.2727336124254256,,0.18820627039962115,0.1965339476085636,0.2002831850025816,0.30790591040773724,,,0.3269237454458387,0.33670868474891247,
2022-07-20,,0.2812215136790354,,0.38036167069838167,0.29581020437088906,0.1841115209842827,0.4156767039919546,,0.2600683825657075,0.251819521403711,0.31543242855216064,0.32490045542154966,,,0.1859994781120351,0.2434697773937041,0.2338114223733817,0.4793770550806001,0.31632616772152666,,1.3055011154613703,,0.19495089089198098,0.19837718341873117,0.19329741708185808,0.3102941569995492,0.3683778599863292,,0.3297035767065657,0.3380780289807493,
2022-07-21,,0.2768082416049698,,0.36503134805356857,0.29811033202891457,0.1898007882033825,0.40210487021943875,,0.24609125385214153,0.23735808522364665,0.32885046022605663,0.3157506238740932,,,0.18050739807804245,0.239722531320787,0.22551773520610055,0.48183154843679826,0.30992081869011967,,1.3649923250822646,,0.1963894479413122,0.18851870439768023,0.1897247025679041,0.3009930742357193,0.35182982667788154,,0.33398138489869367,0.34743176563741823,
2022-07-22,,0.2857952201903494,,0.3619525155231233,0.2958971712982801,0.18487495647900754,0.4155143337162283,,0.24453667984563238,0.23338076564258858,0.29464852689555787,0.31785783039225385,,,0.18311824938442822,0.23125756876665554,0.23284237971191352,0.4669985696023633,0.3120298372179753,,1.3898816290769205,,0.20321798558768805,0.1831908915235409,0.18801618634209624,0.29831550472986124,0.3584904384605236,,0.3299949601690435,0.31422070106063343,
2022-07-25,,0.2964069772798046,,0.3736874514569348,0.3137409722519734,0.17599114478611835,0.43507009008036585,,0.2537649042529319,0.2434097533230388,0.299973913545683,0.31119661358109285,,,0.19062833600266454,0.2444632670784436,0.234771251034886,0.46854248443977403,0.3197650589086096,0.2518776960551746,1.4807922872073471,,0.20536523243020868,0.19383704263840784,0.20368059854115497,0.30644374170664684,0.3820685764234829,,0.3378999360368987,0.35367740429207445,
2022-07-26,,0.3272807405503297,,0.40364707287377305,0.3273803595545344,0.1813971866814228,0.4764244686704948,,0.2604913810315138,0.24461081541824883,0.30504761939056313,0.3461980220027162,,,0.19581219495961977,0.25242843827133526,0.24878660976365105,0.4669366845295805,0.33563144928521554,,1.7725219175521565,,0.21564775514329115,0.17505660250447883,0.18034636265840517,0.32157758091850397,,,0.344467966117337,0.42042790524212537,
2022-07-27,,0.2234976185798529,,0.3744211521188184,0.29318135811823354,,0.42698334791787557,,0.24774250039539775,0.22739475771529638,0.28802875030524955,0.24272402338746585,,,0.1785640517054268,0.2341746644511531,0.23448031647374235,0.4046624659427116,0.3242926036910027,,1.7407455818307567,,0.204994630659062,0.16209882412637183,0.1600631352470234,0.29032652309325446,0.3781922607912868,,0.3249788737309931,,
2022-07-28,0.2520112538197872,0.2326894791760193,,0.3518028107386668,0.31905447433339584,0.15403682425353174,0.4406217926901814,0.1836095309985092,0.23045312825536818,0.22065550635523226,0.27229713629761076,0.23433823432360737,,,0.17906004688691923,0.18913560862374532,0.23771036979155818,0.40391619273361934,0.3156802470440196,,1.8395893792144768,,0.20651063393481167,0.16439562385572926,0.1534864722908552,0.29345378801686167,0.36914859300392144,,0.31695086513334275,0.2834139085631277,0.13779715263759276
2022-07-29,0.2044195272826088,0.2171344418757295,,0.35441779625074654,0.310165635462646,,0.3428159080030007,0.19434243925219116,0.22696248523157905,0.20614722035153396,0.25932805301547446,0.23265511802207994,,,0.17581677051881806,0.19262929060719045,0.23631315225749464,0.3892458138396538,0.3679217065003447,0.19376122407725418,2.0283925057272985,,0.20075558004595392,0.1597285927650125,0.15020150364964774,0.30084904781487987,0.36245250257943906,,0.3038702978004943,0.26644422151068403,0.13305042460755645
2022-08-01,0.2247839077924642,0.2310088664986186,,0.3729738105437372,0.32454272376737864,0.15218113134861178,0.3555819961542746,0.2121806162237659,0.24396307547651125,0.22209636759790918,0.27708052816843626,0.24405969158055899,,,0.19576774822189888,0.20033899779445333,0.23513491451520271,0.43059126626600486,0.4031938116865968,0.2124938822515022,2.184492318026314,,0.19332150524018749,0.16904176786268618,0.16016981014430742,0.3273756886070953,0.3934412951589396,,0.31968306470430363,0.28391517021004514,0.14864130306006848
2022-08-02,0.2315987603724274,0.2358041764686545,,0.3864849174595231,0.3332005249308111,0.15972233350272744,0.36862330626817597,0.2066090654037305,0.24476580173481272,0.23271587027583407,0.2727480600218209,0.25224174304885383,0.20581941711804858,0.2322664114799186,0.1870455329838848,0.20483324811833029,0.24260150156542096,0.43546894305816164,0.32201176605112636,0.30412510190487535,2.1722518119572527,,0.18227387082381483,0.17157464423745303,0.16777578726740777,0.32927857625064844,0.42592004142886875,0.2997239331159001,0.3097639182186026,0.2846002917678386,0.15248174851829766
2022-08-03,0.2901373517320723,0.2956671683328719,,0.3814151273524033,0.3131793629183258,0.15091747381618986,0.3617504277204885,0.1996897674760733,0.23626754073610273,0.23806792825361298,0.25701247500746127,0.23566729411091386,0.19748895400049127,0.23062607012526734,0.19031226650251837,0.2015088390906772,0.24205807179655117,0.40330147026836927,0.28795033392360214,0.19331444834503553,2.3321380516239203,,0.17465658576178178,0.1884059867121431,0.1569823753948028,0.31254970097721585,0.4091440579000752,0.2933776826290295,0.3005253146240633,0.27520801781204873,0.1344825798157084
2022-08-04,0.2847079512052397,0.1886057763633739,,0.380175121594534,0.3410521758927201,0.15727923557189696,0.3864566266612087,0.18896845284739733,0.23592768598145272,0.23243904764930165,0.2692923781789032,0.25337426756913556,0.20002299270785018,0.22190007304205844,0.18170269644441311,0.2010046438710745,0.2009739956085415,0.4008321415124684,0.3014210103789218,0.3191658400156959,2.635426165476895,,0.17174263658761066,0.18953224911545005,0.1563256731796931,0.31032116931708353,0.4265906480884138,0.29675234338794515,0.3051691883169804,0.28613193579210733,0.1317977793146042
2022-08-05,0.2932973637157532,0.275280854593942,,0.3552758959265929,0.33490916502892143,,0.38136037702137,0.17648123495330562,0.2314957614294367,0.22885905527918377,0.24796895003262276,0.2300744407226442,0.18844997168419453,0.21325505309245585,0.16000714557960802,0.18719057730063057,0.15302855737207946,0.370200659140674,0.289008375919383,0.3145705634598612,2.706184304821905,,0.15620696723334146,0.17738350788414253,0.14492896996950622,0.2945614420585797,0.4597072082947215,0.27523018821287243,0.27027812027018505,0.1985644994351841,0.12001957953044644
2022-08-08,0.2967881817147911,0.3028671534491381,,0.37575865148950977,0.3783200639336523,0.1520500077896324,0.38627345899299054,0.18937378503769842,0.24066133400227674,0.2335533982585277,0.2812428839090853,0.25758459174830844,0.19294523078635853,0.22424312961353055,0.1705277202491254,0.19795700850188067,0.16930449354531102,0.4183917578879394,0.2960392796924195,0.33104402538432354,3.072844989886375,,0.17315249093710153,0.19045204442110725,,0.3191054006190929,0.5258767151644087,0.27781509670560006,0.2808179361341313,0.2793971842396774,0.131340518193232
2022-08-09,0.310765298516359,0.2805869133714364,,0.39071922626530403,0.4176609522851284,0.21211089048529963,0.38781395360852217,0.19023474136923801,0.2503602324404882,0.23376887535757965,0.27464919577227487,0.2561068513595283,0.2084183623394665,0.22133193466209658,0.1664971588739641,0.20808572390529392,0.15978535645835967,0.43904342854467215,0.2984008062360926,0.34285100749528974,3.2118414467718885,,0.17928368446018222,0.1817047855871694,0.16179156156852814,0.3281419076401077,0.5854978993127146,0.33237867218563266,0.2833983284794809,0.2835479769364686,0.1390610221090032
2022-08-10,0.2850450579502407,0.2052572919104267,,0.3449279658416387,0.3975150488089562,0.19289344447140955,0.37907562409043805,0.17366857707633065,0.22922001758951516,0.2113641977452155,0.25605229472386454,0.21039009057990346,0.18522747985180332,0.20628053211091046,0.1733916972453482,0.20372131745826993,0.14287724452868042,0.39911623441397764,0.2844916489713162,0.35498292154249655,3.4566626006203345,,0.14940897170351228,0.17744550389862238,0.14887446448859515,0.2937903033298705,0.6136660434042686,0.3322543347890303,0.24764010752489424,0.26199238225079774,0.12018316671598749
2022-08-11,0.2897196964041633,0.2805177743615028,,0.35032245052162925,0.44273569330298923,0.1777274575333666,0.3818293960624277,0.16864877646545592,0.23535669543030982,0.2413566573497203,0.2593401344047669,0.23521952884566885,0.17981530142202531,0.2195511244839913,0.1868526101853265,0.213640164270906,0.15278748096391084,0.37811942793832,0.2966082765514454,0.4241254028191115,3.6854655468158684,,0.16413999252019063,0.18037100245116344,0.157250345234053,0.3116185993348971,0.2933491725519465,0.26606568379483914,0.24406603957166845,0.261322176024801,0.1263117124294968
2022-08-12,0.2904311164922313,0.173752218656056,,0.31343708594895753,0.46827284310862144,0.15800211559471414,0.365598165565062,0.15386834976523145,0.23305758698339465,0.2130124736044701,0.24748317377160972,0.21903303242795052,0.1747479476836045,0.21152065233124567,0.1725208995581005,0.1998961785837635,0.11173644678531781,0.3674229454356819,0.29327237891266067,0.43386739061095325,4.093175556870471,,0.1429004459923061,0.16030385386471793,0.13666745134823605,0.2976414606498337,0.2611547512750156,0.36898876604443626,0.22387031159085607,0.31414875147803833,0.10677899654463038
2022-08-15,0.2468595394689032,,,,,,0.3792902144282371,,,0.17303838941086688,,,0.1959764072795685,0.22193280977090196,,0.21674751920408303,,,0.29477687956893994,0.4787013326117289,,,,,,,,0.33166650990070007,,0.30872205886870513,
2022-08-16,0.2887834534859274,,,,,,0.38765030787194954,,,0.14900518146772998,,,0.19330530067892718,0.20887492130823893,,0.19530852926670758,,,0.30239619216834646,0.5064720049214277,,,,0.17557213698327231,,,,,,0.42479938558666414,
2022-08-17,0.3245597598337371,,,,,,0.382090319118197,,,0.19284267752295012,,,,0.21310999114690032,,0.19990167602232933,0.17783855182839156,,0.2968521581605675,0.5010996018451144,,,,0.16411036748599883,,,,,,0.24759985172469656,
2022-08-18,0.2996449536034581,0.3722889138149875,,,,,0.3778301409503347,,,0.18780029993858155,,,,0.19388056956202318,,0.18863214749768537,0.1416735844297171,,0.2913908364679667,0.5231046910539844,,,,0.14582964140905763,,,,,,,
2022-08-19,0.3235256040351927,0.3858707309697406,,,,,0.37476437719001576,,,0.19430341185443042,,,0.1445445080898469,0.20267072383979864,,0.19864067661828677,,,0.2944248411427681,0.5039452579775857,,,,0.15589227931576516,,,,,,,
2022-08-22,0.3292856778119274,0.3375646347261797,,,0.2562343316181858,0.21971132224063794,0.3065287852253831,0.21796371056095482,0.2677088004340385,0.23260035246702648,0.32554300485398513,0.28825179340624146,0.12179306084642338,0.21801022826177388,0.1724965501796269,0.20753972819811123,0.23922138469173929,,0.30708090693966017,0.49257988340416625,3.1112461544804475,,0.22153850353386487,0.18241943325451757,0.13285299658876593,0.3113269723099821,0.3213107559494945,,0.3148050315074316,0.32635804851838135,0.20068193264482923
2022-08-23,0.3663438100973315,0.3282205293447476,,,0.26462269745063194,0.2274552025867274,0.4007575685288067,0.22527545379245623,0.2584676471295396,0.23021707523893503,0.3124407802906846,0.3004086520464345,0.18857227606342825,0.22295772200253114,0.16881992336999135,0.20811583838682426,0.2521126477175901,,0.33917153985279047,0.47119826494379813,3.196706581312026,,0.22306344782945453,0.18187183391347084,0.14209289165936947,0.3164421195985284,0.3167861943005593,,0.32049758805357087,0.3570844846166833,0.20839821849916898
2022-08-24,0.3462353327875763,0.3728059348130663,,,0.23834291959245188,0.21577187394348976,0.40351177530380694,0.21172536754500507,0.2538226848151503,0.21991164070287444,0.3112363311013647,0.2950483705172545,0.1414199516734393,0.2160797779939447,0.16406614379535467,0.19873959814196301,0.21447962789230246,,0.31594924833908655,0.5075367420362905,3.1805329260259487,,0.20020898676218055,0.18417631176790197,0.13403773738523037,0.30100971375533553,0.3149190743107164,,0.32380201569592193,0.32544695868249973,0.18454211346218868
2022-08-25,0.3181946222852972,,,,0.2558192746101369,0.196137607403083,0.388323467212679,0.2094264752126644,0.25370935420540114,0.1873649995779936,0.30425997206779964,0.2607825238388457,,0.20635756973736025,0.15539601402890862,0.19777499121950506,0.2225659855620773,,0.30522055342936205,0.542575877501606,,,0.21079686639624093,0.15431706685930302,0.11892469753568521,0.30314947095340367,0.2973388683637179,,0.3076936700881293,0.29217922846685085,
2022-08-26,0.3999083802150515,0.3930931037841695,,,0.2712861774493176,0.22431595000163954,0.4123991977603271,0.2089990411892996,0.27202911059466506,0.2232454384545426,0.31919079825883656,0.3001825526095134,0.2046616533661621,0.21513737203862995,0.1697192093842681,0.21121110777733323,0.26093473695905844,,0.32624617258471605,0.4584759127897133,2.8750665678431115,,0.20530323743603449,0.20327269327687106,0.14272380310363642,0.3184009707431833,0.3265337781372082,0.20145171182391539,0.32390907562523547,0.34266533800960414,0.19476333494293657
2022-08-29,0.3437320837049171,0.292523906152818,,,0.27801761957081933,0.23290149182270536,0.4170456403051395,0.2120389080073066,0.275057217567726,0.22904100201645586,0.3189727594819039,0.3142703149509144,0.20523580976817593,0.23420641221650185,0.17059876956539516,0.21741496317970152,0.20978808220289494,,0.349446899588613,0.5165301700921656,2.965266803838626,,0.22009277480928507,0.20215357454878727,0.1472275994401751,0.3241010860245539,0.33271171685243744,0.1965167270584701,0.3400219796443591,0.33722636723637656,0.23032956434030366
2022-08-30,0.340168443260941,0.3379239378798186,,,0.27191584894903736,0.22897366477730904,0.4139257659324561,0.22804228270662927,0.275320113186921,0.23414900704062214,0.3195461967778049,0.306552343289329,0.20983024757421917,0.23458691919935068,0.1741078179115,0.20518617227575764,0.23263466455485757,,0.3438899750284524,0.47289473269335025,2.9624759893874546,,0.22687597974393126,0.19922168977407687,0.15391891972926489,0.33009309945139476,0.34361028036860036,0.19469170748698542,0.3493763765892491,0.3591276594380169,0.23722534428669875
2022-08-31,0.3318302516784542,0.3821033946748614,,,0.27622781560771625,0.22566158630146166,0.41120346703907207,0.22692145073751668,0.27672782621541303,0.31008760746957714,0.316796372924538,0.308503437145636,0.20978466621578637,0.22709557448698847,0.1765358489212892,0.20609601957745644,0.23301359431946306,,0.3368525811556138,0.5002044007976959,3.011349630713357,,0.2208715305150373,0.19851616870335312,0.17427094901304027,0.32196813914577754,0.33989841573684176,0.31724713977852337,0.3534095963547557,0.3692014915998134,0.21774307700369006
2022-09-01,0.3466756135534975,0.3427354699334045,,,0.2614591980803138,0.22388659451476756,0.4176031783540162,0.21248026067371295,0.2746523420607957,0.30243650870517624,0.32450841196137276,0.28975743464160475,0.182468203833004,0.21832943104807698,0.17752926259603505,0.19731776425374675,0.20560107049690046,,0.3164179817004298,0.5087657614847914,3.143320289628888,,0.2172118700605484,0.1801002528405954,0.17653254237044405,0.3207087218967422,0.3348759045742058,0.2855498117969205,0.3487318641956191,0.32455438702656675,0.19012797283616306
2022-09-02,0.3280856782431394,0.3180851947954899,,,0.2700987006154378,0.2226420814532669,0.41744104725921233,0.20802614570548125,0.2677874129601133,0.2952511006605475,0.3171947726492936,0.28331257928633286,0.17460640395710322,0.21963721017642987,0.1744006052391342,0.19151136596777274,0.19353315507299776,,0.3129098812155111,0.4532894942721218,3.095558716582703,,0.210278781594229,0.17223201423629847,0.17851855594661625,0.32445626941768757,0.3289365508449462,0.29833977974572445,0.34794933099125086,0.33528766878368393,0.20662591404276875
2022-09-06,0.371078240487763,0.3778057389943848,,0.39035232740094455,0.2878154871760603,0.27050289724825816,0.4558205149140958,0.21765507546243404,0.29143747699634154,0.3264852867443025,0.37660649461406265,0.3067783704837046,0.22226347502710173,0.24792449489459303,0.20425405669054247,0.20617111381098188,0.2748703912016119,0.49414353893504875,0.3037751712777973,0.3284442709385115,3.2620924287394253,,0.23734086850150904,0.19135590964833163,0.19758190311940138,0.3710586713927244,0.37807297304107285,0.30886812931777263,0.3605320615811438,0.3712415503977318,0.19090615269429737
2022-09-07,0.3474957205965202,0.3224787743105175,,0.37070064822174825,0.2702204868560971,0.2613571952273663,0.42913158303815496,0.20547978615937804,0.2928758456372283,0.3141521921624821,0.3557155917083948,0.2938759160686096,0.12826252846988226,0.22514470913153292,0.18276739732656855,0.18113325433214378,0.29910831449524633,0.4748257833614447,0.2959257240738184,0.3496839505492801,3.7332526866579046,,0.207101806089562,0.17773666533598664,0.19484483136690617,0.34753235455521947,0.3457739877335634,0.29513760551242146,0.33407667590715345,0.3375246406272151,0.18367472042275856
2022-09-08,0.3134721002452213,0.2852622397726618,,0.36770550347536995,,0.25839584613594957,0.4208926063341877,0.2030907428923989,0.29545126135625155,0.3100932885914386,0.3463769223087826,0.2850179775363997,0.1932876202108858,0.13906377145853674,0.16203195972251344,0.1640296757514716,,0.4614730723962373,0.2857559803843426,0.3255231079095575,3.8551937418510387,,0.19675168792396946,0.15931893494350263,0.19183669315104424,0.3537740103731428,0.3342821323323737,0.29229934753167275,0.316137992566848,0.45800969300278704,0.1800494855821876
2022-09-09,0.2998061694730879,,,0.3689134295670176,0.23194031168860868,0.25985125283585203,0.38638981830127767,0.19444897339918996,0.28752490780022094,0.3068324900020506,0.3379592573889513,0.29034928441009805,0.28532635396609474,0.23091964574940863,0.16020564619279798,0.14737491075034131,0.29869605275871425,0.48987618746593636,0.28853939104027576,0.3434116089031456,4.45099751182892,,0.2055202135676221,0.16814501847704924,0.18948629882801188,0.3522200282714032,0.3413046459282232,0.29616622578195706,0.2894407014066645,0.4293935121146635,0.1981749165335685
2022-09-12,,,,0.38157986050082227,,0.26573650061144316,,,,0.3138503323483833,0.3453068218956467,0.28536376098757404,0.1989002651137799,,,,,,0.29462525919411786,0.3683963289740532,,,,,,,,0.29035913504855426,,0.3231171207864328,0.19237681175755542
2022-09-13,,,,0.39502498203099323,,0.27809447861809483,,,,0.32683335002258923,0.36132869474359697,0.3019493171994755,0.21106900234950926,,,,,,0.29636806571032054,0.34226556918528867,,,,,,,,0.3039333720527442,,0.43360909068473974,0.2028933443120239
2022-09-14,,,,0.3974634677190114,,0.2792302355020468,,,,0.32491209589657655,0.3881937235714092,0.29677681805317474,,,,,,,0.30436688419918895,0.32314579069404314,,,,,,,,0.29068703351460995,,0.35239042071521975,0.19248813889170127
2022-09-15,,,,0.40059591011971374,,0.27397919107141616,,,,0.3231623624426251,0.3836282965597276,0.3011042845150118,0.23117485027439408,,,,,,0.3024129587747012,0.30989552459524666,,,,,,,,0.29301058472426106,,0.34258058981492867,0.21055236097035573
2022-09-16,,,,0.3988567913807748,,0.28080966902669957,,,,0.3266152756426342,0.3752115637765649,0.2985426076203365,,,,,,,0.3093995021635592,0.31444355887643916,,,,,,,,0.28602237108587014,,0.35505368020427447,0.20983025419728663
2022-09-19,0.3574743417524903,0.3139502675036215,,0.39668206975347936,0.22214878480277342,0.2879394489942786,0.4271167984689805,,0.27347647075218257,0.3317827243810774,0.4025149069354977,0.29258728291049735,0.22272775892172894,0.26514851215056884,0.18545833313814808,,,0.45608701101682414,0.3005626228453788,0.31033651948694835,,,0.2596843752728791,0.2607681155340343,0.20045041194762198,,0.3680278527591189,0.2972901083922777,0.3070710263921686,0.3629278181971303,0.20381148263173218
2022-09-20,0.3723606338426832,0.3273009398032102,,0.4122403063570917,0.2222297620225467,0.30144704696634567,0.43662847879026234,,0.2893304864056875,0.3350892224769714,0.419410491539521,0.30394084509169517,0.23609136025731395,0.2629278387126862,0.19204190923093123,,,0.4615166395068821,0.31516874859766775,0.3153521056393923,,,0.2702588242434089,0.29348008493876737,0.20649258306649856,,0.37570227805049367,0.308140991237185,0.3101695130983502,0.3608992373556203,0.21523414397971985
2022-09-21,0.3858852023650973,0.3327589642493926,,0.41249268877859935,0.23458270451120825,0.30621113867217464,0.4306398733095153,0.18529311468308046,0.29680237976603707,0.3374893700970864,0.39804237735897,0.29865284934771347,,0.2621313988203286,0.1980137592302449,,,0.47102043133529614,0.31642919475904063,0.31651526444527256,,,0.282214821862033,0.22900132579307703,0.21028055385126737,,0.37735747045822365,0.30487755602540045,0.3120958293707574,0.3639301191545655,0.20959300877443743
2022-09-22,0.3716985507972263,0.3169745197092564,,0.39804149228227714,0.23206040787079937,0.3112469068983922,0.41944852243079667,,0.29534174622228787,0.33989439663049126,0.37924499002791906,0.28828724213335527,,0.279538896476392,0.20294611514073257,0.20622678238738698,,0.45948944702679395,0.3218838769519436,0.3148409248618882,,,0.27762385223076064,0.2550050505789568,0.2060456335056055,,0.36738437928199463,0.30416993047021645,0.30849250982444837,0.3469064730676611,0.20769177489572688
2022-09-23,0.3834299274020396,0.3368766492199966,,0.4059067739740821,0.2431180341268946,0.3220045371028923,0.424465705716414,,0.3180485061914424,0.3606159025554927,0.40434948257158093,0.3058263108903685,0.2730673967523334,0.28928646861269,0.21842375617107945,,,0.472489998432786,0.344002419261501,0.312480553575476,,,0.29103481251882374,0.24928543108957665,0.20862005200893025,,0.3815364946702179,0.3223286493972769,,0.36356866927059034,0.20642028644263755
2022-09-26,0.4037706898697643,0.3604611079691159,,0.43393072086339995,0.26239021117297917,0.35401569616148476,0.45452748814804234,0.2553229929009911,0.3402884762711834,0.3799719693856818,0.42385635484655476,0.32290111320129217,,0.3152762903101012,0.22945063926196,,,0.5035095065411327,0.3721786902911962,0.33019067293910864,,,0.31801025818227696,0.2783958966813542,0.22834089710407018,,0.38804852430774484,0.34915875923859996,,0.3790825643800458,0.22473087383780377
2022-09-27,0.4141468682251767,0.346288507129186,,0.427643575139743,0.2625632095315023,0.36729587145568326,0.46049436535368604,0.2540687139261182,0.34073166825294454,0.38271572981916313,0.4282156230512201,0.3196915486728408,,0.31615220368517355,0.23309976561528883,,,0.4950593594246716,,0.3317025480848995,,,0.31773748765749965,0.27574234752820426,0.23764417776268598,,0.39878668211404233,0.35044771089984605,,0.386236176701268,0.2226323548451141
2022-09-28,0.3824273220023207,0.3378430772865599,,0.4130168463036745,0.24474873601144959,0.3520513044078482,0.4470516124273135,,0.3225606736957995,0.36598327022572497,0.40714095834013664,0.30723734733290525,,0.29489798915398585,0.23208622454668493,,,0.4811142498093357,0.3523770238513417,0.32948977122590417,,,0.29904620883948113,0.25768263540508485,0.22494682899753723,,0.37539009682291935,0.3501635287675567,,0.37757728154141634,0.21560771745981205
2022-09-29,0.3936251077460658,0.3489646223345378,,0.42930166377196544,0.25534870579738234,0.36621591733781417,0.4628857943105048,,0.33880933104748906,0.3718591902704482,0.41743519233773163,0.3089327153121117,,0.30203483759658034,0.2319084334586527,,,0.5023843396276152,0.3618174981489929,0.32497959201424087,,,0.3035913369465477,0.26355517249380084,0.2202333242767453,,0.38987246089184324,0.3558200452288029,,0.37053243278959985,0.21637286424292948
2022-09-30,0.3751255630779944,0.3486031685541101,,0.4179993368334861,0.25718255971811815,0.36605759493293794,0.4397133584573594,0.2010510299057178,,0.3755701467912989,0.4103113870716513,0.29997122144248634,,0.30129156253128986,0.2262954074196902,,,0.48961638097572546,0.3657630152345817,,,,0.2939500360074311,0.2505611789291247,,,0.3839797437042169,0.3629403721503035,,0.35873112653617617,
2022-10-03,0.3489772155138477,0.3330438371198649,,0.4007884122418285,0.23830627647218325,0.3773091013572497,0.4341408165615498,,,0.36429567934625584,0.41645786789132483,0.30050809361314007,,0.29559326878045666,0.22471823372493174,0.22782597270177152,,0.46841838533145996,0.35809375517986836,0.3081588120372187,,,0.2875663572099351,0.24459518972299588,,,0.3653893682704687,0.3449018397815772,,0.38186373256622597,0.20674288655944717
2022-10-04,0.3324551820908252,0.3325629890647701,,0.40869130193567144,0.2642025610329769,0.3680158074645985,0.43691159947943276,,0.3152906212442812,0.3722171073130207,0.4147855331194472,0.29291254703647046,,0.29769865943864066,0.21996776635822493,0.2195782067695422,,0.45108666541210324,0.33645137078688264,0.3300483627366829,,,0.27980517340011135,0.24387341936090298,0.20891763908075936,0.32571575443195844,0.37391039920943187,0.35808907431989206,0.32843187735264223,0.4092774659685564,0.21106613077603287
2022-10-05,0.3495832185837736,0.3554821912074857,,0.41745336719817727,0.26698772702249274,0.3828422164059372,0.44188631623025254,,0.3570533696539007,0.3820578833277089,0.4227149964318152,0.2978620706246697,,0.27858076661362857,0.21606302963990331,,,0.4589415003972794,0.3336869067010906,0.3301686505009091,,,0.2754921628936227,0.232973632352965,0.20660229168246766,0.3282440249965242,0.3770730713366919,0.35267421150633427,0.3331841245213259,0.3647309827293238,0.2210960061779066
2022-10-06,0.3613326704698781,0.368831171638038,,0.4204795511827722,0.27147876154889183,0.40722915927313075,0.4577330807345955,0.3828201798623088,0.3744469875212682,0.3983046466860355,0.43801479431264495,0.300598229680792,,0.2916869637215105,0.19515729687567557,,,0.4762001066988089,0.3428237213920659,0.3229867380433371,,,0.30274798185697516,0.2404287869980093,,0.3364430154445379,0.38625900111189565,0.3599546048381039,0.33435044297104344,0.3712522228478899,0.22638396308365727
2022-10-07,0.3546232345044656,0.3625333637063651,,0.4184258327259129,0.2845464477978293,0.4227726760724992,0.6054206533569244,0.37274495500245586,,0.39808749228186263,0.43582259338075025,0.303843289596835,,0.31309863919098024,0.20397003882955153,,,0.4583936008226721,0.3418653432128021,0.31146426524080073,,,0.3162258480698954,0.2388899686476964,,0.37095692186489004,0.38418711830789976,0.3596794775056042,0.33832314094586186,0.3905608571896238,0.2193780309740053
2022-10-10,0.3737544360903078,0.3742184172259681,,0.4534053708769649,0.321024255428237,0.46521554983566193,0.6154336686732752,0.4071763139787531,,0.4379352619183633,0.4747905197063604,0.32105150811608024,0.3487984537062872,0.3044269435637179,0.21085266734161653,0.23761353120149475,,0.5101151232456743,0.37533475816847833,0.3352579213146306,,,0.34475828640167916,0.2491973228737039,,0.397052089677646,0.4137030644754071,0.3799241073051566,0.35947018149426235,0.4210942528854775,0.24611092426068734
2022-10-11,0.3731727686273314,0.37681051830029,,0.48814177680542414,0.3389563355496867,0.4968254658942665,0.6263623221111532,0.4327724005160021,,0.47470088371072583,0.5037014466914375,0.3325790137145856,,0.298712973600536,0.2093542559398414,0.2583685582085054,0.2693402907146683,0.541369285746208,0.3776644835781973,0.3624692031649308,,,0.36541044112101384,0.26373608042849744,,0.3611426807067062,0.43195140034956,0.38365881140541064,0.3740441355733978,0.40806495429369605,
2022-10-12,0.4016018329431284,0.3797075940840967,,0.5217913634611848,,0.5058745018136778,0.6348981358378452,0.46080744176958505,,0.5051547297789462,0.541521213326194,0.3392827094724581,,0.30758807664854254,0.21447687547209962,,0.2816835526585605,0.5480805621450854,0.3761906468266977,0.3730331327565888,,,0.38319284727361236,0.27037115447914967,0.2770835050249841,0.3633216649900834,0.44863038534438016,0.41202596789816653,0.38607034653311234,0.4336232560735517,0.27207726222031814
2022-10-13,0.3618117799967939,0.3795210949675865,,0.4535106409643418,0.32474315037785867,0.5066944126450165,0.6131024277220263,0.4580141146467231,0.4691698015459763,0.49914285057554214,0.563640013144351,0.328224206677156,0.25876979718513127,0.3046809793895631,0.20517242995660306,0.2344729422671044,0.2478466877742415,0.5108766424876308,0.36007051852315125,0.3701728971708165,,,0.351218200469063,0.2549719745332472,0.25159525452005843,0.3502369988866588,0.41985093491558356,0.3801487322363385,0.35830952275574096,0.3959286709337742,0.2529406980306781
2022-10-14,0.3566228443728528,0.3794772937779826,,,,0.530957441669779,0.6093776761372619,0.48475663579933564,,0.4485617748948338,0.5369982133100167,0.3293658277038087,,0.3051767457529691,0.21437470639533568,,0.23936698633275214,0.47847021055242045,0.358939934258759,0.3337042608467307,3.238547567596712,,0.3540628718579916,0.24396092220864793,,0.35924242646380916,0.41308985346728744,0.3596890425480982,0.3671369626598602,,0.23476375156522813
2022-10-17,,0.3801639993949703,,,,,0.6154067526379373,,,,,0.32657184318648086,,0.27420141334838366,0.20369405423328513,,,,,,,,,,,0.3480776293030384,,,,,
2022-10-18,,0.3843359676655785,,,,,0.633571826448119,,,,,0.32358870879012464,,0.26618836469030543,0.18586027668693683,,,,,,,,,,,0.34331982156464974,,,,0.3862659719945928,
2022-10-19,,0.382172896664963,,,,,0.6535292614864697,,,,,0.3239114959201635,0.22798066598369207,0.2757166133483455,0.1781812787382228,,,,,,,,,,,0.35359489842933106,,,,,
2022-10-20,,0.379116441063715,,,,,0.6278133570542739,,,,,0.32006456913711157,,0.2559013996622607,0.173396720314869,,,,,,,,,,,,,,,,
2022-10-21,,0.3831701795161314,,,,,,,,,,0.3170877654966883,0.2336960987408585,0.26320322834368143,0.1736472326220888,,,,,,,,,,,0.3322414013348294,,,,,
2022-10-24,0.3863839169955289,0.4157543128228742,,0.4722963142410032,0.366386729532469,,,0.2559781599229911,,,0.3459208562353947,0.32601083750960286,0.24783422005790168,0.2755639152544717,0.18378577558102757,0.2580661119335693,,,,,1.5780356416294055,,,0.24762028358507193,0.23061061443214803,0.3476908350461698,0.5142064752398523,,0.3368248964032228,0.4180930769100988,
2022-10-25,0.3825466259123806,0.3894711345278935,,0.48112235910159823,0.35814052693040793,,,0.24445802236470532,,,0.35289243626074296,0.34457406585621186,0.23313486555426524,0.2831486492747986,0.1805561483903682,0.25202679194372096,,0.4650443454301735,,,1.583664065302626,,,0.20965693318964046,0.23311148761080877,0.33660031261941276,0.5142221739561781,,0.32431810613899636,0.3370507048428562,
2022-10-26,0.3866793674969819,0.3394611545076268,,0.4634398895794049,0.3509566620775779,,0.7272325228999597,0.24046368943042765,,0.2745842645701956,0.3466253383054329,0.2774717044367451,,0.3038519919047175,0.1790660430884122,0.25683805481678534,,,,,1.807311314353589,,,0.20387636979343382,0.22591035011643462,0.3427578743804756,0.5001010259264146,,0.3283556855721884,0.34795348059804915,
2022-10-27,0.4208771025666741,0.3293400327378336,,0.4493608072207645,0.35492778552135984,,0.7625097784570358,0.24679678670199887,,,0.34320585541233267,0.2790589366175163,,0.262491417306165,0.18454023708157372,0.22671310565225944,,,,,1.8512393355954992,,,0.20197341747249273,0.19859752940180023,0.34750446529119616,0.5066492494154943,,0.3334953537092621,0.3282882911196663,
2022-10-28,0.3253087228937247,0.3097246701772219,,0.455266064767642,0.3539895988396122,,0.47678963966783366,0.2323397949402126,0.26782743207071147,0.25210539753726335,0.33775110359742416,0.2662091287965633,0.21935731024272548,0.27249084350148856,0.18161529109597982,0.22498237565377152,0.2719726699473061,,,0.2556658205846585,2.0796638102329474,,0.192677162414369,0.19521096927085044,0.20577896597284662,0.3285884553006079,0.49951739314474675,,0.2877073722342719,0.3317409923827993,
2022-10-31,0.3371746786489169,0.3215794182262698,,0.4585692152694515,0.36927166808688316,,0.4728694609442448,0.2438513202625619,0.27485198742199624,0.26534997204953314,0.3459177480275516,0.27218387375593833,0.23948835322804563,0.27118026240798304,0.18293074062814246,0.21812791468445966,,,,0.26028977282946375,2.20709888250813,,0.20566906383024783,0.19946186554576464,0.2035046861642968,0.3489272732397177,0.5573680626774186,,0.30476718532122293,0.3317507300327829,
2022-11-01,0.3355049415470884,0.3279242124580483,,0.4518704323666886,0.3779094843580021,0.18346843121017758,0.47890190531193927,0.24615581106571593,0.28088105901430294,0.26466417601850073,0.34234652293564877,0.2706682279269253,0.23037993229175144,0.23742974654312782,0.18188556445602805,0.2170682182252048,0.27988445690935293,,,0.24984078334850232,2.2395108148734804,,0.20305954552312552,0.19336030211577027,0.20561467339513337,0.35176255947738916,0.5415429085410898,,0.29804371144824,,
2022-11-02,0.3634451060681476,0.2980813704255265,,0.45660908489439106,0.38417822950800123,0.18226496962102795,0.4574177518483348,0.24050041932524452,0.2803429420232077,,0.33593415948289695,0.26331599312973497,0.218970509740282,0.23937494089596573,0.1615548199374394,0.21219556571956952,,,,,1.546956263766153,,,0.19067682014597268,0.20434397751539005,0.36294785384342654,0.5363523585809309,,0.2923773835594469,0.3173229596717565,
2022-11-03,0.3587275979983762,0.3026596647637405,,0.4347897636767871,0.4005959091964587,0.1880993400708647,0.45662550058939455,0.24289090562846488,0.27871375734077175,0.2702839323824247,0.32781113940378304,0.2746887093126559,0.2168432319443771,0.23894907763213633,0.1559882496578503,,,0.40353686275404627,,0.2577233984423142,1.5881419874234477,,,0.18990022538465973,0.2091080817615163,0.3923080671575826,0.45305562207993544,,0.2873914520265085,0.3179445719081835,
2022-11-04,0.3698072029783385,0.2950651788966811,,0.4347749895160656,0.40078898689613424,0.18213525413048517,0.4440694026550812,0.24504581304251094,0.2729493151373406,0.25877664383752635,0.33097375795889744,0.26864625519303365,0.20847457120358961,0.2573068946363703,0.15365862513902098,0.20104235480874158,,0.40189052782876844,,0.255384696993108,1.644590235317623,,0.19763060801647517,0.18643166774629563,0.20409152542074338,0.3801637569270545,0.4561992160878388,,0.2802609106117774,0.31044599065766254,
2022-11-07,0.3759993395711221,0.2997514416981242,,0.45216508986922704,0.40777355119061554,0.1784431654255016,0.45185523814856166,0.24190295088000752,0.28583801819360255,0.2732246403362311,0.3526271345490715,0.27657623161137707,0.21417148450155804,0.2793218030594293,0.15525687930076876,0.22309259754527344,0.24427261790732976,0.41450143228351805,0.3433558974443384,0.2845529668062985,1.7087490398651417,,0.19347865253385269,0.19776295849400555,0.2221625536371407,0.40659560862778166,0.47680489662894937,0.40311377514827745,0.29523288808491627,0.29636866315512655,0.2058722845362644
2022-11-08,0.3803444298418467,0.304256260886762,,0.4725271262662961,0.4172038447139814,0.1830566254493413,0.459191276006504,0.24240478988123967,0.284669173733242,0.2788643749073665,0.3602764906531309,0.28652159180696063,0.20879509017287254,0.29625317546674973,0.14927188614848177,0.2358150033766233,0.2439087771907167,0.41888320191612616,0.3501735078685807,0.3059305440077621,1.7664462104000542,,0.19455499817454133,0.20227738157331746,0.23049676720284595,0.419721770682803,0.5090277564033607,0.4263396549087645,0.29549611318612234,0.3142379413812248,0.2172470317519215
2022-11-09,0.3806353990459125,0.3116678888626984,,0.48323282382323623,0.4531636117282205,0.22671793987407884,0.46232006668186176,0.250540075943788,0.2916617782747287,0.2779387793876089,0.3669701430954303,0.31527944847951905,0.21453340624103334,0.2720956109012188,0.15491939361206936,0.24078373464300104,0.22966291044428552,0.42912346893656633,0.3510026496351444,0.32244939217739443,1.7252008531046183,,0.19063639781410674,0.2116743952778071,0.23203801873708851,0.4363461974643851,0.3741930483247928,0.45409467925072716,0.31062597145627374,0.3094528475922587,0.2321766042155579
2022-11-10,0.3400869371080364,0.2897468651600034,,0.4473132929714569,0.4214022326024894,0.22221861378032465,0.47502199507414566,0.23923536690307917,0.26811238393939774,0.2640350057699102,0.339333192676766,0.27096799547502426,0.20102749714282933,0.251218070787569,0.13624505186614028,0.20582764986946223,0.19892594991662704,0.42242763764323155,0.31953712602175,0.36158324820976356,1.9062085696039748,,0.17476934118476087,0.1861108170361395,0.20455147481534336,0.36945761659800175,0.35311113692056534,0.447517171272435,0.2758729941363645,0.31303383318205313,0.20838945432306435
2022-11-11,0.3636003603763539,0.2977976479420721,,0.43490582824514257,0.5038806794624826,0.22515406366260646,0.4712094513239114,0.2370292910457561,0.25397034494188925,0.26389580384354955,0.3312398213614038,0.2503316556261116,0.19589928672753085,0.2487840685693108,0.15265741858912563,,0.1947208891869656,0.4083563429015517,0.32238562289805234,0.32185574879667456,2.100415996795009,,0.16568680658537416,0.1838646949702167,0.1750850900762271,0.39144400770292825,0.36217678536985176,0.45003080456133215,0.24177922918379105,0.29539991322360465,0.17476307084807774
2022-11-14,0.3757466870981802,0.3029715227122971,,,,0.2394048705427393,0.4906652752646544,0.2510581547693671,,,,,0.2096210461552747,,0.14614966923754955,,,0.40829473691377327,,,2.145652644796615,,0.18140245562495075,,,,0.3698139628279242,,,0.31189954643422063,
2022-11-15,0.3806177115910468,0.2985049714629112,,,,0.24077991320326356,0.49751272467380103,0.25111160003083327,,,,,0.21266040314452375,,0.14586112499016762,,,0.400807991331284,,,2.157869529472746,,0.1854643560632039,,,,0.37581711910348753,,,0.31306558653157146,
2022-11-16,0.3813780560730206,0.3098677819491359,,,,0.23668280214431528,0.49833415768246914,0.2480722728251563,,,,,0.20093227364511185,,0.14581391449499162,,,0.4011724791145858,,,2.100224824208657,,0.1859667822343301,,,,0.3732890455968802,,,0.3162161231296168,
2022-11-17,0.3683729696403152,0.3026901114005312,,,,0.23716601847627403,0.475991156549036,0.23820102328751624,,,,,0.18959074107102203,,0.1406165535368584,,,0.38611094537074975,,,2.112124719917735,,,,,,0.3606929625504824,,,0.33173246381819926,
2022-11-18,0.3735399017994083,0.2949216899221501,,,,0.23828548236961378,0.46459596589665536,0.23412164433365865,,,,,0.1815709822209242,,0.1274980791811741,,,0.38226766469867246,,,2.1235536138897966,,0.16673205857567028,,,,0.3434731423247939,,,0.3158409653142329,
2022-11-21,0.3669197682229788,0.2914148011412389,,,0.2272298162279533,0.22763319945493113,0.46943157741413,0.24825521580822138,0.2778559256240154,,0.34218746266160405,0.26740483787885966,0.18184949531772515,0.22584198624044285,0.15621571535793818,0.19128096556769542,0.2770653736774523,0.38315908150963146,0.30171125636461055,0.34417404985959105,2.290125428584819,,0.16632175102300317,0.12862274964415354,0.13932392530153231,0.33739733538513256,0.3777318061702183,0.25992510905815724,0.3482295453470467,0.3323893491332076,0.19605458683335325
2022-11-22,0.3550203193693076,0.2844175235055695,,,0.22441674934703837,0.2265608349853791,0.45637066436495266,0.2403074178064907,0.2708240289301148,,0.3241698060465475,0.25936851307844816,0.1675572031887646,0.2088301336264012,0.15304982640085368,0.17408659125563913,0.21394827809000438,0.36353997558736834,0.2914832989402632,0.35013019838922393,2.3714988111622697,,0.15461367824820688,0.12185492333851754,0.1205035686595368,0.3193703472400012,0.3716758657389503,0.24654398979890796,0.3404115125302245,0.3136924642551566,0.18950356271693397
2022-11-23,0.3724305669026678,0.2766884969414884,,,0.22059429257709298,0.22114704404436222,0.449950294581585,0.22616277720076636,0.24515246893230253,,0.31965641271659223,0.24760527188112444,0.1672911023971414,0.2078745625779905,0.1451207054121837,0.17166065828456706,0.25616992500607283,0.35118782410279936,0.2902831355338313,0.35565760117240836,2.395866116146226,,0.14791965043883218,0.11250208073075928,0.11753039224789494,0.30363413821995205,0.37368601403002544,0.241124277374247,0.32641590388342034,0.32438240233712656,0.19626748429646199
2022-11-25,0.3613694712372068,0.2825002588816279,,,0.22070249704484163,0.23299011283313295,0.4672264188814823,0.23606837719726725,0.2606559786403233,,0.30531187996515063,0.26061471425849425,0.16184747706904534,0.20906183073471504,0.14700664235944058,0.17339502548741698,0.2522991616184974,0.36811607249542766,0.28822344794646215,0.37950601000387824,2.5560531824853943,,0.14581170171937516,0.1092163208363409,0.10782955529895166,0.30926169315262697,0.4007860915803644,0.24470461281627642,0.3285023984950134,0.34593787433181766,0.1855880701529142
2022-11-28,0.3928361399382048,0.3093705118035219,,,0.24563818464590903,0.2512323754793098,0.49709912338874357,0.2555271118824467,0.2987316734423415,,0.34771500634693403,0.2846641243038431,0.17984829852416787,0.2720487331586354,0.1628018319804299,0.19490595919098555,0.24208332530285412,0.384951395804345,0.31325057738581874,0.37555369714505715,2.5475600309555446,,0.16782115157715755,0.12175241452778703,0.13314991692820344,0.33389506872228747,0.3943893206170657,0.27483856516922095,0.34376631076268327,0.3498544903520592,0.21606498215518413
2022-11-29,0.3871674989615364,0.3062106792870497,,,0.23501291484482162,0.22975548621874692,0.4809917093898221,0.24072440860864622,0.30025052699048055,,0.34891832433656594,0.26867101080380873,0.16565710074359855,0.19395042694104367,0.16420357454764947,0.18849631457759913,0.2724725957298118,0.3933670164185545,0.30574200385937284,0.3769832321657979,2.686886556697416,,0.161595670270182,0.1272579873108867,0.13273668447230177,0.3241473597983553,0.38190108269005446,0.26729314031966456,0.3455528914285866,0.32421812936922834,0.20328994202693734
2022-11-30,0.2914117095889449,0.2998739614150781,,,0.2295946739423472,0.22425230573838745,0.4647948608915501,0.21927047935892224,0.2269690913976802,,0.3146943385660669,0.21280755231663706,0.16484479038076766,,0.14814663558019533,0.1750009076781686,0.3429310176017148,0.373538388163397,0.3021883419173596,0.4016562990355702,2.7686118456254185,,0.1570536526263955,0.15950390956337315,0.1840733065303484,0.3085391247847747,0.36689996110422657,0.2860966717567302,0.32113805098279014,0.3252679096475732,0.20412516186869914
2022-12-01,0.4042418344330171,0.3225833121312039,,,0.25488577526570133,0.23202579071423052,0.4549988603608852,0.24536531174819076,0.30057241580624083,,0.35517424819338406,0.29595887994346337,0.16503849343041138,0.2065904736495502,0.1649309977180635,0.18564676659104484,0.2775405150816739,0.39107333083746487,0.29775792046676347,0.3903241860352772,2.858694867277057,,0.16814353994429146,0.1778543807927746,0.18073047848057078,0.3167551884116136,0.3915528820507661,0.28725368015350417,0.35041298251212394,0.4102145407797852,0.19259368093435134
2022-12-02,0.3284493733956816,0.2816956080420704,,,0.23473910809749618,0.2378554829091178,0.4408266923967336,0.233843973767111,0.27159275015759243,,0.3318827735537572,0.27265289723594555,0.14200604566689176,0.17242308666625963,0.15736856828595633,0.18244051576763753,0.29978816199038505,0.39424746798835214,0.29508142926242814,0.4062642706772569,3.019110849945624,,0.16922397854944696,0.17327523882488668,0.17433286227984127,0.34191740458438497,0.37468942392762655,0.283686002448027,0.3198441995350581,0.35336720608262245,0.1783052357090082
2022-12-05,0.3891460536207943,0.3444223274632189,,,0.2620837882496295,0.25818638745473305,0.4808309641659947,0.24897976931600238,0.30136719324445255,,0.3830046016004015,0.3048129682510628,0.17970400552140142,0.25056237398968134,0.18836573551553362,0.20285072842179336,0.3751023067547264,0.44891799847336394,0.3125908766429307,0.4195297782618517,3.2649619960171914,,0.1887102774016465,0.17848388772612211,0.2138220647820461,0.39075315389633075,0.4048218894008941,0.32148809002859874,0.34609798584796075,0.38958306321581077,0.22255922017657517
2022-12-06,0.4333934905591968,0.3149986171224101,,,0.2208421949436557,0.2729939064775138,0.40492013516719777,0.196862682133939,0.268321418854297,,0.3703056623014781,0.24810348889541817,0.20662117897129031,0.28125806252994,0.19655292157553603,0.19426997797606446,0.2678481196062837,0.48868437741434956,0.2743379210365362,0.34243988078505827,1.6437011586105479,,0.20215214939456455,0.19954162611556053,0.2122050456020998,0.3967254894227096,0.4190083109615688,0.2966232699935135,0.2990873506290046,0.3224097748417727,0.22432850646444977
2022-12-07,0.426314005267647,0.3193223191292985,,0.5076462141792574,0.22250588031372237,0.29678329462947134,0.4098820830394575,0.18857385119633743,0.27249494790255796,0.3413954329188112,,0.25188616565454364,0.2191347077361098,0.2741833403633552,0.19895090580427746,0.20366833701560272,0.2946485101990028,0.47566759532680863,0.26898782437882074,0.3456934334448476,1.71553696466999,,0.21549466554258967,0.20592801844536968,0.2276242010660201,0.41465576871721277,0.43210432786896724,0.2979041770862183,0.29875236955524964,0.33101639209499556,0.22577773527982664
2022-12-08,0.4299376364736763,0.3164929470283305,,0.5111285820078301,0.21463866710363105,0.2732225360890578,0.3981507332980565,0.1929091602443044,0.26225213746915677,0.3273603108344214,0.37648130827616744,0.2432083589618164,0.22243581348570574,0.2116171304120431,0.1836190041069224,0.20437415198344852,0.28551496675539023,0.47251454412437877,0.264063412481346,0.3390537425790492,1.7257531017877918,,0.20436569726052187,0.20511034897424418,0.22263942810380083,0.4226193598352275,0.4256850378931989,0.2967205440691584,0.29499709526234436,0.3221512735986247,0.2257336159722033
2022-12-09,0.4189756707147877,0.3186516546493524,,0.5126760551552624,0.21509307617552936,0.2632812675434529,0.40490498233363875,0.18308008193292283,0.2646534313214677,0.3421114334105793,0.4025009140654474,0.2452011227624324,0.22435050927493247,0.2586175603539294,0.18318564498289394,0.202520312810179,0.2718428215144612,0.49084945264905283,0.270927253192534,0.33132603371352864,1.7451186858312333,,0.20200108160283575,0.19983524276028883,0.20113912488252292,0.40290832197554566,0.4230821447496774,0.28742000919883165,0.30123122552930637,0.3142689203207223,0.23959842136977183
2022-12-12,,0.3337208345701036,,,0.2183035723071648,,0.4136580629070947,0.17893693506111122,0.272540566427237,,,0.25588007735942353,0.22820925150208665,,,0.2071146905966673,,,0.270337647100421,0.36030417272494303,1.8399845584334757,,,0.21329022017547802,,,,0.30543785424587444,0.2984729336485581,0.3169591102433074,
2022-12-13,,0.3265394759321763,,,0.2034426783963085,,0.3874038509583445,0.17234907198887994,0.25287999258822363,,,0.23672469626044593,0.2225717126067205,,,0.1852064359893573,,,0.2530725521645081,0.35332099538572487,1.8809545068937086,,,0.21384223102075894,,,,0.3044446940992229,0.279690860808286,0.3098219766636733,
2022-12-14,,0.3274540798541512,,,0.2040141309361759,,0.379992632439196,0.17025414089286636,0.24375190263908933,,,0.22652073498343347,0.2236780068594923,,,0.20736158878975822,,,0.2454414868579471,0.3576632195526078,1.850895719839199,,,0.20171354878561842,,,,0.30030666183549887,0.27699088774711117,0.29640163371644374,
2022-12-15,,0.3288233942585884,,,0.20750179212399977,,0.3889944792446585,0.17486536950042628,0.254889638737204,,,0.2410378746219715,0.21922722452252033,,,0.20480020677134744,,,0.256774313733368,0.3226050403794474,1.7383539369826155,,,0.19888824566770896,,,,0.2968611211775159,0.28535470313083394,0.28777972520449663,
2022-12-16,,0.2935951500768219,,,0.20021432857537425,,0.3808739126086392,0.18661974680993992,0.24895462001280066,,,0.2288973603057052,0.2126280349066195,,,0.2021053142016095,,,0.25499882602760066,0.32752943749060337,1.7183965943061148,,,0.20100073893198186,,,,0.2932743929368667,0.28969414185058456,0.2839939631762398,
2022-12-19,0.3266170251066178,0.2908232529019317,,0.3702909938933343,0.20098322058359205,0.2091882498835499,0.4061045282935452,0.18305109839923425,0.24503180387870604,0.3054915894591536,0.28012181638505185,0.2301241999223587,0.208144669630219,0.2918953335200726,0.18165864667488135,0.20319671000640457,0.22339530113882083,0.3482805417034734,0.2609031323837597,0.32972138426060615,1.8264525676747478,,0.20832796062478823,0.19960884078880656,0.16869166330834923,,,0.2883815944899661,0.27363183849965017,0.2773695486377692,0.1704256424311179
2022-12-20,0.3215343265901486,0.3013968624601409,,0.36633845873696813,0.1894698750055494,0.2107194454171178,0.3970310792089916,0.19105270910709238,0.24023099941514997,0.3000091407704045,0.27536969663260874,0.21800779264069656,0.20745007579851632,0.2819647981566097,0.18718705822830886,0.19886024241072567,0.22069081947584665,0.3446842821126718,0.25524165961599593,0.3397876682942409,1.7836812273272076,,0.21295569745124496,0.19190113149704513,0.16941360753624637,,,0.2804468832662352,0.2713791086204317,0.28317348211496707,0.1655918657666916
2022-12-21,0.310973112492225,0.287058901318757,,0.3489898901415227,0.18479527322767314,0.21074402791367317,0.37645702104928047,0.16964904652934848,0.22969065873152122,0.29005287525129014,0.2594374591706481,0.2045994366257098,0.20256018435255585,0.25685672748247046,0.18193510746388844,0.19762897121128747,0.21153988597665796,0.34116810422014415,0.24239509043711446,0.3715979071570186,1.9322737796194924,,0.19040698065874345,0.19370181486002927,0.16133343225445693,,,0.2711943338700941,0.26176847472724235,0.2721733353716114,0.1699304216749966
2022-12-22,0.3303412389732651,0.3016302805254555,,0.3708769329775972,0.1980193928959589,0.21842205646355642,0.40562214866790575,0.1716555783160473,0.24665205896314268,0.30366342095227017,0.28232700683897427,0.22873306061120235,0.21673596789782287,0.30811873824263425,0.20061371197828365,0.203392163694028,0.2163569670654975,0.36506588679104596,0.25912751598412387,0.3566714754379559,1.8747200274405251,,0.20329671130803262,0.19878959247036945,0.17220007436910859,,,0.2806245406411255,0.2810603435689253,0.2732520926668005,0.1660702619489551
2022-12-23,0.3185269416436341,0.2943465193789824,,0.36748493088728107,0.18127981653621367,0.2085454315425757,0.39131097853276686,0.16325493149006337,0.2357728152700639,0.29672058703936355,0.26347098100744865,0.21888468783664938,0.2090740967115903,0.2571315257859107,0.17606130343929666,0.19758119378695813,0.21160927949484176,0.34298845966630565,0.24717126549599555,0.36286485739312835,1.8540768393013505,,0.1950581909400998,0.1915148336804442,0.1648038008669481,,,0.27402232467617926,0.2641273245054753,0.2730832708714536,0.15992288000291202
2022-12-27,0.3367644858201727,0.3082920047916508,,0.38376876433890217,0.19319796963469152,0.22274202038045812,0.43142710646144183,0.16662195219322984,0.24385030690000561,0.3128086152091158,0.28105016981477915,0.22960850707585428,0.23225121867378035,0.2542818520328059,0.19238302000909674,0.2098597764620619,0.2198748870277664,0.36379146712565824,0.2680171871516116,0.395940982159173,2.003063074173342,,0.22302036134625014,0.20634365242026492,0.17808205326390997,,,0.28873626931904384,0.2801013772004999,0.29636262699146654,0.17899028262773345
2022-12-28,0.3593488705982086,0.3097841662631395,,0.3956719758825586,0.19879238452147668,0.22148471734468306,0.4418297778834694,0.1793661044330571,0.2577999579373113,0.3169433356941316,0.28708039515907907,0.24149846976749306,0.23212198600087092,0.32308102837916314,0.2072897339108095,0.21391551935622158,0.2249369862894004,0.36728657398118497,0.27933396886578027,0.3912810004725835,1.9398203514186076,,0.2176324795513573,0.204676998691077,0.17730541620928206,0.30391384305067237,,0.2907097416699564,0.28619997190018465,0.28421472160633365,0.18041422307537577
2022-12-29,0.3303514736322896,0.2992874317051203,,0.36294946758252233,0.18049251418441517,0.21560917548403538,0.4098340310049313,0.17120106351361403,0.2519320682130946,0.3054571013146437,0.2697976034637004,0.22325145522298837,0.2186755352452963,0.2911034538183939,0.19706394330239563,0.2085562763728382,0.21054009607968388,0.34695460075567003,0.2603280324427981,0.40079871677436807,2.0849659066145736,,0.21161652901657596,0.1954803763365099,0.17193617161750446,0.28711958044357877,,0.28294802026007854,0.27670295564859204,0.27567418071954397,0.17508406928948309
2022-12-30,0.3310200512685053,0.3043945114864795,,0.3697178893195311,0.17744889788067356,0.2187336728486032,0.41458007302765754,0.15700709420738077,0.2577038284587376,0.318728207727564,0.27935680631748816,0.22758525973567628,0.221341479388896,0.24882704321864363,0.1991727803274398,0.20333357326238152,0.21844616834304134,0.336425814078788,0.2522057672583036,0.4102734753483695,2.113509332144757,,0.21140023464238675,0.19686697140085277,0.1683106389671935,0.28061801185237323,,0.28906711938332935,0.27786654692458274,0.27213807093645087,0.17717075719175165
2023-01-03,0.3671150951360123,0.3229325165300194,,0.38253690335043283,0.18206337048561602,0.22690814341470697,0.4378929349797073,0.15586187707226676,0.27290315758307715,0.34715842476403597,0.2906424625441814,0.24366624497706432,0.23525453715976044,0.3274065046947488,0.23151113005620552,0.21911629348386544,0.22845091143270752,0.3844282857424315,0.2708197526206462,0.45395655398814727,2.493746803264436,,0.23937324120296533,0.22196078379256798,0.18079509836466076,0.30541583870135997,0.3955059177513654,0.2982688815070454,0.2965678142327235,0.29461646900289873,0.17733346607314165
2023-01-04,0.3321709787294282,0.3041740338482825,,0.37611877109286757,0.2459235639779514,0.22669927795765182,0.43039743031308264,0.11542584526430556,0.2700049745842119,0.34517084538584286,0.28188464013813197,0.2296906921196033,0.24127097715756846,0.2768296671911478,0.2233239772591265,0.2092972885254297,0.21491551817875193,0.3584466596325436,0.2557631242351376,0.3555808370374662,1.8663964181809323,,0.16874508892124243,0.2168583841294018,0.17650557788630683,0.29492994032709313,0.39551391542408915,0.2939739287125548,0.2919351759879507,0.3542595993817081,0.17641995968850951
2023-01-05,0.3445189283379941,0.3124863127177462,,0.39033654042261495,0.24694304334491068,0.26930961640305384,0.4619832130029266,0.1749045613082597,0.3289668749131856,0.35081884080126724,0.2994966216527533,0.23321506119188218,0.24083785502650834,0.2619828013456339,0.24395328262655644,0.23963913124585637,0.2946865879122907,0.3497235990752611,0.26063467314399563,0.3270749942907126,1.8250832659685519,,0.18865335857187793,0.22182692080355676,0.19838510177559643,0.31329238906900675,0.3929807191824835,0.2989150930433315,0.27491888347798,0.33800422455603046,0.17804787104298303
2023-01-06,0.2900922865742271,0.2725250641321814,,0.3519166821992992,0.22077529091775203,0.26481304179450044,0.40262392427796173,0.153030690165867,0.30716456428998223,0.3331904105936923,0.28557310526587376,0.20348863202700793,0.2561997275588525,0.2499913078488073,0.27540267608077057,0.2367957091125494,0.2813222062583995,0.34727860486977447,0.22961019942353303,0.33590619498553576,1.962278152133142,,0.239177316754376,0.21936575578036643,0.19599190293142862,0.30367133364440413,0.38245411324983514,0.27867860063335353,0.25415528821329075,0.3404053641619561,0.17017545475916335
2023-01-09,0.3125230108628258,0.2881395959872283,,0.3569164310267596,0.25172581773364316,0.2806109924370109,0.42345047797587443,0.27349154073440807,0.33541265063921777,0.36820088203772455,0.3066019743120361,0.22764301918516788,0.24518806683988884,0.2558599413500976,0.24329393735033542,0.24088788049647158,0.27171017457137603,0.3627214170005039,0.2578322445016469,0.35390641447248145,2.044543923004138,,0.13707534482026754,0.22841082198425441,0.20331734899813664,0.3076026558207051,0.384743437297425,0.3028560976268009,0.26239910714917136,0.3555756879177258,0.18556286270827174
2023-01-10,0.3069180577774778,0.2935967957697908,,0.35136954381026564,0.24419932158081273,0.2682193634472847,0.4199591330528876,0.2774737936488993,0.3477615928922195,0.3730342824989547,0.3094237905520965,0.2330244554454813,0.2509538598960384,0.2542034187378341,0.23847980958194812,0.2342862299189448,0.22208333391053464,0.36387625579115257,0.25909000613594435,0.3529757693367957,2.11700662654952,,0.1230561162113889,0.21756535136984867,0.19982990381208585,0.30309154453306164,0.38290887029544723,0.29599790691147615,0.25064904648583725,0.35802992383915894,0.17545231700631878
2023-01-11,0.3173910294952499,0.3019503193414085,,0.3606840891318702,0.2610757916673401,0.27265688593168064,0.45607663964584605,0.27851612388001684,0.36996629484295096,0.41079690398034013,0.316904154808283,0.24197117798868473,0.24857786727183798,0.25296914244316543,0.23341947543742447,0.23057037210832657,0.25602147612682485,0.3621431556463386,0.24885877385224625,0.36242396925164133,2.2043295542311756,,0.1644047470744364,0.21922764946877085,0.19863677566727383,0.310537415715476,0.3816233231641391,0.30420754901447006,0.2534401670271778,0.3647102683071006,0.19870083277125078
2023-01-12,0.2598644032614414,0.2414557393618715,,0.3377715132049821,0.23118378324049127,0.2696371464073001,0.357985742535591,0.26646826000663154,0.33439339134805945,0.3661902159264223,0.27042640556221853,0.19122574021920588,0.24515193436111538,0.25612406406568383,0.22722924884366358,0.2249301494873662,0.2610288305551991,0.3207411505772393,0.21160967460710067,0.3740057772131326,2.2107604604111963,,0.1516931370971512,0.21193972366959,0.1938702522607848,0.2894363496084127,0.3884942562707398,0.2715489801378906,0.22520766200070652,0.3353649605736734,0.14196204992643224
2023-01-13,0.214983055308181,0.2106603064888058,,0.3314215988487151,0.16830088149391612,0.2619454182581715,0.34190948622184164,0.26112058930432014,0.19938633523305851,,0.24787232646221133,0.15890146289137447,0.28451424972143124,0.21905323017743056,0.2256339122275656,0.21659390216830457,0.30500047235028144,0.28489298332996704,0.17064943646798666,0.3794245458833482,2.2387186229504694,,0.11026938823888288,0.2007662355019185,0.18439172969529077,0.2700114632526771,0.36480390904984994,0.24508490658063642,0.19617860064212497,0.34257146528050936,
2023-01-17,,,,0.33725873641967347,,0.27069238375148197,,0.27668678673472935,,,,,0.23945129055454023,0.21720375111722695,0.2552540899415325,0.22042241583242214,0.23568344908141847,,,0.36956073471623313,2.2748611115232094,,0.14839790307208797,0.21110648783017283,0.20039874538805513,0.27490543925848926,0.38440357401661784,,,0.3637549319948643,
2023-01-18,,,,0.3254778321802471,,0.24658740223132314,,0.27945377300782726,,,,,0.23938458742838659,0.21498302998231017,0.22051723223151257,0.21687163119650268,0.26464182829290045,,,0.3299358587995365,2.15759130087232,,0.19466461514528768,0.211206474332364,0.20579994070194274,0.2722733171606888,0.3850316015214132,,,0.41212407123513467,
2023-01-19,,,,0.32879089233113423,,0.283974839730807,,0.2862942693380353,,,,,0.23170957600642728,0.22181574261768108,0.21863355526799055,0.22701170181984207,0.2856106932284315,,,0.3158824816772453,2.0319546591941715,,0.19721910286060768,0.20804118331497784,0.20618154088638213,0.27403968079431273,0.3970927057506495,,,0.36262521239538037,
2023-01-20,,,,0.32256643488668685,,0.2679679057898749,,0.2765382815775883,,,,,0.2228002681068225,0.21666238142405084,0.2508849192404954,0.21910818388999387,0.2451414882079344,,,0.3155210022520747,2.10690422548973,,0.19496238814379546,0.1973177257607335,0.19836820420931967,0.2618436552135977,0.38328226110199637,,,0.3677336038899277,
2023-01-23,0.2875918491284679,0.2939853436303912,,0.33334554091617075,0.2714083732949378,0.27076684922580263,0.5187495754707749,0.29025321414594185,0.20860072671952914,0.2209831902076066,,0.268348137521944,0.24402853509282776,0.22515168004649846,0.2205632843495131,0.22420783273929568,0.2602469944562402,0.3590094654917386,0.34260772672699047,0.3344334232723796,2.353018848515906,,0.18923362144158626,0.19976719333219672,0.2104287555655844,0.2763056816574971,0.3962532017092648,0.26105735672074637,0.30148117707586203,0.35247283719817,0.15826327207222624
2023-01-24,0.2873796784028638,,,0.3400725353380695,0.2761597336139936,0.27631979643047944,0.5290270340094648,0.2292667255714675,0.20711646927284494,0.2224857494184448,,0.268572488426711,0.2185872188364388,0.22164438278708243,0.19479818588837036,0.22131562676316996,0.2805361187698863,0.3574158408296947,0.35379794732904113,0.35580537983455995,2.0381976526768235,,0.18300747963613448,0.2001821111135711,0.2130157287288261,0.27145342932412214,0.39106110573303077,0.260486146254054,0.3017525965821649,0.3971659561631612,0.16461724630688518
2023-01-25,0.302607246605718,0.2445835128694037,,0.33926386923571566,0.28792687381357607,0.26351612317752626,0.5405716384657914,0.23578188094701738,0.20574608111871107,0.22186237736394132,,0.28256265911820805,0.20062904255131622,0.23201467037390142,0.18027710599906846,0.21303716443524826,0.25937111136042634,0.3117887864036763,0.3619030072999395,0.35447386338680476,1.9681864589543265,,0.1869039760153971,0.20566367051734208,0.21838470129502863,0.27443158671242285,0.4063844753453078,0.2612820626545744,0.28668241069412687,0.38504268176478956,0.15505181408497143
2023-01-26,0.291751844823382,0.2450205592946648,,0.3549085171677098,0.2786747030919506,0.16361652701200757,0.525231672584666,0.2120096169191645,0.2002344597524037,0.21396353610471378,,0.2540657325637184,0.26462303927223696,0.2263237623893733,0.20092539572639012,0.21252130472563563,0.2561783412162769,0.30730128537273543,0.36577110550273817,0.37295501037880086,2.042419233585609,,0.17706189245450632,0.20786183147748316,0.22162616752655956,0.273210674041694,0.39976011912973,0.2578675672853926,,0.2959483721164007,0.15646886879563124
2023-01-27,0.3033692117275722,0.2388335016561674,,0.35268596362573257,0.2850830435003021,0.14975846737873358,0.5466939182328353,0.21289519675863694,0.19114892251829393,0.20778897442695507,0.2455794174161132,0.1926088488364173,0.19789203374867573,0.23385074230072064,0.16593640993630926,0.2085965390239608,0.2784328831826991,0.3042192841662346,0.36833442534109134,0.36872664543937855,2.1858110094678227,,0.17262682323920442,0.19686356495195012,0.21724692729365774,0.2694824070480199,0.3977444633967373,0.25560087536326226,0.2542591159493747,0.28636167384363875,0.15553792558397544
2023-01-30,0.3520991447237306,0.258290396086164,,0.37994176002000896,0.316779245576665,0.15510574600556942,0.5986189478315795,0.24572855943708893,0.22203534748730006,0.23832038288062674,0.27107567871720667,0.23383046302822993,0.21489114515179056,0.24726703422078963,0.19962393160315328,0.23262373612537726,0.2799970564651186,0.32701163101546155,0.39936927796054916,0.3898028619814402,2.2028867016146214,,0.18827393687638921,0.2178653679599188,0.24133732194016572,0.2977845573354805,0.4260928762796642,0.2777000483147115,0.27617478803557904,0.3055801052441137,0.18062491773701642
2023-01-31,0.3433923681052021,0.2515292073344859,,0.37587577298953173,0.3166228297369366,0.150763116914107,0.595823464877804,0.24013367334154678,0.21265113456393273,0.23869400058702075,0.26588966687270665,0.22133234437638222,0.24599830637183326,0.23289538204964663,0.16991142195755743,0.2296421292683259,0.28290253767985896,0.3165054734586315,0.29654262877846804,0.4119289993761176,2.401891904703948,,0.18901318924941857,0.21730349351569425,0.1889860248019542,0.2938462706521895,0.4299695821315498,0.28622499928019124,0.2909673722099044,0.3355826333029377,0.17158617655988345
2023-02-01,0.2663137502356726,0.2182359841344724,,0.3683796266198051,0.24784764758326835,0.12912766837683662,0.4610224246456713,0.26004307603855514,0.2016881049167093,0.23032166066408966,0.2466407237152298,0.2091411459895005,0.2344012800018749,0.21991804751865343,0.16336736373638128,0.24096320670187382,0.17304622959456542,0.3334015220560286,0.27721415540702066,0.4047222937660826,2.52799086889514,,0.180646581885884,0.21676837697534923,0.15973069001564172,0.2852807862354017,0.4334823089034546,0.2827433158106459,0.25457989792321983,0.3275085645194085,0.15192009748185656
2023-02-02,0.282840090275641,0.233928133893133,,0.3789851314456839,0.25293381830484757,0.12465804806408987,0.4463953149315569,0.274997807874586,0.20397711353194892,0.23159350447128985,0.24955242228646218,0.20638327225612363,0.18128764387640067,0.24229412126203131,0.19821606978322406,0.2137263128876894,0.1264491228719119,0.3395236083667856,0.264046984288356,0.3761765737515546,2.8834378735592328,,0.1857949585590603,0.17680099920351391,0.16710634363224047,0.27205480268478394,0.46923168774696644,0.2906824569180767,0.2654466338568837,0.19623629474415505,0.14072303632257369
2023-02-03,0.2705133570164325,0.2471371529329288,,0.3810023685628117,0.25445558423233294,0.10538590154990302,0.37991151655965405,0.2655742621746747,0.20791851650536583,0.2282076323778964,0.2592656832319567,0.19828092212512508,0.18400105655829624,0.2307917669346545,0.157967378120423,0.20408942576024722,0.14232983758861786,0.33414366651316557,0.26251781964036996,0.3292007786844772,2.8104654331133623,,0.17963851661352878,0.1686739119065116,0.1597998604900832,0.2782048315369613,0.46944286723791107,0.29409593379966825,0.2546194899934151,0.29193174311849884,0.15215115215122058
2023-02-06,0.2717490455088545,0.2494406261661433,,0.3911590725075677,0.262657270934637,0.11320786573612622,0.38527532275488907,0.24401387040982625,0.22630784162803652,0.2524335790987974,0.2755848445306827,0.21240549230717634,0.15349082700846975,0.23290915954893474,0.16975905316144904,0.20962079770183648,0.15429627856740716,0.3397905939941833,0.2857583568027734,0.3677578564393794,3.0942929775913544,,0.19624101671470848,0.18612608556480617,0.17214908140370783,0.2898339431485946,0.5197291452455881,0.314126661781649,0.2628276305596224,0.29412679175819095,0.16930988247612277
2023-02-07,0.2696985566477242,0.2501904189297435,,0.3954107706008651,0.2676140467094052,0.09558292815030749,0.3884293444997206,0.26000525276087033,0.22423251073715444,0.24606538751965834,0.26283655012397283,0.19571330888526725,0.26556990376926903,0.23535157269827023,0.16647647056995488,0.19387505658560006,0.1416404462953358,0.35286965353215743,0.2843551871043645,0.39146772015358877,3.2690920718689602,,0.18584061142949526,0.18197896557437765,0.1751835886670384,0.28794794670385543,0.5456916258193955,0.2995405943951599,0.26102777946658484,0.3014555843475827,0.14292391618680533
2023-02-08,0.2832243595404283,0.2683604186809268,,0.4219639174224677,0.2806944547595749,0.08751665327745856,0.39980672497855785,0.2750145802789416,0.23764033945187388,0.2675121102506158,0.2711791836551716,0.22270685655434977,0.26244618380901363,0.24185229759460206,0.1786562338863535,0.2000460711103914,0.15826042704053717,0.35282064713327665,0.2866957929204919,0.36707455729514493,3.3228625619391674,,0.17710314890053142,0.18239705866233177,0.19058022340006026,0.2847898841270365,0.5787800020986601,0.3069442324696526,0.2660185812055878,0.2976285262418256,0.16647183597539644
2023-02-09,0.2878546425524974,0.284688434324685,,0.45961145078861787,0.2944641271627169,0.1980122804066799,0.41267773327743745,0.2807478160613485,0.24656470969001817,0.2747507030539179,0.2963655004254615,0.27390430901584434,0.25609341583528833,0.23829938418419855,0.16147244812856934,0.20807045003385374,0.15318309065357108,0.3661118572490157,0.28957063328947985,0.3482187851945081,3.2948240990159543,,0.18019214266759523,0.18478011903021488,0.18736956051793854,0.28988547214710025,0.3573124210568353,0.3134898120671253,0.23910288493909687,0.2924235903770699,0.1799596368682824
2023-02-10,0.2836498599870649,0.2767188049052004,,0.432129664349257,0.29117154305385556,0.20002893530708185,0.3977235190343871,0.25470436038965993,0.23265114431335576,0.2676078656576106,0.2917552964416266,0.2603183926251979,0.24306691358711185,0.23761483824500196,0.15579694952321627,0.20181303172362883,0.1348471899195784,0.3564161793995642,0.2911364608685701,0.3504105178461663,3.616864369778829,,0.16955007941025435,0.18719720902082054,0.17315481866939952,0.2889984725689478,0.3487312309308691,0.3019565655343098,0.1798056756101284,0.32837402957344713,0.17736850277206898
2023-02-13,0.2920663545129879,0.2822780428413894,,0.4391592974906431,0.28670628390220204,,0.4014515100207991,0.26279789418881555,,,,,,0.24951500110507938,,,,0.3672858125338646,,,,,,0.18787869828547402,,0.29505115642683355,,,,0.2981220090806747,
2023-02-14,0.2744128522135884,0.2631476632045624,,0.42763839997166486,0.2860989879685169,,0.3788131309797523,0.26485727000801795,,,,,0.31609934685014024,0.23621611896907824,,,0.22622965696544942,0.36744274617837186,,,,,,0.14961478615199347,,0.27974228269097884,,,,0.34776122574305596,
2023-02-15,0.2659644726986288,0.2575555005061697,,0.4215445001696992,0.2802626381762221,,0.36706350906200486,0.2620924724354562,,,,,,0.2599165901080487,,,0.21011166989249955,0.35202813983116205,,,,,,0.1298084789110057,,0.2686189455924048,,,,0.2840897791925909,
2023-02-16,0.2747581463565625,0.2670830810151064,,0.430952743282695,0.22621429846400629,,0.37691884525314784,0.25742823816153854,,,,,,0.24819496845377204,,,0.20767896215497733,0.3423869303980067,,,,,,0.13602079059104372,,0.26855513021558064,,,,0.2720378692800227,
2023-02-17,0.2559728379603466,0.2581824590508186,,0.4348726232166971,0.20751099444470103,,0.3639515314553376,0.2595661075834517,,,,,0.2165058645091265,0.24181436495587452,,,0.2203462493674895,0.32576362975050555,,,,,,0.14000672784569096,,0.2627131677168079,,,,0.2916636667612272,
2023-02-21,0.2755062555685736,0.2888562018088855,,0.4667681513013462,0.22969911412241628,0.2469134522905618,0.3887402135012556,0.26811471463225967,,,0.3509018270237905,0.23259017091888212,,0.2685828952937875,0.20451220931175887,0.21178707351070508,0.2288853922837927,0.3521531813993548,0.34854989576022755,0.3585324909304182,,,0.17232955361451893,0.15467281752651113,0.14658101260001435,0.2760330422962913,0.3504611848028082,,0.29824032332546474,0.279589160900258,0.21631616529034597
2023-02-22,0.2737885658332826,0.2847122830598594,,0.4652496311501252,0.23233846954622717,0.2410389750783958,0.38457694063702225,0.25660927300036473,,,0.3381138391549082,0.23336780502649077,0.2539372298897709,0.2200197140596885,0.19280290706724407,0.20669443718429284,0.22926731200108122,0.3444519031960857,0.34561387524891685,0.3449608838715305,,,0.16733369024843867,0.14803572031352083,0.14084863514635898,0.27338572271795597,0.34255999587878216,,0.3000408576488102,0.30041768679636155,0.19957839648834694
2023-02-23,0.2577908894179448,0.2667917453276744,,0.46247497986021086,0.21643643307067612,0.23222067436243926,0.3691617122764894,0.24883249815853642,,,0.27631446645926766,0.22247005269127793,,0.2164677452021392,0.19304500015729495,0.22392815355765458,0.21647293638234802,0.332386993064662,0.31758474358360994,0.4005253349855973,,,0.16079215406113725,0.14264038644052,0.14248125230666397,0.25826781615568645,0.33904459873542997,,0.28713579813904627,0.26514132176329097,0.18044025381387652
2023-02-24,0.2578690395372601,0.2787304812195162,,0.4892371958058458,0.21261589507320672,0.2240543494050885,0.3682682361173856,0.23686856643351198,,,0.3118068202043073,0.21912399706806593,0.26847378126458615,0.22366714510353913,0.17630890891194506,0.21072127393484671,0.21670861243398418,0.32431496396836645,0.3162647474789446,0.36995517909804654,,,0.1592373969282065,0.14188050432781457,0.143933061861748,0.25685266363883497,0.34014299765424644,,0.2853666069757772,0.26751164945448147,0.17707699762585508
2023-02-27,0.2576197937168952,0.2823010202104304,,0.5161943425364589,0.21857984001823094,0.2317739642633828,0.37297958808553766,0.2609190189428337,,,0.3283240695634196,0.22360303607360077,,0.21352437924076367,0.18060774091383766,0.22163520269929254,0.2172235287218394,0.323841038477515,0.34724079069857616,0.3934874420855944,,,0.15989905196618404,0.14019829256306043,0.13814694285657567,0.2639795533082108,0.3534081935819754,,0.2963935360203503,0.27876821361330884,0.19392780575436602
2023-02-28,0.2533599969482828,0.288302199923348,,0.5516459243694637,0.2013628094812176,0.2357769750585098,0.36776140697325377,0.2710860990122246,,,0.3298292401160733,0.2133046662966043,0.3088341085662633,0.21332642398957224,0.18229477065944552,0.22875915737842425,0.217621176808772,0.3191361870176305,0.3709490234652929,0.40024607075421026,,,0.16398396278046073,0.1336539275822892,0.15957482960776215,0.2553254364187125,0.3526303760231948,,0.2884966008305132,0.287032258710662,0.1739610164747216
2023-03-01,0.2565539479673142,,,0.5421607182147901,0.20948320727700206,0.21979592099088616,0.37823519623894974,0.2518883177998287,,,0.3441656069468073,0.222626851232015,0.2845707504441305,0.21094271467427575,0.17716801677571628,0.2115669685839177,0.23107087130298043,0.32927965827722333,0.37325824246878175,0.41207426446421497,,,0.1581621049260647,0.13887461604908355,0.1601593627101632,0.27236656491297767,0.33831229793965173,,0.29371064364181615,0.2742914799891124,0.2248043321584215
2023-03-02,0.2512613508591809,0.2847373381967238,,0.35333850944341316,0.19365968792232335,0.20323884438886197,0.3650467399633702,0.230319936460833,,,0.3932620958710636,0.216272237851974,,0.19445756301593328,0.1629142501016712,0.20566618844026094,0.2280391578948837,0.3426803677869413,0.3086331655513507,0.42396525921960165,,,0.1580898554727821,0.13149920580660457,0.16357195079018064,0.25603621831513934,0.31372724718475803,,0.2701988100698328,0.2804463139835515,0.18871809495872763
2023-03-03,0.2368923022258731,0.2658991504320455,,0.3276480600906174,0.1866226474129933,0.2012088113766247,0.342210695504325,0.23047936339293476,,,0.2580439571879467,0.20469016367197468,,0.16732852547062593,0.15943257147750295,0.19459297043585352,0.22328201155171576,0.32632199061779155,0.40527716040743966,0.48442931545833484,,,0.14712240139770735,0.12889150656695778,0.15685151978585146,0.26692030182494253,0.32333086787624693,,0.2677603454382011,0.28409775164276996,0.19534687849883456
2023-03-06,0.2680532924667619,0.2780456262433873,,0.34351035826988313,0.1963378003725494,0.22688393861975334,0.37564021451921237,0.24037202993696546,,,0.454159495566665,0.23221943243831913,,0.1779341713650867,0.17960088101895463,,0.22986066250230786,0.36576684326776576,,0.5349039095208367,,,0.15222462058502842,0.1286136993459964,0.16582355881121882,0.27795621382666075,0.3537252551063338,0.1431121749093933,0.3208967187902943,0.3046439563761498,0.22102852137897927
2023-03-07,0.2324442691825476,0.2464341391144037,,0.2942409431479946,0.19875046110149247,0.21699873859937835,0.3766904216395668,0.24524650187170294,,,0.28277034467820605,0.19437382784298074,0.19218545815722657,0.19127093791232108,0.17719907424230016,0.1736661349781552,0.21333358662577043,0.3255525996565949,0.3181906532805655,0.2590644278513323,,,0.17342135289892371,0.13434579582446904,0.17687777462477416,0.2869968155745566,0.2871340372795673,0.21587385081171312,0.2394025136704205,0.2698672976451886,0.20692470056701187
2023-03-08,0.2312011128540758,0.247227179968412,,0.2908836616343773,0.20724137621189054,0.21967194755522926,0.37363784785356763,0.23713448562403577,0.3549126356880242,,0.2786809224854916,0.19601151559567415,0.20250856292417302,0.18751539462967137,0.17481789403552472,0.1810760408709006,0.18609757553550127,0.3180167281437274,0.3164860738075073,0.2596069555380249,,,0.1728758981603429,0.13170174071612803,0.16647245026173543,0.2881471184369001,0.2819060521128872,0.23195447704234542,0.23405560685139934,,0.19867321240336708
2023-03-09,0.2471816777728894,0.2632588170196406,,0.3063391000481235,0.23254104898702477,0.2373670949659742,0.4210964601874201,0.26164466587661134,0.4129198006493133,,0.2989409840871142,0.21312873647245534,0.23598868433696843,0.21198640705791244,0.1899166876071072,0.18571953032305344,0.2264531637878071,0.32552745362591495,0.3309358862039878,0.26135237053790156,,,,0.15969131353748672,0.19260674879898082,0.3188647563458021,0.29700592370810963,0.24253118477856694,0.24551182031048585,0.27162963660330425,0.20376257398024716
2023-03-10,0.254583367409349,0.2762627099855073,,0.32414320410829534,0.24838447425052634,0.24594202355707734,0.4273082804989434,0.26386503935218275,0.40080284674704425,,0.32376516661553745,0.23004752418536764,0.25189701760028405,0.24472309740902898,0.2093976546314685,0.19624740698570395,0.1999041555204271,0.35440444009193783,0.32565863216589586,0.2765661278520752,,,,0.15722541372499066,0.20949626904940397,0.3400643381856816,0.31286158730590174,0.26049638640065353,0.25704931555915933,0.2872853733626426,0.20270756028568432
2023-03-13,0.2629477771479207,0.2894778256475475,,0.32794210052494926,,,,,,,0.35306952769007033,0.2383799453591986,0.2661252023396982,,,0.21339471518582465,0.21608552671240408,0.3642556114295515,0.33558256053995966,0.29237076968135906,,,,,,,0.3275203575014486,0.2655837459759787,0.2765332510107553,0.29918843294505426,
2023-03-14,0.2428005882501039,0.2546763389530398,,0.3098484880923698,,,,,,,0.3213264614791686,0.2116957583441715,0.2563616290841076,,,0.20878172196516104,0.2014151475306497,0.3597567457119045,0.3185611538857277,0.27839924028868573,,,,,,,0.3053388809060043,0.2505139659258781,0.27050151967483793,,
2023-03-15,0.2500044849758631,0.2818135658345846,,0.32281377500086955,,,,,,,0.3451701040262256,0.22913486749058384,,,,0.21536801427091676,0.2139638786149475,0.3798692747544225,0.339214522161923,0.27793297476019324,,,0.19020735263066565,,,,0.31691563717459525,0.26014601885215105,0.302713568940119,,
2023-03-16,0.2372425678675605,0.2648294155906308,,0.29852335196569474,,,,,,,0.3063980049911954,0.20694402672059,0.26806762219069885,,,0.20648358373856468,0.2032616282694095,0.3477762135014475,0.30669577110549134,0.2569493778266424,,,0.17215560031697513,,,,0.2939081378468404,0.2388453858998836,0.27869443961348017,0.2935154525178457,
2023-03-17,0.2500330772193071,0.2845368489278425,,0.3097692526709212,,,,,,,0.3400364386054728,0.22279675918240716,0.32618009975269596,,,0.22509266533319852,0.20700604605332382,0.3658921799485942,0.3169302341447719,0.257137874358912,,,0.18220516826746525,,,,0.31202659645919717,0.2523591782567292,0.27930951887967626,,
2023-03-20,0.2480576913653431,0.2715249553706803,,0.29903588374107104,0.19993368965167052,0.27637586848089496,0.35216499795593686,0.17334507804069293,,,0.3071048449387966,0.20839781774988297,0.2945294198117152,0.2375854682268454,0.16930828330224684,0.2122081639442247,0.19601726410033615,0.3544829741184697,0.31502874382960505,0.2617842800780684,,,0.16777500631253814,0.13306819985893922,0.1560071232616127,0.4376622321954585,0.296728114044761,0.24600957776996643,0.2730813779251338,0.2992098750335387,0.14828735746745925
2023-03-21,0.2345052468841593,0.2561398584134772,,0.2987235583724309,0.1461125820696283,0.2680661878962581,0.3367129255785312,0.16314514734251453,,,0.29058822988519645,0.19457236306830827,0.25953038100946363,0.23656818083074355,0.16439906621838624,0.20387845747000818,0.19163480798323473,0.33485259968289816,0.29554995239988546,0.24689045377747912,,,0.16406378697026136,,,0.42356704915589605,0.2865238134951933,0.2354655163314166,0.2546758180758811,0.2650909169394581,0.14037075666611254
2023-03-22,0.2436495520660041,0.2659456933294655,,0.3031366019638644,0.20591475127496672,0.2642721293245844,0.342153393307059,0.1699115439275185,,,0.303858686862286,0.201458391911033,,0.24062262871679482,0.18012384284275432,0.21155481834143652,0.19954918037057304,0.33650394547259965,0.2982550766278629,0.24129619060905902,,,0.16383920623719667,,,0.2646604146290361,0.2973141555062132,0.2315639741916315,0.2569708346680622,,0.15046849710036
2023-03-23,0.2413550047578063,0.2738742301295803,,0.3122800615556242,0.19246415877348433,0.2767978853286357,0.3462684183472796,0.1709038919243832,,,0.34486671108817274,0.21394283611656692,,0.250272017329474,0.1781034573268897,0.21287545148323436,0.19337174551707811,0.33688683628852806,0.307711638981627,0.2401330720717694,,,0.1755992162340476,,,0.2826650380694094,0.3000830331453738,0.23523824373471325,0.2624489727512239,,0.1480521880917969
2023-03-24,0.2419453584261937,0.2754293360330183,,0.29956547773594294,0.17012716990313534,0.2786813144281191,0.3388751798180016,0.1605361299033156,,,0.33752049111755755,0.21124732491353646,,0.25241821776406154,0.1760633415055866,0.20963280998482328,0.19077350491542702,0.3296389055319606,0.3034625574574742,0.2410912219741645,,,0.16686035238862182,,,0.271365292935765,0.3008460244338224,0.22958442931916548,0.26091734350727896,,0.14631469671148842
2023-03-27,0.2376003802140789,0.2893501154098529,,0.29162902431346305,,0.30325648385808773,0.3354980073212445,0.14094575778572385,,,0.3192664864834032,0.19765443831554505,0.24834026231637535,0.24831298108100117,0.16780153914951942,0.19422719261427546,0.19108404688791697,0.3135865783079882,0.2953362748658917,0.23490386014901143,,,,0.12802963993637625,0.14251660289587129,0.26081104191263965,0.2876953154170844,0.22606679834905197,0.2504878353478882,,0.14016581387234936
2023-03-28,0.2243770368679973,0.2457808212036093,,0.2898431666820101,,0.30046153236766954,0.3288541124130189,0.1373259648178668,,,0.32410053685018864,0.20265342514733656,,0.251462749498568,0.17474919129328,0.20142585927275322,0.18718215088808196,0.3195229870771046,0.2863954777410138,0.2309735923856965,,,,,0.14590422914364212,0.254336987633791,0.2783582867182098,0.21931897649799548,0.24520665307096323,,0.13670339747425778
2023-03-29,0.2162092128539151,0.242640231275343,,0.29072776738611517,,0.3016091520361718,0.31392004073617025,0.115501151743036,,,0.31705725916779626,0.1859923042865417,0.22874231092197814,0.2484028341150649,0.16960983308215352,0.20232429727885692,0.17829392140347447,0.310950197413468,0.2739630029103293,0.2244534312097769,,,0.16271497702955906,0.12202357407412785,0.13570473404922478,0.24590165773880887,0.2735883849705381,0.20853505337893893,0.23198573780480927,0.25008606945242795,0.13138054356319023
2023-03-30,0.220438558237988,0.243074692622091,,0.27499917988775485,,0.29866190225234557,0.3153877410588249,0.09680115422850354,,,0.31226036544937463,0.1902310911579497,0.24618079926638595,0.24810846183598295,0.1726311969988631,0.20000238824482028,0.1848865583922336,0.3250043229880875,0.27167817996322485,0.2238614999291513,,,0.15772322615190426,0.11991284850048249,0.1308558354632701,0.23773531155111685,0.2730872055630667,0.19916108747858377,0.22156796623067937,0.24694182654397853,0.13153686667451792
2023-03-31,0.2131150170679575,0.2376110309185786,,0.27357052537228155,,0.29921953311081373,0.3024370716677919,,,,0.3003448384846241,0.17399757061430796,,0.24494165769519474,0.1641646805995015,0.19048325760684592,0.18410529202560622,0.31373691149505434,0.2674341367648742,0.22825738910354115,,,0.14662133489546156,,0.12373514029570327,0.22778282617198475,0.27152076205309666,0.1993144951151384,0.21479668949815123,0.2560549454815785,0.1347966865668427
2023-04-03,0.218307002907772,0.2424595942673568,,0.267949774508266,,0.3156032169452915,0.30745165058782886,,,,0.3051980385217964,0.17686539604460783,,0.26659982911333213,0.16380266776116456,0.18536956173983868,0.18279624426574512,0.3197030719653448,0.26717086576475924,0.24287647149297742,,,0.15914090274693396,0.10934410235887942,0.1258570807559781,0.2287970465380107,0.27600098647102744,0.20760392254285742,0.2316543711232346,0.25239052236360326,0.13532213000215323
2023-04-04,0.2242799581099258,0.2473761072291549,,0.2674267477643743,0.27546991537760007,0.32606225561642044,0.31340038089279904,,,0.30077500512457883,0.31554950653842906,0.1819336181793238,,0.26282905969243797,0.16921062750104574,0.18219119402472797,0.1898914182229935,0.3275639306577274,0.2806689242192722,0.23257547072250292,,,0.16755075600595984,0.11290115546798461,0.1272085780446387,0.23590378907361195,0.2719579673074625,0.20681545694996864,0.22933726498780735,0.2536492166286138,0.13475735211633655
2023-04-05,0.2392252130395077,0.2346807448820859,,0.26638922048013175,0.28924134299731896,0.32411151587419007,0.31488760803638005,,,0.30108188642706946,0.34404334106761353,0.17879062519418892,0.26018635815787,0.2929729678300954,0.19171409760538882,0.18768256794102484,0.1929945198479045,0.359892396191654,0.2789258477622873,0.24869197167030352,,,0.16874493482946293,0.11467822520060202,0.12663089126357696,0.2363952888069154,0.2687265806100308,0.20146934267679448,0.22507237689423176,0.22760526128802297,0.12762534320158572
2023-04-06,0.2360560198116344,0.244339573325773,,0.274074255901825,0.2536648948874707,0.33352623815231675,0.29334826638964673,0.26748912417729764,,0.29614930403930445,0.3319897777348334,0.16455436967773093,,0.2715445144549216,0.1886139347660773,0.22121485846532923,0.19859437727888343,0.35965785127081856,0.2619447251377568,0.2487986710707994,,,0.15789474715694446,0.11142822889257982,0.16361534436916156,0.29435959889885427,0.2620424358397548,0.26529850758135715,0.2814643824004041,0.29537914294271417,0.12201312117388713
2023-04-10,0.2445360073313986,0.2544488436230344,,0.2783139956802196,0.31397579845834794,0.3770100249931001,0.3182892219032043,0.272779087632746,,0.3023212992661673,0.3698830208744986,0.17108066056122662,0.23245739946665825,0.28706035347542536,0.1884153354670347,0.22870311226796838,0.24086863366358077,0.367368858641157,0.2668534174449346,0.2637808326182662,,,0.17375945068291426,0.11793281428417528,0.16740895158749064,0.3017626245993647,0.291765529336959,0.2823691881140837,0.29433402957834154,0.3039140861434132,0.1343222853075602
2023-04-11,0.2408311056079021,0.2524102109015257,,0.28027645684618796,0.27753424861877957,0.389455024412194,0.3277597801611884,0.2914595221568642,,0.30356271443794636,0.3830365064742427,0.17056075615448937,0.2269799701435951,0.28676657244227016,0.181192614920252,0.2261770541240712,0.20968936365902288,0.367336043924354,0.2733916906350304,0.2589067240353861,,,0.17892591395970656,0.1233863206271871,0.17153298240903087,0.3023978504888818,0.2874944542231941,0.28467167118956754,0.2814863154678881,0.29736484513819983,0.1407772095900132
2023-04-12,0.2363293626166694,0.2442141031643413,,0.2721023729982917,0.30090145543063596,0.39611319670036527,0.3364658407004199,0.28392408662976004,,0.3068392169372379,0.41469818142425247,0.17319169179966687,0.21873375871392725,0.2847629022532462,0.18557070393915892,0.22949724146005526,0.19417482068089859,0.3663403179775355,0.2695057344461487,0.2632208706917747,2.977268404954411,,0.17708151410130324,0.12328983722556205,0.17063671289244992,0.3109182000846339,0.2770212287168744,0.2800376107088454,0.28095412099526496,0.29417545744307566,0.12556517656327354
2023-04-13,0.229474550402345,0.2326614761455183,,0.2569039941552945,0.3583051067546366,0.40450467686090175,0.2956031414147814,0.26964833118323245,,0.3019385351183752,0.42227207375582093,0.16710540838849178,0.21242310518503174,0.267982637180367,0.1837072984769884,0.22738960954148227,0.1993486475308536,0.34690797966264486,0.2626758278234573,0.2715487552227224,3.3413649520038615,,0.16528471121186397,0.10150895602411981,0.17026649231548824,0.3122377254655909,0.2720180027077607,0.27529601925711467,0.27827237786028786,0.2936553662876987,0.13408115808400953
2023-04-14,0.2219809599749333,0.2051363706139213,,0.2501243575457453,0.3211278931524547,0.40404830453368357,0.2775506198673643,0.26988671101458683,0.19888740585251988,0.2890494538062629,0.39612958761862355,0.14267486057311973,,0.23667244326335768,0.18458189687549312,0.22769094259758046,0.2030449661616144,0.3341984696587833,0.23801518255852588,0.2704845583420173,3.528598165086919,,0.18312886950173599,,0.16535094828878655,0.2965812555747347,0.24764873008228958,0.2685334730604698,0.27079376275991346,0.28379734612492036,0.11460548937849818
2023-04-17,0.2249122858096886,,,0.2461396784450096,,,,0.28280139038017527,,0.27792053120028803,,,,0.22354031444403166,0.18801293670935987,0.214870599858909,,0.3331780436824475,,0.27169782825390076,,,,,0.163385914505205,0.3044159267242085,,0.2730652485471386,0.27780226493703297,0.2936330507685634,
2023-04-18,0.2178017627758849,,,0.2462769278163222,,,,0.2886844134435123,,0.23776690055805275,,,,0.22457559600392374,0.15533491405692879,0.21440760487059166,,0.33595686080110143,,0.26749647002779753,,,,,0.16047102922781217,0.2988282654596687,,0.27528841403520327,0.27672165421586736,0.2835511932288979,
2023-04-19,0.2231208676820987,,,0.24129790289075903,,,,0.27105240380872303,,0.22662257906886835,,,0.19130003684981142,0.21752458946573186,0.15164376621171965,0.2100634089424759,,0.33647127335213584,,0.2649277907390406,,,,,0.1581197459407391,0.2982344044436797,,0.2791085478075948,0.2690021311714874,,
2023-04-20,0.2282423837800646,,,0.25010440179700655,,,,0.2739554569806743,,0.23336799116318277,,,0.18517485197283337,0.2071895342064207,0.155737118146382,0.21069798046639354,,0.3341900309788164,,0.2613057659304575,,,,,0.16018789000567166,0.28268558752853407,,0.2847234357858991,0.26357712362390645,0.2993842096508155,
2023-04-21,0.224029643256821,,,0.23715932565852316,,,,0.2593886344591858,,0.2421161382473549,,,,0.19633517615603596,0.15175170156492288,0.20061205563924558,,0.32343135010135043,,0.261230089261236,,,,,0.16078156655008177,0.290844275785022,,0.2878288992934839,0.26219262489433987,0.3365494179129765,
2023-04-24,0.2304683304131888,,,0.2419770116289003,0.25472123706908306,0.11743398306377772,0.4151947109717911,0.27138813257078215,0.19132708759992217,0.24787988252160406,,,0.17358079704377102,0.2058858217405387,0.15763391518095599,0.20982888444262696,,0.3236260406486236,0.33539470477888905,0.273130484150157,,,0.1448064608976852,0.1351231140751995,0.16010097938380605,0.30208170484496927,0.3792144802261653,0.2968473676143585,0.25812883515988994,0.3201170026357907,0.1366692543461038
2023-04-25,0.2488058436413397,,,0.272651847597507,0.26766857192486787,0.12865324353768745,0.4354600373822342,0.2214523252815716,0.21570564712808335,0.26994435934803546,0.28555521947823226,0.22836593090409946,0.19065125651909062,0.22092090747075216,0.17370080133225446,0.22948178440649927,0.25970457952767223,0.34504552415661877,0.3596053416226476,0.28487665432192955,,,0.1627205728886564,0.15144953734500613,0.1390123201756686,0.31827427793537627,0.40460808178622154,0.3139131684940149,0.2811663293568166,0.25832663926124455,0.16206094187322415
2023-04-26,0.2452598260305901,,,0.26389283124718765,0.26792622885267076,0.12891650291627338,,0.21861900903220624,0.21404191151769414,0.27450504448303154,0.2793977546545511,0.1814547116385467,0.19473616707307415,0.22031199914685345,0.17183472590425314,0.23301377736619883,0.27713400511500696,0.3012585875133409,0.3673878597557701,0.27121263807484164,,,0.15723351028691224,0.14545018557652692,0.13709589731534932,0.32266593724689385,0.40112184709719617,0.3242289293388144,0.29705750519887514,0.24939477264233756,0.14700026042477285
2023-04-27,0.2408212609345938,,,0.24829371031932604,0.2559975475089682,0.11493541670801967,0.48775327990717604,0.24327464292535728,0.19309324731070254,0.25648245506274775,0.26623808354352296,0.16048352929616733,0.18467010209023976,0.20854520268514704,0.16319873985655528,0.19245546991032642,0.23799161391329493,0.28069926821136837,0.2581199308243219,0.25716194874314435,,,0.1521449473096559,0.13507541652508992,0.1286335926611907,0.3110344827003864,0.39845746897598294,0.3070440391615782,0.2861027360739884,0.23560498189838672,0.12651186271656875
2023-04-28,0.2419924406644212,,,0.2376076358860688,0.2612465605688921,0.10210979497514604,0.3031988785563207,0.26022183906325896,0.17928598488083167,0.24794803491438092,0.2639592904462299,0.15264718650509504,0.17417521821834525,0.20413304024462905,0.15336897853519146,0.1805137464699585,0.2228829649903128,0.2650189717990332,0.26410348187008353,0.2547068205634133,,,0.140515405799147,0.12818472512785978,0.12009745336833182,0.321972345343498,0.43698551503524513,0.30290598440323535,0.24477596714997846,0.2699697328778914,0.14517858951435728
2023-05-01,0.2694107942536942,,,0.24678496336136285,0.26523536656959656,0.09921768453018658,0.32569880719895905,0.25374579155745963,0.20370142800170188,0.24990826579656078,0.2846300419552606,0.1545800256435302,0.18190122564061065,0.2090045425378558,0.1585903085236615,0.18686873977698754,0.2277077057191499,0.2836466225367425,0.2698627364397582,0.2721208948809636,,,0.14830029155429714,0.13206454792659159,0.1303385261341072,0.3446594015958146,0.4573680743543019,0.327380185921708,0.2583522518086778,0.251128662989685,0.1502734992652476
2023-05-02,0.273269953417614,,,0.260897377427533,0.2876224291588628,0.1102852573359418,0.3220148888935085,0.2465709317455115,0.23038808746019185,0.28060728700362086,0.30753925841096386,0.17601225817235067,0.21157123483014476,0.22606137822529357,0.17664657388973132,0.21253746086208813,0.1159859789999063,0.2867188813930057,0.28356072511375996,0.2661836646594824,,,0.15557168252776246,0.15241406790700415,0.13730167426164333,0.3598221860725534,0.4580551947606938,0.33975612685427276,0.2501650259317616,0.2507753182139239,0.14930141792816845
2023-05-03,0.2370049121034051,,,0.27051173195864747,0.3005791457266048,0.12912356095617045,0.32780470044600923,0.2587843856670215,0.2362063742413767,0.28014333663852936,0.2926359789284618,0.193330675416269,0.2349621005285014,0.22514273293145853,0.17634502128636872,0.22116580780926262,0.21898056601420082,0.29192879452996756,0.2964914227962974,0.22266171687727504,,,0.15753159596983668,0.15222827619222637,0.14355261177943812,0.36198162668780876,0.46322620659230934,0.34738441217490684,0.25947193087206827,0.25714816927305495,0.12909248723325875
2023-05-04,0.2514553222786752,,,,0.3250642680183676,0.13709343273757799,0.322127443219057,0.2479055472445911,0.2538393017490104,0.29955429193989674,0.3182286691064466,0.2038467005426885,0.24733688186748054,0.2624006981473295,0.13934832217795137,0.2280391578948837,0.18279361723986573,0.3027468933823133,0.30208511197530763,0.2296228536276331,,,0.1819356969347204,0.1516172766727836,0.1483259378938151,0.3595241461673449,0.47989207345602386,0.2728620538780731,0.27197394695063126,0.25899523891158605,0.13258352216156247
2023-05-05,0.1898594752766748,,,0.24949272019430557,0.29614376232825956,0.11021701597082059,0.29147621429205384,0.23811845961378342,0.21573128890634094,0.2545732033166148,0.27620460184933493,0.20398983184032746,0.23074290639524564,0.24904111380032287,0.12860712952124068,0.2024494676015829,0.16727112124920365,0.2811766236261514,0.27052653241679403,0.21728775295700256,,,0.17240897785196854,0.13636381170049322,0.12782322701131285,0.32656521529180443,0.49256431804496287,0.25009710203888214,0.23303539643958315,0.2280678479832925,0.11561996683434532
2023-05-08,0.1845190498706169,,,0.27286901927162255,0.3302785061650358,0.12783575971524624,0.295275194085448,0.25874824573986227,0.2022695469375086,0.25269851376690644,0.2825204667516336,0.20084390597536897,0.23928646434952522,0.2507988856907099,0.12676913469529646,0.22391793736133883,0.173727695894529,0.28897008968398874,0.28472317172943673,0.21666089964124075,,,0.16967591614208757,0.14726969813903612,0.13455109410858332,0.3748856333898681,0.5296558882746959,0.25814994961368837,0.23678405397485136,0.23806079670923982,0.12061718008317437
2023-05-09,0.1849994235883956,0.1839882217870407,,0.27303970982675213,0.35210055962006515,0.1760466623145857,0.2893592549118753,0.25221521084478193,0.21090507402023445,0.2548861518243067,0.29084473904435376,0.20559615766404996,0.20082048143970288,0.2598923672429993,0.12694723614019385,0.2199006669707225,0.17129386478194433,0.286692955801297,0.27522065535454715,0.2169752620710331,,,0.16841995156283096,0.13944271272818246,0.1433038405138906,0.3736561123753989,0.5489397925454979,0.2527157216405345,0.23200062186063677,0.22884050124234426,0.12774085747453773
2023-05-10,0.1754839824200913,0.1688925081241624,,0.24461075033634588,0.3578132660188628,,0.2809541460601976,0.24268529092690413,0.19408115842482423,0.23041535750369668,0.266793539634614,0.19736728176365984,0.2665088645520331,0.25916356373962585,0.12329666902268674,0.21039264038523253,0.1664943815627667,0.2809130384453459,0.27276370962576024,0.2189216827516742,,,0.17115187013790606,0.13854216395636762,0.13288957539398846,0.36584567801351936,0.551123101068962,0.25215654423910255,0.21810967539404608,0.2167286782448598,0.11635367890219178
2023-05-11,0.1782223132754648,0.1640460878100426,,0.24225173775350334,0.38595286330339673,,0.2877584018535643,0.20382327736422245,0.19127146523227664,0.22016294108248396,0.2670739628103343,0.20321698378993278,0.16036517027597252,0.23759126238982978,0.12157595928989322,0.20073619067389842,0.16488818082636436,0.2768622945100546,0.2628547420549428,0.22670039380839693,,,0.16550395924342984,0.14531877809034546,0.13007386312945948,0.3327855332754314,0.2697888816185506,0.2525934782931857,0.2062990421853837,0.20555478257187207,0.11099425230036279
2023-05-12,0.1798131683643827,0.1530802889772603,,0.2352021192431719,0.428059951751692,0.15196720750533355,0.27733554490933665,0.2528737782529003,0.1788035595662389,0.1891214558033434,0.22982192640704988,0.20266866371970751,0.22056550873408362,0.241700423823591,0.11880440111582129,0.19985264004080672,0.16174227483588946,0.27660359656392675,0.24859991729970074,0.22581793159005792,,,0.16743091733611257,0.1430512549275213,0.1254509848548407,0.2992422451394605,0.23346325860693556,0.25399985547919424,0.18372727239307807,0.19656986703757354,0.10526278830961934
2023-05-15,0.1766305680477048,,,,,,0.2823062555886737,,,,,0.2032989588399184,0.23672556594806252,0.25121661122149946,0.11808214951277755,,0.15731838929332384,0.2681828535905451,,0.21797789721054237,,,0.16536068454303748,,,,,0.256194475323528,,,0.10246483181189656
2023-05-16,0.1808263054787037,,,,,,0.27987558036345545,,,,,0.2087173680627953,0.21640502187476546,0.24390185934477582,0.12807275039688312,,0.16728435589323196,0.268819809366368,,0.21085375562275532,,,0.17273037073089528,,,,,0.19585705294569927,,,
2023-05-17,0.1728678156922013,,,,,,0.2713870563991712,,,,,0.19847257254693337,,0.23964540266135662,0.12047603146335358,,0.19543798430288445,0.2561280782196058,,0.21768464052333758,,,0.16874475132291486,,,,,0.18794117417977413,,,0.09846086731398167
2023-05-18,0.1690785182038148,,,,,,0.27390316356995054,,,,,0.194507737653694,,0.23037954086687376,0.11850552300688462,,0.18442780822616317,0.24949100642742564,,0.22672700807326684,,,0.160337927578557,,,,,0.18881692654922322,,,0.09362749189378414
2023-05-19,0.1690856992433063,,,,,,0.2735661856640564,,,,,0.19913420196043805,0.21911527858716365,0.23030266511391304,0.11667450552349079,,0.1758184942025691,0.2534903525991432,,0.22879915889181396,,,0.16083891807260475,,,,,0.19089788497598614,,,0.10199976225171406
2023-05-22,0.1791505356854744,,,0.3833752834273628,0.1617225907799745,,0.2788085206932712,0.1862191656178317,0.19464266065480154,0.18791915532903855,,0.20243238946380948,0.23432116074749346,0.23943070538822125,0.13490018734577697,0.21843696358793974,0.18083854837183322,0.25614601180210445,,0.23060377919900996,,,0.15677962852346222,0.12752543458329868,0.12307793220719138,0.2649676006608248,0.26096945231644575,0.19216611401672107,0.2413438684767843,,0.10796978516858478
2023-05-23,0.1897725554915273,,,0.3941838009455636,0.17588722788675548,0.15702149724591058,0.29554431188859875,0.1961274418940963,0.19839354860009115,0.19195046836259672,,0.20339552926651755,0.2261414378372371,0.24191862109912157,0.14100843162319715,0.2329175057879332,0.18681113373467395,0.27955517359395,,0.22886086953240345,,,0.15732174034409385,0.12794424113319502,0.12084308787743815,0.2578050117204686,0.26465170728210036,0.20286268953994938,0.2580154174041957,,0.11476850353274722
2023-05-24,0.1971894786046725,,,0.4211074241228028,,,0.3054074926602548,0.20702923844732332,0.21279811975754134,0.20819770363579437,,0.20874122030723852,0.2085340598869692,0.2620723658513049,0.14720762949399788,0.23260865192789174,0.1902198662020364,0.2936236840267455,,0.22904543131517413,,,0.16173621825740578,0.1347625939887855,0.12356702377764542,0.26476987383649647,0.2740049030635053,0.2141194242774106,0.275877917815583,,0.12607077910719316
2023-05-25,0.2104343699141519,0.2234845120100776,,0.473414094360986,0.1609845735653313,,0.3186767497093337,0.20252766064484445,0.20288553608721563,0.20271778507849486,,0.19709645124982111,0.19710563603845088,0.2455017644606468,,0.23124408188164447,0.1943289962596373,0.28711201436308503,,0.22449775911233166,,,0.15979250910847909,0.13211806732054984,0.12281145798819709,0.2600562877353768,0.2694670101428439,0.21361209197286826,0.2673374838849134,,
2023-05-26,0.2089899791809063,0.2279013396321701,,0.4971580574090049,0.17523021121500518,0.19336866231424618,0.31445337695006237,0.19654329399924786,0.18917123462196095,0.18930852393077796,,0.18725149061395138,0.19146308434387915,0.2503650812154236,,0.21981555634818198,0.18955220403564754,0.27304469997409286,,0.22171036510366943,,,0.15338254283729894,0.12460496912991148,0.11343450054630211,0.2536536378074903,0.2606576553079783,0.19657796646234885,0.2523035942052757,,0.10995395299880127
2023-05-30,0.2297792076139273,0.2340745658400921,,0.6077997552849695,0.1894887974768101,0.20099816858723143,0.3321492745296146,0.20749087504049818,0.1908006388362843,0.19081656413910736,,0.21253735317271605,0.18666391218587688,0.26977926982667,0.16546100597742106,0.2329288123954444,0.2018132152648768,0.28414391138657336,,0.23740994329604567,,,,0.12962779552885986,,0.26482360037526737,0.2716102943734977,0.20840967450679565,0.26154340707215035,,0.11772148182337581
2023-05-31,0.2514443112563789,0.2387401269044539,,0.6981694485012867,0.18877998726058223,,0.326652110640719,0.203782409636366,0.1999560785117976,0.22910576725601253,,0.20886710487765495,0.18913441455993926,0.25944497259638144,,0.22809071836647324,0.19475271709023204,0.2764909144395452,,0.2267304254725801,,,,,0.11054452085367435,0.274454166435103,0.2700145956616282,0.25340802146876085,0.26212810967322303,,0.11737478825701596
2023-06-01,0.2338367210158609,0.2204613645944969,,0.3416355087747861,0.18179810062113388,0.1736724197695916,0.3074311496336211,0.19025210999198053,0.1756380457184133,0.21460377384768597,0.22657651774619722,0.1767438972542155,0.17322464761710066,0.198007267056519,0.1701240432303908,0.21039188918869547,0.21522971951863287,0.26669854072170596,,0.21038730350752927,,,0.14030831339774755,0.12586928737160735,0.09612635057509826,0.2913753472701053,0.24472732095462027,0.2353774664681609,0.2510215207102286,,0.11010826584551138
2023-06-02,0.2326396501480292,0.1982287145959001,,0.3155087454871467,0.18416913929830747,0.1589155300762812,0.2908463788604253,0.22854739442143684,0.16842210202594862,0.19630554971870265,0.2182630527021793,0.16748713007387708,0.1501458938272647,0.21111638627566545,,0.20333918218082697,0.19502326315781401,0.25609636348346865,,0.23868326027252143,,,0.12854954030497323,0.10973082732893481,0.11371725198994996,0.251230040698611,0.22853236323945209,0.21935076034414275,0.2511107219995561,0.23015905741441262,0.10943295588394077
2023-06-05,0.2375714401898328,0.2030025355225599,,0.3291327269569619,0.18279847644144293,0.1726043600258413,0.2983062764345987,0.24912677107241046,0.1815037508689635,0.21251693490635912,0.2214370050827236,0.18646323743012297,0.14179713524110663,0.27081843509380005,0.1634849621421901,0.21284087328471363,0.20541635093251745,0.27596612617698857,,0.24070806133762152,2.336426133528866,,0.14088098196152096,0.11806765228127922,0.11865374083589336,0.29541200590441646,0.25447693891570117,0.24170775052475893,0.24554307717032675,,0.11760864226937624
2023-06-06,0.2094329212522682,0.1843465903878196,,0.3322611387080892,0.14188520365663804,0.16066309939091147,0.26464399339343225,0.17447931485274593,0.1872235366873966,0.19625428343448706,0.23726793967434967,0.15473792857843538,0.17288401790201327,0.2941468524200872,0.1286020815492116,0.18092644871973193,0.17567752782119572,0.2811583536682621,,0.2304457932488469,2.4907193779515113,,0.14763582365959432,0.09605241291650057,0.1115970996059861,0.27664825919294855,0.25239963899197626,0.18135630749970105,0.228403259267718,,0.09565692685737434
2023-06-07,0.2259366536710138,0.1936714309769028,,0.3480635549979808,0.14039948956583628,0.175404292708142,0.28818371734277376,0.17772534934417122,0.17810292053618298,0.21492962219743525,0.23976521487771213,0.15762771993287983,,0.23096597211737163,0.12761119524009412,0.1824425195850266,0.16945415928914295,0.27513352883904413,0.3179476857359927,0.2587665034224486,2.931888956476355,,,0.09858104504245503,0.11041061115996022,0.2840789078040378,0.25484986229996665,0.1800594017887132,0.23805212094146716,,0.09368969448924437
2023-06-08,0.2059731079758014,0.1893122940313981,,0.33485211207152155,0.13387043814840188,0.1696640322192738,0.2742754119545932,0.16888841049321102,0.17765986944987874,0.2060507693069731,0.22837619371511195,0.15943553018262,0.19760904422538672,,0.1263458374241895,0.17448361010666755,0.1670737085231898,0.28744558456866504,0.29714384908108704,0.25594784248623526,3.047171445372827,,0.1397839659527243,0.09404685393321958,0.11095216139723871,0.29413622078116025,0.2592023512162795,0.17840416678227897,0.2323449043551684,0.203179057927598,0.08991004002999675
2023-06-09,0.1883525252993778,0.197239300898076,,0.39596285922108904,0.13773908026098394,0.1594088633187843,0.28205208531611997,0.16675743070141086,0.17838405604947474,0.1997254488216821,0.22544463512747867,0.15583930840531257,0.188428086803211,0.24669860089183118,0.12673160236304065,0.17019746322518856,0.1663659254244455,0.26815063897892216,0.3001814080028534,0.2501054783834177,3.1877243932176933,,0.13447304778604172,0.09200638576376104,0.1064657606080022,0.2947590143145749,0.2394568852737239,0.18179464547665475,0.2312037212890961,,0.08826638405098734
2023-06-12,,0.1961317250003003,,,0.1355995789261073,,0.28763306397134664,0.1766117512329613,0.18961416480362517,,0.2337155342390385,0.15285670272745866,0.20173344557293632,,0.1271808495947074,0.17948968047027922,0.17403830955038857,,,,,,,0.09932210098615014,0.11153532254727395,,,0.1894174288301946,,,
2023-06-13,,0.1983238080338103,,,0.1313062804784925,,0.2847050099089176,0.15540496129406892,0.1885698163879235,,0.23234575705815272,0.16226818182808195,,,0.12490541609031205,0.17486335225179903,0.17774326947942595,,,,,,,0.09363556054767048,0.11232661864485688,,,0.1753375176066162,,,
2023-06-14,,0.2044613886290666,,,0.13001004546249817,,0.28422168285334387,0.15585845444104218,0.18695670292615968,,0.23646058412075574,0.15628389054042646,0.19785496148212708,,0.1298917067002605,0.1977403606990163,0.17804199453033753,,,,,,,0.08759729207037158,0.11141923315768364,,,0.18221724052386215,,,
2023-06-15,,0.2242034683586605,,,0.1252784477766582,,0.2825152166774441,0.14409475968942279,0.18708189127759386,,0.23971785740029838,0.1556989319864499,0.20856576000923413,,0.13032749702758387,0.19699110453440422,0.1782360957604943,,,,,,,0.10642821837090087,0.11968308519462342,,,0.17871938985678457,,,0.09765030529145428
2023-06-16,,0.2250156963982373,,,0.119894104620138,,0.27654137709887033,0.1152411532525295,0.17805210659963783,,0.2293905446268527,0.14647993689478833,,,0.12939523795101407,0.19435736785229712,0.17716495671488142,,,,,,,0.10580759039293643,0.11272194401041928,,,0.1806761056176901,,,0.09716546259197475
2023-06-20,,0.2235685477998311,,,0.12352601253796804,0.21175674115677626,0.28361763470583456,0.13939985257919862,0.18454487448311555,,0.2296030592300372,0.15502768189752758,0.18708217736548113,0.20547104850413783,0.13222364289287566,0.1891235150825641,0.18122591929750054,,,0.19200482165427388,1.6655300723582565,,0.11291247149258463,0.11031830675412267,0.1202882280026495,0.3971227038428369,0.25072754440530215,0.18108608686304084,,,0.09942154279322155
2023-06-21,0.1664671565091414,0.2190335805338353,,0.2736957367592141,0.12222079436158605,0.21196368383687653,0.2820114531424047,0.11346406472159387,0.1868228450730042,0.21871067795231183,0.22622525367480392,0.15174274242058808,0.19578407395127703,0.1998222894954048,0.12675066775871519,0.19104657951505566,0.1779896719703117,0.2689343979914339,0.21172993151809097,0.19440005831969506,1.6650197747506226,,0.11278393455592746,0.10776156237271238,0.11479820407983164,0.3904300131298612,0.24133037278215314,0.17702012799625358,0.20410490492411018,,0.09588555288481082
2023-06-22,0.1647673497406583,0.2099640301958524,,0.26302698463606433,0.11280109550234062,0.21514206635487762,0.302210701056176,0.08900967966354872,0.2031053801191842,0.2219326056256241,0.2354329730447329,0.14408256545981957,0.19215192051568558,0.18629535045450163,0.11886682120833458,0.19903315300580848,0.1701670704532428,0.2730050182444628,0.21116782519408347,0.18382518587156477,1.6239085940055131,,0.10688247178597057,0.10293612419732862,0.11022942729078201,0.38322750230126296,0.23233604590342308,0.1731859271515174,0.19507960604893568,,0.09083876967640672
2023-06-23,0.1662856949438859,0.217426229285062,,0.2627844552301204,0.12425070363420454,0.22008394808403706,0.2944390008475108,0.09998590786219665,0.2076376181875617,0.23256612065768054,0.2341069907725799,0.14330643489762296,0.19128944615402102,0.1864367194462351,0.11820570880989732,0.2002494052707752,0.1696921981261219,0.26753572593680547,0.21888010789494536,0.1864733875718465,1.659978081973652,,0.10740624374716039,0.10397072164975096,0.11266805109976688,0.3933888690751977,0.23155008137454328,0.1741507729818179,0.19327991431524058,,
2023-06-26,0.1686701327040186,0.2210632255141171,,0.2694147843187534,0.12223180633951108,0.22309147954384378,0.2969969615288737,,0.2143241914894555,,0.24506575768891206,0.1573762209172408,0.2040171119384132,0.19585289431952185,0.1363077170247709,0.20526100146699802,0.17631228112506084,0.26004906593950344,0.21678962208195454,0.19984404086730545,1.7202248975236987,,0.11096425485771019,0.10638474515969501,0.11485864159295822,0.4157282947833476,0.23181436462627153,0.17241367854712716,0.1994652280154698,,0.09563598888651313
2023-06-27,0.150631618053682,0.2180863167622299,,0.26066970634956566,0.12163055118127063,0.22405691127600164,0.2900843786288373,,0.21690855583315774,0.2455202651362789,0.24007902854686664,0.1456761983487781,0.1980616779689863,0.1918271049686014,0.13418059840780974,0.2051620505813517,0.179214052037175,0.2616429279485577,0.20358266776116882,,1.63260575486115,,0.10825254828054344,0.1023619284752161,0.11014411686935324,0.3946165378139467,0.2355762744224053,0.17172681848793803,0.19533786736898276,,0.09139273331666778
2023-06-28,0.1602769436518011,0.2078022030403183,,0.2552609591573341,0.12104881349222388,0.22546620324675543,0.2964401891534542,,,0.25436050534245214,0.24242265705375896,0.14413622884930297,0.19600458657700295,0.2235667816185747,0.1504679554956948,0.20350858236512148,0.17615113417415307,0.253739184982443,0.20281139025592948,0.19462612809035765,1.6757163577885996,,0.11246635879570308,0.10706876925815213,0.11307789108255538,0.4057346715503408,0.22971644654490966,0.1762196859229174,0.19020131048536745,,0.09378977621308676
2023-06-29,0.161922648513864,0.2097789162282877,,0.2556557211231261,0.11489593727490462,0.2310397451066512,0.2848148992741516,,0.20987130756159494,0.24679648298050758,0.24080462739357034,0.14707048824195573,0.18992510443174423,0.22332346365039604,0.14509855568004912,0.2034522058933598,0.17552704732398453,0.24445040528267886,0.19840395573151387,0.21871751886731652,1.7446130810899991,,0.11111132699924757,0.11993251279837897,0.1123482174004285,0.3977013130038831,0.22542013656731216,0.17021232798136088,0.18493087977912187,0.19053566554196233,0.0890790546806641
2023-06-30,0.1646473481304813,0.198565078852762,,0.24217556364094872,0.09841634198008638,0.22752215081037347,0.25845618792332115,,0.1965591490785656,0.23506279781809028,0.23198211514176048,0.14140706108941084,0.19506214870541205,0.20953290471453537,0.1347587458886246,0.1905548794537362,0.16460737712592652,0.2339155436957556,0.18960940827249678,0.22321431922646795,1.8284806657039503,,0.10219736606712711,0.10919217686740548,0.11547881580644194,0.21001207200352434,0.21746096948876945,0.15533219636902384,0.18110345958475976,0.17754088907045634,0.08940339459597972
2023-07-03,0.1689419502310974,0.2071075317598146,,0.249239583556636,0.09792828482537544,0.23991827907759153,0.27487347178453553,,0.1948249027714568,0.2445186193631344,0.2529273991924041,0.1478667423340779,0.20967572631094997,0.21912562497888485,0.13739398605120376,0.20289709759583904,0.17137227318906723,0.22721777129888296,0.18774869624437984,0.24428112991596906,2.0760501866471803,,0.10295773057359521,0.09714583205548334,0.11769862946058338,0.21808748718288784,0.23928169844968836,0.1607219006886338,0.17669349384335437,0.17628783384422783,0.0915021654910673
2023-07-05,0.173131892647641,0.2157567245692407,,0.2694845482297228,0.13189958250727205,0.2657803267519774,0.2804576123853508,,0.23382909589763826,0.2339084868491014,0.2606496566598171,0.15439735391153142,0.2690592115208183,0.2478206910004233,0.14722126364971813,0.20103922623026294,0.184193463375218,0.2439196367635721,0.20304966061917834,0.3745072598062011,1.9655296158792153,,0.10654612892289844,0.10192602491909009,0.11923598144420165,0.23937383822890568,0.2432189699906682,0.1646010402984355,0.20588334696290336,0.2298885396509385,0.09585200514535927
2023-07-06,0.2594838682785506,0.2318811689444234,,0.28497736759182346,0.20834077335119022,0.2726280387270038,0.2916660376374054,,0.25159157209304495,0.2336546143522701,0.2936850644334545,0.15980325009151006,0.2489544690573137,0.2531370348857963,0.16103505384246106,0.20550534515172103,0.19584480388421996,0.2555747738478206,,0.3572205107028115,1.28446994600115,,0.11635012021026093,0.11543364590526826,0.12637499035081323,0.239673240363804,0.24386349124081352,0.19506051678653474,0.21226205924442768,0.23783444274789994,0.10707429089752424
2023-07-07,0.2534786118171402,0.2177652742469673,,0.2857854228634621,0.20785075530171268,0.2698169479166833,0.2700477692370725,0.27196424844538764,0.2598008829289026,0.23340728139871858,0.28108092577473,0.15401619808311998,0.23918635175704622,0.28350432653720004,,0.19167781149711277,,0.24842421701683726,0.20436511989066652,0.35392812583510724,1.3459552855354409,,0.1191864952047971,0.14243923984244042,0.12632985005174857,0.23696245572796426,0.22989447798801543,0.18518887614331736,0.2106980946607152,0.23864519445022017,0.10396496445628325
2023-07-10,0.2605735925178641,0.2516174690290762,,0.30110071819179085,0.21439379636344494,0.29193009747239984,0.30480573196507044,0.26226121674320535,0.2809551912918327,0.2385267574673874,0.29322118034088307,0.16101345195786804,0.2440972756272924,0.30194196665930695,,0.1983680468472327,0.19652435702474763,0.26308869412534525,0.22190263208695635,0.3970809375521399,1.390407857322145,,0.12384784104329842,0.17451155639002713,0.1357813090718885,0.24212296423526294,0.2463641787294804,0.183097218106698,0.21268105649202962,0.24202154543778123,0.10483702750572226
2023-07-11,0.2612733004704987,0.2450168442703637,,0.2688544447397421,0.2136271843958509,0.3129724320308768,0.2962871049030466,0.26314829100660087,0.27922850042048913,0.24596040519853554,0.3031595015792862,0.1627226352538672,0.2949366463404858,0.31747535589946124,,0.19779877188556014,0.21285952580642728,0.2808380168382537,0.21707105079458416,0.41463974811724363,1.606670357777211,,0.13253667232745664,,0.14019113147862372,0.23904042439611972,0.2481785556138543,0.17946669537303753,0.21510201632943174,0.24069588770156414,0.1073430717251401
2023-07-12,0.2512688154654779,0.2348581736220019,,0.2640394733651991,0.2171739119695308,0.32929830891052525,0.284485082440017,0.25742496048937846,0.30155781449077584,0.24525152359204144,0.30361675420810325,0.15801367651709156,0.218595313431108,,0.2315830312336162,0.19754530876245976,0.19484698550917867,0.27158873905841036,0.2033091058437684,0.40782708550321994,1.6144699602735313,,,,0.12171984127752657,0.23128430107370024,0.25716006541690817,0.17410813607111622,0.20930170089682135,0.2345401851774183,0.10426208577445649
2023-07-13,0.2565448122548439,0.2231868555084164,,0.2560331109747587,0.2126312799807696,0.3322773342326315,0.25692800287573647,0.2540950936760457,0.32025939042208634,0.24937007239183928,0.29204165488537565,0.15738053740704122,0.21236408937910364,,,0.20064364833101792,0.19685917626601,0.26557625042964234,0.1910919301370461,0.41423012631318107,1.6776518773108575,,,,0.1219694424558921,0.2265799144080153,0.25392602339286313,0.17733069310099542,0.2094070150911562,0.23690076892357892,0.09863759800577487
2023-07-14,0.250563704451363,0.2296120490942992,,0.24635352775037492,0.2197470201074622,0.3554109393342343,0.27454801005601803,0.25162092365535654,0.19427621282113,0.24048714175582173,0.2734024873083656,0.15519672970192003,0.24867902167926817,0.22440076353419128,,0.18283076549649555,,0.255820467686955,0.1820763285844445,0.3931242801786851,1.683383962111974,,,0.12486239485378407,0.11671427798079531,0.23469648940413682,0.25153970466560094,0.17010572793566292,0.2115400929885693,0.23769687219473892,0.09684225037672012
2023-07-17,0.2676424760775184,,,,0.22589403578144276,,,0.31321538966741547,,0.24740025333404062,0.2992867509724343,,0.2510897705554284,,,,,,,0.4337451270478733,1.7391447686067292,,,,,0.24723817118019883,,,0.21818767477562928,0.25054791646721236,0.10072223625358646
2023-07-18,0.2727910444121877,,,,0.22970144367226136,,,0.3110460337602057,,0.2663933827970797,0.31681544297210285,,0.2543440222510752,,,,,,,0.4135014772780623,1.8203140830080646,,,,,0.24792320449318211,,,0.22097416758113986,0.2556502221936604,0.1109806984195877
2023-07-19,0.2783434320232028,,,,0.23075553564076332,,,0.3044775869206126,,0.21383964376212372,0.31537081180575527,,0.30741961469494594,,,,,,,0.43452704573900436,1.8780785501264925,,,,,0.2533445573583055,,,0.2164739897060611,0.26339428007419285,0.09962235267355979
2023-07-20,0.2746886675914107,,,,0.2383039939119962,,,0.2788329161820479,,0.24187199252415045,0.3129119644058103,,0.28609045873561406,,,,,,,0.4506141682771884,1.9458449071251418,,,,,0.24264447785755983,,,0.21219131067936065,0.26014530466898483,0.1201972259533265
2023-07-21,0.2624781072544046,,,,0.23457048028639557,,,0.274283750482412,,0.24783837481747026,0.24767163341811743,,0.34598060941448505,,,,,,,0.4884777454266053,1.978458152849352,,,,,0.24505077688291801,,,0.20579630985164,0.2463623312146921,0.12250261814903826
2023-07-24,0.2731722542021809,0.3448317348196821,,0.33445623801200575,0.2495875504678364,0.11724798851011213,0.4404120959439822,0.2998496113333539,0.21173759053680416,0.27799026270344285,0.2376122752335696,0.20758534581377674,0.26026525135266887,0.18439518045724118,0.16998504950388543,0.23054957756616817,,0.2916130240461791,0.2769478494933758,0.5006374997941879,2.1018485165588467,,0.1804500932323643,0.15686493359645126,0.2010946544991143,0.2529906072528747,0.35572065350262133,0.2417663293834913,0.2162593709552833,0.2535744311665095,0.13566173654953276
2023-07-25,0.2807011970079621,0.3638780604592687,,0.33424406714650445,0.2567996600699783,0.11055720906115037,0.450667246382819,0.23649916202694368,0.2189889539411384,0.2804652009403873,0.23676314664597775,0.22212494730049148,,0.18680579549821136,0.16326982211407362,0.22859363308311098,,0.31794703412855313,0.2748933743325255,0.5163821157487533,2.405164327623207,,0.1790142463358869,0.16100024486825928,0.20094337830998005,0.24997485089946148,0.3660613049331858,0.2440082745757419,0.21258369365561755,0.2042555258525081,0.13173359819033068
2023-07-26,0.2904500750425776,0.268604895218652,,0.34327187361054495,0.24633659120946538,0.10411972358708682,0.4456113028531415,0.22684872775857617,0.2195989560139689,0.2831163558269897,0.233746925392294,0.15011379994367463,0.34619219116978556,0.19138439592882436,0.1727906646964494,0.2246249441963129,,0.2602923057634467,0.27583543863478466,0.5069976639646973,2.6105615888820553,,0.17700593190151923,0.15127970609642954,0.19722535202641303,0.2522032767182259,0.36063543005350646,0.24740731981753553,0.21503806288778746,0.19755680346467025,0.1273530769879121
2023-07-27,0.3056516570652867,0.2679630766458006,,0.3202508741687481,0.24980368036469033,0.1022401061099736,0.4466491700295052,0.21160087539521127,0.21019493654676952,0.2787751646428739,0.22433676270772007,0.15351741808495445,0.25735758635452355,0.18171576458856095,0.1451890982526606,0.22474477362399253,,0.24128235987545626,0.28316671034596996,0.3390427239440632,2.5723862710668772,,0.18786946412563807,0.13792398884926485,0.17311754630857873,0.2457760733299541,0.36277600459951737,0.25228817076767857,0.2129126176643142,0.19448207613256313,0.1356235738581017
2023-07-28,0.26614859840605,0.2572391720416421,,0.3449423324993433,0.2516858728311926,0.08801554400170138,0.42986505619404985,0.21108032960149514,0.19781806350896802,0.25103295524551034,0.20912973923597175,0.13306243480991709,0.2633055338287123,0.17805528067178686,0.17823438245429174,0.2167829586456447,,0.2576485783828659,0.28521088580547144,0.3044207542820203,2.6782001517066294,,0.14298266516265645,0.13037799144166354,0.16307044897100864,0.23443685749115356,0.3673568337871164,0.24175516331977448,0.18335731055620075,0.1531914932442877,0.12325560734923846
2023-07-31,0.3249441608712628,0.2420728245243297,,0.3233702536981048,0.2730281930793724,0.08211946045821221,0.46196259540363804,0.224239390105566,0.22371096857898262,0.28337755301503376,0.23201586565724236,0.14179533494785784,0.2409332808193021,0.18694883847148233,0.17155265410133202,0.2502579888369187,,0.2688146312134841,0.30682853634368146,0.315677122208407,2.863076899362695,,0.1525637781012276,0.13466624228318352,0.17448301471236874,0.26548890626218813,0.39645088038567194,0.2615958010176582,0.19731906578825278,0.17269881761273478,0.12388416172990618
2023-08-01,0.3017655651086491,0.2535327671891115,,0.3259716189151954,0.27420424917350444,0.0802273693597402,0.4856574537252208,0.2202799076349293,0.2309434279330079,0.2762105854236256,0.25126245726068286,0.14534117285824913,0.34759940717695204,0.18844546714966978,0.16133707644351428,0.20222210248690425,0.18784489347958222,0.26067570055103056,0.2563000468792783,0.3088636031246076,2.899018866674458,,0.14160084471347442,0.12639449142069717,0.17161246007173733,0.25894940685006756,0.40973442154417594,0.26468011367604366,0.19718763732908762,0.19421311409279016,0.13613132453526958
2023-08-02,0.278448811014231,0.2511956975352898,,0.3229218361891793,0.28592015434264656,0.08515431938442945,0.5310799551104892,0.20821067398716203,0.228848918119521,0.2867489717069708,0.24807139497031017,0.16682986636455763,0.17061476282416027,0.19683763964701087,0.16493292027255965,0.18988550072738447,,0.2648325570221797,0.2708321344729285,0.309000928043352,2.8844377177684417,,0.15604057007451747,0.14143672641624852,0.17140353598408656,0.26143692832947385,0.4396936540834031,0.27676439265622454,0.20558829267374626,0.22320600233271848,0.1306699827282615
2023-08-03,0.273387778926124,0.2505211450441262,,0.3061507591181747,0.2926896069610616,0.0833770245034655,0.38439972423220925,0.20915830372128136,0.22777636239796564,0.2647399213425982,0.2232975815487935,0.1724102291742235,0.17385981370592568,0.18711597952880954,0.17666132190752062,0.18869226459078747,,0.2609341558047008,0.2455807228188092,0.21040553215661822,1.676117288967532,,0.15190122700754669,0.14022732499261317,0.17131864635030677,0.26904360900060564,0.4342111679433737,0.2855040709223893,0.20344049275519105,0.21129365942621522,0.13120771534084327
2023-08-04,0.2356861096351382,0.2491217860741418,,0.3039043967014434,0.3012817869297281,,0.3050069327684489,0.2071154346782052,0.23207758388572955,0.29859832412840553,0.22624362035230144,0.17045555073922083,0.18998852672473923,0.18036508272498147,0.18835793144978685,0.17959285923338572,,0.2577354624987809,0.23952561106693318,0.2057810405963034,1.6256192976419093,,0.14816310849847872,0.13327426997369443,0.16095786269392298,0.25616703501891186,0.44555355586746914,0.29093389200571523,0.19911984485276302,0.260453022809331,0.13204727376161246
2023-08-07,0.225858639318539,0.2424297071899809,,0.3125166649628455,0.3300452953194664,,0.29882280532093825,0.20020843876726951,0.24845034674773808,0.34957490264861923,0.22350325790794992,0.1680482275341135,0.18997486281486778,0.2006684507875374,0.182526276685361,0.17374046089317713,0.15812143253548538,0.2883004831923721,0.24225443666724036,0.20135684179576824,1.6788602849556147,,0.16253664151328895,0.13560632912064338,0.17744723138542812,0.28597664632952924,0.4854032494934995,0.30885172922529947,0.1997596357720143,0.23299926743890947,0.1326636674354762
2023-08-08,0.2314603419853142,0.2447907342979502,,0.3037167865310625,0.34540588415198803,,0.3045802872494028,0.20410411991792457,0.253942433063622,0.3174306161811306,0.22763579643285226,0.1727759423565649,0.19525450784195034,0.1990456293754452,0.18532930041604695,0.18202246726824794,0.16475201843772108,0.2996345124026584,0.24964385346991388,0.1989751953701605,1.6388229556174034,,0.17818952096725582,0.13732081373118277,0.1874226610493569,0.29476642640690554,0.5041516195666722,0.32203207009708007,0.1958442699331225,0.23604579967175426,0.12621443754209918
2023-08-09,0.2272731697080148,0.2463598347753903,,0.30381401756215176,0.3770704092101366,0.19780284684665955,0.3038554999066078,0.20107979695482933,0.2497074308595207,0.29258969955435415,0.2249738188913939,0.1780910916627899,0.18985515106626857,0.20505820959796653,0.1920177590897468,0.1851521041500278,0.1647173598936577,0.3075969717109665,0.2517169026602784,0.2037978746188599,1.65063415781818,,0.16718591241184996,0.15020095781403212,0.17618581839462255,0.2957660392701461,0.5508431145994889,0.34107045914246187,0.19786889968830987,0.24132357930218742,0.13354832659705784
2023-08-10,0.2198366357542702,0.2395634886427998,,0.27420174385768115,0.41310092836861784,0.17328775145244438,0.29298634481287666,0.19289640071775715,0.22389397917717715,0.27829598089422913,0.22065279473796184,0.18217412481084339,0.1864947514316688,0.18879953652303938,0.185675290045291,0.17909707180989118,0.15422308498345924,0.27689848206313883,0.24654458868452497,0.22290990891712328,1.6763454024695974,,0.15563754553790213,0.13334895583457235,0.16048826913456674,0.2731046115977617,0.31865227688534103,0.35365284521514495,0.17308131161434226,0.21532559898026107,0.12504419631300728
2023-08-11,0.2182240821087627,0.2396768574509887,,0.2771977732433252,0.4255394476393544,0.1654206304063699,0.2828824049914144,0.19215001486104885,0.22988993490080092,0.2580681294591057,0.21951461708295866,0.17986566509292792,0.17448076877144048,0.1768173026853832,0.15548942196274393,0.16167759852095637,0.14803368745678483,0.22894439891521123,0.24190364161029018,0.22714312869403186,1.7332981867705926,,0.16301762279664042,0.12430571225490113,0.1667649207216697,0.24955055605355153,0.2460863067608681,0.35996607360232,0.16189698887027,0.2242372265460419,0.12680042544819456
2023-08-14,0.2175224003256483,0.2391697984980153,,,,,0.2823319513120124,0.19043007446021817,,,0.22582101877321745,0.18189340975898996,0.174362363632731,,,,0.1484678267562195,,0.2369890472443145,0.22504998055165681,1.7413092600275524,,,,,,,,,0.23173116368512472,0.1247610648041421
2023-08-15,0.2236729343894579,0.2463277989443324,,,,,0.2945604447693975,0.20191649066913298,,,0.23317536140805678,0.18657816355320464,0.1798293579911972,,,,0.15568145657077284,,0.23988267068055472,0.22519062223882852,1.668531947059225,,,,,,,,,0.20039742532633467,0.1299801556545081
2023-08-16,0.2207386810540047,0.2526200885505502,,,,,0.29368776563965016,0.20460739287997073,,,0.2298097757833813,0.18777222741511387,0.20635452153221007,,,,0.14697896929036527,,0.2449141565395148,0.21714683022450837,1.6724448000638548,,,,,,,,,0.25469105001791426,0.13222187805056687
2023-08-17,0.2213566032636417,0.2507892256999967,,,,,0.2954720289377583,0.2078462066072108,,,0.21995461713258965,0.18708739284961207,0.18186805778846754,,,,0.20001304588341637,,0.24436626570666917,0.21699693661530034,1.7578952857657357,,,,,,,,,0.2657619611695308,0.12701666235462755
2023-08-18,0.2181016683741259,0.2547492059141414,,,,,0.2902122447277927,0.19654240448355464,,,0.21447218808401866,0.18620982789742427,0.17351936626568498,,,,0.19770476647024146,,0.23806383455271224,0.21060608670637238,1.7329695189722096,,,,,,,,,0.26743075172329256,0.1250744899536395
2023-08-21,0.2172716351561956,0.2481635253185395,,0.4088780319069018,0.16727398330052073,0.14319069172099844,0.27855523264734433,0.1917747502001569,0.21275443422893328,0.20309908957464737,0.21398528749868156,0.18308290120113146,0.16043831454112903,0.17983134489868233,0.11192188201600158,0.1844852194159352,0.19126220013814182,0.3258784020378422,0.2275578616283003,0.21007107402993383,1.788189826545172,,0.14522011856090192,0.15731193438555663,0.12208368007043807,0.2501848200693398,0.23744056387027485,0.16184628605571796,0.2001102604654227,0.24592903437613822,0.12240268181598256
2023-08-22,0.221070441557924,0.2506324889704299,,0.41293816911114,0.1678823753006476,0.14838105134301555,0.28359283457596945,0.19444090116079532,0.21162835285119802,0.20908754974184612,0.21776159366404546,0.1867021750986665,0.1659173672376114,0.18480532288551593,0.09177386989862103,0.18674262671164946,0.19066257379779267,0.3243619640951046,0.22741936185472955,0.20548566222238923,1.7773951801070809,,0.1459261187963087,0.16020458830774226,0.11958820953247588,0.2585164815444841,0.23800098738268824,0.1597834947224203,0.19848745516335528,0.22522154393315338,0.12101432113357823
2023-08-23,0.2300261774093832,0.2532190825582602,,0.42762346795273104,0.16952161812045274,0.15235084615826172,0.2781301338867056,0.18543457772599536,0.19907717084994342,0.19438853949347307,0.20976416317955257,0.18786906947423102,0.15697337041669418,0.1747842742059612,0.09230466265623728,0.1970222548908681,0.18231811321265282,0.3278050475482993,0.22347939158202254,0.20399210040466056,1.8596108955749322,,0.14583716684561684,0.16227009731697195,0.11366576106462754,0.24855689345189003,0.22792706361548926,0.14606825247098146,0.19413993549409428,0.23150356893495838,0.11491827357756226
2023-08-24,0.2256802984678171,0.248305094945624,,0.4319254200237202,0.15716466894588868,0.14635173609056384,0.2884608617581702,0.18769795418894375,0.20210535580768896,0.2043228710684547,0.2149061747022241,0.1850885465984021,,0.1735401677740867,0.08446809236508458,0.19895402338544885,0.1836938532840623,0.30497083848267126,0.22181499928015125,0.2005572447340371,1.8674615632333862,,0.14889591850635503,0.14899510756651374,0.11683883378470934,0.2465438005012847,0.24596795154906353,0.15463210417335652,0.19956329806533213,0.2132308704602844,0.11182614171729
2023-08-25,0.2104614453841609,0.222008051889747,,0.43734073562864473,0.1518107113471868,0.13670820221832153,0.2593667006297509,0.17461187590256635,0.18801270613310755,0.18607605671019875,0.19653225992231216,0.17821525836505475,,0.15794519082036707,0.14956448361412514,0.18241671072753937,0.1710858128917772,0.29230585459614333,0.21017440411128466,0.19041031871714822,1.9197925875456974,,0.13972738579390276,0.14975758409278958,0.0872818983009691,0.2165390307315734,0.21909704108773728,0.14031747254636934,0.1822711349476346,0.23639544857317563,0.10991342848608064
2023-08-28,0.2267373483010891,0.2232230084025501,,0.4585749023055367,0.14838041751205583,0.14148243315821388,0.2553461474135568,0.17258923304336748,0.18129538461163186,0.17539664528894042,0.18996718869180534,0.1802287718731912,0.14353977997802214,0.15509763615457223,0.16953990209712072,0.18000678147884158,0.16833943076260324,0.3172187124130587,0.20971424275882747,0.20212292547211316,2.4304733972025523,,0.139608886816841,0.14658175417195726,0.08321801367729448,0.21005924109094226,0.21632660548033675,0.13671794562794265,0.18028900614670468,0.21145488791879194,0.11047511012732252
2023-08-29,0.2254197113527566,0.2194961147982019,,0.45392665402437976,0.15456158475751766,0.13683495093011966,0.24892661600296379,0.18921908331767961,0.17641784523692947,0.15827820748198915,0.17889552312956591,0.18124878148714382,0.13581999127056016,0.1583319729549584,0.16303538608721552,0.16928785395097137,0.16590137263898402,0.3165123916968089,0.2122399263239918,0.20884972164980617,2.5870179734532925,,0.1407441243520472,0.14913862412135134,0.055358322980315657,0.19938348560469635,0.20461508902013764,0.10241884907594188,0.1780776385478235,0.2401448002394241,0.1136201658510523
2023-08-30,0.2784277570214717,0.2137846474084068,,0.43716710083623744,0.1488978841519862,0.12933608247984332,0.24436222380289765,0.18030727721412387,0.16913717890978655,,0.17734671530067336,0.17081997179052966,0.12993859166694796,0.14695541609841445,0.14733345713336726,0.16375910938384933,0.1549373495714264,0.31229229423209376,0.20776828748497564,0.19771857714327487,2.5794878292815464,,0.1302257712049841,0.14793594166451465,,,0.2033939525618312,0.16505260617018971,0.16669072163703527,0.20140895557150776,0.12872293406024318
2023-08-31,0.2585940654000719,0.2013698567591073,,0.2579453178529629,0.16072971134266759,0.1229467017678037,0.2393008282819275,0.1868713629523314,0.16702195972294454,0.18429236161194154,0.181658309138062,0.16639946015139745,0.12359141048215015,0.1783340839890101,0.14151331953625704,0.15752796355868587,0.1568631826964149,,0.20758606339988003,0.195601760882349,2.823864182092774,,0.13372123514416778,0.12963367880467136,0.13009979970820462,,0.1986127998710387,0.1736360089732379,0.1600693325166148,0.2253373043705618,0.10203869101442495
2023-09-01,0.2449669205330159,0.1877141836768994,,0.23575744669360632,0.14849326584216715,0.11825396638806684,0.22643625880949173,0.1508754580153561,0.1564179851478414,0.1765365722378671,0.16627056336257895,0.16174049160136356,0.11093614505568018,0.15900101491034038,0.14173754628205165,0.14253059494232834,0.14631001875970145,0.29300250542845485,0.1957195981121348,0.18449586142387306,2.931136903743261,,0.12392137123213763,0.10633633244585879,0.12253582926985533,0.23264091781616336,0.24100644054391976,0.157435759328338,0.150542191717443,0.19937215149394924,0.08955279764851105
2023-09-05,0.3144374374564117,0.2126996778051692,,0.2540702304440313,0.1703722940372706,0.13874190979546913,0.31130817606627403,0.18032725984258094,0.16690928890968076,0.2862452976346835,0.18156993559018555,0.17913429007737705,,0.15951584207898112,0.15371731843567,0.1645113633927328,0.1620496721992692,0.4005624057502725,0.2842401731395327,0.25074412855793893,3.476675231272353,,0.13766177802116472,0.11696451105030566,0.13740262925797145,0.2513098188296894,0.2779442173952469,0.19656188468890315,0.173145292482159,0.29133610143670685,0.13261559032126066
2023-09-06,0.2916595544031396,0.2214797953135404,,0.26617807962331025,0.1658569848325798,0.1457190299883802,0.31436534138564626,0.188257254320349,0.16476801665029384,0.27821871826528904,0.1963977870772158,0.1828793879713117,,0.15594183117249172,0.161365029752982,0.16857898896640922,,0.3931984291260447,0.2936724768153752,0.24482549670378057,3.624096506613773,,0.13507895312901944,0.10896513936827298,0.13684610507553213,0.2594019657609531,0.2812510320457499,0.18658556197971554,0.17368273548484967,0.2940008878210289,0.15462054438589395
2023-09-07,0.281920107140072,0.2185256085540022,,0.2708611256641162,0.15499415391998084,0.14439110473993605,0.31536546144579125,0.1762375894802114,0.17687622749171233,0.28043255944463585,,0.1877574942571545,0.21714364516821621,0.15124554947859564,0.16641798989952108,0.16028469692085728,0.16596360040719937,0.3707745099630991,0.30567907723152826,0.24117514329913917,3.778676096412366,,0.13573907904391716,0.11239033323793599,0.13809605742468495,0.23125091379944798,0.2896303148137824,0.18430403658747382,0.16670685115430048,0.3006488095374057,0.11902948492175196
2023-09-08,0.2580827089169212,0.2100158155288241,,0.261829924257068,0.13972082170584546,,0.3136941750135067,0.17525378261438518,0.1736378880295777,0.2812693262663192,,0.17364073965214968,0.2007140067166728,0.15652823420782988,0.1543512740318022,0.13969243369817916,0.16990539866786233,0.3491019075633867,0.2841637263449153,0.24090836538993138,4.088358154813021,,0.1306150555066456,0.09072343699857918,0.12796146245888249,0.2167059641268521,0.2740032046845088,0.16915430187958322,0.1554439220147936,0.2781368690410891,0.11571656908129582
2023-09-11,,,,,,,0.32571889561007733,,,0.2829991542320723,,,0.20515666755577824,,,,0.1671264953625033,0.35979844278645445,0.28567627692704356,0.25646422274029673,,,,,,,,,,0.3257463633846749,0.12159390799994242
2023-09-12,,,,,,,0.32138786720632967,,,0.2943457289818577,,,0.2082343013195402,,,,0.16894845004168968,0.379746097095674,0.28924748515720067,0.2816988870977309,,,,,,,,,,0.3075332022749316,0.14729816795935677
2023-09-13,,,,,,,0.34814583448785924,,,0.32977928348111923,,,0.2203597369644389,,,,0.16761783482941803,0.3658895147065074,0.276433885234102,0.3042570060591156,2.473338479645461,,,,,,,,,0.2932638326364175,0.12949235659847827
2023-09-14,,,,,,,0.30711360507141094,,,0.31671430609092627,,,0.19096437445439557,,,,0.15908930524842138,0.3473563671419554,0.2825931075877051,0.32490916547208126,2.54121718561021,,,0.173186728356972,,,,,,0.23909920177342106,0.10075561919325754
2023-09-15,,,,,,,0.3181009179564891,,,0.3069503381087327,,,0.1804238589536031,,,,0.16127747933527908,0.3429743302437204,0.2928133616953438,0.32697840876713796,2.5079787758280685,,,0.16556753958584633,,,,,,0.20400193608861164,0.16533354059872005
2023-09-18,0.223354923235784,0.2183476486774838,,0.26279629472466143,,0.1918055210238901,0.3237043774204858,,0.18653127547491724,0.33908902849779377,,0.20828874235795816,0.24360563484903058,0.1914899076227828,0.21098248317227714,0.21681403215089676,0.15958846647250508,0.3463428770191644,0.3140550637098816,0.3495883594153412,2.6411582477823377,,0.1736018377228604,0.1808436749189631,0.22541430046336366,0.3115682970925088,0.2528494408018216,,0.18030343796134848,0.24124991089339443,0.1469969967143356
2023-09-19,0.232142102520504,0.2212339947699064,,0.26564353008138947,0.08918682050612908,0.19506439506496184,0.3241294502229876,0.14698452818764046,0.1908180619542616,0.33081475962305745,,0.20345114318476826,0.2447521007786895,0.19939741971090177,0.20944334077717464,0.2062024399395901,0.16161655779624123,0.35217814084573895,0.29474690825447436,0.372149006931441,2.6306925412638464,,0.18226019572369706,0.17220820098436213,0.24423468309721735,0.3198879895487938,0.24171664875363752,,0.17911254901790624,0.2704031466354807,0.15448858421951897
2023-09-20,0.2322021179977258,0.2263071751260125,,0.2654369235410781,0.11409974610173206,0.230645402980169,0.318377768569649,0.15902893534451343,0.19652096045700815,0.32559844399976673,,0.19929691347376888,0.24860462874804837,0.19645670808705062,0.2178146150938434,0.20947509384974095,0.17650734469427368,0.3381585519153816,0.3013401823002893,0.36385050884154363,2.6121972580180373,,0.18068643811491258,0.18280063082583553,0.22899199116543345,0.32390664335737585,0.24302303695767688,,0.18323593409410646,0.23293211458833118,0.1514424546476291
2023-09-21,0.2316598646968564,0.2491867817797222,,0.26849597538830544,0.1423141358345714,0.21624953565932184,0.32414299961673787,0.13042734362623418,0.21457749172017015,0.32065781004079275,,0.19900444593752023,0.26943879095521595,0.21513841403173792,0.21370244557937954,0.2082079261580245,0.18519459452056614,0.34834240100103186,0.30630250284680244,0.34019962100623996,2.574368172151676,,0.1944646545719622,0.1844423348883109,0.19639062432427923,0.3483909066647814,0.25827801768844977,,0.19427205583313747,0.27018389722787695,0.14499754225422204
2023-09-22,0.2369504188897835,0.2360324220306253,,0.26513691491873015,0.12657130890913584,0.21823324239471856,0.3144784439628565,0.11921279013572005,0.21343884758430015,0.3307314391364581,,0.18700521208415716,0.26075811741479304,0.2122885388954192,0.21664819731827858,0.2171092564305627,0.1805742392441249,0.3345569045521631,0.3095317292131572,0.32553116757586764,2.5935048239985186,,0.19527489732004252,0.17739413076302427,0.2026159174578787,0.3428027561627069,0.2537594831799795,,0.19080434395923337,0.26398434804432364,0.15817632260566383
2023-09-25,0.2506028866035098,0.236087308507383,,0.27209779469673373,0.13418185530712007,0.21728896223199307,0.33584931802381807,0.13751272931773062,0.21851792892076907,0.36424827056733716,,0.19545929804085427,0.3120223932131459,0.21795276975216885,0.22174731589436655,0.22298726863300827,0.18727767955910626,0.34945846418479154,0.32229383231810466,0.3695398244741032,2.6258724025872873,,0.2058583387217837,0.18291794114351337,0.20222584584479028,0.3614963013119382,0.26224332124264194,,0.20089513852106422,0.28831688189472254,0.1578157099649506
2023-09-26,0.2552722250462867,0.247534509965495,,0.2805195131654686,0.1546709374685051,0.21750707367915384,0.3506395490059961,0.14500949124773363,0.23795027912792313,0.35731080376786506,,0.2024873512992582,0.28673605566590615,0.2283691407851108,0.22129865303701632,0.2246086585270922,0.19708611460454345,0.3579398608454476,0.33045010577363465,0.3509475013304778,2.6282636307985667,,0.21209856151397158,0.18947803613594585,0.20516811231689255,0.38102163911851855,0.27209043464577637,,0.2125077972848531,0.287289500375357,0.16789645497699435
2023-09-27,0.2445984105168387,0.2386703393016455,,0.27713313949685303,0.145459826021401,0.21393716996977216,0.34477419686254984,0.15100787969098017,0.24091169865744003,0.36363968791073364,,0.19699920013808508,0.28471499809432416,0.2281646745386616,0.22928852221662008,0.22645157380619718,0.20213946105059333,0.3504551922394531,0.3336233273399984,0.3390376928648332,2.666297946962754,,0.21089365790777057,0.18253451385206812,0.19447685918040034,0.37907642779890655,0.2704776226043354,,0.21709363448393665,0.28025147699484504,0.15791182524983008
2023-09-28,0.23448542424025,0.2312427144314044,,0.26982546106303196,0.13333458578889537,0.2060557650655264,0.32853653926083715,0.12473486954574103,0.21785476754198857,0.343448353471387,,0.187431435726606,0.2827899726724983,0.22841900769006682,0.21141912308999755,0.2140414793896149,0.19724874937073453,0.3403941885002814,0.3181235824912124,0.32977905046998707,2.6957411853272575,,0.19839206905433923,0.1691960610452243,0.1904639353544716,0.3901933161635446,0.2665536918856472,,0.20654196534782968,0.2992906181507793,0.1445137483520727
2023-09-29,0.2303064764046223,0.2213227450069025,,0.2588968892106382,0.12407370246392606,0.19841120943763602,0.3158550356231322,0.09472352252266876,0.22791708264434107,0.3605687606918355,,0.183248364766092,0.2704104977861924,0.2294880455605256,0.21374956630907593,0.21392974079096028,0.1838206776229669,0.32981420887152535,0.308408533769698,0.30422531292713817,2.785033061243687,,0.19364143700966086,0.16861440362024468,0.18064265824260356,0.23036697008997642,0.25709257665425733,,0.20646604315454312,0.19096089359008697,0.14724048173334586
2023-10-02,0.2350083343445837,0.2339778401557378,,0.27973415627443926,0.10635347550316854,0.2064776765442112,0.3346904757875217,0.11758794647732379,0.2464269438667138,0.3534385001409494,,0.18869342913931486,0.2915396842446786,0.2504862212874811,0.2221740333015826,0.21924850681263028,0.19306023509717177,0.3313332594561869,0.328430689135699,0.30314753751133583,2.765594239779301,,0.21526274736415066,0.17502845611992116,0.1854165162487794,0.24065819061199897,0.2683314187861053,,0.2138600295175593,0.26448272544423357,0.150472082833308
2023-10-03,0.2625121362043093,0.2661986110991272,,0.29890648532570513,0.21206757208942653,0.2237142535880482,0.36411329512815244,0.11049974973282,0.27027760597067557,0.3744388847484218,,0.21957891163561705,0.30385543427462475,0.2599328192947803,0.24382396490937147,0.22614864860827086,0.21316194954999004,0.35048570571376847,0.3510864914827871,0.30965537684285516,2.7347971059119405,,0.23090265216382952,0.18358483379060064,0.19172239408074662,0.2506385543262678,0.29559532003973404,,0.23355325763793797,0.26853304883572005,0.1569707556720295
2023-10-04,0.2322884642555578,0.2420297894103259,,0.26406644354728,0.19353148374509405,0.20759146793132607,0.37125319052018957,0.11644395122404043,0.26151280976220903,0.2647392628800474,,0.20164658846281872,0.2962259503705044,0.2516014490896036,0.21156147806872677,0.21574081299790254,0.23495750983654262,0.3386628463927836,0.3286642762740663,0.2387038571824936,1.1662314610284767,,0.17654570405316677,0.17505024594097168,0.17600781926411624,0.2233521880749055,0.2811541805173171,,0.22416662372064056,0.262760230526732,0.12012061649218139
2023-10-05,0.2307206736516633,0.262411327221369,,0.266169145777806,0.19097117504929328,0.20659608160810825,0.3731167667557951,0.22045667600049373,0.3067345329778127,0.256102619546466,,0.2032349212649548,0.23286846696726152,0.2537980487023136,0.22157495521625764,0.2177808181267895,0.2318178889709871,0.33848575050317986,0.3166358496567544,0.23502910191489762,1.1681051084098535,,0.1816413876836919,0.2079673640239645,0.1817510248772351,0.22782095510804068,0.27421651681883463,,0.22019475930229482,0.2619459361665988,0.11887864964489092
2023-10-06,0.2239592615052574,0.2490840596733512,,0.25768516433678684,0.18638326209681721,0.1996314984430814,0.3581896988329021,0.26031246667513896,0.2999622542779882,0.25426201407162546,,0.19593127212079245,0.22970182763822466,0.24988430341454632,0.21653993183132278,0.21106574246190074,0.23569287951619594,0.32026918257663517,0.3330056257908542,0.24067265030028084,1.198285619808721,,0.1870368373665815,0.1916220990436358,0.19204191878102359,0.21196815208587597,0.26606546444241924,,0.21544783007565696,0.25439746152296666,0.115976086311062
2023-10-09,0.2263451641930236,0.2613199922326189,,0.26188701833094274,0.20180910369521918,0.22507149686560735,0.36109203998877487,0.25038358536098726,0.3366541281831993,0.2529181040160237,0.38848190286963774,0.2000933796456621,0.22887602068895402,0.2810568888149053,0.223191210917805,0.22486119851508557,0.24376672320208,0.3606582935868337,0.3622644568115327,0.25150902155278065,1.2674541477924888,,0.18395569271521856,0.20185625432027926,0.19432074344098726,0.22223952261652297,0.28963111450270956,0.2482080596782167,0.24886523085399548,0.26076303527812955,0.1158078633498779
2023-10-10,0.225228741386414,0.2438957329033324,,0.25929888106082527,0.1985826614910558,0.22075549476668885,0.3546404935361943,0.23843791195280095,0.34332083350017795,0.24429426427620776,0.4066246714211495,0.1962771267763838,0.2252619346675213,0.30711411238704767,0.2196695030274735,0.22569331245843155,0.2395272418057993,0.3802197768626204,0.357605129270195,0.2472525353049715,1.3539020060096618,,0.1746280138976766,0.18031764946386422,0.18432084938623636,0.21888193300179745,0.28266601316500584,0.26091537201317183,0.22945928104432886,0.2552646860642214,0.11206729971639631
2023-10-11,0.2188777934142064,0.2479591171897637,,0.25331608951082507,0.19579063854158024,0.2076251539873811,0.3537754925693329,0.25693537879313466,0.34178488099489085,0.2406224384800987,0.40665482701866096,0.19112727014695519,0.21717570001330003,0.30277864378759634,0.21856777872155225,0.2172772477601608,0.23873765413652015,0.3505274344602744,0.3482894001508306,0.24579658418186462,1.3659656940788898,,0.17928082353688446,0.18035940256998925,0.18763867549129717,0.20471666996222002,0.27197464672536126,0.26027267210383287,0.2349152078144792,0.25273747934699925,0.11000639825079866
2023-10-12,0.2214991275541382,0.2478926997940764,,0.25105056699021594,0.1974340082056173,0.19914303072634737,0.358073668947608,0.21961339639173746,0.3923908010414134,0.24165524977655944,0.4428716485852464,0.19126946411265452,0.2150952990566121,0.30274345191890023,0.22160769611310868,0.21824186585833266,0.25314008972211977,0.3408697923554395,0.3505654767919574,0.2371532971940401,1.305627778468624,,0.18158893859563166,0.19225810219862055,0.20502356718925557,0.2080964070707597,0.2677832827920931,0.22626899491505684,0.22035019711132733,0.25554704687027263,0.10771632365307976
2023-10-13,0.2332144100240304,0.262261582774325,,0.2676568066712388,0.2097862327301875,0.21301122868447442,0.3776696586315057,0.28456842900241236,0.2973085550359974,0.24908574042143006,0.4251005181977757,0.20651576377909273,0.23102425865648568,0.23723962611008056,0.22590014022191873,0.23250524737745398,0.274048208636535,0.3590491140769542,0.374357211538617,0.24796580748618438,1.3077215412222214,,0.1894899810044318,0.19595359333608892,0.2037600625764194,0.22378142672499168,0.2843110128255412,0.23707973294826482,0.2572621113210612,0.2639095799861723,0.11340247902959792
2023-10-16,0.234570575229728,0.2526575060144528,,0.25484705026293747,,,0.3608271926874308,0.26830720224421883,,0.22505675238131925,,0.20181009708885392,0.23328133270782062,,0.22227066462698283,,0.27318770817713606,,,0.2520544267133475,1.4173943305276309,,0.17657703766135108,0.18063223701251152,0.20391522101444431,,,,,0.25531497886459786,0.11096317564324247
2023-10-17,0.2314211449841864,0.2503845369257352,,0.25647148219931737,,,0.3707939298514822,0.25923191616415087,,0.2049801063646059,,0.20593144056925983,0.24107391653391003,,0.204976374754441,,0.2693238390454138,,,0.24744326255779542,1.4837014743375105,,0.18036490999348287,0.1755666253441254,0.20518272046729574,,,,,0.261960787357301,0.11163665844409083
2023-10-18,0.2425354723635499,0.2686495836945062,,0.272260315077435,,,0.392928072056827,0.28812090376829896,,,,0.21814859120591157,0.20987899183169464,,0.19733763913161484,,0.28341101599256613,,,0.25725036226629083,1.3842526396260286,,0.13878718274025273,0.18536734890267653,0.2069060438366977,,,,,0.2838177539251612,0.11800092975219818
2023-10-19,0.2479726906596254,0.2819979363974915,,0.2708409959691767,,,0.38925452069790334,,,,,0.2306093020030623,0.20407913899289978,,0.20248364990629497,,0.2692704188601337,,,0.2622758493609878,1.353955697698287,,0.168835823409971,0.18843545595939326,0.20696326224339137,,,,,0.2926298393784377,0.12631515588268197
2023-10-20,0.2459639569738688,0.2860964470636596,,0.2823012417273335,,,0.41834846147183263,0.28104383491095913,,0.23260526227448133,,0.22917517647936742,0.20575514229370873,,0.20388647970828136,,0.27331797724513224,,,0.2598465569727807,1.3255251542598872,,0.16807821080745858,0.19844036262163103,0.2088068542398293,,,,,,0.11614939761351176
2023-10-23,0.2431581947336349,0.2843834060827225,,0.28160963860235233,0.3523822830101079,,0.41369335309224736,,0.20665738331904115,,,0.2289794356453606,,0.1893017868796985,0.20302360279040124,0.2702684369635964,0.27014735684979674,0.36131975440652236,0.38099721491572336,0.26122109432190405,1.342319211742955,,0.1653708918973026,0.20159408486480881,0.2224059495569874,0.23436305868035104,0.36522745974151133,0.28035083456878707,,,0.11840827155278492
2023-10-24,0.2400789407082723,0.2995748006407263,,0.2670570128527702,0.3542261329366514,0.2305526730692837,0.4131917385378074,0.19978295845449934,0.19041350890322023,,,0.2224038133537989,,0.18375991372423697,0.19097990098594203,0.2488460455642694,0.2656231584879498,,0.36716026212688213,0.26719895989126397,1.6235312913750162,,0.15862942275303868,0.16450777216305768,0.20386319294743238,0.23324137649187923,0.3697059181289993,0.27990361336573294,,,0.11483226470154662
2023-10-25,0.2554887896044668,0.2348973122818182,,0.2906233665499274,0.35622999113932,,0.4882078392867577,0.20273655212565203,0.20482513510835498,,,0.18075650394111684,0.19765052896848725,0.1978110323559841,0.2022507209000666,0.2558370308899742,0.25842386245066046,,0.3782503820666401,0.2649603024670177,1.584726864911411,,0.1700009683295848,0.16666343405229167,0.2072121890144892,0.2359099689164527,0.398991978233071,0.2926358035988233,,,
2023-10-26,0.2831736379595791,0.2577155585399542,,0.3063002731685109,0.35199566194572474,0.14673606541635487,,0.2092294739129116,0.2099085810511593,,,0.19093175661554523,0.20447299623590207,0.20141456003098265,0.19849236731312378,0.23555205593243092,0.26287131976321365,0.3453653045301465,0.3832652903468405,,1.5816214175620604,,0.17260492118936904,0.166824798564896,0.21700252550816235,0.24678431147226126,0.41382985997086363,0.30519902431907864,,,
2023-10-27,0.2749040386771949,0.2487669202880959,,0.2942460474502474,0.36046515726332123,,0.3192692816512206,0.21622760752665926,0.2408782252150968,,,0.19008679279168658,0.20344294640765853,0.1975945009512601,0.18864960372708772,0.23478705931742674,0.26766332267423376,,0.3825859829576427,,1.521825029787942,,0.16822717382992158,0.1693728153869999,0.24170532306068182,0.2530252989656508,0.4268195998184594,0.30564015659705546,,,
2023-10-30,0.2722108871685265,0.2408060162279935,,0.28789043681702164,0.37467493526077766,,0.30399401963281064,0.20958085780836333,0.23359197810597576,,,,0.19768974627236238,0.19899296484523832,0.18486464370607772,0.22527540944654745,0.2735735102044959,,0.3750138540357721,0.22217463196563383,1.785582936756667,,0.1678770286108901,0.16316470117536114,0.17550219279686977,0.25488606673829944,0.4328493518313274,0.3045727492917852,,,0.12853205043348678
2023-10-31,0.2678977594807769,0.2280019268474745,,0.2698741608509231,0.3693658097064591,,0.28669461234939103,0.19822918347313565,0.21674897911741867,,,0.1638537110286331,0.194066880160644,0.19182907958650475,0.17652718591790048,0.21682972525330432,0.19761001540354942,0.31127435466456754,0.2941030299337921,0.20833294540201516,1.9644650474113374,,0.15993343690814035,0.1580973692914444,0.15827311395525273,0.24504819269989278,0.43961554836714944,0.30085838594011244,,,0.1213415212069725
2023-11-01,0.2479539100971658,,,0.26044159814060014,0.3600177595302172,,0.26980061873336647,0.18447135046219162,0.21170896228049327,,,0.1457749378319963,0.18283434079704833,0.18313559805595825,0.16756842418521972,0.1875833657898236,0.1922120628630443,0.2882000375825672,0.259572618482618,0.19451828947922659,1.9818712697470466,,0.15494952776650014,0.15062322440360998,,0.23194351411010897,0.4501751204750815,0.29635048535770475,,,
2023-11-02,0.2620993084621403,0.1938507546849585,,0.23753908938649537,0.26649229378565564,,0.25628876736813483,0.17440247317740135,0.18687426957007616,,,0.1340157224136655,0.16791638058018168,0.18072002247687463,0.1374519340817225,0.17922891644815703,0.1704393208725878,0.2692307410120911,0.23491140747880254,0.17261560578217855,2.1862808592511658,,0.14450747381601287,0.13284701655671827,0.136876689979617,0.21928550950209094,0.4250049777652178,0.28587076587085,,,0.10119894227856793
2023-11-03,0.198782626551311,0.1833589578696721,,0.23358592825659566,0.261546007290827,0.10573167953271297,0.241189735260203,0.16820676937851411,0.18447070832795948,0.2088064813845896,0.18488347567161895,0.1300919029730059,0.1578210954152709,0.1714032869138331,0.13205411704114026,0.17288465302121656,0.16676178318421073,0.2578720525160762,0.2219473636640347,0.17013865417087912,2.3828318535233564,,0.13449390183722693,0.1403247294271269,0.1415169625046849,0.21905318277859676,0.4429524901607904,0.2922861885699725,,,0.10623805440428842
2023-11-06,0.1904010908004362,0.1847744886084693,,0.2451279796988601,0.27024298658564766,0.10281934407210634,0.24347758195750155,0.17673983168468155,0.18853972647965075,0.21404588142895947,,0.13267198932929888,0.17302015087410094,0.17586961848658783,0.13146654427008045,0.17792227404003236,0.17025175879965068,0.2786367278929709,0.23626606343822082,0.19826112814200997,2.6788598827250047,,0.1470100061761672,0.1486018030517125,0.14637719552656675,0.23510824648514822,0.5133727014248707,0.32283760758476654,0.19057872950992275,,0.10337631604802319
2023-11-07,0.178270580066111,0.1884131212993747,,0.25219368142083665,0.26995875926123797,,0.2491277699190374,0.16757672251582337,,0.21551649037407594,,0.12571124002209746,0.17593665096990818,0.18350531062790848,0.13219125930700612,,0.16714947790735948,0.2886357063891303,,0.1913645723744835,2.7762086728850908,,0.14256090792680642,0.13610562875737175,0.13916861600357888,0.24690719759523774,0.5488582952418132,0.33334511594890015,0.19403331117862316,,0.10040997601953992
2023-11-08,0.1727442531944481,0.1921573751230346,,0.25255298349010763,0.27483927399780944,,0.24545394799670198,0.16572972531634475,,0.20833300980575972,,0.13180589809551035,0.16315475110641273,0.17412939997559712,0.1350257635583074,0.1768005517786739,0.17031471959622568,,,,2.81577805408344,,0.1448111256643598,0.15069520249246143,0.1438201578991625,0.24175817436026406,0.5708710517106651,0.34696977746956026,0.18476546853213538,,0.09806032778645009
2023-11-09,0.1734330354802187,0.1940865508353658,,0.25328996811420407,0.2736295062368271,,0.2435542656386385,0.17352069165081777,,0.22091409965734077,,0.14235567043522118,0.172660199413197,0.1761166722276565,0.14294856008596699,0.17404375791795018,0.1817420962456024,0.29810205539095774,,,2.9010930004738738,,0.14218024459157944,0.15803977186446272,0.14495351503063383,0.23835117948060264,0.27572775999843496,0.36362460214079045,0.16862509466340375,,0.11279468171307575
2023-11-10,0.160020606790739,0.1920427662751711,,0.23506522275189423,0.26735250030499563,0.1345653768738566,0.24349964153924267,0.16052118612659144,0.1769892469835563,0.20080197728041063,,0.13434950587461922,0.1673745218509808,0.16982654631289223,0.1406656394149904,0.17045477063351636,0.17460281624892088,0.28635528499978574,0.23309709444356289,0.22054916397581684,3.24085477748763,,0.13681000712286653,0.15576038585864369,0.1474420167526759,0.2265593756485825,0.2888678514872795,0.3654296347821081,0.14900688345063237,,0.09085164304439312
2023-11-13,,0.1974866679622643,,,0.27597428411108044,,0.25273401020698716,,,,,,0.15466149231034662,0.171785855907718,0.14084116379026215,0.17269993837980285,0.17191417752931817,,,,,,,,,,,,,,0.12213815018889122
2023-11-14,,0.1946050425666146,,,0.264715844188857,,0.2501637798388807,,0.17968950241688492,0.20410799883240618,,,,0.16907908348118364,0.1398359502059503,0.16729187994294353,0.1654798663180649,,,0.16547396901671907,,,,,,,,,,,0.11156208498370489
2023-11-15,,0.200091081345418,,,0.29669881494687067,,0.2570813154382432,,0.17614605732315677,0.2009770753443284,,,,0.16841948062642975,0.13879530665024412,0.15994992241712228,0.16026387797661643,,,,,,,,,,,,,,
2023-11-16,,0.2089539753625717,,,0.17308766655157476,,0.2567629387983569,,0.1726971833153838,0.1997886185944974,,,,0.16744037155196825,0.138871406884233,0.16146177017793428,0.18972162222713632,,,0.17309253623289592,,,,,,,,,,,
2023-11-17,,0.2052860567082745,,,0.1598396704313833,,0.25341749479532827,,0.16554107396546952,,,,,0.16282253638931668,0.13770233043486377,0.16242331838800758,0.18252665583437816,,,0.17273622905989916,,,,,,,,,,,0.11259409327806062
2023-11-20,0.1542185811315491,0.2218510981811357,,,0.1529816920073113,0.1311589265185903,0.24752249780627195,,0.16091869298988062,,,0.13483909361503596,,0.15337934633818026,0.15758878434980447,0.1570743744083385,0.17809055737244708,,,0.17171729236180755,1.2337413852979002,,0.1722113737646286,0.10031379439065616,0.11756412281765333,,0.21056631114429464,,0.19566582814237482,,0.10998617156069847
2023-11-21,0.1524273544825497,0.210731799647924,,,0.153364376913483,,0.25183118089033213,,0.16018148603923488,,,0.13804543052642074,,0.14997177404407475,0.15147987344424527,0.16232204903487402,0.17664181584302763,,,,1.1731593990947489,,0.1618765720235094,0.09077356082135557,0.11534706165181266,,0.19952839911937412,,0.195965981056209,,0.11387601528012249
2023-11-22,0.1464951642508416,0.1908611993549911,,,0.13667625309621526,0.12038182093150697,0.24395563504005402,,0.15317762134710727,,,0.1315543615566858,,0.12976890028585847,0.14699098500037314,0.1608627828839332,0.17148014509990775,,,,1.2915345462597843,,0.2040869510593707,0.08418793538802954,0.10845282974700779,,0.19723430008081044,,0.19390423258842795,,
2023-11-24,0.1494997779737907,0.1927769639993385,,,0.13141520265995327,0.12195942631216841,0.2420532088247223,0.14989307856974687,0.15453846084576714,,,0.1329478415710655,,0.14762901087544192,0.14842732023048197,0.1571818612152319,0.1751888642929922,,,,1.469225584610259,,0.1505890832441489,0.0764598068504693,0.10771428002446065,,0.1976235984580572,,0.19357624412227145,,
2023-11-27,0.1519266786639123,0.2033755899776052,,,0.15194593763148637,0.12973378186479906,0.25549987118417194,0.15633744395436808,,,,0.13891853075695035,,0.1284417936151025,0.1527393058236933,0.16806396274147403,0.1781241053123502,,,0.18224616929101745,1.5908449490145442,,0.20554906257226682,0.08665018827841811,0.12308337944077598,,0.20128816331370297,,0.20332051205550972,,0.11464261422733371
2023-11-28,0.1494911523133264,0.2044481955681318,,,0.15371327009876493,0.12375565108368307,0.24095580364453253,0.15520996891558483,,,,0.13833282878395012,,0.14506175085302886,0.15438330141917356,,0.18520094143080645,,,,1.7468831388777757,,0.21282264054758093,0.08444151255725518,0.11976194392737016,,0.19656646853755388,,0.20406134415660984,,0.11387963866940842
2023-11-29,0.1579418193894679,0.218197402226823,,,0.1522049672692236,,0.24255388166236086,0.16432407469926447,0.16751927558521454,,,0.14207657134939355,,0.16241490309275675,0.1554067508144557,0.16798666971655832,0.18592525423419962,,,0.18180442786727108,1.81088015360377,,0.198472721878425,0.09160478541211318,0.12659754218341213,,0.20070531756616078,,0.21856859432813752,,
2023-11-30,,0.1972068294305965,,,,0.12994657024079087,0.23549778517772496,0.1764378219314795,,,,0.13931585024288534,0.1333597520357544,0.10442322520719409,0.1560151302310623,0.16870845542379992,0.18009629236974317,,,0.18962054463084213,1.904388149528566,,,0.11955142218522848,0.13330258014925017,,0.19837425295172437,,0.19699507337890848,,0.09793693338546916
2023-12-01,0.1497607412231171,0.2038512308304775,,,0.1475901092445758,0.12932837099831573,0.22746599761035677,0.16711025800704216,0.15508294631264485,,0.18076573607566485,0.1397082330394008,0.11825860927466299,0.18366848437641461,0.16555956011874587,0.16085678129222988,0.18158152923389823,,,0.1985657456749282,2.085872323910888,,0.2026954761535552,0.11856507503333454,0.136207431046002,,0.17818806623454,,0.20235835611241595,,0.10440420940343455
2023-12-04,0.1671970891583094,0.2190493393936805,,0.25509881192628503,0.16963552751311725,0.1522943058333843,0.26081403959119986,0.1891624544711271,0.16616586680784484,,0.20452214166051763,0.153438615442965,0.12432863734414168,0.1830307018760412,0.19349665715542047,0.1762755845425468,0.20530919668699743,,,0.2234274921638019,2.6188789872788076,,,0.13071323236030702,0.15950193334362406,0.24745266322239376,0.2008907472095492,,0.21805685012966056,,0.10893040995292155
2023-12-05,0.1741429541551398,0.2259374472606739,,0.22208962488717052,0.17063803767023317,0.16063359494184334,0.2505782597668375,0.20242950815392005,0.15982675146309652,,0.21109086326487797,0.13973770673337094,,0.21447621457339855,0.17991670408431765,0.17452931125888416,0.20185033116376852,0.2708621669813829,,0.2185684662907044,1.2271179074324896,,0.18280335359700678,0.12188156855251822,0.12892762481668352,0.2476639536437158,0.2067910922623202,,0.2259605949869375,0.18093248992173705,0.09346354192119934
2023-12-06,0.1747930783107278,0.2198769791094008,,0.225971214227049,,0.152953138329645,0.2505540027068249,0.17579709744366234,0.16736365657653787,,,0.13949291485409054,0.1385107822572488,0.22786211909881499,0.1625420199011414,0.17102884678297628,0.1998879071293328,0.28152139782314023,,0.21950351806098384,1.2921731751240417,,0.17130828217780855,0.12570568332715223,0.12050961739411921,0.24853226549302987,0.2166719803504021,,0.24171908677709525,0.18466223926403075,0.0957509178712765
2023-12-07,0.1715988361682973,0.2166791552520878,,0.22506888104349757,0.16679458986731083,0.14785645367609684,0.24764442056684108,0.20256975639746622,0.1650358498504194,,0.2419538900728746,0.13742893637195372,0.16249984162283854,0.20441363109184724,0.15460751478742965,0.16081409104015917,0.2051011215742342,0.2799459422149729,,0.22028327064602016,1.2944432331979243,,0.15780923178025802,0.12222005817093903,0.11947329378829476,0.258427038645433,0.2107082201703711,,0.22948173915249967,0.18377261963109273,0.0951096505566946
2023-12-08,0.1589035816878471,0.1930724707739321,,0.21549901522871945,0.15900492840032127,0.134433275421935,0.2393872935727043,0.17654559521350743,0.16038221672860853,,,0.13346655689756276,,0.23247045153147144,0.13690162261816255,0.15185487098977205,0.1897824322376423,0.2658156095390713,,,1.3259476509549322,,0.13742783789754032,0.1178567507405307,0.11307689221827451,0.23661738537117216,0.21813670769459764,,0.20663953999184095,0.17830922622591563,0.091984951592754
2023-12-11,,,,0.2215283299369421,,,0.24468427725956457,,0.16172109126702702,,,0.13454804784019614,,,,,,0.29893096058693075,,,1.3836706339371219,,,0.12182729422937015,0.11518467626463175,,,,,0.1812737344916647,0.09255649360879309
2023-12-12,,,,0.2127537787595893,,,0.23756523309369743,,0.15669333950887665,,,0.13036920434035004,,,,,,0.30353058025423685,,,1.3567637878005143,,,0.12091190500890522,0.11256031554405084,,,,,0.17733241935222285,0.08644162660916828
2023-12-13,,,,0.20944180200605672,,,0.23426550311917682,,0.15650684461556214,,,0.1280537940786878,,,,,,0.31236096564704324,,,1.4412206443606166,,,0.12766329591715958,0.11641433902248381,,,,,0.19169875438262382,0.08793647554250374
2023-12-14,,,,0.2124575093977182,,,0.24349863590230336,,0.1641437173591345,,,0.14121207855731968,,,,,,0.34126368367860077,,,1.587320525643323,,,0.12587047365472204,0.11886148667233142,,,,,0.20688023918872234,0.08478800806530537
2023-12-15,,,,0.2089147798455861,,,0.2219868389162699,,0.1528011922702561,,,0.1362399126482864,,,,,,,,,1.6083808587283652,,,0.12977478190744068,0.11963839546251588,,,,,0.21853162722066333,0.09294669540910193
2023-12-18,0.1777612490474477,0.1993899033253208,,0.21751130424025059,0.1285845133856914,0.15024637630870774,0.24375019059342853,,0.1633390377200006,0.22767254390812328,0.17724580118413397,0.14132842465311257,,0.2255436348507579,0.1460814094012447,,,,0.2184503971542092,0.26904474911426574,1.6368405674361424,,0.12378052814600742,0.12579381798227315,0.12211092170420637,,0.22643422077545897,,0.22666174137556025,0.19724569241700943,0.09355167773299639
2023-12-19,0.1791574527834142,0.1989688213088915,,0.21269005421737186,0.12849502290000947,0.15336425122537,0.24445336289801856,0.14394612816292343,0.16684648267180807,0.2367452450425337,0.17814957471515347,0.14161981908587704,,0.21552197696464387,0.14350519063862632,,,0.39137250186871814,0.231194280050082,0.26138023131379773,1.6697691188529344,,0.1255973090266017,0.12791148249871917,0.1256946035103669,,0.23104305548099377,,0.22300285690452334,0.22366253089491517,0.09763116169664855
2023-12-20,0.1843561113160119,,,0.222761693747149,0.13451060417744976,,0.25131304413281724,,0.1754400053104558,0.23655825480881723,0.18865032173732932,0.15010113006882816,,0.2339969855916049,0.15356291515415166,,,0.3426059308527407,0.24044924293684775,0.2397571466093217,1.595452366232752,,0.12815939134879994,0.1359123567599983,0.13301940109322133,,0.24721937858017656,,0.2630254767735008,0.20670390561255708,0.09909805918448095
2023-12-21,0.1794900305036082,0.199015372496786,,0.2175541661037143,0.1350596261142289,,0.2494590887574537,0.15084628451616566,0.17562181226503565,0.2400795322762558,0.1932285276855406,0.1466563788404788,,0.22687791864506338,0.14809032216212267,,,0.4682208949071458,0.23785687769115946,0.26721824116280846,1.731213210937022,,0.12999460165341784,0.12895240271317482,0.12854985142573336,,0.2374744218493355,,0.2352226163687445,0.2082762473824805,0.10462247134039965
2023-12-22,0.1774365806027298,0.19223500502483,,0.2098326880779364,0.12729988719990762,,0.24222959256859808,0.1502782659686377,0.16902895360151216,0.23617505631601826,0.184161743298693,0.1447422823110776,,0.2306528498254831,0.1421957698098387,,,0.4059320059625168,0.22991928534857511,0.24808578135945966,1.7594272261090782,,0.12391260464277154,0.12459441701233992,0.12264298588050923,,0.23181393296372946,,0.23464259999748172,0.17781077973579026,0.09917362010211588
2023-12-26,0.180942768593214,0.1926102651872965,,0.21562563049618447,0.12840001063492662,0.15195984556848963,0.247956249325834,,0.1766041706751753,0.24678731641578677,0.19000576853346995,0.14632298224440657,,0.2314377144863455,0.14468525767991197,,0.2001045018678146,0.39553360402394167,0.2462117562340264,0.3367891605756976,1.9962957507948869,,0.12812987105165138,0.13067573894489734,0.1267788522338352,0.27481753342660004,0.24088803510728324,,0.2545288611643301,0.20520162929066993,0.10458751177902424
2023-12-27,0.1838802798525258,0.1841577514105699,,0.2096652806707253,0.12113545099925417,,0.24039327166630403,,0.17113024652549677,0.24486347526759478,0.18081933858910637,0.14115080434049004,,0.2358326108502627,0.1377705493898671,,,0.4671198264387798,0.25130183672975503,0.3308234543614636,2.083126762476776,,0.12308644816893853,0.1255064940884233,0.11908155743841307,0.24741179950657977,0.23284668684157533,,0.25705792005710937,0.23232214382975058,0.10043712024676764
2023-12-28,0.1741219676868385,0.1858698473247113,,0.20659920847895646,0.1143731109793172,,0.23200262183025183,,0.16543519680070848,0.24309262837979892,0.1696521685461044,0.1339245858812842,,0.24553798811520242,0.1420550893132948,,0.19077649805164243,0.29221385326949073,0.2252347033164838,0.35957118328040155,2.088059292819257,,0.11824268841769402,0.12126053571716477,0.11500647052288525,0.2767180029337878,0.22782155325731415,,0.22990979937615025,0.19298889886053286,0.09946380083300145
2023-12-29,0.1687229490319733,0.1772547929898821,,0.20363109065733345,0.1060096339087218,,0.226600280424169,,0.1668700493915881,0.24063231412746575,0.16244857896581355,0.13421843115824122,,0.24964663903403886,0.1358466791867376,,0.18725198902734133,0.41868074910829584,0.2198293390595601,0.3697558216774305,2.241166838765637,,0.11525448705414143,0.11798765087602184,0.11136688925319363,0.2302774794586906,0.22217722746346869,,0.22413354696725007,0.18489960060872718,0.09397255431540377
2024-01-02,0.176453733591275,0.1891376609512683,,0.23616769093288145,0.1160500739893917,,0.23863046446795175,0.1263366634598569,0.18057834291546182,0.25868264745235225,0.17373671765087437,0.1460912899744707,,0.2898251038635381,0.15189797496821564,0.18086764308352474,0.20953610981590737,0.40396306434652224,0.2275420550854983,0.3303975321078728,2.4796622094186733,,0.13110141884925752,0.1342748918186422,0.11982428347256587,0.2321178392383508,0.2372842740363941,,0.2475756139070121,0.20907748214848307,0.10516427862167098
2024-01-03,0.176782665452856,0.2513002195811778,,0.25411965095125577,0.15135118548972767,,0.2397298188706194,0.11635430005441892,0.19222614499657503,0.2385571191192143,0.18025586795468937,0.14669293230837915,,0.35335091130227964,0.15710791114012387,0.17760599327621862,0.2119390041212214,0.37386907671207564,0.22816382286597875,,2.2439900989932915,,0.12706270033102002,0.1319015937966871,0.12148217612028477,0.2207825902037518,0.24486959965659194,,0.2733462498170882,0.24884662864238963,0.10339862375387882
2024-01-04,0.1868593002950414,0.2447343678530737,,0.23565073572006348,0.14750754554118298,,0.3297303164433778,0.1075732466970232,0.19643858072061254,0.24144215197512506,0.19691938634783004,0.14173765285287493,,0.29071964063865013,0.15463158305316574,0.18349644644979443,0.21357678179704603,0.3883063940635588,0.22523606177643707,0.2947118448766457,2.311488569744143,,0.12759438412632831,0.13280140507343124,0.12602608443963145,0.2114257802211647,0.23528437319953405,,0.23036658752263442,0.2503429556285956,0.10326880367003319
2024-01-05,0.1842103878418551,0.1907725406927814,,0.23312897156987514,0.14098759980060296,,0.3219015618193443,,0.1891582409981416,0.23795200269650887,0.2186193311192436,0.13598283305100525,,0.2715377889223547,0.14678735983473098,0.16715251118261656,0.20149280320187057,0.40108210555375795,0.21159841402701512,0.28515749365179627,2.3207611061545306,,0.11326044267515248,0.12119105899372073,0.12272829396530105,0.19631848917000602,0.22781514369403114,,0.22285477928028427,0.24533146410846024,0.09661560678105259
2024-01-08,0.1777705921593264,0.2427462109407975,,0.22727034823998696,0.13682835170827393,,0.32586662824172324,,0.19049354425636247,0.24010216342583102,0.295530894572645,0.1358316720443121,,0.2802027788662491,0.14469307372183235,0.16516076429481383,0.2139661978942016,0.3944729416436894,0.22298669953491018,0.2839072264106638,2.4000779089461965,,0.11203915881685719,0.13088537332030603,,0.20607814646105346,0.2248625835997397,,0.22556384508359514,0.2503982408015868,0.09508422084441195
2024-01-09,0.1764791818550353,0.2375330757442587,,0.2244590791204879,0.150840106887554,,0.32162793148794894,0.1678930820655689,0.18633678985612948,0.237658906043733,0.24693201947303292,0.13264360272800865,,0.2956911678940791,0.14178878698563865,0.1602413961270913,0.19992094684636896,0.3817114857954948,0.21148002017875941,0.2800640874003123,2.4477815303096593,,0.10301690466480577,0.11544006930046932,,0.19114473682658725,0.23804618530363017,,0.22419829275328193,0.24698242747637217,0.08970605603840814
2024-01-10,0.1801723225884109,0.2414889907368156,,0.2253149505596311,,,0.3212079102291265,0.16272790659785064,0.19121250957946306,0.23530082381067371,0.20198220069970058,0.1344952652341323,,0.3059026317437257,0.1431763588371683,0.15968426478390577,0.18120964943178072,0.3694267420241219,0.21358953361529961,0.28285910864909647,2.4459133574949017,,0.09936821092681558,0.12211116419771477,,0.19947579199187776,0.2506076767830613,0.16699391485414078,0.2222847126196456,0.2476038708922019,0.09514685186226175
2024-01-11,0.1793963837815144,0.2455702340632711,,0.22527713171447236,0.13702210559287756,,0.32201043709232074,,0.18782635111468687,0.2245096229569706,0.1933535685744053,0.13570712871923413,,0.34761587025619406,0.12869453348395113,0.15357271860383123,0.18039333909530114,0.34891692248459316,0.20517421550952544,0.2836498040428974,2.4441772365390713,,0.07733553576292031,0.1136888901554624,0.1152355907434846,,0.23607067890834796,0.1536849503854851,0.21954645388339009,0.2390837800520717,0.08630280287896926
2024-01-12,0.1688689352136988,0.2448145935772794,,0.2238495482088494,,,0.3204115617366359,0.16732505344355125,0.16191831045312943,0.2159903590492374,0.17457304761838044,0.12236542128964886,,0.1883841793688453,0.11814477524812284,0.13983251238617558,0.16381976643938295,0.34108504740725987,0.17703425666835343,0.27988207704447454,2.4868202126481243,,,0.10891684321004204,,0.1847951966520577,0.22598494294494764,0.14457699866917345,0.2153447538822229,0.24656150477095906,0.07743696751336435
2024-01-16,,0.2561619302008305,,0.22846401262352023,,,0.33838852748754034,,0.1708511969788806,0.20795062213035123,,,,,,,,0.36020537308286255,,0.2743260542606295,2.6582868195157894,,,,,,,,0.22775351514784736,0.2574455713057102,
2024-01-17,,0.2581593605745687,,0.23389621614039108,,,0.3446451978680873,,0.17545625124135625,0.21084766940015356,,,,,,,,0.36632202522453383,,0.281773313531008,2.629188033265088,,,,,,,,0.2311834513939409,0.2667564313064463,
2024-01-18,,0.2565452925150712,,0.22931360655138885,,,0.34099305772697697,,0.15997251979256857,0.20406746055017638,,,,,,,,0.37525567775881996,,0.29907740927213766,2.6542945355789946,,,,,,,,0.23108231767200216,0.272027121463525,
2024-01-19,,0.2520447316985084,,0.23464899340689624,,,0.33999240797087144,,0.15076943089649858,0.20070601521976317,,,0.16221314855061514,,,,,0.3748292477369555,,0.2983371669694861,2.7589675107499354,,,,,,,,0.22201491640968662,0.26563405797808903,
2024-01-22,0.2556683072968223,0.2687980194610541,,0.23420702062993037,0.2798534127643767,0.23608225167716312,0.3634625341593425,0.24661360106861066,0.15994748213359178,0.21366351966059224,,0.18377260775738272,0.15473943702732343,0.18204856804278413,0.18504127006876545,0.1869184307291878,0.26108770946017196,0.3831949524646069,,0.3123534410666714,2.8910723949854806,,0.1696860474912086,0.1668214018136412,0.1899627407214379,0.20549453625312467,,0.17839420006897028,0.2263183175990151,0.2660220646880933,0.09981070933556944
2024-01-23,0.2492602550464479,0.2730021828500903,,0.23136543398312193,0.2997060003511304,0.23235412800991617,0.36595202441815,0.22238182936573397,0.15646185957611536,0.20201916236403378,,0.17782051450178998,0.13817522782446887,0.1757559771339609,0.14372072001878483,0.1835610657712505,0.312999210028337,0.3762571885590577,,0.3298015597765513,2.3358766041731434,,0.11511613571270053,0.17020348860182616,0.20032042366752423,0.20231716796093963,,0.1715503533411959,0.22562743580215872,0.2620490120765732,0.09576768303344751
2024-01-24,0.2619853355191845,0.2869719810318612,,0.23525444746432939,0.29734617395975155,0.26048439361376924,0.3781726377995175,0.1887048401014737,0.15272026591876145,0.20069641618889106,,0.18169936787362553,,0.17203837522387994,0.14017526616993128,0.19456087326019553,0.27190001885787396,0.3872834258412966,,0.3090117484974261,2.2822591636967067,,0.11467704886732735,0.17149542168324308,0.1767572638387892,0.20883507195570783,,0.1701389784728371,0.21645836220764927,0.2898438455144991,0.09827543534902358
2024-01-25,0.2565006827834413,0.2976196876020169,,0.23851934615614317,0.31517446143100325,0.16519972192356808,0.39142863778917464,0.1998627734091666,0.1554725299794296,0.20543895934878537,0.2981253676399024,0.19757724307369381,,0.20682773021021134,0.14628569805123412,0.19253106007158458,0.2611329566122281,0.3802367275436182,,0.33488882985339163,2.4500609585860667,,0.12263809805345867,0.17776855170213707,0.1950981445216078,0.20776401201116446,,0.17366930411499207,0.22193906560123228,0.1950203114762382,0.09840465166858435
2024-01-26,0.2570943524284926,0.28686955880903,,0.23512636809772886,0.3024111798710105,0.15366974820486026,0.3982351450406108,0.22498761559714156,0.15441176712500423,0.1963835306684058,0.209627457312122,0.13589312900125297,0.13160185226258247,0.1937828155333231,0.14087957320990746,0.189806000984621,0.313896029709954,0.35513927281079105,,0.3315815171921434,2.5181487194089764,,0.11883986017229221,0.17357000146907628,0.1856761224731057,0.21250654548479947,,0.1755400129468501,0.21944479043045953,0.19641670341490383,0.09965153473994218
2024-01-29,0.2875679117259879,0.3105414727206871,,0.24722354656040724,0.34056775138602047,0.14521367742646465,0.42442980443154005,0.20401226960210764,0.1556880885685989,0.2043328863944112,0.20944467406925601,0.14521788209970735,0.1326910634814123,0.19674759603791478,0.14103211514462055,0.2011583827075494,0.3387259514386454,0.37051347639640303,,0.366634626055939,2.6426675420787458,,0.12061939151239714,0.1906111996267073,0.20745463384387453,0.22879552640016187,,0.1820775857323481,0.2258672992293926,0.19340315764476493,0.102100610453673
2024-01-30,0.284817937087497,0.3271710382088708,,0.2504338640129674,0.3397644649456699,0.14302859068889542,0.464362731328647,0.2270268976106683,0.16634495505765384,0.21869869655187668,0.20609617447880618,0.1439471291161541,0.1390424378501876,0.19247745121884277,0.13923207661037132,0.19390695422995738,0.37423399866757345,0.3778192218049661,,0.4082706060159493,2.7550815454832827,,0.12590031926364673,0.20533766434533282,0.21820118555896512,0.23517300455741064,,0.19007775893948445,0.22440755297694834,0.20207211264578734,0.11289244549958075
2024-01-31,0.3043574738466389,0.2216353517804049,,0.25113049995728054,0.3557323344338312,0.14317662255821037,0.4625811317985807,0.2224961670350339,0.16791679541880164,0.22177865644774047,0.2181420669273496,0.14783941656053112,,0.19491655218383488,0.14745340545549926,,0.32237001363350626,0.3337476342828374,,0.2549844524788064,2.781934790182384,,0.12719518804884938,0.14911190940533803,0.20855862888361312,0.23244249369356423,,0.1941574469829927,0.19614962420972812,0.2081348782430005,0.11085925383987609
2024-02-01,0.2991964476794534,0.193070293076667,,0.2442870511826766,0.37134468943227056,0.13594579083581357,0.4680877987705598,0.20700700926530957,0.1680328510205134,0.215463891982466,0.20462956933668827,0.13585499927257827,0.13956956500463683,0.1860425473236398,0.13142596844962778,0.16110882829984038,0.38662212425974224,0.30219716021735393,,0.19903279973630222,2.864997825138342,,0.12419014370198532,0.15669400288575666,0.15091477286962424,0.22485593048999955,,0.19050726959816874,0.2015329827426396,0.18915144332678085,
2024-02-02,0.2101091591851881,0.1775236838602726,,0.23938668622548653,0.36358903344913696,0.139497932203994,0.24448429703408345,,0.1656194293460216,0.2107877616855354,0.19216621009320223,0.130256030290503,0.1418885042366622,0.18347098250828345,0.12680702148336717,0.14904251173430966,0.43115376433767466,0.2929067334655897,,0.19328997833085057,2.995801889980078,,0.11843626029860617,0.15677703762043704,0.17580737773557373,0.223167228883796,,0.18874218173811236,0.17489168695868332,0.1916606863734449,0.10367031521485891
2024-02-05,0.2120746215129046,0.1953482056490272,,0.2644447289463717,0.44428461038932443,0.14173731967227532,0.24435524849989737,0.20757595074287807,0.17000704597830785,0.2239180213775895,0.207608196073511,0.13285828060639152,0.1416814436741891,0.1928155986224961,0.1336131653221072,0.16699502783172193,0.25619399277050897,0.32178697290888947,,0.18355910625156763,3.1654209480917963,,0.129103147619083,0.15614750248373702,0.1322930258738659,0.22636698256020865,,0.20447214230423494,0.17122353722830466,0.2100471783879134,0.096601276200778
2024-02-06,0.1980044643643383,0.1837795206139814,,0.26327667484033346,0.4587659927172164,0.14142351169575682,0.23945382201360282,0.18964970538284773,0.16789983085409055,0.21706764850516333,0.19883966792760643,0.12897355341735525,0.13930945797483948,0.2007842271303911,0.13158487615063086,0.15642736357279505,0.37115698619808346,0.31238107225247946,,0.18198048212720555,3.4036435106704452,,0.12547902985256484,0.15603450387746176,0.1243462262290181,0.22550929069099945,,0.20069717442323093,0.16691415469806045,0.19276070517607496,0.09491676749598205
2024-02-07,0.1799398265940164,0.1806243784348078,,0.25702882789542675,0.4603241038498751,0.1319470116144641,0.23432277618316694,0.17856556546341043,0.16293891689840598,0.2158999730256493,0.19126367453394696,0.12642544769898076,0.13382333390608508,0.20229233167164543,0.12558524977033844,0.15182258221985243,0.28533404700945414,0.30909276507699535,,0.17468277512611138,3.6390707099273305,,0.12049178253666593,0.1557176799613225,0.11755406794398132,0.22433018021961615,,0.19702775533755573,0.1586619125491119,0.1942560578952707,0.10100651759392673
2024-02-08,0.1764116705651691,0.1366293687289849,,0.24825729329634857,0.4896274279924561,0.16494725281569259,0.23645642759420263,0.18845312970107853,0.16262607348632677,0.21173572382142639,0.19204227968507787,0.13933661031061584,0.13485967053349904,0.19802362221119982,0.1253922450744355,0.14834377771873813,0.23467739453247546,0.2981775044063365,,0.17268098718074587,3.7492874728425027,,0.11103816703665356,0.1570935988398643,0.12188157557064166,0.22260204128232192,,0.1907177302540678,0.15376115671500656,0.18918863516867304,0.09755178743759417
2024-02-09,0.1980665813885159,,,0.241476057760291,0.5093409758492082,0.16398407298364864,0.2378886600039612,0.18172929235267535,0.1631481236810158,0.19542104928445617,0.18940921740348526,0.12764182103380556,0.13878152156739926,0.18990142703095675,0.11443382654873542,0.14181917998464402,0.15589743507696377,0.2845497119896426,0.2629333699500349,0.17739719747163082,3.9743539447803506,,0.10313342551353803,0.14771287568684027,0.11581981493143455,0.21668400865265472,0.25790896363568633,0.18084014869142315,0.1633327021688477,0.1857729802179884,0.09379282224589426
2024-02-12,,,,,,0.17199867060991472,0.2503921269820057,,0.1719339938346604,,,,0.14245178183898838,0.19846103150055844,,,,,,0.19862433090525397,,,,0.15755695205290793,0.14282982724718432,0.24350611418641557,,,0.16543694210140997,0.20400544974372037,0.09817952684407649
2024-02-13,,,,,,0.16921478339657398,0.2599643753752488,,0.18251338732472733,,,,0.1519861218984749,0.20552811581059743,,,,,,0.19063059473249497,,,,0.13437313572377008,0.12985773618297022,0.2520264249216473,,,0.1729073832138756,,0.10071207558975313
2024-02-14,,,,,,0.16292322124931907,0.24835183024435664,,0.17057571468722005,,,,0.13982084413192827,0.19978091310394785,,,,,,0.18877248651352238,,,,0.11910266327072695,0.1196353049048432,0.2429820015862021,,,0.16246801091380203,,0.10076798895152346
2024-02-15,,,,,,0.17408624274924864,0.25226063595214815,,0.17253424106488108,,,,0.14394536786088277,0.18929214479958772,,,0.24395594498779954,,,0.20228637394984658,,,,0.10920769312621191,,0.23284275346602934,,,0.2011621003365126,0.18906867764900134,0.09958444346848525
2024-02-16,,,,,,0.17426101887379802,0.25942864345787625,,0.172313856896,,,,0.1403841350323189,0.18486989418945668,,,0.22383967960110038,,,0.19810958762983327,,,,0.10915173283901612,,0.23496284101905826,,,0.19720976971127133,,0.10220444208078673
2024-02-20,0.2478544264605236,0.2070717926711323,,0.43821957520333904,0.17460726803118093,0.1803244584573773,0.27488178058294815,0.20595790347743087,0.1743240331302598,0.1967775652678195,0.20693028067590752,0.14719022372224527,0.14733323407719323,0.21026669887814128,0.15182293076310738,0.17851409720457662,0.25210844407777694,0.3733567329020553,,0.2225346986082151,1.0766479489160075,,0.12268877781241477,0.1290671274312115,,0.2825967885420688,0.2293656634850444,0.18487099664031628,0.20779055007184302,,0.111061679598087
2024-02-21,0.2483225592806855,0.2070884454950912,,0.44050166319081047,0.18004473783496172,0.18303480271303207,0.272809205460587,0.22228882852639367,0.17194845232808767,0.19542819647826998,0.2047935093890324,0.145035718462651,0.1432758979593882,0.23505261806126795,0.1550885463337271,0.1990347258487473,0.2231689076692428,0.3766098995443542,,0.22543122601996382,1.1255434359762502,,0.12446127192927153,0.12665701555105444,,0.2365571947480618,0.22718692998175136,0.17764620365152514,0.20723692032132723,,0.10805780038472661
2024-02-22,0.2304576671368443,0.1951312727937851,,0.4361028746749588,0.1623395663923798,0.17755692704648843,0.260213884531607,0.20073061769175793,0.1712743955134591,0.1814973004824088,0.20618143821913099,0.1550084953344527,0.14526474244759716,0.24041254182762817,0.1557333184151239,0.19312556416115212,0.23314818490009054,0.373431477512289,,0.22862031959417717,1.1843161819146926,,0.11869845781862914,0.12071549409650749,,0.22543422155997528,0.22260617276150202,0.1656408245554187,0.1980202565391397,,0.11227974400556516
2024-02-23,0.0992298067503383,0.1869889157332347,,0.44544969437805204,0.15219233627969697,0.17413272674283656,0.246687729149789,0.19778868510638534,0.16353642477127947,0.17465085218420698,0.19660034456499018,0.14856741996129094,0.13868892948978398,0.18183131935308422,0.15192692948445022,0.17995724421830134,0.2771749444837764,0.3041056738917113,,0.22724034393454767,,,0.11619900345238113,0.1121732740571136,,0.2209531193174694,0.2179354770631803,0.14789204861675198,0.18955151023164662,0.17715258716522864,0.10809850254963442
2024-02-26,0.2059034800548181,0.1951867087885062,,0.5113114121282855,0.1608464670088734,0.18628912222906485,0.25792559363797096,0.20339775042659933,0.16286039452955686,0.17784741423225497,0.20569403968136457,0.15377739188444037,0.14158364317671812,0.1904639631217404,0.16000651574691424,0.19465879877722947,0.23239583573607436,0.3520099814167764,,0.22358397803448474,1.2341866608131065,0.14930409081076423,0.11752263529819114,0.11488115017907173,0.12367584548966996,0.22176624145846272,0.22665677431197861,0.15755184118390456,0.1962524930291278,0.19076528588701094,0.1108320517331173
2024-02-27,0.2374174785301855,0.1881675404935984,,0.530809979686518,0.15837388811281264,0.18732547364102017,0.24662705584200578,0.2015796557118864,0.1611015384322965,0.17198897831233106,0.20770674355401664,0.15149013618149035,0.13760469347387083,0.21699370919748232,0.16203997509575993,0.21439358653947668,0.22935760428578741,0.3430389503974739,,0.2178341720056038,1.3106111721320772,0.13639150481368345,0.11882229466631017,0.11567324100704539,,0.22169107783711453,0.22609483219618423,0.14799615954545142,0.19860536246668656,0.1911961451554641,0.10785142789625261
2024-02-28,0.2350956330563849,0.1900057953656397,,0.5660196816701107,0.15812542509539584,0.1889503257963295,0.25018523634607587,0.20575238642337762,0.16588162599608144,0.22431570544598578,0.20783675728428075,0.16261703672570055,0.1346880466851651,0.21847358947071518,0.1719641713327308,0.18783459873143685,0.22536406265679015,0.39360823450929616,,0.2150394955511078,1.2777719195455828,0.13423226512173006,0.11842305257497726,0.11427888584364847,,0.2174257543725974,0.22357062947632103,0.15239764144554002,0.20023528499968515,0.19378514814174175,0.08566638207229257
2024-02-29,0.2237205108836028,0.1822959963260154,,0.2838385228271245,0.14888190460620818,0.1777249014200856,0.2270918013412515,0.19431707081419952,0.15320835721916773,0.21619101369740315,0.19930857628276397,0.14271675673888817,0.1263645564200542,0.18766431574498935,0.11288745229807239,0.18224176858670993,0.21256977825458304,0.37212227582357443,,0.27134804115667743,1.3079699866216234,0.1392882596860424,0.11199563757536322,0.10143033149442404,0.18664108976600932,0.19776162773036957,0.21475951357774326,0.08825776099469465,0.189356634929447,0.1857963681555008,0.10859655408950115
2024-03-01,0.2160280150769852,0.1835685867413889,,0.2672558778966591,0.15722979232443757,0.1893278667787335,0.2309723245823427,0.19081399847348246,0.15537754858395292,0.2162563954284322,0.19823846584457486,0.14922762563084283,0.1329986204007158,0.20169748463423254,,0.16879501463929247,0.2511411345551588,0.36038922433516324,,0.28401799734784,1.381565186629244,0.13690178418297932,0.1122296926243038,0.1065081956108396,0.18564440642954558,0.2550137187171222,0.2045054302175258,0.09961364497392734,0.1892148650799616,0.17193305128986858,0.09365843260421242
2024-03-04,0.2425035599214428,0.2040421422998843,,0.3057967069238922,0.1816533360589623,0.23495243042398178,0.2488333564761694,0.21810673054271904,0.17638802498648132,0.24382790223602688,0.22040885281893782,0.16221277949181,0.14655429954614108,0.21168919501416897,0.17108533090882705,0.1760750797767341,0.2721655989651012,0.4403541673370931,0.24589676288144002,0.32886092159758545,1.4888714758821777,0.14453006569831334,0.12614225754142183,0.11272105895964844,0.1880157993430183,0.27850322809601696,0.2609853400502771,0.08387298885522872,0.2230934736257474,0.2267242772149379,0.10758416178755807
2024-03-05,0.2357750505439556,0.2229056889148951,,0.3148121102570468,0.19332524737774845,0.22621741576879342,0.2597172520739203,0.2374913019067721,0.19614016287908712,0.2440104393043648,0.23311709722189308,0.18985412600626292,0.18306781912902378,0.23182958949781246,0.18174910230821129,0.19069495234366468,0.2441159873398426,0.38942963825586674,0.26206239606679516,0.313959950102062,1.754261211098098,0.14192194938198868,0.13096264635988414,0.1116714000088676,0.19116916369830464,0.3783753565158789,0.2538275999639815,0.11917473721713567,0.20269939311904545,0.21734423714298465,0.11459537061010244
2024-03-06,0.233027889916298,0.2212783824758949,,0.29586028527999203,0.20220645846255889,0.21678623033429162,0.26256123823041405,0.2428214799929116,0.19887746037822962,0.2475635161509675,0.23294945488466814,0.18271999358423202,0.1440407561467576,0.23073401093980248,0.17714548635707472,0.19020275212842103,0.23019169761432373,0.3500784529884653,0.26131627806156377,0.37790034673933315,1.7697064114729983,0.14286009922382387,0.13282057332604516,0.11098207938791098,0.20471384470858442,0.369989289810503,0.25099151047467044,0.24460816915838962,0.20977014486768114,0.24573387407553673,0.11686869876216809
2024-03-07,0.2306393598897995,0.2229130347012511,,0.31055540483505023,0.2008892360800474,0.23340754975918415,0.26264490173725474,0.25289470705875816,0.19506213739224781,0.24788465018600225,0.23739943959340223,0.1921572009695009,0.21913234344588828,0.2223067241540397,0.20243341474773324,0.16984624065593354,0.22894363238755672,0.38159332440969157,0.2538698286091676,0.4379383894278687,1.8935165767716142,0.145537100087244,0.13060333137888258,0.10865318700929143,0.2685676756142766,0.36648412227344396,0.2325204591712367,0.23949443286068664,0.2074257623261633,0.27725009997160716,0.12154198568508152
2024-03-08,0.232562374547322,0.2216407704812159,,0.30978450981419486,0.1849684260353585,0.22527255999639725,0.25923839053753456,0.2143600859090112,0.1927549198953782,0.24624182793376181,0.23440831273512608,0.19100722895008618,0.20823429771529725,0.2365067675803484,0.2158838765925164,0.13441782651445358,0.22483501650720156,0.39438860351772564,0.24415132598197312,0.3527398004334784,2.2233193624575875,0.13716369138886594,0.12702411710633849,0.10754120315302158,0.16332858106993345,0.37239697952257333,0.2346518922806777,0.2571741762503906,0.19908936492214074,0.2708752439152485,0.09779427971642819
2024-03-11,0.2382612076918265,0.2260725283984649,,0.30590765957961974,,,0.2597252909177292,,0.19552743740092157,0.2446706343652316,0.2365869402358775,0.18782537236772934,0.18490691124250758,0.23875817979049094,,,0.2303665501808282,0.3641996847519266,,,,0.1390508478984709,,0.10077463993288395,,0.3872078235393948,,0.25426890233533367,0.19899736172995464,0.23181208600781972,0.09922783812747596
2024-03-12,0.2265795855574134,0.2174131460168323,,0.30085888219502027,,,0.25009830741051076,,0.19213837756810048,0.23661012650724503,0.23060078945502174,0.17841771749681107,0.20345758598120667,0.23483794154851595,,,0.22728344622256763,0.3598467044300568,,,,0.13554666604748622,,0.09355342701345058,,0.3786766285362944,,0.2722842774261244,0.19011419781670894,0.26643845228398144,0.09745798019947556
2024-03-13,0.2237899875079597,0.2350155076907925,,0.33187190121051596,,,0.2522778247152549,,0.1872830203206374,0.22490642986916426,0.22904659419033987,0.17569527542506388,0.22729507309572014,0.23410382345582845,,,0.22287605419796744,0.3535518867810915,,,,0.13287813114017702,,0.08075148151472347,,0.3963716837555013,,0.27597093393808936,0.18785760408227759,0.23691944493640524,
2024-03-14,0.2317973067583532,0.2426942790466677,,0.29603298780611687,,,0.2544819964199704,,0.19209649902445197,0.24342200746029055,0.23046532726918914,0.1936765071963631,0.23828348660621476,0.2278882542822574,,,0.21796491274688498,0.3317947849817979,,,,0.15344665508462565,,0.13844993291783025,,0.3852828173246084,,0.19818932513863985,0.1881829669818968,0.235209788166031,
2024-03-15,0.2263363635531678,0.2381960422420067,,0.30125034115885885,,,0.25487892070785917,,0.20870242268116773,0.23945858508834322,0.23091515014715527,0.1949829020260968,0.2293458077819308,0.2252689203618132,,,0.21331731307034055,0.354379184794505,,,,0.15113552281356876,,0.13186490769679032,,0.4080781349376432,,0.2717665651973419,0.1861082565855572,0.21968963702652616,0.1298876038895718
2024-03-18,0.2373745432740676,0.2366362104759138,,0.29333487228193,0.1338161123611736,0.2195466756857711,0.25199826165945954,0.15225474958894927,0.18491606409689496,0.23911893895196856,0.23261452765133697,0.1885342268407207,0.2409017917597734,0.22911486714826118,0.20092356189707142,0.21239661897764883,0.21720798766286448,0.34118484183389874,0.24793675367763882,0.2530612751822894,,0.14848414697586018,0.17677112384457677,0.13140325021905178,0.155952980047099,0.3822774012909285,0.24587177299756877,0.28226877719282956,0.18197720673189577,0.26934324667913206,0.12700122855591006
2024-03-19,0.2374232512103169,0.2213060562686726,,0.2925444982788601,0.1297512091084232,0.22419478650971372,0.2395519627231344,0.1404540901227191,0.18776774542625252,0.23835693091590748,0.22850300984309135,0.19889622144233396,0.2020896666172866,0.22468138827112533,0.15496631298871363,0.20891314250913534,0.21334849498238617,0.33346228305636383,0.23642283012739967,0.2650112719663479,,0.14667269550701462,0.14027631406131558,0.126389139832682,0.16123389859193127,0.3903749523026265,0.24139629701810908,0.20888441703001706,0.18148014024307477,0.21175831152481941,0.1189185388435377
2024-03-20,0.2450998350347271,0.2198284715813155,,0.2978734093795387,0.1158698868413633,0.2388301699744878,0.23634349576917837,0.13329500940505332,0.19048578199297453,0.23453942488888915,0.23055639420643545,0.1738750936653734,0.28616354505647995,0.23031869815037276,0.19132899776749018,0.20480839763187053,0.21395514016765665,0.33777436198152466,0.23536227618932132,0.24914849120460608,,0.1456525628600425,0.13228910463247828,0.12531988094629068,0.1540618006311755,0.37758454539181835,0.2177927388363497,0.24428494951182314,0.16946321333085743,0.2549203475690461,0.14565932021896646
2024-03-21,0.2215451517438263,0.2239021886164484,,0.33465449999871244,0.10842801098985907,0.21754867936255168,0.2410813026993228,0.13263562632392356,,0.2466418836283685,0.2359761625279593,0.1919132764812497,0.24398364373089174,0.22862397428443876,0.14654452822777247,0.2084014724964564,0.21876991114208758,0.3489281837946801,0.244080163255094,0.3403167722417967,,0.14124313939040145,0.13605590540353102,0.12408201732177083,0.1882424085261905,0.4298456636146752,0.22937840637878346,0.32878376991846536,0.16308618573216485,0.26011761764389973,0.14557365485657145
2024-03-22,0.2318303436777088,0.2299897875434357,,0.2865732864720095,0.10257984317333345,0.23257826925190928,0.2383193689407933,0.13457819093831314,0.1686909076615866,0.23486666212140872,0.23699078272905122,0.1987734933851057,0.19393255931441283,0.23279642297925382,0.2071159392752899,0.2095546129228038,0.21645033629692254,0.3084866913592154,0.22998326181180478,0.2755868455507294,,0.13937489549304716,0.14211110248502562,0.12179838822166085,0.14738553197357676,0.20760083373454666,0.22615604326637992,0.330055535164342,0.16403840140308745,0.23206173265857233,0.14267674206027176
2024-03-25,0.2297978092671311,0.2289965588600538,,0.3477940812627435,0.11140823576557435,0.21801596412372265,0.24628634125241847,0.13536685723571013,0.17707775151518976,0.2504468593747606,0.25744859232868783,0.19176364511061797,0.26765276539157135,0.2505999444976332,0.1948426213083063,0.23545471746133387,0.24107943782841265,0.35138601983058354,0.2392990431380378,0.26865656297415375,,0.14368656675667216,0.14571041274441915,0.13228292825840582,0.16976409921165295,0.21339608165470383,0.2745259518879672,0.27332063932882866,0.16880387352493023,0.23279126422691698,0.15832390311417774
2024-03-26,0.2256640981662987,0.2254626173190121,,0.23190185066931515,0.10215553409568312,0.21818800944902333,0.24862744597458641,0.12818130171548342,0.16224243562960566,0.25151866692792707,0.26058559658765373,0.21606522314376975,0.24797504281980873,0.24691870225264806,,0.2283953669292082,0.22701522440753708,0.35288597214868117,0.23882846499493565,0.3020550579526989,,0.14195952030700804,0.12074429059816924,0.13094349093158725,0.1518732583977786,0.20079349674080485,0.28627781803822766,0.29395967736507256,0.16439317022376498,0.24180823612502897,0.14790351493813822
2024-03-27,0.2227361086345847,0.2185256157750377,,0.2856252433874642,,0.241733730632037,0.24067865232505395,0.0990422671474602,,0.246854456865527,0.26617290358610673,0.1750105941893547,0.3140215428252475,0.24668304754893333,0.3094153637480793,0.18707826056633586,0.2223191989807084,0.41780048204694675,0.22216943816768286,0.3299641722840941,,0.1348315843791072,0.16959179577683672,0.1254102475544936,0.14208409815530568,0.19031244007104176,0.2546394189827932,,0.15770786015634697,0.25243627857868817,0.14780498082285734
2024-03-28,0.2288984701687714,0.2031843943596173,,0.3058659441860177,,0.16874075749858794,0.22402048823024862,,,0.23931716642736311,0.2638682518194211,0.15158076613565777,0.30764612868544094,0.24038638534484136,0.17150870120567005,0.12908694983410074,0.20375552051095433,0.2735839646676074,0.2189701683144563,0.40150038881197997,,0.13056691187903005,,0.11659937217993874,0.18387531590995906,0.1838681544296442,0.25176634988318985,0.30908836304486137,0.1557083683831184,0.26771698024602153,0.145450346227782
2024-04-01,0.2246403382523486,0.2377648210215914,,0.3259674079950945,,0.21950393314094854,0.24562466383520234,0.16268771617842565,,0.26277825193011184,0.2873278567886297,0.16566151114155936,0.27210640843899514,0.27323673312800395,,0.22054720807493428,0.20848573926365008,0.3439143060932576,0.228456318079892,0.3487943371763407,,0.1396748896914716,0.15401625840152486,0.12579227783284008,0.17533652708022485,0.19753988094115757,0.3020209558396857,0.31118120450015263,0.16943692580089495,0.2956357434155693,0.1384351560527837
2024-04-02,0.2293923798991943,0.2465566042420043,,0.317809148542951,0.08220148127372558,0.21732263881962305,0.25671783790864156,,0.17934689724948827,0.2718238411645509,0.30156335258091665,0.17021255090471551,0.33438914887714566,0.2943735648965446,0.17139129671960154,0.14730297474923604,0.22749503265582305,0.34883005858949545,0.22828068907377055,0.33119134019815877,,0.13977830205916583,0.16039241938118712,0.1322629039761128,0.16485451236716603,0.20980198703074696,0.38026454421301076,0.26553138280524713,0.18123244746322095,0.2530292366649758,0.16317706989844158
2024-04-03,0.2284328908281088,0.2550243293130527,,0.2776112935597318,0.16864224525953359,0.2826087201409906,0.3419173175692161,,0.19746842253005797,0.2815036327625821,0.3161168298568832,0.1956452641671855,0.3768885781649345,0.27505416102567587,0.1756122065687841,0.1974235003853994,0.22792077412720504,0.3436996851869141,0.2627992922819532,0.3065514881940613,,0.1857490576224196,0.18721861186340313,0.13112689856591536,0.16251691604697693,0.20560315986934719,0.31474536200913455,0.24622882994520895,0.17903142428323093,0.27485007196247024,0.1097671150809191
2024-04-04,0.247097374216701,0.2613834738304417,,0.2849662975540857,0.17934991931193167,0.305614112507804,0.3478053523035258,,0.3458871851090249,0.28737451038150064,0.38483171577250186,0.199507401106505,0.25792140707240796,0.29365643867356733,0.17695568166133274,0.19651165948795182,0.2369215897909069,0.3685194328033133,0.26584899137128043,0.29354352171247977,0.24489338966279725,0.19279756897428554,0.19747797589757446,0.14095241142141637,0.16392240491864585,0.23230080918497242,0.25652892732787885,0.2555562685308641,0.19347159624335708,0.2839147863272728,0.11847238826407085
2024-04-05,0.2371534624367426,0.2628264353829123,,0.23004357201191236,0.16788866445874553,0.31879432496616716,0.3536664223221863,0.06786904006574994,0.34055553791851584,0.24396845039945728,0.3654703862159411,0.20045736480979523,0.2282221727356293,0.2902759157071675,0.1734440405634437,0.1855655177273685,0.23438818781423,0.36428932752589865,0.2464224897471299,0.3055776710502619,0.2884867421830389,0.18885184848367942,0.16999260581596187,0.1305243036653556,0.16090705109282397,0.22566228154519574,0.2658079063671716,0.24539392697773796,0.19089489158184975,0.2564039374490174,
2024-04-08,0.2386196870425522,0.2665010494212397,,0.43616503102114196,0.17536124949530263,0.2978451545123124,0.36154253776220235,0.11756876949134251,0.3939697598669382,0.24784578845122973,0.42297790954861514,0.20372621608040947,0.26353151106747746,0.3142839392502329,0.17358327502108112,0.19506656631023814,0.2405840250547433,0.3689938332616705,0.29803909262959083,0.3387236148356745,0.28934139786486107,0.1948546268971,0.18308332821725365,0.1331441023861741,0.16423050408256687,0.22586932590505507,0.263257063856751,0.25572643663658,0.19435883436192894,0.3141868088962878,0.11237207751802612
2024-04-09,0.2313096270720342,0.2618575982955828,,,0.2141305920006922,0.3255580819497912,0.36199229319367093,0.2388371707384478,0.38062988327832836,0.24699721479441517,0.4577296511996725,0.20335860133569672,0.2309878635160233,0.3077500128849569,0.1687410651104858,0.18762521045263156,0.24370178635087814,0.3545670195121148,0.30472861306423615,0.36001098309887153,0.27552302465641665,0.19321092963960024,0.1838342527731272,0.13331666178083362,0.16552506845831497,0.20817379712763312,0.28125868981039337,0.25643099502021754,0.18952925646486343,0.2822811828398209,0.11305762494828901
2024-04-10,0.2428451952263997,0.2689514694038586,,0.3548550882655131,0.1876939761706155,0.2525147574666402,0.3671270254584376,0.24661602931099588,0.369344619193085,0.2617773016851493,0.4816994555801262,0.20349441931704057,0.24243043575512863,0.3690453871422983,0.17307509340372423,0.19651068263455732,0.24459143643758421,0.35762226723328117,0.2719641508818987,0.32879360470594227,0.280055322595446,0.20057305122587255,0.20272732927061915,0.14041788853758372,0.16276413628827927,0.23380540460829877,0.2147842585294796,0.24540325626590906,0.19358098712478403,0.27490382237551303,0.11157125879138688
2024-04-11,0.2396180291998229,0.270383660382723,,,0.18108154597637197,0.3331188230952649,0.3679098184329702,0.24234780289675767,0.30807731655197157,0.26767503919114044,0.4927708553276143,0.20544775076875627,0.23763085915994236,0.4346743007491555,0.16767704505523046,0.19399167194889314,0.24253023505910565,0.3547834763261435,0.2597111775246345,0.3457297155128316,0.286811795186572,0.19899044935367338,0.21432854293481696,0.12882206566377588,0.14957744772366335,0.20336523726894418,0.2400211427787367,0.24060328029691389,0.18288751920269797,0.2765410330110443,0.11018290368554376
2024-04-12,0.2601082913358989,0.2818535222069294,,0.4322894516989211,0.20124473402334347,0.3202528803912016,0.3850705267483673,0.2500103120055606,0.25889205828542067,0.3463996739173777,0.5222523083293846,0.2198656297063147,0.24377683236123562,,0.18493799305918637,0.2099637292754368,0.2540504043491048,0.37076628881812923,0.2703271117225573,0.35778053959518347,0.237355031356434,0.21174011215507352,0.22457790381434106,,0.164694968270629,0.22925063802261736,0.24292349415449013,0.2505321339273637,0.2142429134575153,0.2937600109716022,0.11971825200379752
2024-04-15,0.2690801344430991,0.2983989599075783,,,,0.32818725328832177,0.39472412872844553,0.25556672051191764,,,,0.22756594318482193,0.2633035756287313,,0.19119986544766007,,,0.3763469216771119,,,,0.22160902184344633,,,,,,0.2560575854527509,,0.30084520699424633,0.12665964884585806
2024-04-16,0.2701944251442646,0.2949507596966185,,,,0.2939706785628939,0.3922632594378651,0.25897008454291226,,,,0.22904804724644193,0.27205793825076824,,0.16481598195824482,,,0.37323844631235553,,,,0.21696386564400227,,,,,,0.25588285047039283,,0.2918273719919549,0.12007736293271577
2024-04-17,0.2767052244912444,0.2999260426201726,,,,0.3354395567519988,0.39867910610635576,0.2593565924589969,,0.24120841104125207,,0.22007667074488294,,,0.16576661191998956,,,0.3581151510812445,,,,0.22414311511906684,,,,,,0.2533611121560606,,0.28919953132416143,0.12034059905425241
2024-04-18,0.2770506705486772,0.2969874362579188,,,,0.3198711055600547,0.40173314495990436,0.25877609038618565,,,,0.21783108808025206,0.17458371363385772,,0.16308791685834179,,,0.36592931654576016,,,,0.22361718764090588,,,,,,0.25530668161976233,,0.290765108091095,0.11957759451839874
2024-04-19,0.2875016695412908,0.2963550265525363,,,,0.3135190771305317,0.4117243969662816,0.262322419211643,,,,0.21968764650159958,,,0.16038170627825113,,,0.36316349342306725,,,,0.22262697848771704,,,,,,0.24708750290451292,,0.2815605558785426,0.12004537875773962
2024-04-22,0.2802948413969708,0.298277279566625,,0.2804755880128265,0.30176200308878626,0.32543881884529335,0.41209729453739125,0.1927727298889064,0.18373728782839982,0.22611680074838483,0.21795642417837427,0.2189733488909909,0.16555544446397616,,0.1489342037553776,0.21987587415412976,,0.35834556608074636,0.36262049640353267,0.23813125473678542,,0.22179168438155908,0.11760779272203165,0.1428396777683919,0.2023710126370962,0.2404280472447286,0.38554146045131665,0.2521527273148945,0.22119247455494703,0.29571163917428056,0.11464864160077134
2024-04-23,0.2734455631443985,0.2915623538218418,,0.2776102062647223,0.2942886450932347,0.3521727471836734,0.4142726969847808,0.18732976299370982,0.17722768034622172,0.2123222503407314,0.21317448487784904,0.22303679845329524,0.16728226615061562,0.19245370281204374,0.14853693783601146,0.21040340463034446,,,0.35298240033784267,0.2357589587218916,0.30991003992532695,0.2262579229034686,0.11106107730538847,0.1383723091167754,0.19978441269568195,0.23066068791686992,0.4001682141743545,0.2524504040936749,0.21635647502929423,0.20319930943752432,0.11313494211134038
2024-04-24,0.2818989625319691,0.3130106782761452,,0.27250093740254666,0.299814278971524,0.2603476479757021,0.43423556839125693,0.1840138700837454,0.1775390900944539,0.21047808900528242,0.21006244435911509,0.1695616978770836,0.16864483841211242,0.19411388940792465,0.15555462729314,0.21694796185313578,,0.3091968616939624,0.3609280389233159,0.23801448331834488,,0.22393608589192215,0.11199096868570542,0.14669145947820783,0.1984741828330632,0.22989225508407496,0.4058734871785251,0.2523355422502096,0.21668097819414883,0.1890868930326928,0.11107644715428042
2024-04-25,0.2896742638482919,0.3645672654028882,,0.2759982449921242,0.31437716259433685,0.1897515918251304,0.46145860951953543,0.18213273027030374,0.17416792714473964,,0.2055241451349204,0.16652168366171846,0.15692278273921068,0.18469057538863737,0.15870416576397495,0.17716055157294303,,0.29122137638472245,0.26919595800699425,,,0.2288475352181221,0.10911988489439076,0.15336591886620524,0.20110018368005877,0.22813500364100103,0.3939601900729114,0.25274986006357714,0.21715128553642976,0.19004773342778022,
2024-04-26,0.299303347404004,0.207844661607713,,0.2556110998401153,0.3107174747015471,0.1595118962186004,0.4527974759710411,0.1780321926415083,0.16946162082710484,0.2105352588096172,0.19322847625499653,0.1539771073650146,0.1554761209132708,0.18482143362007183,,0.1764208933115965,,0.2895352337480569,0.2417386052784322,,,0.230356384293682,0.10541884000807443,0.1470609161544627,0.20823307767579527,0.2254002331148916,0.3148214856363339,0.24753604551832728,0.18522794973675863,0.18033194148476622,0.10740280207441878
2024-04-29,0.3158184211049124,0.2183642789214583,,0.2734975702387464,0.3330322260747404,0.17880958134565386,0.5137493253493101,0.1896106588225071,,0.21687230621872794,0.21534003468996904,0.16106734582221538,,0.20001412466514468,0.15301692208818177,0.17189220819502105,,0.2915552915266767,0.2652732253803427,,,0.2321419085122847,0.10548320552340608,0.1542144409060486,0.22384251322387594,0.235208900219399,0.38020339603120906,0.2669721502514564,0.18378063433698655,0.1965633201584816,0.10771884491528126
2024-04-30,0.3442503633361038,0.2585406722587722,,0.2947017881586436,0.34968798109946925,0.17763939814069743,,0.19047208919861533,0.18939479320680933,,0.21137630019086065,,,,,0.16967842611795736,,0.3197671447168247,0.27236468751834314,,0.2685383345603656,0.2538214322946331,0.11600814215128286,0.12389033091922373,0.167089317257003,0.24299522429158585,0.4522589720931839,0.26491109991007994,0.1915144301625175,0.20127683120129544,
2024-05-01,0.3477570780525134,0.2338074829667949,,0.2896066838550809,0.3562076988191597,0.16642152027259907,0.2958260352586494,0.18427256123451707,0.1862243224950052,,0.20067015274891362,0.1640666773882182,,,0.168867879674409,0.17581673772893888,,,,,,,0.11656412954651582,0.12274700245520233,0.16380465976563158,0.23643460833981317,0.462664884050687,0.2824214012578007,0.18285229696309813,0.1955540264593073,
2024-05-02,0.3258531151313976,0.2161826176322761,,0.27966002262818396,0.3546138374186396,0.15959933977524826,0.26910608742739783,0.17671977721745155,,,0.19983648151301434,0.15463235675048476,0.15351041488197517,,0.15865673533811633,0.16061425539911198,,0.2882200055201191,,,,0.26937923702746136,0.10995870821535343,0.1161951929343482,0.15626010886351757,0.23962227998437421,0.4678387939321564,0.28914047225271716,0.1836932321905816,0.1892157752041896,
2024-05-03,0.1932446588099636,0.186312604633159,,0.268198002557586,0.3543612134578983,0.14239245757726743,0.24385785174999133,0.17020575492100365,,,0.17720245349943115,,,,0.15287298535162833,0.15222691911610803,,0.27095136354299626,0.23683366971089706,,,0.26056154825695155,0.10175413519913988,0.10834534507941404,0.14608972848913127,0.22414368318033343,0.41552375355954574,0.29534050770088177,0.17515609472211394,0.17818398955076065,0.10098163064035097
2024-05-06,0.2091568899969275,0.1916708697107997,,0.2696158505951832,0.4032440860411548,0.1350727364271936,0.25350060856932355,0.17335125703085785,0.17312786931896018,,0.18777365720623418,0.153052681079366,0.14335745403137273,0.19761213367273053,0.16114642062155285,0.1598057976823184,,0.3222428470145521,0.2425772219333669,,,0.29258653609863794,0.1058729494759226,0.11076528046810699,0.15285197969726994,0.24097112239179372,0.531421036989578,0.3362588681886944,0.17971706282753272,0.22541561918400813,0.10317174143686388
2024-05-07,0.1907995793538326,0.1915304954024801,,0.2651896752252164,0.25061585214474846,0.12477719649986393,0.23420333745196517,0.16895220559007312,,0.16945352762105467,0.20468993854865283,0.15359038596881794,0.1471077547882104,0.19434997360249312,,0.16436161886776512,0.19607159260782916,0.32036049601255856,0.2360552926898786,,,0.3035250720934101,0.09853649444058725,0.10358499016875915,0.14141657750757666,0.24510155125937363,0.2478386571390681,0.21130287831955868,0.09561998300584504,0.2098871603177304,0.10365753457856702
2024-05-08,0.1840421279929349,0.1906882338317622,,0.26463276669502617,0.25700823252941213,0.10621622725110529,0.23366299491421966,0.1692417888881726,0.17135203882637126,0.16918845521694448,0.2047897153145161,0.14671177965577814,0.15240270576014514,0.1925963155924719,,0.15998879486730688,0.18526603657309848,0.31868679399597016,0.24162026323239638,,,0.3422773854034434,0.10385824930066984,0.10376913586619207,0.126204837013638,0.24472072468655326,0.232690492973168,0.2130683468323883,0.09523238019776656,0.18699729778875762,0.10087413160363058
2024-05-09,0.1699856470137977,0.1812729570225755,,0.2555374943022756,0.2537127086827234,0.1733469497539444,0.23041407211225007,0.16415493715844345,0.1665500783282726,0.16612396115407366,0.20872583261029895,0.14187669880680476,0.12131134330413579,0.19605257717894004,0.14681378747739726,0.15275337495515315,0.170914357918075,0.2808890028650663,0.23502597431581668,0.18227078823260356,,0.3713003856840798,0.0959499175631686,0.09775592916173405,0.11192750095996483,0.23000366816686155,0.1896258640523801,0.20715976471157502,0.14515737199222928,0.21631332173236306,0.10076629165807671
2024-05-10,0.1759608255614885,0.1771000544435264,,0.2582211952950567,0.25373504671666913,0.1604184257953043,0.22128416408852192,0.16767628683839186,0.15857271412978496,0.15704433013743171,0.19146669049795959,0.13724320702014053,0.13320511495331247,0.1705757129105221,,0.14013087351761727,0.17214948714362616,0.2748900911634877,0.2352688711780722,0.2059893806177604,,0.39130357012990197,0.09529264835511261,0.09443646318905136,0.1311377110056212,0.221247249694458,0.21476105109014298,0.20272479267390972,,0.16991761910360886,0.09637890438293739
2024-05-13,,0.1831552198811318,,,0.26915064494432117,,0.22949013598114482,0.1762642410521508,,0.16941027746141737,0.2139725708431173,0.14511496348160488,0.14717575985266668,,,,,,,,,,,,0.10580738623046894,,,0.2015733625044936,,0.20825443276023828,
2024-05-14,,0.1799320749184086,,,0.2499421777070642,,0.22975531234576307,0.1754369448871781,,0.16650415874844465,0.19136141763268774,0.14405095354648145,0.13687129059828138,,,,,,,,,,,,0.11852910492003396,,,0.16460157334235545,,0.19814043507350249,
2024-05-15,,0.172685865422661,,,0.2564323836013314,,0.23437151910656054,0.1691609389717939,,0.1470592889040799,0.21219374799065938,0.14171735400920185,0.12910045153438135,,,,,,,,,,,,0.0846397200578811,,,0.14958308209313081,,0.1554211704023474,
2024-05-16,,0.1750962027208049,,,0.18740945506485251,,0.23106694519470738,0.16120595496112194,,0.15540056930000168,0.21044472401300907,0.15378146213064114,0.14813183529962262,,,,,,,,,,,,,,,0.15038007963652267,0.19164833871423106,0.19204574335695135,
2024-05-17,,0.1716848140726518,,,0.16644788744944347,,0.22115091425644726,0.1608182610797838,,0.13511300816660435,0.1913224103903406,0.15249699072893355,0.11500038448125846,,,,,,,,,,,,,,,0.14336933502917262,0.198740693594213,0.1697887470071876,
2024-05-20,0.1840659563656893,,,0.38224427792023397,0.17818625717481895,0.15605778425663758,0.22793009265614095,0.15948398042628037,0.16592843716357564,0.14765091038664052,0.22964764892505582,0.1541483401685887,0.15660811947273845,,0.1199480826937134,0.1400515836446785,0.20198821065571335,0.30311999059359895,,0.1627587445740851,0.18152560483435962,0.13553687679645451,0.1072705296773376,0.09555458307620292,0.13093941568965384,0.2010410199559877,0.18286978529951498,0.1503365232175167,0.19052750394718324,0.21005416094808468,0.10440264092693465
2024-05-21,,0.1728885028269436,,0.34784313540518613,0.16458998250325782,0.16554339973007418,0.225376991099239,0.16089024594805001,0.16513178442368043,0.083272652782742,0.23145065520315894,0.14491176059798203,0.14712355393992554,,0.1370738440059173,0.13614341161301016,0.17665755036128172,0.3113233393401775,,0.15471133628275133,0.1564013714086545,0.1259158591904462,0.1078827350914083,0.09544765693704316,0.10675113763087285,0.195743789817864,0.18063331054048828,0.15019845653474426,0.18063984609278005,0.19579453295894766,0.101962749569378
2024-05-22,0.1906535653021541,,,0.3810960310207903,0.17559430635367906,0.16864276651178398,0.22633923224782782,0.16265622621413597,0.17071691865605526,0.15165064222554614,0.20805367227966706,0.14584626764628347,0.15185458522903525,,0.18080753142623046,0.1427484487934263,0.19945370132250542,0.3015354302922887,,0.1564739723546514,0.17056730694683986,0.13148943127371918,0.10484981358597896,0.09698956965879497,0.10522814392473047,0.20198385469012717,0.17310427535089726,,0.1830905649833939,0.2023925713918597,0.09966631983829137
2024-05-23,0.2102494797085676,0.1628143066076217,,0.37932574436403577,0.17311867521672142,0.16802981377279208,0.2274781751673891,0.16234100275500823,0.1711000119676137,0.15183614696053876,0.20625055914169999,0.14902681176684549,0.14340064636037783,,0.1437161599156289,0.14581157789004143,0.19956268775031372,0.31478850864507746,,,0.20087880073684367,0.12833942341287186,0.10491753438731653,0.09428775527545395,0.12392910628303215,0.20480011713932317,0.18348688843319483,,0.1813030087032553,0.19080081618575906,0.0980566190648618
2024-05-24,0.1999684213809165,0.1532479344133789,,0.3713761075463193,0.16215424332623718,0.15311273078114648,0.21494473691729757,0.14992078302336542,0.16394409301905033,0.13785203182426853,0.20035318290966397,0.1395064016718148,0.1308502177433984,,0.1348240998981179,0.137788027447924,0.18687266791139975,0.3070551740723797,,,0.19102001040962838,0.12278081802531088,0.09953401591249753,0.09148244537503375,0.11419459820901502,0.2037862859815411,0.17387106279977046,,0.1740270954966376,0.18509351695862947,0.09190183778241086
2024-05-28,0.2230280981973519,0.1576864613370549,,0.4106039028431146,0.17224095835762063,0.17302532164160994,0.22874163596289024,0.16760214420511857,0.17559471927777176,0.15757669607420155,0.21168532476487462,0.15082982907858175,0.1434400957850111,,0.1548700128928098,0.15388976938565108,0.19388783096207038,0.3150957871981265,,,0.21273031831703132,0.12908813611428863,0.10836799327951724,0.09904440890048352,0.13412127660806974,0.2116662516801049,0.19083523500976965,0.1817611998286026,0.19666726884978272,0.1969468641314722,0.09518568271944532
2024-05-29,0.2313787345871804,0.1745211119177891,,0.4230698741922834,0.17848994875953667,0.18258486052244058,0.23935440580261547,0.1697521144787685,0.18252843592428758,0.1619075691925458,0.21973381678097806,0.15624239187408565,0.15268068924221037,,0.15329977896591726,0.15575977861251053,0.19793716389745172,0.32225792576101275,,,0.21922805788443459,0.13640762793212102,0.12064337992505034,0.10478174001181907,0.1432509285447349,0.22725099969156143,0.19599472721730632,,0.19988424003265354,0.1948446450709565,0.08281145894850372
2024-05-30,0.2417822494434298,0.1972927018295916,,,0.1838984678554587,0.19212329875356665,0.243771953870662,0.18189728477463088,0.1852274386399259,0.20802017197309822,0.23490398417586764,0.15753470325208863,0.1517923393893581,,0.1538754807924818,,0.21199160548876186,0.3134010684980756,,,0.22380522961458993,0.13909061530849434,0.12046743154278915,0.1056637191571952,0.1487644421962135,0.22316236427474004,0.19293479948096845,0.1953084104496672,0.20557198835515036,0.21280237703443858,0.10030495653602987
2024-05-31,0.2346536177222223,,,0.2918283937650815,0.1838084106449122,0.18668342092913,0.24460428329373046,0.22239411132948422,0.2100274531724039,0.20145034855609423,0.21887308086708318,0.1528430761791001,0.13681753819411846,,0.14642371891090633,,0.19936628296008516,0.3012395395658965,,,0.21606799995761367,0.12305226559681243,0.11296271236969499,0.10344359924489878,0.13003912492729627,0.21633190206876732,0.19522271204729208,0.18390145214734083,0.21664753267685574,0.2129370644491353,0.09388765953017231
2024-06-03,0.2466376596839541,0.2016629216005559,,0.2749821137264304,0.19149295262624527,0.2040417576742623,0.24725612612085773,0.18680931926087455,0.19605336151615735,0.21109474313663545,0.2116747407474486,0.15830910727858533,0.15211324274014923,,0.14966169382386502,0.16743244336799964,0.21389427873906278,,,,0.23347231383029785,0.1327632603924431,0.1251931138439011,0.10400429930325472,0.16674940731869575,0.24218011750879614,0.19904896484680681,0.20876079782140022,0.20666981088448452,0.21405164335425267,0.10249786926462558
2024-06-04,,0.1968815367901734,,0.2637860106196397,0.20218723642642508,0.193771805872436,0.245078081567787,0.19361204444315255,0.19106063268219148,0.21343686070005677,0.23128493389691088,0.1583146668428244,0.16126254670844203,,0.15254331080161312,0.15183869173101136,0.2085641858027658,0.402950992650649,0.22530447883203333,0.20362591627196241,0.22613477408080296,0.13216138463486332,0.1236588907202209,0.0971740584324563,0.17126689240827175,0.23431540663377096,0.21153084573811234,,0.20262779851493312,0.21845407734652578,0.10610055522967674
2024-06-05,0.2235034284222724,0.1792199639626161,,0.25053152095158837,0.1742622639824847,0.1820300836261711,0.2318957154905092,0.20443120870430934,0.18973920197242036,0.2152399597552754,0.22313894503237397,0.15938793291264897,0.15306922089261166,,0.14743721906344864,0.1466318312160956,0.1978732468535466,0.3601494413526587,0.2244348094530873,0.19898880834846974,0.22493937975794082,0.13113932341622558,0.1185569029494465,0.09275482266419702,0.1714041645363183,0.23457581879798456,0.1990966088400894,,0.19108988728703066,0.18540174813262647,0.10006403886061913
2024-06-06,0.2269580320848033,0.1823611170457925,,0.25084050234246275,0.142229060963535,0.17963867514323653,0.23214386055009226,0.1774340563523514,0.1916632287648291,0.21414313374607136,0.21698898626046362,0.17793790623870256,0.23449708327168253,,0.1623376310639478,0.14159743354451354,0.19639270430916317,0.30790841687930776,0.2225037591422857,0.19574306454152796,0.22322204377869684,0.1338476616093235,0.12441900492486416,0.09455501717165139,0.17080092994656712,0.2466830811269589,0.20572005912609045,0.19913956060771898,0.18629133366872472,0.18433643895532534,0.1002784147182425
2024-06-07,0.226869128356108,,,0.23590091771385732,0.13625778720808868,0.1814200734851915,0.22112742183106066,0.16334722184495404,0.19071344399404203,0.2110679632911257,0.20145887814585453,0.18105403555645955,0.17145488617156399,,0.16033440555740547,0.13084930741182102,0.19387029888119112,0.2981513488184373,0.21802772602971326,0.19684073285009582,0.2197326038373849,0.13727003765024492,0.11596984386993711,0.090874739219968,0.15894010091008887,0.23202643204615458,0.1948487202631068,,0.18548387051870854,0.19493612422165205,0.09415922491167107
2024-06-10,0.227549070829021,0.179280608839406,0.44142471374879017,0.23781810036137918,0.1345000194721524,0.17786922193679186,0.22809038969494932,0.1754518194769906,0.1927776087514895,0.21826889229988697,0.21730965728648116,0.1754679907125988,0.24319982706353444,0.20275744753973354,0.16268047578774888,0.13626143816320185,0.1952275829039846,0.3148623228871231,0.21808464404100636,0.21624990958105275,0.22213008876887932,0.1384066527508033,0.12264966356476512,0.10007597243601962,0.16550387512291614,0.23834419550739733,0.2102992791884832,0.22651542898811552,0.18733536022705538,,0.09977334638803363
2024-06-11,0.2202002852697725,0.1815908895241306,0.42727261263215366,0.24870171637118477,0.13644430450440362,0.1907182908846611,0.22643747145338788,0.1785779887197224,0.20209205697890684,0.22840085645183944,0.21393684544308916,0.1772231212761114,0.22888733529491734,0.19595027792020964,0.16381118152241328,0.13512184849095937,0.19924358588364213,0.29963349738077144,0.22003458189716518,0.21012574478342874,0.23277311787913113,0.136681171644187,0.12166520756224072,0.10059549305940926,0.17049100219716273,0.2286053320608637,0.21928847833393922,0.22609716506895675,0.18971605614823855,0.21049927137320448,0.10316399484270349
2024-06-12,0.2262745036080035,0.1849533213635128,0.41581671464131975,0.24647889368021292,0.1359274894250725,0.1715422506398346,0.2270575589850021,0.16465679508201944,0.21296000036709814,0.22681940441035908,0.20237365913626748,0.16568876382920347,0.2635358679393732,0.18027072787633056,,0.12652590725789692,0.19366597203580055,0.2877129839819176,0.21582971276948992,0.20132171851227912,0.2108657418163205,0.13896630128718496,0.11238358975654776,0.09726820382843375,0.16865889687436353,0.23391077997065376,0.2067419589525177,,0.18121433610877333,0.18045190623699017,0.08458406748629793
2024-06-13,0.2132029279206023,0.1713840491281185,0.35878700321295653,0.29524696142896983,0.13814707433803738,0.16981693621391084,0.23659815901437664,0.1628781948719119,0.21186716017122986,0.22815628818928108,0.20148728945088662,0.1667683033588324,0.22914880334650906,,0.1714570981343332,,0.19540792168987453,0.2872405233735976,0.219416728377738,,0.1965903534637203,0.13265328094093093,0.10418840268713521,0.09781310444783237,0.1640040147245879,0.22471561501909307,0.21977189544244052,0.1790338733654328,0.18336700214668322,0.19830902989467986,0.07831246472263104
2024-06-14,0.2073904024445727,0.1489327427544078,0.4910240351243012,0.2639235857765832,0.13843687836518503,0.1590735392866064,0.2240510330495757,0.15336000501979188,0.2161931478131204,0.2355367858876676,0.18795394820018974,0.1629565408858269,0.24022742088445026,,0.1703873227920717,0.12495404460387614,0.20061386724207306,0.29440774519039525,0.22626258543658792,,0.19687305969121693,0.12381817025770424,0.10582770162198835,0.11511191348325008,0.15565970463834525,0.22112698676157133,0.2183312832266951,,0.18591566441218757,,0.07923645047821559
2024-06-17,0.2214438308430227,,0.49750950566424784,,0.14386366620990915,,,,0.21067666824715703,0.24258603600266024,,0.17158145518835546,0.28187993124510996,,0.17553395125493382,,0.20850079191569676,0.31091118927526024,0.23612323492187276,,,,,0.12174998012835916,,,,,0.18865975653303815,,
2024-06-18,0.2319732400354535,,0.48924370083589735,,0.14637264508622505,,,,0.2105938834242838,0.2399432777688577,,0.17272404258623522,0.28118860440936355,,0.1788509619644834,,,0.3023135320435125,0.22918551971999182,,,,,0.11724479501006958,,,,,0.18671134700867692,,
2024-06-20,0.2289566907799329,,0.6310935655795645,,0.14602969918986441,,,,0.21033936945078863,0.24252233050359123,,0.18783461779253463,0.3059933081998368,,0.1740464996891073,,0.20328662231755143,0.30424022675837115,0.23047152463518916,,,,,0.12027726781796287,,,,,0.18593939766297427,,
2024-06-21,,,,,0.1354194785906879,,,,0.21099073432700058,0.2447173131477211,,0.17427465716902518,0.2713386544320035,,0.16821824346569775,,,0.2950891485658565,0.21878088018606417,,,,,0.11541061334792194,,,,,0.17988057755186673,,
2024-06-24,0.2176976305187453,0.1678255126375402,0.5661242540209303,0.23059019758064805,0.12980403835096038,0.19051000372852672,0.25526966908631676,0.11830736897497386,0.20315666317878156,0.26086773503935057,0.2571704638604517,0.18677247732392827,0.23431743727078186,,0.16189694846967048,0.21293316419866137,0.1891356277909739,0.29505354919636495,0.21555265432362125,0.2517686179046407,0.20980173649839506,0.13285308595317072,0.11882581940090908,0.11778409845646398,0.1716881381356452,,0.17595036472914863,0.17899927369771845,0.18013266987812426,,0.10603399988751719
2024-06-25,,0.1700307980681258,0.52222889159712,0.22101316936040324,0.12480765554006762,,0.25604473788329857,0.12335027104816011,0.20666358216280395,0.25284639279688587,0.2569510350360512,0.19698916361278448,0.25968378690550586,,0.16567390811414526,,0.19514487891677337,0.29814848378672404,0.21721184853029984,0.2120729096211485,0.2110174749120238,0.14365092037360688,0.11487465900451349,0.11601016072032436,0.16817855104958104,,0.18810360013396948,0.18589378764201886,0.1821955705482748,,0.0990331665961381
2024-06-26,0.2093589494680412,0.1885215406126642,0.5225950820660993,0.22244996987050167,0.1292326806951564,0.19237625194193703,0.266167684033374,0.11877663096970675,0.21799054984856223,0.26812917590171703,0.2659917540159963,0.19150385097398637,,,0.1769684478575758,0.2202232768630976,0.19473515737383976,0.2946433539187749,0.21552902197335191,0.20540177588009786,0.2248757897135593,0.14037859224392166,0.11167092889993184,0.11228021298314153,0.16687930938636678,,0.1867269300691401,0.18361331218597737,0.17896636040880548,,0.10114998146866092
2024-06-27,0.2097946320102032,0.2042526579918795,0.5073939632925972,0.23146596101703892,0.11947768182884524,0.19398853227313176,0.28502821273432505,0.11822270151283305,0.20670209902448072,0.268382123945667,0.26436061116585574,0.16729735092476522,0.26832268132260645,,0.1796141374728373,,0.2049322816752784,0.30578538030914093,0.21649262690952134,0.21480815085234717,0.22443804882093069,0.14427781700070733,0.11170557821254999,0.11359470778968966,0.169786775052567,,0.17470446181933708,0.18790213160298633,0.1795077280906837,,0.09820211304303775
2024-06-28,,0.1871579012842406,0.4759582915250555,0.2270068849096649,0.11031090553292437,,0.29557489574199297,0.11439242486454326,0.21316579830811272,0.2600556629476266,0.2683793630969997,0.17804562087355086,0.26146130715086774,,0.17913109041970002,,,0.2944185156799686,0.21218514684042594,0.20613222062377898,0.21647489192304697,0.13886739939766357,0.11038619667034877,0.10617916155123848,0.16374367595021155,,0.1824088705902846,0.18633069829194057,0.17770565131535493,,0.09746463137068212
2024-07-01,0.2099236977810393,0.1981001464419847,0.4665929844823885,0.2354533304345223,0.1153060418006964,0.19357714972741666,0.3038424041553788,0.09771795745856458,0.21880161363453113,0.27029830280739964,0.2823328105861367,0.16399116644463396,0.26348623996369985,,0.1832338905243263,0.17552008435912217,0.20561667027596048,0.3186349091715736,0.22043749968620774,0.2011450345436377,0.2229975048973609,0.14812305885438723,0.11252050500914813,0.11039534650055659,0.18002826797555815,0.39349300180172764,0.1914835569681525,,0.17877016331236145,,0.09175648960456993
2024-07-02,0.2062875741940802,0.2068744210223078,0.44515427070178093,0.23712817065391667,0.11231084765940527,0.18820491587427207,0.3217237855774965,0.10436672142894313,0.20843717195248793,0.2724017541701971,0.2790575192268943,0.16508865078772603,0.2757980241169551,,0.19008361071857785,0.1681952767688405,0.20318200668883893,0.2824294233460576,0.21630883576703064,0.2036424162325218,0.2128462873204471,0.13776824663586335,0.10947585524895288,,0.18128994099339635,0.23811057113861198,0.18291345963396904,,0.17671876232694692,,0.08904150049263217
2024-07-03,0.2387877260558263,0.1877668933110418,0.45602777320384635,0.19002788454008887,0.11945159857005111,0.18090080969162964,0.29685233316945797,0.10279180509801747,0.17471092004540092,0.22149649660146842,0.2848481089743125,0.15792229954729,0.28088328373367266,,0.1955345160297788,0.1689723520698631,,0.2988571585246808,0.208954050769174,0.20079932659746363,0.21862199379453479,0.1397180412290681,,0.11382582044366706,0.18170680767214206,0.21336579826478516,0.18523427766462863,,0.17690757022142692,,0.0917855444986106
2024-07-05,0.2448875024285776,0.2163452419820265,0.48297605596900844,0.26417806291576684,0.15467916322460296,0.26988693707624034,0.30958701618488116,0.08416332635672896,0.24677346795722024,0.22322031734430986,0.3146352399455814,0.16144369999058242,0.2160071228810494,,0.19735597409902464,0.16230676020365267,,0.32794937029993393,0.22393256611105625,0.3380655831258038,0.22109589882007205,0.13935753442366036,0.10498025214662504,,0.17528137698838359,0.22477153280437548,0.18985077530971747,,0.17728136229275698,,0.09298455689306274
2024-07-08,0.2473991576566761,0.2795410927624192,0.49463854417587605,0.24182532659164732,0.16716070606672004,0.28888199692088373,0.3555413689820857,0.07099529470108021,0.20224833452776836,0.23407375740847502,0.3648653742119651,0.1667064210616735,0.2287137675924257,,0.18048501140202095,0.16809112809253077,0.221133876247224,0.3488347183915731,0.22354673164341943,0.33480978731150035,0.2360941938776101,0.1446398226461961,0.1130884370393899,0.13350363546018745,0.20008116692441358,0.24618178498134058,0.23580973577131575,,0.18922086393333806,,0.09741960559088934
2024-07-09,0.2459164735379304,0.2403301251134024,0.4921905595126976,0.2545488966270677,0.18584772117522544,0.2870022609233538,0.3482212584752159,0.08864684085723283,0.20300028869214862,0.23681592192979042,0.3796789058798253,0.16860417524395233,0.23751320505306328,,0.24318565090932412,0.1816200085301303,0.2125494496156175,0.348401865971681,,0.3554134210979006,0.23993666705341984,0.14874907236589371,0.11585867049991191,,0.21374908391470976,0.2545929736111471,0.23780762439434838,,0.20635707140602916,,0.09951370946118039
2024-07-10,0.253845827405115,0.1757752250608793,0.4851071873019675,0.2852021184425463,0.1846521123338695,0.2893509672121953,0.35812455186482944,0.17304652868387796,0.21687422261128075,0.2277128628642618,0.4190084460503921,0.17971615348657027,0.23265933901425104,,0.17846279311103605,0.18189031625844987,0.2104040810406767,0.34597604779424107,,0.3881927310813489,0.2384079008382301,0.15012817753055152,0.11317590997620015,0.14944368269248184,0.19208903064202015,0.24901283316515602,0.2328798707640228,0.2590525266472016,0.1994199279591998,,0.10286613204992558
2024-07-11,0.2573565832544293,0.2353283772269415,0.5203579490641069,0.2699476944115597,0.19093257920064807,0.28711820798706567,0.3752875425858124,0.17796319692909668,0.20412730420427652,0.24386161525637495,0.4255617938476769,0.17268368492453398,0.2361002871076861,,0.17217506219603154,0.13968548256530325,0.20753019633434008,0.34519086164056495,,0.3878464068011902,0.24194905644612413,0.15783148890718637,0.1196269315666707,,0.1900691579889092,0.217794265452607,0.23017413782093138,0.22367074767399217,0.20054905168677425,,0.10530735685565468
2024-07-12,0.2539376643306383,0.234430574922058,0.5278184028901406,0.2493113874042114,0.18072867893180677,0.27869900684515986,0.24903337958994443,0.1514676782800027,0.16752111660106944,0.23494944094512968,0.44035406314858494,0.16029275085898753,0.2247492872339049,,0.16732776789818685,0.14738507636069614,0.20228487633346345,0.3385859285181395,0.22762613548203375,0.38086007636542046,0.22354961057528186,0.16332022032211488,0.10087807293245384,,0.1875555062155607,0.21704045875580727,0.22957903343926814,0.20717732134527567,0.17855062878293734,,0.09999556436467645
2024-07-15,0.2743497108194463,,0.507165827755822,,,0.2893824475312585,,,0.17438734848503565,0.2155480550080159,,,0.24274761597949496,,0.1667519913040425,,,0.3528299953975395,,0.4024520630576566,,,,,,,,,,,0.10691531245933072
2024-07-16,0.2648727557382425,,0.4949237566340294,,,0.2875132739288929,,,0.18195280993859114,0.2180677950791277,,,0.23667558871407612,,0.1751577133301449,,,0.35734739810676186,,0.4214949217529207,,,,,,,,,,0.24547801110894765,0.13724665716751855
2024-07-17,0.2750193872068552,,0.5034593201558348,,,0.3017378058933854,,,0.19166014317982996,0.2191512278772834,,,0.2528805754512349,,0.1642412776951894,,,0.3792743402865783,,0.4688565455709305,,,,,,,,,,,
2024-07-18,0.2760888091271416,,0.5162898951227555,,,0.3067931420615479,,,0.18848204960427437,0.2095005396728841,,,0.26022954720212255,,0.15147405670519515,,,0.3751295784175842,,0.4223775832018072,,,,,,,,,,,0.12853959210246438
2024-07-19,0.2757778653095008,,0.5198335018581565,,,0.310989045826172,,,0.18699163146417166,0.2110378110881388,,,0.20951056001014723,,0.15949056294184508,,,0.37846183629917285,,0.3813780068773722,,,,,,,,,,,0.1202244173638836
2024-07-22,0.2755691742788946,,0.4883360428767084,,,0.313481003800506,,,0.1765919052479972,0.20549166736065932,,,,,0.14951696885290328,0.35473779123613913,,0.38074607880040123,,0.43065584319689454,,0.24011956282934543,,,,0.2728747044142394,0.3737665710409114,,,,0.12263167398088003
2024-07-23,0.2820892857206115,,0.48289781370324203,,,0.3333172011505402,,,0.17552916522230322,0.2119344501419734,,,0.1793583022067491,,0.150184149307871,0.2810701575949151,,0.37951420398924934,,0.49944763617431165,,0.2392013372743578,,,,0.2920474534244434,0.3909767390716313,,,0.1741857791004479,
2024-07-24,0.290805136412988,,0.5351202791212563,,,,,,0.19218335664714045,0.23186022589546554,,,,,0.17180845675109765,0.3771354774506598,,0.4018285837457291,,0.43119572905621995,,0.2449475473075195,,,,,0.4027967961262405,,,,0.1355382661214902
2024-07-25,0.3030383924539718,,0.5301737665577853,,,0.20991360579269555,,,0.20010335934634868,0.23409993240606966,,,0.19748868693194652,,0.18573416774617893,0.331017715679117,,0.4085687353168799,,0.2916350723858694,,0.2547169965863932,,0.14016480586880448,,,0.40115642335902835,,,0.19900464601358933,0.13478531453095066
2024-07-26,0.2943622276389817,,0.5094340873861906,,,0.18530621505698058,,,0.1967457450761305,0.23037121956126821,,,0.17502909634301086,,0.16403389485589107,0.3900543481871029,,0.3942411351006003,,0.3426761282384818,,0.25447238819666795,,0.12248496996834252,,,0.3964549714947267,,,0.1911882932684256,0.13422028213440326
2024-07-29,0.3070197985237123,,0.5355446149066706,,,0.18478323417280285,,,0.19323472798778413,0.23042995446053913,,,0.18426280897836386,,0.17343084284905252,0.5041509674787982,,0.42018628063774077,,0.33980948379528525,0.29453342887964473,0.2686553802771233,,0.13027410992066674,,,0.43436055025944237,,,0.19273023971368652,0.13249251725307
2024-07-30,0.3164023466451758,,,,,0.1785265485161824,,,0.202518617654214,0.24193286486110363,,,0.19500288856190798,,0.17941506545739172,0.252101787017893,,0.4296834775599959,,0.2898450622079869,0.2673586964081088,0.2705501011297838,,0.13289385455418656,,,0.44379292562565975,,,0.1996878693994962,0.12391725658352729
2024-07-31,0.3221166639399514,,0.5367911312811221,,,0.1717446874330258,,,0.19362886618927042,0.2457223507049132,,,0.18597054201030613,,0.17161165190772756,0.20799732245702468,,0.3644483408658588,,,0.23917210002090947,0.2685719983787203,,0.12674442070238803,,,0.4697619179897806,,,0.1837501668305316,0.14458736548378343
2024-08-01,0.3399643249633328,,0.6333437170407593,,,0.17714444254830794,,,0.20395972922494998,0.2562600483769545,,,,,0.19581563104586006,0.2227138498428521,,0.343703671041042,,0.3570987622838635,0.24708763518879778,0.2921202355255883,,0.1375034224939999,,,0.47561320926714784,,,0.19515167190601773,0.1326901067432502
2024-08-02,0.2837200293343092,,0.6816021405206435,,,,,,,,,,0.21485002223339694,,0.15665167363239393,0.23918342012918184,,0.373296556518127,,0.44989354074987264,0.2738383148244866,,,0.15112066760357445,,,0.52777502109108,,,0.2079340403113101,0.1422449021574401
2024-08-05,0.3629213700806489,0.336200982897429,,,,,0.4368217771577891,0.2656669058623904,,0.3494526432606494,,0.2710816667907667,,0.31907573914413917,0.2524124241180519,0.30979870387097835,0.48976279798845324,0.4644284897852966,,0.42096275957783447,0.3331263082988656,0.40131732640419676,0.23541923085221764,0.22339606419050184,,,0.6872807397278012,,,,
2024-08-06,0.3260528207202741,0.2384020325409094,0.6782569322371303,,0.5219256421922016,,0.35345902275002894,0.2195962621844601,0.2372227693219834,0.2892419924212517,0.259713607023702,0.19668427838398253,,,0.165321302771018,,0.48009123143290994,0.423591698772646,0.28206346769961055,0.23745445422148379,0.23376461593879005,0.3628413078869784,0.15401172118612172,0.18758787846279704,0.20035892969346944,,,0.27229617830351466,0.25928017186041413,0.23663056018938367,0.13402086286329823
2024-08-07,0.3134910375902378,0.2526483700649731,0.6954957978780266,,0.554336404605547,,0.3498695294932931,0.21675219137664126,0.2434187703014634,,,0.20894983619759228,,,0.1732500019407477,0.25060770832952783,,,,0.24387342982222593,0.21379978973909677,0.4074371712267395,0.16343459496787488,0.18602814024320252,,,0.34352209283007556,0.30389901855746704,,0.23919446524472257,0.14776288190160455
2024-08-08,0.2634840931652498,0.2254632865412152,0.6470489124573949,,0.5329818096925257,0.1728649259387735,0.30559823579913614,0.19211583069405253,0.22094629949367345,,,0.18934353077638097,,,0.1579995470132977,0.21536024410467552,0.2602241916989197,0.36412122129364816,0.2637027500916875,0.22799531758269345,0.21597159012380124,0.42393994302494586,0.15145017510782574,0.16385923289606777,,,0.27196699727151713,0.2746547341641962,0.23753147945837394,,0.12510734276411495
2024-08-09,0.2232298309074706,0.2132832824764916,0.6350618273906433,0.3045827384103557,0.5350146407078403,0.18713001342394633,0.28160401893893605,0.17666990161533683,0.21129662268484445,0.2276721708000699,0.23436596997805098,0.17896907634469228,,0.21900453817886248,0.14535439966444866,0.20684454030580354,0.21980540415921346,0.32793753592276575,0.2382413097062756,0.20509062511093976,0.20308986242484092,0.41374682758813025,0.13551904030576795,0.1434603331090542,,,,0.25302950071373864,0.2140403061394187,0.19294652734617726,0.11422298966033223
2024-08-12,,0.2158478856233973,0.646454083593472,,,,,,0.2187739474086327,,0.2402834583207669,0.17754592352736648,,,0.1478482249955124,,,,0.24974799370131073,0.21301804533214333,0.20433243885053484,,0.1357779953824832,,,,,0.24287966356655416,,,0.11649282842764182
2024-08-13,,,0.6404830297646157,,,,,,0.20675924209571497,,0.2265039711772553,0.16709524526832512,,,0.132318250708341,,,,0.22960442214258137,0.1961056194670852,0.19659905540549352,,0.13069881888614168,,,,,,,,0.10415149105355825
2024-08-14,,0.1880735693626906,0.6238317803762422,,,,,,0.20305624647131806,,0.21668306387175743,0.15520261115238446,,,0.1306253807257811,,,,0.22331791360030645,0.19377916614147112,0.19570915882324422,,0.12548381588542085,,,,,0.18532708048246285,,,0.10289551086161654
2024-08-15,,0.1929856876827792,0.6294841484043183,,,,,,0.1951047500798368,,0.1979379665861808,0.14745870649656315,,,0.1185904082958452,,,,0.21449532579321912,0.18463372771913786,0.177059100664549,,0.1173512145695685,,,,,,,,0.09861424047197273
2024-08-16,,0.1961259837101547,0.6147723715159478,,,,,,0.19403081986112253,,0.1930915742105223,0.14439750945089583,,,0.12419689251188638,,,,0.2042468989653561,0.19964209855747783,0.17859033653878947,,0.11362752509776626,,,,,0.1666782391255781,,,
2024-08-19,0.2123799134066771,0.1886199882784466,0.6272390411483619,0.39901712964907526,0.13939259175434546,,0.24311644029342733,,0.18559541865030466,0.17603535751911942,0.18746276355126185,0.13856767370684822,,0.20470111703122473,0.11385390890326631,0.17379929167207694,0.2016499785332376,,0.20184384696514418,0.20672872880713825,0.167355948307789,0.1511594872889513,0.10845533318050951,0.10358991578530065,0.1483519311555967,0.21485756735531758,0.20983579987021603,0.15750194297093262,0.17796882110678927,,0.09730968854542849
2024-08-20,0.2158839712847735,0.1961411008207346,0.6811600398195311,0.4083420184064391,0.14380074202863216,,0.2482294826413476,,0.19837603484585956,0.18597986921846743,0.1928963354008874,0.1442088439654315,,0.2004812673266608,0.12073229617815225,0.18247577837070142,0.1994973195563106,,0.2092423792931275,0.2255196972737391,0.18137570024912836,0.14822979671926917,0.11593989291083946,0.10671669178018565,0.1532000460659887,0.22280871488618312,0.21027607901583273,0.1659143514608519,0.18185668944656552,,0.10274491796921528
2024-08-21,0.2163343383760913,0.1958109506575112,0.6545683243224714,0.41790610003375234,0.1489127354622474,,0.25339763616792393,,0.19881736561200386,0.186797495141113,0.20310087994764317,0.14766437814040811,,0.19621416430251004,0.11874626286634184,0.17776594673161128,0.19706988842131426,,0.20621178678680838,0.23407883520940073,0.19016779789267704,0.1457193408661546,0.11334535418175835,0.10368557114031296,0.14624623846162013,0.2190685923962478,0.21061080046127506,0.16780538662711766,0.1807291739490519,,0.10244517245161903
2024-08-22,0.2252786217037153,0.2123199008892436,0.7427181036764414,0.43508706246254397,0.16274710549057206,,0.2721988564160057,,0.21958952728383266,0.1993319785998996,0.20673930617075006,0.15551122960307165,,0.21624125843428388,0.12113287823386461,0.18663934120796769,0.21100228313719424,,0.21050491210550415,0.2417014411645235,0.1891959837326929,,0.12084366458934638,0.10424152843588251,0.1570333946753008,0.22656825559012483,0.21970765814813073,0.181085385990773,0.1846385956594484,0.1926111441084522,0.10466036772833616
2024-08-23,0.2170419435867693,0.194237521409281,0.6878917969682993,0.41799886102918804,0.1405760957178515,,0.25309716010238337,,0.1778529381393524,0.17619581678328103,0.19628861050736668,0.14124538521231783,,0.20296861967878005,0.10284633809928986,0.165217700783896,0.19817984426742571,0.2608912821559755,0.2005345595290024,0.24120613820201842,0.16765468649054224,0.1401940115569336,0.11069465371448635,0.0950189634242521,0.13819480826111855,0.19813615794752407,0.20112396215672917,0.15988568903017192,0.17688277467835617,0.18239304609225496,0.10017225360449461
2024-08-26,0.2345507670388927,0.2050774556243372,0.7226317183676825,0.4507796449367575,0.14129723368622432,,0.2615715416700967,,0.21633849989708995,0.1853450532936229,0.20819729699344577,0.15188198138497028,,0.20347098938251734,0.10800518108823853,0.17518533117285653,0.19379077349077495,0.30740942407314265,0.22109734282360066,0.26420514476630624,0.19413391409899539,0.14313072657828782,0.11673682296607206,0.1003846532839207,0.15209553193826797,0.20897887550942779,0.21033361243943138,0.16839556293020524,0.1899953042588444,,0.10303113900811578
2024-08-27,0.2354882714554142,0.2043893388072974,0.7371469390861376,0.456500456989071,0.14073730087832048,,0.2718901538524128,,0.22266266000820684,0.18073076887582992,0.20272406276114355,0.1579365274531544,,0.19062800623507062,0.14334392153593858,0.17243529826752263,0.1944005516571715,0.4197323002456889,0.20984563136211007,0.2830164775215669,0.18847265107449476,0.14386037914237826,,0.09886876277669537,0.14602849296946122,0.2074538582659412,0.2096349961143401,0.16414745771418002,0.18410845743047388,0.18242803543310218,0.10122699016197235
2024-08-28,0.2414882796038664,,0.6906995315433628,0.48041146835356996,0.15632125457519996,,0.2831321652955049,,0.25727456516163416,0.19027694132794348,0.2132765575925173,0.16447844925517824,,0.21255148184299405,0.14923512522490837,0.17954589545118607,0.20157279749442172,0.4765179339457664,0.21670169566830322,0.2885858921319143,0.1947997513708414,0.14301041217338864,,0.10822242694996817,0.15018705266792728,0.21702561613632254,0.22043032965038425,0.16804515610280799,0.18585298134030104,0.18600340293877698,0.1064478202457848
2024-08-29,0.2551181687295134,0.2021509692845406,0.523368509450193,0.2562215358758871,0.15689629268805438,,0.2721157316820072,,0.23386717088284856,0.19019928523705185,0.20991009862668483,0.15890452433629512,,0.20073800867538946,0.14023753161177183,0.1777536306232153,0.1975748861028862,0.2157234431191273,0.2209670732466344,0.3083657692618372,0.2037320189839269,0.1420928692000266,0.11572771100038527,0.10590963129832186,0.14966850578527363,0.2113265644029076,0.21432064350700575,0.17620638079663933,0.18966958603386094,,0.10945358279634017
2024-08-30,0.2297879819012459,0.1782300116525306,0.44036033506493655,0.23336334246381224,0.13932827978994783,,0.23546268762889402,,0.17170982689862982,0.2114221617624442,0.20145550565327894,0.146960932053435,,0.1970872084225413,0.13539224572548836,0.16331679784534175,0.19086941865880008,0.5062166766371035,0.20477846709279834,0.3018269906895356,0.1855082623260465,0.13296821809593834,0.11081568898509721,0.09727838447369938,0.1311538840949042,0.19717494377218006,0.19929781823440681,,0.1734737430708867,0.16517376179401252,0.09451546712228083
2024-09-03,0.2660031848764685,0.2213114392818761,0.5679442663457079,0.28442667576313474,0.1729065459562118,,0.28666644658390317,0.16609071541090972,0.3039450738727918,0.2545955092922848,0.2431023523159429,0.17892057296014183,,0.22196622787742779,0.17314094905818223,0.19825788060986554,0.213651608451684,0.37207861781474016,,0.366095940145139,0.2263038932411504,0.16070927910075322,0.14513235945310637,0.12144638064290231,0.1826355495458719,0.2491898097965658,0.2492098950255451,0.20433514599787522,0.2051509369087983,0.20833133283632427,0.1158950545596189
2024-09-04,0.2385694146036518,0.2263070334757164,0.5610393761426572,0.28960287395948126,,0.2101386904072882,0.2765803819301381,0.14997616086606586,0.23644540263880767,0.2572295709029774,0.2488890543999116,0.17320379751960044,0.17853182863770847,0.2444521303712611,,0.19936176488939833,0.20901950327219693,0.3865431704536659,0.26190069579541037,0.3322635908323962,0.23045694462404587,0.15978056752158104,0.15039967899309253,0.09121794673634816,0.1830651564182326,0.2549411178680033,0.2497962450035745,,0.20807242786834823,,0.12097249636712569
2024-09-05,0.2404956370390816,0.2308924137748837,0.5410686438489226,0.29058443103218745,0.181238022818674,,0.27376612903264447,0.15360026412035718,0.21434922963797046,0.26134573015178825,0.2562726280500517,0.17057453874830553,,0.2532625608183891,0.17660960134424317,0.2021139122790402,0.21518330872063166,0.3892501529357482,,0.3138709770001513,0.22903510431631108,0.15965381477624738,0.15114598346871638,0.11625906054021017,0.1778068789220955,0.2537208259063707,0.2525450924718455,,0.1988272701908399,,0.12176785120825255
2024-09-06,0.2532360918885122,0.2420713763941011,0.584067428302912,0.3112948831157279,,,0.29418732487599136,0.15953743817599783,0.2261024724179511,0.27022413633486325,,0.17589415877558212,,0.2683572785455079,0.17807065976162695,0.2021335607328562,,0.393827584532511,,0.2741334181432254,0.2329244107499173,0.16273624866852252,0.1507996267871518,0.11973527178364285,,0.2546079786341279,0.2640534560962939,,0.20246194449032195,,0.13247204192422624
2024-09-09,0.244251305076426,0.2345950924515197,0.5468229588318788,0.3145588471680335,0.21789437775187415,,0.27410016192214437,0.15302083298613822,0.22514970756333505,0.2695829448162425,0.2654093142339445,0.17539068365000157,0.18837337061251844,0.2765162580251774,0.18356624490394532,0.1989402686289682,,0.3946189993170954,,0.32464453886045525,0.23592471352655062,0.16195193038523198,0.15395825151319603,0.1284474547751636,0.1884875250166513,,0.26592385191536383,0.21464306657907806,0.2107697622351824,,0.13228948918431951
2024-09-10,0.2365632473012467,0.2296887370621588,0.5262017544480415,,,,0.2777275767127579,0.1564280174169925,0.23387421786306775,0.26492753693454596,,0.17304489750074267,0.21901927469137955,0.2748106794858558,0.18638942769678324,0.18515891523297215,0.2185992819104446,0.39036237633599724,,0.3221312999233764,0.23801952201628082,0.16718846950473176,0.15053054970289628,0.1340448350694723,0.1895870484546524,,0.2647029006235397,,0.21098134358450826,0.19073897757658761,0.13377715352529773
2024-09-11,0.2200343579674785,0.2313751862880826,0.5132720445487706,,,,0.2673556122482391,0.1428886478789317,0.21925772308833433,0.2559797699868133,,0.16765985187956414,,0.2718695223172332,0.17742729190467993,,,0.38317467768848773,,0.19166417714710107,0.22728341015162307,0.16103323963780466,0.139823543597157,0.1188615922924305,,,,,0.20921027236833653,,0.11979587048092614
2024-09-12,0.2185289317655301,0.2148767557575049,0.5134596228185556,,,0.21267314537616785,0.26617060752425703,0.15429881418946895,0.2207265821716862,0.2564657227991979,0.27210065655462645,0.16471805925539607,0.20397957787330478,0.24978998988796539,0.17895007756791648,0.16298245898630281,,0.3932068719908826,,0.39501180072797126,0.2242533695398173,0.16682798759528467,0.14604913937030445,0.11965361138253054,,,0.24960052323291113,,0.20958762160459352,0.1949136828635252,0.11061364355983062
2024-09-13,0.2097279089782774,0.2217549902956741,0.48903559850437356,0.27679577763452956,0.1957948032824318,0.2118477986638382,0.2586458567413587,0.14146930896546261,0.22155433532534402,0.2511617090147778,0.26081627547335284,0.16085390230006813,0.19027221778205097,0.2506442404687291,0.17308632958098383,0.15210686897095557,0.20969672210924303,0.39413160936376224,,0.3687331574450623,0.22000832563086656,0.13637008048957225,0.12240908495894655,0.16013455707548385,0.16839751951561785,,0.2361252887093087,0.19226623149328836,0.2013349187024315,0.18890966148860727,0.11129591771315155
2024-09-16,0.2284803532071751,,0.4828106702172507,,,,0.265951625913362,0.15930044933913498,0.22765743125068263,0.2549616369359959,,0.16961394849645692,,0.2842270180061472,0.19474922013114168,,,0.39244675538340723,,,0.2315274518481095,,,0.1691326685073334,,,,0.2020545792365974,0.20358411777931706,0.19329879485051013,
2024-09-17,0.219786391456015,,0.47549177375629914,,,,0.26851806353282737,0.14668317934712993,0.23326575201599115,0.2618931427130121,,0.17099127288129098,,0.2969303735533701,0.1904210064394945,,,0.3898710512369817,,,0.22713582235958493,,,0.17385066291784163,,,,0.20273525042602966,0.20687564369355782,0.18805338167450103,
2024-09-18,0.2198059712670637,,,,,,0.2627258204080347,0.1402683239509177,0.23211315554017228,0.2576505485180486,,0.16269435505493965,,0.27822740191946127,0.19464094517445174,,,0.3944492600657799,,,0.21674789006488956,,,0.16609639063391074,,,,,0.20356731883317486,0.1913495196262094,
2024-09-19,0.2173067039436335,,0.45182418094795884,,,,0.24729988362144512,0.12872506409816922,0.2187003876873707,0.25578647806132776,,0.15628643331706218,,0.26668792021234267,0.180536475557999,,,0.36291430473920466,,0.19081901933766704,0.21328889513042434,,,0.15209324101247154,,,,,0.1927539541858842,0.1752225720705749,
2024-09-20,0.2127115229903554,,0.45425842288510354,,,,0.2287663227255408,0.1250433415900388,0.21351756310511932,0.25194649813887926,,0.15500971138583727,,0.279561300533807,0.17539899190648772,,,0.3615670675618768,,,0.20542226866095556,,,0.15936186119914691,,,,,0.1934129834956383,,
2024-09-23,0.19996215963742,0.1938972310356442,0.4367235802709871,,,,0.2447988207030759,0.12742894663351415,0.21785810363120536,0.24773501754933408,,0.1553444037392977,,0.28561682860533133,0.16577436050883834,0.22723778080563492,0.21606850663893512,0.3726958422217155,,,0.20500980961888904,0.16234430371540767,,0.1590538135195454,,0.4159438555729349,0.2191185969990807,0.17698747265592482,0.19205220142099994,0.17067121699318014,
2024-09-24,0.1986203493268626,0.2058418945735199,0.43326172998784285,,,0.20499578397156398,0.2436858974412273,0.12717633745533202,0.21423664256809993,0.2458760685805738,0.2806838953260806,0.16736772151771187,,0.28755321420927166,0.185472516158686,0.2110279661358231,0.23994406967245493,0.36354299549418556,0.2318117836586554,,0.20702868626878598,0.1634912353580549,0.17184940400716395,0.15804186149042954,,0.40967230849271746,0.2180357238726569,0.19266397801075835,0.18902408700392362,0.17207152127842848,
2024-09-25,0.2006307873514939,0.2363820490871116,0.439627465070183,,,0.2074586653578103,0.24617451079411365,0.14008723959808506,0.22379325934921285,0.2546632015142301,0.28232232988090483,0.16907293643534155,,0.30501008432065596,0.17865448510057932,0.18024889892530194,0.23066832823552255,0.3889767888700424,,,0.23275609662881175,0.1734070715899174,,0.16805880340039916,,0.38875790687967243,0.23098579745650233,,0.19187163337489802,0.17989435581664798,
2024-09-26,0.1988761228345419,0.1992566526053384,0.4391374087448192,,,0.20043908504131921,0.25164904135746713,0.11424103377507844,0.22582735077588512,0.2634968210901233,0.2885370022815102,0.1689134964830668,,0.323298413925287,0.19138620563258993,0.1755790010562909,0.22040605366720475,0.37827617162498667,0.24552190801111004,,0.20537658303562856,0.17639350158877334,0.17893318706113187,0.1482444246852203,,0.34303997448896345,0.23228844921191752,0.17874414916225578,0.20201517598114213,0.18834761218157517,
2024-09-27,0.2017341350606773,0.2023519651427586,0.44878726270041575,,,0.1986117449219882,0.2479425352663901,0.0933463626005897,0.22678142112952665,0.2581979576561242,0.29683196338494733,0.16275761450949094,,0.31921851772338,0.1915649911681948,0.1997706148292197,0.22340313683644866,0.3882713865809935,0.23830078888521689,,0.21136584959834268,0.1724021089294945,0.17791132609958177,0.1526564313975668,,0.34489822760191696,0.2380126450098626,0.18685107674103218,0.2076603252955932,0.18786033200856173,
2024-09-30,0.2076280010323092,0.2341946572043629,0.4384698569514334,,,0.19479223831552706,0.26239546090945676,0.12097816669473183,0.23389798807874293,0.2726084154210618,0.3058439630147314,0.16295615826507803,,0.35118492433387977,0.20645079878964215,0.150882843287263,0.22385883461661307,0.40382074482726105,0.22456725148682663,,0.21227633459583914,0.18723241165130497,0.18640925186029728,0.17129514794953185,,0.4368266777484581,0.23498869959056137,0.18478543948324228,0.2118466736794308,0.1924085926064565,
2024-10-01,0.2154306343283314,0.2411752497757497,0.4669147212942359,,,0.20436606804917448,0.2680367662335707,0.11651499527464913,0.2510794122285671,0.2898263853415332,0.3433536693721472,0.16304318040940685,0.25073833437950804,0.35682153065092304,0.21797695533114614,0.23604522681316012,0.23060897134089317,0.40808095118766297,0.24992765604546416,,0.23475369826788794,0.1969191828884696,0.18344791700673804,0.18794774716588195,,0.4787487571479144,0.244262506661803,0.21366444138897137,0.23613210827117592,0.20277584567307896,0.13283455103105912
2024-10-02,0.2109817838007287,0.2783590683832465,0.47736907639535625,,0.23424616916043023,0.20560878180114767,0.2702389141166278,0.1121344828003667,0.24962389748550234,0.28872062634434065,0.32941017947307394,0.16650994446231673,0.254263050052385,0.34078386766218843,0.21188501042146038,0.27603147686398494,0.2298585543020757,0.4051284965187557,0.24639219354431421,,0.3417715283107817,0.19151735967353076,0.19196787612500824,0.17805801559066983,,0.2352071741619949,0.23986320191307328,0.21378146463130718,0.23985021032709317,0.2596470594325662,0.13564630339283998
2024-10-03,0.2718356616947875,0.2808080033031039,0.48244676497932937,,,0.2803597989742183,0.27884662172074304,0.11831948289715746,0.2576000613481406,0.3030304291732921,0.3456895155914192,0.20931217906175498,0.2601541037206889,0.3387139176140765,0.22516544456769708,0.21045744203951006,0.23428434638630105,0.47549305124352564,0.2380419631925239,,0.34824565272607805,0.1899687304380598,0.17311934730320053,0.17651939972308214,,0.23619460956707508,0.2450093361679107,0.2208951538557561,0.25489279569793893,0.2617271255638449,0.13363513689759327
2024-10-04,0.2610222035735754,0.2763770986779235,0.45351146391683755,,0.22736778731661791,0.2973601714377111,0.2577929073776484,0.09934752529109522,0.23966270609025797,0.2958687845528604,0.357166351537397,0.15076998006566567,0.25790340240862925,0.34231934380113627,0.21773220660002843,0.1838384117231637,0.21506295256209676,0.4648094754817231,0.22650634062748945,,0.35446532221983623,0.17794421676269118,0.16594544454527088,0.158455097986604,,0.21196029017796836,0.22387884611030426,0.1805613266014517,0.23832513911126282,0.2553084009652593,0.13072795719542268
2024-10-07,0.2785864388720412,0.2923539790757465,0.4801680192648189,0.253996735481255,0.2406755097603066,0.28884255999688846,0.3010022570805776,0.11113669430372099,0.25959634498325795,0.36504628368597153,0.3971811717997786,0.21942075306645023,,0.356749359146218,0.22980120742251592,0.2128679436685843,0.24964633771757835,0.4858648436946895,0.2660239731052639,,0.3667828852232493,0.19769191659264637,0.17837824591585352,0.18432103495778593,,0.23424489199810106,0.27691191036683677,,0.2554077880509356,0.2672171042291828,0.13583429754168663
2024-10-08,0.2714898769706815,0.2865510508555869,0.470768916034464,0.2571047270419334,0.24198651340040767,0.3009624759732967,0.27455968555317467,0.09182748458393811,0.2583114074315537,0.30637084896098954,0.3882299595947121,0.21279922375236254,,0.35025391174104653,0.22326597292697212,0.20081557702644068,0.23889826914491324,0.4916405993875813,,,0.3646880048528391,0.1874161833468499,0.17154767942038004,0.15517064310211476,,0.23163603368295968,0.265623616482542,0.22125170925157592,0.23781976653322812,0.2608619634269162,0.13267829347660826
2024-10-09,0.2674426151819878,0.2868631104829172,0.45775281693994296,0.24627935756696906,0.23808291797726003,0.2649857421270636,0.26220012541459736,0.07275780705839677,0.251190925852283,0.29720466637897996,0.4127093029501246,0.21058040785296406,,0.3411941786119161,0.25393190739107857,0.20254966650689515,0.23479424406798924,0.47485719008538424,0.24838744244571506,,0.3695179343899486,0.17958724869085843,0.16762520386800184,0.16071023837473078,,0.23660204578249774,0.2611951514999883,0.23078305972629773,0.2356731553415455,0.2631680972857348,0.13454330168113157
2024-10-10,0.2685242582949054,0.2869656730501058,0.47242540975027275,0.24227334177645984,0.24035704549380638,0.2765195904989681,0.2535497453653821,0.18397072427101113,0.24927934137018964,0.29907357130849943,0.42057534772029764,0.21303594599533604,,0.3445109417959182,0.24659405470359064,0.19390008935028039,0.22166256974104742,0.4805347489551486,0.24840131807136465,,0.37353628274129214,0.1714059019210377,0.1662388038342371,0.1513611195640872,,0.22488366772234075,0.24171668316474093,0.19732313223436784,0.23425930884958793,0.26786873305323095,0.13324869505704837
2024-10-11,0.2610932349492772,0.2849142701330207,0.45180607625704927,0.21692520302566848,0.24337170675765887,0.3570262406674845,0.22983547160933807,0.14899700145757758,0.2183655138090514,0.2755435567963287,0.4292112720878882,0.2150548358280473,0.26204786098029814,0.33183811672638275,0.21918164009300822,0.18632877042038204,0.22834744533838586,0.4925482143427099,0.24224109548181075,0.19218930529459408,0.36138725383469894,0.14931341280684865,0.16109080755274868,0.13737510128698116,,0.206924751834135,0.22659464960317663,0.17166281546885634,0.19385131023155658,0.2583877625151839,0.1378865756535552
2024-10-14,0.2634875852771011,0.290983821257598,0.46178289846211623,,0.25251926234586985,0.32775458735506074,,,0.2056980522831096,0.2633215246811128,,0.21626702936579192,0.26656304025875643,0.3322843311863175,,,,0.5216957619140801,,,0.3762678285383145,,0.165841917177677,,,,,,,0.262187209654621,0.14325422287437317
2024-10-15,0.254256594328671,0.2937385800314888,0.4961892306349469,,0.26215242887956414,0.35012666216771954,,,0.20830188553796958,0.2546306829757821,,0.22323407960986225,0.2781171592553638,0.2779146961845217,0.2594816208526723,,,0.48573523901317794,,,0.39861841738351683,,0.19060443950291475,,,,,,,0.276129142172042,0.1376950224360922
2024-10-16,0.2641778636583402,0.2943229152831909,0.48376409615586796,,0.2750347542789202,0.3303285556440627,,,0.20301231811228565,0.24479792101111916,,0.21759251148166892,0.2953669321740764,0.2419840766654147,0.2269675668265546,,,0.4749896295248689,,,0.404163483990937,,0.16506386262083222,,,,0.3806128143737984,,,0.275489013913907,0.14025031859272008
2024-10-17,0.2703805766230506,0.2928148654134412,0.49016483071779715,,0.26360998861491836,0.3391268803507296,,,0.20252834278622125,0.2357495318345865,,0.21787548364390913,0.19981797480841834,0.24868558424082005,0.24013677906774297,,,0.4838906405771675,,,0.4233246800655132,,0.16529334452251362,,,,0.3855496392425688,,,0.2698680218311694,0.13787236879120346
2024-10-18,0.259503553009012,0.2835610300219746,0.4612793035940745,,0.2629830531082109,0.3317182572753537,,,0.19367553244573932,0.22867519705440204,,0.2075076108684054,0.20521237084390762,0.2350548188291945,0.19448309217841545,,,0.4638292547829905,,,0.415826499708219,,0.1484243171518126,,,,,,,0.26454921528753506,0.13576769424257626
2024-10-21,0.276059652665945,0.303055501637147,0.49908610917742624,0.2663426325890371,0.25625045655773093,0.3707407371489647,0.3737679197632307,,0.2030643289210553,0.24616669543609965,0.26382234335368665,0.2166471942974024,0.2066199210753276,0.252371687699036,0.20511066151675103,,,0.48090392571867596,0.3374188705398545,0.2714731079303209,0.4690443768312521,0.21154746918472445,0.15445168540221485,0.2774631214980706,0.26881431273219186,0.28477194101631775,0.40478868998706147,0.2699029490431614,0.2460804666726992,0.2765626924526256,0.13729436561245514
2024-10-22,0.2735799470067108,0.3166094449892734,0.5009100352588162,,0.2691431954705809,0.3664515704409831,0.3914842648420815,0.2046215698086122,0.21319771155289038,,0.2606648784684593,0.22482996014261836,0.20010581801715746,0.25780686978758205,0.2160129881895736,,,0.47125841160865845,0.3380644899060929,0.2881295665698322,0.2708752915003441,0.21040418048055726,0.15895812054287098,,0.2831489208688918,0.291517289348465,0.4092197825885011,0.2705868603984555,0.2619979156827263,0.20080688107553715,0.13230433632072106
2024-10-23,0.2891792508985346,0.3269045705502789,0.49911556511374605,,0.2800916541252403,0.3204063520707826,0.4139439732190357,0.19690167989349108,0.2197515498719804,0.26219517001556497,0.2696911933426369,0.23387599081503457,,,0.22404085175693036,,,0.4599791972359637,0.35615301753584394,0.2814427853852902,0.2642427770593729,0.21889766250616793,0.1625138627789205,0.2220940802937373,0.2960224836957299,,0.41743291232460694,0.286758769961471,0.26736858727090906,,0.1377976192947013
2024-10-24,0.2881142729238855,0.3457077876039217,0.48434237792162144,,0.2908716422433328,,0.41090259830154713,0.19668276257163037,0.21673529151794063,,0.2652018186213731,0.2306460705555214,0.20842826907352513,0.26086874538501564,0.20478294843152658,,,0.42506503448860494,0.3840565249131229,,0.24879176770886846,0.21944902975054364,0.15893224682106577,0.24178086645888092,0.28947470479627235,,,0.28107864846672126,0.2729912052568635,0.1913328455611178,0.14126701283875492
2024-10-25,0.2963433044429016,0.33623253799366,0.47420161121244314,,0.29442305956979054,0.19022732415663546,0.42179011022190427,0.1897306164663714,0.22458303761943374,0.278761680664869,0.2717293579838522,0.23106096542891685,0.20224482642403144,0.25216669261885105,0.19832911430482011,,,0.4323365118645326,0.4079212265835165,,0.24532849652450903,0.20989291343907598,0.15553786509435774,0.2292062392533126,0.26772084104552984,0.3241546087737158,,0.3052956189570306,,,0.1350087022076866
2024-10-28,0.3165236724883021,0.3599981220188585,0.48137660139370886,0.292552501235949,0.3006344592723156,0.20474515921794173,0.4558195578746619,0.1927811473111262,0.23053321200608468,0.2924022227627642,0.2752227962474904,0.2444173892303423,0.22214589021450581,0.28033006892120205,0.20675703846888693,,,0.43977008827084285,0.3793175077880202,,0.26287393302911816,0.2205197640275354,0.1650798381147303,0.23677535489181123,0.2737050433342016,,0.47187948540963875,0.3196135397661443,0.2760100128406635,0.1940877541467832,0.14557204317901623
2024-10-29,0.3166476680167641,0.3852814845361216,0.4844778522911049,,0.32167905526484636,0.1738138972187251,0.4644130900285763,0.19253490371357104,,0.29355335311656006,0.27790859483438146,0.25749866265531185,,0.3208778479569579,0.20900762503381776,,,0.44256711789522757,0.41035660347245556,,0.2644659640200572,0.22178868949441466,0.16792769529694232,0.22838421200460685,0.20874175921904875,0.3014098055795502,0.4828395936541454,,0.2913980145862317,0.18982485909925606,0.152356461108374
2024-10-30,0.3329426124409191,0.3962497680380432,0.4803031268980825,,0.33930685748201816,0.20589549708297541,0.4839369011128007,0.1974467050618728,0.247121535562782,0.3052641093260411,0.28260356502161166,0.20363032630124916,0.25063157340616976,0.3183681715514914,0.16847689226651213,,,0.4115881020614526,0.3273497419902207,,0.2588896520451544,0.22734218754812827,0.16870579803574504,0.3844374805668877,0.2082635155529011,0.301131131657036,,,0.2992567185923146,,0.15378692653291026
2024-10-31,0.3550016267616968,0.2799957122788379,0.514946771177884,,0.36139174219179987,0.23363535683081976,0.5291480163961494,0.2058044867078869,0.27018000951728405,0.3344228270234281,0.30128851251922034,0.226083265036637,,0.3484406303448782,0.2130008793789007,,,0.4281025640659089,0.32364817534366064,,0.28353911019957073,0.25641581077805137,0.17426784067809337,,0.21698909176614736,0.33587910269610255,0.5318028471658873,0.37153051315197033,0.31456327807393025,,
2024-11-01,0.2559686755948442,0.2398081413956013,0.47076197196933117,,0.39158078145712893,0.19535580656331733,0.29680204948751465,0.22223524792524704,0.2677328893109799,0.32652483108854297,0.3002915924393231,0.2205715717320935,,0.3460769396106247,0.22071881163904247,,,0.45092563948261494,0.3130017680235671,,0.2772604700302915,0.24022365097489592,0.1727806409187625,0.22383822928060004,0.1989623193006325,0.3317483918532984,,0.36327623688454463,0.24990784479113368,,0.1634179649949881
2024-11-04,0.259615691458242,0.2516743773345574,0.49611723356077403,,0.43190315638820587,0.20600702932496007,0.28657991411399675,0.23793244098819927,0.31319257399989314,,0.32090912872825406,0.23135224102426374,0.28823065365808526,0.3861463775897039,0.23924222664791966,0.40591873876432527,,0.5125802396280951,0.37273836499631413,,0.27902426739415875,0.2557668601748335,0.18588476822559236,0.3856083146037527,0.21311190210022746,0.36632920498590427,,0.4180044240888439,0.25448922701504983,0.2380644320866394,0.16987469291079227
2024-11-05,0.2121193129022713,0.2468522115720859,0.5480007061904729,0.3166598822061553,0.46866240939687365,0.20092711746676498,0.24381595289196964,0.23055291052897883,0.31688101509914757,0.26650466332950395,0.32461782600022066,0.22216441725866426,0.23602457008982428,0.3191203624073863,0.25483981005306633,0.4230638836769033,,0.44189637976644847,0.3724579801895819,,0.2977289084897685,0.2513491198729735,,0.15112151841037166,0.228002187125954,0.3795071139614482,0.6106558409648903,0.43650618308941136,0.2486507850372701,0.24119940420972696,0.16871980898682884
2024-11-06,0.2101883844431706,0.1989205713811811,0.5353910297927645,0.2780689948967204,0.44136367658582887,0.15897160190409088,0.24371613562810096,0.2108190494388223,0.28308850577036127,0.25721942772264944,0.2728290719009701,0.16030752489702518,0.22941643770245043,0.287695248246256,0.17102723029887024,,0.5490998401295365,0.376168498567377,0.3244553044728134,,0.25361238303765593,0.1803162969056335,,0.14320121269084182,0.18296956333986258,0.2820084153579133,0.5842448263848772,0.3864816458250352,0.19061901891108426,0.2466640598135007,0.14643172425348455
2024-11-07,0.1949630766159599,0.2026868780232679,0.51107480227714,,,0.1805159706547913,0.23541165502053724,0.183903055558298,0.2395337783290783,0.2081709835114667,0.2460206597056184,0.1434660270797753,0.23869571140403364,0.24505187495436676,0.17698102836465235,,0.5721834755122822,0.40222872426395534,0.3102352480694814,,0.22208157832803244,0.18029064842385226,0.1780173979529058,0.1334258989691342,,0.26489789839049876,0.606343714049627,0.3985778354650351,,0.22623895451123108,0.12613127053261333
2024-11-08,0.1920757085899803,0.1913148933452032,0.5042558488890932,0.24614199394106825,0.48464351484295176,,0.23177769644987964,0.1792455169750038,0.2076411436983047,0.20701832513769622,0.20927577066639658,0.1340318176016851,0.16497556849226624,0.315351887724653,0.14581673858273578,,0.30507984370981134,0.4931768849130896,0.2394191157185416,,,0.16902334115625897,0.1306612304924675,0.12691718111778574,0.19390020173601785,0.22905226626816927,0.6203134329014083,0.39343365047244155,,0.2009698574054191,0.11967817469422913
2024-11-11,0.2105289751406812,,0.5229940615467266,,,,0.24583686674396224,0.1837333238518495,,0.2224444196276583,,,0.21682087835916472,,,,,,,,,,,0.12890997573283156,,,,,,0.16092467029569968,
2024-11-12,0.2083225358740749,,0.545094168595054,,,,0.24566281643905036,0.18660224672943754,,0.22536563772960305,,,0.21667003071856272,,,,,,,,,,,0.12813085646071307,,,,,,0.23301674253021643,
2024-11-13,0.2065193402497846,,0.5545070757259851,,,,0.24780547394154623,0.20078300453319686,,0.21036690253624382,,,0.19141896900904415,0.38141136026678146,,,,,,,,,,0.1368378691920781,,,,,,0.21166178997514262,0.13918883023140713
2024-11-14,0.1972598342406964,,0.5465339580507194,,,,0.2479326364102513,,,0.21055718667160964,,,0.20381476956143096,0.2332774779817683,,,,,,,,,,0.14253167832954017,,,,,,,0.11876098731142326
2024-11-15,0.2015651577903695,,0.5754545295695185,,,,0.27003477287909883,0.19109259199574086,,0.21779325392069598,,,0.2121169580688668,0.3110917603726279,,,,,,,,,,0.14738448985975483,,,,,,0.25040794233279673,0.135420061289315
2024-11-18,0.1926163103782893,0.1899891352084381,0.561995730272362,0.38587278179276496,0.15771477369783435,0.19675831050018702,0.27704523006597276,0.2182925958979181,0.22087405796268256,0.21128742529325842,0.25079976884889205,0.15395598894173856,0.17294466897452923,0.3369788093533403,,0.20534800981979506,0.5094450401783307,,0.2583747075457009,0.23865432981352316,0.23896100795428307,0.2971383131324253,0.14896728608691556,0.14051953309007997,0.15257464269537022,0.34066932800589894,0.20662794265527015,0.15591195442526223,,0.23336246687347179,0.10338918239662967
2024-11-19,0.19307126715419,0.1871011250050993,0.5444947449219587,0.4026402523221325,0.15225484041574602,0.1923982314569417,0.2649987941800288,0.21984416619560207,0.21130761204377446,0.21223260177168327,0.23473271435295023,0.15385950669687037,,,,0.20401702969185745,0.5349173691235604,,0.24856109721748337,0.23760079284080865,0.23504024424377953,0.19195955796107084,,0.13810013584760483,0.1513286895372063,0.3694165469997885,0.20392240443194837,0.17879027129259803,,0.23597913999127337,0.14049143574925754
2024-11-20,0.1915808749026122,,0.5698537671312007,0.41862552467406816,0.1577340467667128,0.19962143240575747,0.2774864245390714,0.2294479721105772,0.21481675952265616,0.21584626263757692,0.24877429496710168,0.1499376346432709,0.21746885551536335,0.28697148585263604,,0.21317559786438472,0.5423376092770749,,0.25822056472753735,0.2382651162620354,0.2443450892627094,0.18298015852175292,0.18189980974878492,0.13649342754592825,0.15168611141197202,0.36503920176820015,0.20744260762282155,0.1857893145099248,,0.2177533088214765,0.13839054939582762
2024-11-21,0.1972186761643862,0.1900524715108641,0.45010288120826875,0.4364579200478494,,0.20810255284684334,0.29080122018735827,0.2538792624638467,0.23423257478200157,0.22140179314379155,,,0.22590811739105968,0.32291748189592795,,0.2481705706601094,0.5332679117656961,,0.27179753708438087,0.24040586113209397,0.24973688895463514,0.1816290521990829,0.16322394537983945,0.13492171122108776,0.1510450405774653,0.377703141608621,0.1975318651287389,0.17359847928196856,,0.21621286789097333,0.14554483556407158
2024-11-22,0.1855725600810148,0.1793476904574584,0.4244664251835752,0.4392450015722517,0.16100165284480664,,0.2932968194298933,0.21862103794793503,0.21558102478918414,0.17717708338063523,0.23469925373497805,0.1488883114314662,0.16887496654580947,0.28869822704828974,,,0.5749287153865923,,0.28452612937679383,0.2374115028241681,,0.18547413388463946,0.16735856481819708,0.09553749849315334,0.15268676506572815,0.38849988780085415,0.17450050672531886,,,0.22460283448724205,0.1500101469176644
2024-11-25,0.1811354700264785,0.1749088746286185,0.4199642597393354,0.42493737212817745,0.16030409896714573,0.19555826233968734,0.28169447576962775,,0.23553653682731698,0.18125407742009805,0.24183927529058605,0.15102795243663053,,,,0.17842394919424087,0.5898518551337734,,0.2795958146804414,0.25893580070492567,0.2570796778479975,0.18315902853634228,0.18152336474359146,,0.12098533706396222,0.4377427875686897,0.17380594484044873,,,0.29600500716977657,0.17320755185659845
2024-11-26,0.1762690899094877,,0.38983569271502977,0.43179930291049723,0.1348244733385639,0.16358543432264822,0.2689984259343631,0.276690845181277,0.18490163848096602,0.1439213634140009,0.24596705973368835,0.1491148764727823,,,0.2444779043191987,0.20811786339440794,0.2537616992061575,,0.2929595685480834,0.2525239749336428,0.24174081364809924,0.18062139647230618,0.18566067078811196,,0.12356064759395162,0.44224086411929814,0.1683052920493012,,,0.27499541746599165,0.1784047097276453
2024-11-27,0.1764997060269492,,0.3778585236500232,0.42403625179577653,0.17593845582549675,0.19318602818179956,0.26588280174513224,0.25825941241945566,0.21782558483208314,,0.22842957391927635,0.15316058030445331,,0.30076703603619803,0.20160864130469508,0.24901790990189646,0.2639678041290815,,0.3098337934869375,0.28321765474413824,0.25050308093149043,0.1771670127554296,0.25231147150032224,,0.1295351662334094,0.4070304392974977,0.15833888360464257,0.24817815349778544,,0.3427923331789546,0.16303481827576533
2024-11-29,0.1719004838105858,0.1711673274379577,0.3787494770023708,0.4367840648968266,0.16331061509060374,0.19537728000731558,0.2640585595554441,0.353242694982352,0.2215180180087488,,0.26221062752925983,0.1540401288138732,0.2827054187516169,0.3670750048045563,0.22611532114941266,,0.2640711568030582,,0.3537188199430153,0.3001366225317704,0.23542849906201757,0.16405130278171165,0.19461993011592157,0.15834562324546703,0.13481847531953542,0.38414379192190307,0.1588009910394312,0.2829320820330796,,0.32088292085358355,0.16485823078718856
2024-12-02,0.1768747669735848,0.1808827493355512,0.3797005026674825,0.46179368505027946,0.14043092800379162,0.2179132162812778,0.2637778087286486,0.24211759720092008,0.25032846190040026,0.2753370169133791,0.23734325185405342,0.1585184932408768,,,0.3362843690682386,0.18637022740475823,0.24800618786325665,,0.3160322340336808,,0.25246816227061014,0.18178205530819788,0.20321126324537586,0.17123429726353148,0.15935111935263807,0.48891127078455293,0.18014251352504027,0.28465909253978866,,0.36349414115494544,0.17128106959723385
2024-12-03,0.1712307263557751,,0.36314309327019756,0.4759894646448671,0.15646364589363654,0.1885270646235544,0.250901981463961,,0.2109403342158476,0.26539756190263614,0.2326786471998174,0.1546507086363392,0.291882555535026,0.3330786400714399,0.20589274400574153,,0.25999010871092326,0.343552262406118,0.2501508362576522,0.2557975666433151,0.21439075306087005,0.1869973602693116,0.1420627979010101,0.1733894813947001,0.1853386416475638,0.5143418525897208,0.18171040481670783,0.2370567993837704,,0.23627385451813385,0.19168192708386556
2024-12-04,0.1683172754210889,0.1836008480651917,0.3981679042778786,0.33278696252371787,0.1461671566930688,0.2211304275831717,0.25563127300523986,0.23844662745336703,0.24407124564626612,0.24527547197515948,0.23464576550225852,0.1536349423607902,0.19121169090703716,0.28912512388601247,0.17510783866345392,0.1738647731013461,0.2683450002093162,0.3425382180423241,0.2847042959125468,0.26281091221394615,0.21761851054545742,0.1813923406930578,0.17160595260488387,0.1672961463027772,0.17892452589671662,0.5224334291815941,0.17488039303974806,0.1945231946961331,,0.3870907713139983,0.10272906863584051
2024-12-05,0.2083237268176427,0.1831277079603201,0.38530248955167384,0.28863288629139433,0.14384007151429185,0.21475420767640221,0.24969580119081294,0.24098706177273088,0.2108912429894417,0.25038782334006277,0.23518885272309034,0.15810009860948754,0.15473418150946586,0.26411655605458956,0.22175016940149894,0.25227776045721056,0.2559450190616932,0.35229424639367013,0.2818609739288734,0.24525037462634275,,0.16958174031014236,0.21059152185171634,0.16801835430183126,0.19971644594474647,0.5281568579596189,0.17455906556002054,0.20151234405583698,,0.23197498377185202,0.11092041432275591
2024-12-06,0.2010524461252948,0.1794761983187383,0.389366874311419,0.2773744875375639,0.1399481423583871,0.20336166596733002,0.24911471626110163,0.16336731042396646,0.2084886877307258,0.24621275569006898,0.20862772726232526,0.15901615278432502,0.13534531508330105,0.3289004301414866,0.22444930019491643,0.16215133684148242,0.24553789745112103,0.3424234651539637,0.20249193196474602,0.26750619549411203,,0.1361708128102394,0.1786311980139664,0.17981548267849415,0.20317994192564312,0.5494743986008365,0.16373679898739255,0.2022788525214966,,0.24515451980502384,0.11508480748303208
2024-12-09,0.2249380111188162,0.1913092332116809,0.41217548720579456,0.2998701487005206,0.14679362089272277,0.20467136698609845,0.26479830061728715,0.24834338649609466,0.21877602605149446,0.25601807536026056,0.261966814573246,0.1659295836995116,0.19124125513399995,0.3538094521481879,0.21454706398143358,0.2893938441457358,0.3004166294151101,0.3549613871894135,0.2801964973612613,0.24972718660271903,,0.18812461226582786,0.1417227159717917,0.17343473077839958,0.2090178199423759,0.6196922146860697,0.19241966762283944,0.2080793375644741,,0.21472153180191964,0.15266099744406464
2024-12-10,0.2231926749540995,0.1954960830812303,0.4143985175871283,0.3054232141656283,0.1617360480410041,0.2212622129520541,0.2636574668266697,0.17733893222521246,0.22893172597092967,0.2596719714651298,0.2730073754421176,0.16757035755161342,0.2594690597923076,0.30572060055928435,,,0.2951365509387675,0.3656893223935983,0.33653166530052353,0.3206652529337916,0.31272019414895846,0.18424394863199656,0.16141214149957328,0.17907281757099647,0.22770001672913176,0.6373912864975888,0.17722942186130503,0.20384135496874095,,0.2132122517375324,0.12290966898090011
2024-12-11,0.2178692950032975,0.2051476112161643,0.41087713521427566,0.3159067011993765,0.14876035247407843,0.22810219168032086,0.26072899162325924,0.1879528833376407,0.22578026710396484,0.25760480767865823,0.27327194513121633,0.17100981768178752,0.22245184146035885,0.34472033743706887,,,0.4022464343656568,0.3499020531376792,0.325424759282892,0.30923732456615327,0.27827940600447565,0.18072190110700193,0.23861137484875794,0.17817571325241366,0.21155271911917997,0.6434380000626897,0.15676315904210963,0.21801314167048935,,0.240707766044261,0.11600681317770298
2024-12-12,0.1716490990428935,0.2036307113458856,0.40988609040626167,0.3206771323379539,0.15107241589923123,0.23263118208041822,0.2618910899777353,0.17593678279847036,0.22867101232702253,0.26023544168035645,0.2600590421350387,0.17236242858245335,0.2195120559811837,0.3367209021033345,0.16902143126316455,0.14474698811197165,0.3296785618352235,0.3566305157036315,0.29743704661186604,0.28279157710666647,0.2732995070526933,0.17761888979923782,,0.17598542916241233,0.19516539084928078,,0.11512497040515444,0.20257412066608296,,0.2164954886594861,0.11584427367325233
2024-12-13,0.2233788714015467,0.177605270816561,0.4229387074678746,0.2993101003994496,0.14391850794321484,0.22945233277119434,0.2593839308434587,0.2714150436400712,0.2277077990621083,0.2588884888642713,0.21809106199952416,0.16833553886646815,0.20710370149018886,0.3243921700933566,0.13687549963967113,,,0.35282049986652186,0.2541500262689191,0.2795487722749663,0.23849253303307436,0.19658761636911867,0.15267815729771417,0.17893935391937585,0.2027670310450746,0.7315031847621158,0.12113859461412087,0.20506042285358775,,0.20358986825536787,0.10101071504564024
2024-12-16,0.244592258723328,,0.46116166916488205,,0.15283876315307596,0.21253510602375839,0.27306693697479106,0.20979918412516946,0.23907080344323367,0.2720894598649035,,0.17481107900951748,0.24461628397036297,0.3573818185720158,,,,0.3671406717218548,,0.38008526510604507,,,0.18723993458258723,0.19430914163454968,0.23092411928161533,,,0.2035183227540591,,0.2483216812394673,0.1112770092230323
2024-12-17,0.2572669162912629,,0.4780520034368643,,0.15824665763671122,0.2320062580970066,0.28066263375219885,0.16467322852524838,0.24420813086447754,0.2867444483396192,,0.17855312257118625,0.26194656252346893,0.3962992388001925,,,,0.36895173631225037,,0.37281993368402244,,,0.09213894083073756,0.1906366190216798,0.18652726359119126,,,0.21025295111243444,,0.22582291448691358,0.122683977364149
2024-12-18,0.2641990442637155,,,,,0.24285153738044346,0.31440175608511367,0.24508818644063735,0.27925822572959413,0.32024287787747446,,0.19510349230355983,,0.3857635121939764,,,,0.39224376346713385,,0.31024221393421864,,,0.18442726719557812,0.19079947751144036,0.22116427322111634,,,0.2210776985789849,,0.2275702279348377,0.16853726577507075
2024-12-19,0.3038853666521883,,0.5173498498286003,,0.18225345164593912,,0.3129053023008032,0.19638508402390878,0.28051318409297665,0.3082574572566703,,0.20539491723699943,0.24778705448151353,0.39407805107031046,,,,0.4152622275252044,,0.3094668210517117,,,0.2382964361931297,0.20491201895336003,0.22635415927217867,,,0.2501424211574209,,,0.16483937136313087
2024-12-20,0.2728911768920497,,0.4655526843232732,,,0.22839473048189232,0.28607726325270133,0.2194030321444223,,0.2859891947808511,,0.1777412182016762,0.22720052257011905,0.34403462835032544,,,,0.381640074922393,,0.31558939029299765,,,,,0.23895405890964377,,,0.20897148915384225,,,0.14267011661992726
2024-12-23,0.2947515664046103,,0.4353405059648529,0.29249837694860475,0.1393622192906598,,0.2618491832261229,0.1762340530927508,,0.26920512008050657,0.23071501404481198,0.17626253853852378,0.20862884217430305,0.32052384393237415,0.17931255553402692,0.22291407296230145,0.19807985172166406,0.3500151065207756,0.2318748498555733,0.2997572277424028,,0.18570607944430623,,0.1649244130581042,0.19993806612218096,0.26913021585501734,0.23462816303604364,0.195976676849833,,0.20329958549490404,0.13293483312548016
2024-12-24,0.299661191194567,,0.42924214029590935,0.2626908936660701,0.12355778848296245,0.19552947376290047,0.24174055453387097,0.144462479712892,0.2135945500634014,0.25227290395898483,0.20820578586213906,0.16396402959402603,0.223887732589551,0.31743494550906337,0.1793762201697189,0.2204468661036533,,0.3321455367507098,0.20718467376053976,0.30049155576004244,,0.17337664299896444,0.19773262995054644,0.14996340691299667,0.1884881950790171,0.3872995491417292,0.23477768075013838,0.17984463424930658,,0.17846657036348013,0.11192316097927857
2024-12-26,0.3367937130261275,,0.4064193885080053,0.2716029311147469,0.12809568159698545,0.20891097818532645,0.25196882715782926,0.13192867076405582,0.2196118830786321,0.26902832547896977,0.2138037554915787,0.15909416870358845,0.21397273413302006,0.31650210818481533,0.16961365092599567,0.22116758610843879,0.19438193026588207,0.3549094674157177,0.21807847320245322,0.35016127560534593,,0.17671567507831945,0.22883646768722565,0.1603470292518807,0.20376519566525333,,0.2317280059778575,,,0.18110745635635803,0.11658094440666143
2024-12-27,0.304233907816657,,0.4195375779043247,0.27259293111674465,0.1315092108347167,0.2078207359046963,0.2566591335196015,0.13160440240237506,0.22978380644639657,0.2762193029331194,0.21396162569036556,0.18277951570255455,,0.3147457365963228,0.1855816432900957,0.21668380117297004,0.20553151245349097,0.35154092218412375,0.22685472765584538,0.3718075532421472,,0.18353206113678075,0.1950466460613833,0.16468261670479548,0.21246784307248653,0.37291234986513916,0.23028814076421975,,,,0.11781020732841986
2024-12-30,0.2998201038610704,,0.4391858674260182,0.27863088975910777,,0.21556798383063813,0.2591657846911574,0.13826278221955496,0.24791722935374744,0.2924083075122215,0.22594799996936044,0.16850980678515975,0.20705767966591648,0.3110036205979567,,0.24384053546973233,0.21119020946018038,0.36852986244580377,0.2383171960866948,0.30807520060744026,,0.18556819336121963,0.20921842077229516,,0.21794283202129816,0.24217795027004232,,0.19549901929302274,,,0.12345462250873755
2024-12-31,0.285379682160594,,0.43609154403294415,0.28493563703776575,0.1399449497614541,0.21047718970491475,0.26623472088170036,,0.2472705822671673,0.29605609414457523,,0.1742379116461271,0.20882285924434774,0.35633856414846266,0.17780368422568843,0.284966409568696,0.20525353000852303,0.36540905994992284,0.23564474127063326,,,,,0.1768152861755627,0.19880751165202334,0.3718023937758927,0.2449808693750207,0.1952145259002917,,,0.11923858075712292
2025-01-02,0.2666438718611033,,0.44918551318954925,0.2854902403427768,0.14317428997311768,,0.2695656890798634,0.20209106321830816,0.25696534656073755,0.3105036943881215,0.23245918043860972,0.17593250851232528,,0.3602695978344985,0.17397385087055842,,0.2169999893127525,0.36815047842564763,,0.34915505043961814,,0.18790386262524222,0.15543829048741922,0.17017888387887692,0.1884939897546114,0.2769311506516039,0.23601949037293013,,,,0.12552990175501627
2025-01-03,0.2448362112007862,,0.4349000691603167,0.25816655932336613,0.15206139766920884,0.20201863191702848,0.24857165205402754,,0.2311318891165383,0.29997341975575303,0.21714217383309573,0.1527031034891924,,0.3702121579127914,0.1606285384187918,0.22515649065025548,,0.3337998079432077,0.22655628915890105,0.37716587883539143,,0.17219514355408327,0.21589146737674944,0.1628874129217791,0.22838345231574175,0.2740558979054183,0.20713262893142734,,,,0.10849785597234138
2025-01-06,0.2862786429265082,,0.5274025316858459,0.29637216038064834,0.16714336690369946,0.20931587167997268,0.2703445632499998,0.10132305995842522,0.29601840227512277,0.35163479069237863,0.23219931725743218,0.16230548392634722,,0.401311458854882,0.16817415435050218,0.25895425362884894,,0.32001292453943475,,0.29641784123459164,,0.18500062722038005,,0.177362237048626,0.208656996882852,0.24965000343752836,0.28627541076405033,,,,0.12312817600846186
2025-01-07,0.2321193293432672,,0.468932115165761,0.28408236338318155,0.1641740782347328,0.2242909827559675,0.27265470993443097,0.1935688772619358,0.22169302399542254,0.26834296864323876,0.24236427027801333,0.17053841492858204,,0.4165915575863397,0.17813216931166936,0.34154898742189116,,0.3580322238302435,0.2728954585161429,0.3293962653042067,0.29498563272265244,0.25471663545263135,0.16272635352843373,0.17909359992026677,0.19415845365184203,0.27249473126280377,0.25636612666785025,0.21935759137817232,,0.24880779635682387,0.12622910880164162
2025-01-08,0.2294688139007716,,0.44384063324736894,0.2830160261565634,0.16433887472826944,0.21602381070584264,0.26499129853027636,0.195129728419449,0.21525525360934342,0.2620815086992046,0.23815218210371872,0.16578393322889634,0.2797659301710166,0.3846949769416299,0.19558935297380078,0.4281470839519741,0.2258474499448754,0.3453409898015227,0.27871100382314923,0.3319553887068218,0.2972080922959358,0.25470427736241247,0.1633236758352088,0.1736071684751945,0.19491886594557373,0.24827912009108957,0.23873383452075042,0.20773341062536546,,0.24598240395053664,0.12344073715720484
2025-01-10,0.2387578557188808,,0.4330179529735662,0.28175379824967506,,0.23601352386487254,0.271997693576982,0.2386074667081916,0.22174166209973578,0.26805887933973543,,0.17698356903200604,,0.5923834209482757,,0.2940446523989753,,0.3430450213854966,0.2844036856031804,0.3377753650745038,,0.26899650430152583,,0.18802417735525795,0.18831814377701064,0.2838681014022458,0.24829895945569008,0.2162079914815366,,0.2599473783119151,0.12052160636278018
2025-01-13,0.2420447476261315,,0.4600097313569816,0.27680805727143387,,,,0.22908897072341855,0.2327253459734846,0.26945085764245613,,,0.2787431313540677,,,0.31474704208900844,,,0.3024045072752002,0.35705576582726156,0.31167072368268645,0.27126621454316857,0.18093635801721222,,0.20718799186876372,,,0.2296646857469032,,0.26704078435158407,0.12326210184334452
2025-01-14,0.2397824052687741,,0.4298167354041125,0.28802845001362587,,,,,0.22622168758624658,0.2531784409094928,,,0.2805660210925188,,,0.37084897897879837,,,0.2926236701666999,0.34811271636558816,0.30024733427986616,0.26383146650586925,,,0.20790462611266217,,,0.22992474759721837,,0.26543141384500807,0.12960290236293392
2025-01-15,0.2219081088150082,,0.4051119221055161,0.26514472691685614,,,,0.22979540392746814,0.17056905130223013,0.21455012370944304,,,0.2631969992597272,,,0.3233952492944185,,,0.2588119261516561,0.3587957962297467,0.2963922162129365,0.2543389647892872,0.16437130201157468,,0.19797553454635625,,,0.21474847439488162,,0.2587031221915964,0.11736859545839942
2025-01-16,0.2516797427176003,,0.3974531172253356,0.2750394097603994,,,,0.22301140132126301,0.1630628381493411,0.2077821754971431,,,0.28111614783940403,,,0.26243848574659046,,,0.255161378626572,0.3564306923354042,0.29952709226979124,0.2585664911626972,,,0.1981806915043468,,,0.2313363998517824,,0.273203372116404,0.10915753101671279
2025-01-17,0.2380946073966277,,0.37336445678277913,0.2637766740844461,,,,0.23062790497199842,0.1803480230532795,0.21952299558431637,,,0.24773017351103543,,,0.30711425932821607,,,,0.3569794156481837,0.30548707585843576,0.2540743577227073,0.1556144656679469,,0.19549736644842838,,,0.19343947925815647,,0.2626208048639591,0.11380640493838091
2025-01-21,0.2719198275435588,0.2562650115343928,0.38207880014886164,0.27198432410239903,0.2522070159436758,,0.35753793736025585,,0.17680335704543845,0.2097901430617486,0.28578763594619155,,,,,0.23034248933631696,,0.3339386419681364,0.3502823880863889,0.4007409126150138,,0.26981100563944976,,,,,0.3181246794056642,0.23741688523096116,0.1973627485911805,0.291560827545775,0.12650193823428416
2025-01-22,0.2876384744222293,0.2676992196428914,0.3887546506628512,0.2784018526217217,0.2517587322357677,,0.37281313240399044,,0.17492289213070206,0.20644026593707301,0.31407530830945674,,0.23407001811301512,,,0.2710805477985222,,0.35325144329657704,0.33152523593216116,0.3802062317540748,0.1670307725304559,0.2689928483022226,0.11975585534126515,,0.2151639461431402,0.22459978001373906,0.3353664285487696,0.24195686063141572,0.1784882681548746,0.28864025339732546,0.12523216102800055
2025-01-23,0.2868333375074248,0.2252061609515913,0.3753721137378014,0.2971214597765437,0.2730456719693376,,0.36817485411678896,0.23455104098675666,0.17611790668971905,0.20630542199369076,0.24638062565127508,,0.20489362406942518,,,0.36060331099408005,,0.35692290665200743,0.422379356302228,0.39808855609447535,0.19087334815789506,0.2709427355816582,0.11388394361041349,,0.21060836902973137,0.227109324680386,0.35679040339618856,0.23472725222908525,0.17516079447289548,0.283838645305504,0.12863682052900358
2025-01-24,0.2948075500166483,0.2485639836885997,0.39141043843106027,0.2635824751682592,0.25016455300187423,,0.3665586792754379,,0.16818411332574207,0.2022047452911198,0.17486597782550783,,0.19362927976162614,,,0.2869716810249847,,0.3273313218690802,0.4258407848971618,0.3733981866622737,0.18191808899314854,0.2777475540019152,0.12608188808513623,,0.20889802269869254,,0.3312149092111799,0.2328893656978365,0.176861156828818,0.2834343320662815,0.1112849560284164
2025-01-27,0.3009356431010729,0.2971061019041903,0.6189454608141911,0.36331405711193643,0.31424211549739484,,0.4169928830054884,0.16306213521169338,0.18612103037899638,0.22912864911886213,0.2441733655408382,,0.20878325098384562,,,0.33466638943887106,,0.38975190243733243,0.3686950734816967,0.42800073396100996,0.20046491145700396,0.29001998275109975,0.14163198050252895,,0.1948671479648844,0.2413105140682544,0.3558781808042189,0.23598705343115672,0.19914228619865978,0.32931976268262997,0.15235623501648066
2025-01-28,0.2965850984389038,0.3203118768953479,,0.3860576767579217,0.2988987323997725,,0.43009153668845773,,0.18126925312298006,0.21498116391461528,0.26059224246736123,,0.18480088831484623,,,0.3330111665894493,,0.3260213053729092,0.37869928425314286,0.39642332617653037,0.16904343367944472,0.29918388471641877,0.14316225457703255,,0.21728105096162056,0.24188107240707185,0.3784702520155675,0.28201220741125843,0.1950639568332683,0.36417820164336534,0.14255145793609794
2025-01-29,0.2954188652306564,0.2869385173591076,0.5581030143977966,0.3992582153279367,0.32402042155684946,,0.45726406484946813,,0.1919065313451168,0.22573310679732123,0.25368828398380855,,0.2144180039783165,,0.15187889872035268,0.3538767273540752,,0.3138222642866963,0.4060653315396796,0.41675635075913436,0.2127364070106098,0.30780828852285863,,,0.22373173619970477,0.285182405666609,0.4220465126379946,0.20504722584829788,0.19566896204015358,0.34305503520461195,0.17083887721646435
2025-01-30,0.2938103065763391,0.2313271803228562,0.5738527364311707,0.32407972414607317,,,0.43257608528232006,,0.1848919175258717,0.21529366978086584,0.2396259085873474,,0.20861416951311876,,,,,0.29924890421920125,0.32934708324805195,0.47663093809816953,0.17601075392254595,0.3108522054439583,0.14099072720277467,,0.2291581632497301,,0.4061769475944632,0.24353580610736122,0.20149460051056559,0.2605647737524008,0.15516239218641842
2025-01-31,0.2205114259680494,0.2350237937666526,0.6205763002661494,0.30376578550794525,0.31507013091518526,,0.43296435063327854,,0.18915318782136561,0.2151970551371462,0.23945373881139864,,0.2168311154837062,,,0.3448224910605026,,0.30488072321406084,0.30673548620472907,0.46623153661906613,,0.3093992780305664,0.13892446960422838,,0.22887122400479992,0.28494752608995866,0.42175434303875864,0.26435502828157814,0.16993030385358035,0.26569760287555405,0.1378438361084803
2025-02-03,0.2534717398173208,0.2337332260797975,0.6092658673581925,0.3447598411031631,,,0.4786022837896347,,0.2021075062716122,0.23473320453738342,0.2858621518763927,,0.22152544386432507,,,0.3943328396866224,,0.3242848144430797,0.300446555060863,0.4775968062216579,0.1690753551859555,0.3479843675289354,0.1437175908665031,,0.25634370131869444,0.29838130173063354,0.4338017998772252,0.2790403235443364,,0.27398166239316807,0.15810626694840987
2025-02-04,0.2218154443031906,0.2095771190960965,0.5435149091733249,0.3379352264954337,0.32601911594488403,0.17667546784615412,0.48217811447794273,,0.1958309342134366,0.22670279979238014,0.2972911204149046,0.16733757243167646,0.20075133781558702,,,0.22935243420888915,0.21338963994767904,0.3080788874909214,0.2753802833361451,0.4869284742620054,0.18829597884346522,0.3552541087616033,0.1372998656515138,,0.2339849624960639,0.2872872036082749,,0.25600616810769083,0.15916417855311893,0.2186497451424465,0.1290118554466749
2025-02-05,0.2178722288053368,0.1986185978966004,0.6380989960624156,0.44157945556898576,0.27097844062067034,0.10324813136359708,0.4931614882853257,0.1658723326735248,0.19299543869252775,0.2430248569050405,0.2693900335907233,0.17670434775338736,0.19048733511110347,,,0.22950468444109343,0.1628448268314545,0.29997272623507976,0.25876129879850857,0.46449927452144174,0.28251443707551155,0.37863768059066216,0.14927985638461808,,0.246274543148815,0.2908754114822182,0.22721005716663495,0.27496082595187105,0.15510711537297897,0.21197423681133104,0.14685885665630122
2025-02-06,0.2002345219389758,0.1760077559998845,0.6048318370878168,0.4321092631480375,0.25940811921707285,0.18591685670555969,0.38653868631306426,0.17231811690226623,0.21044765709572819,0.21823585146482705,0.27632037632237044,0.17404859004966253,0.18463581598961917,,,0.21802758297192817,0.17170238912772706,0.2984108444089312,0.26446535608003785,0.2831656138737197,0.21542699827012987,0.3698359245441223,0.1332854852967608,,0.1844112440146363,0.283551591143399,0.21879642637227478,0.30004722029055997,0.16933459617744043,0.22307283862868085,0.09540222328298217
2025-02-07,0.2289547336719673,0.1931635991506651,0.627511432776628,0.4238253433233514,0.26314454414109617,0.1889273929136646,0.33600186695326156,,0.21123548911393772,0.2148196449523116,0.3178793142717026,0.1821114711051019,0.2074646264207434,,,0.20784307846516586,0.17954456833981133,0.2983981000171572,0.2626049108760391,0.23332339238381694,0.213506447246019,0.3955202884793681,0.14553076903181753,,0.25192189999062536,0.3537016324642484,0.20442040910019293,0.2902187135778116,0.16848761975560292,0.2354950766383098,0.14361486518894864
2025-02-10,0.2322658680478727,0.1935819927935221,0.6017765804768032,0.4168013817895108,0.2737501652437205,0.22488608159959722,0.3550427642018034,,0.20647772865474684,0.2485305353634236,0.2980480173102336,0.17794649676246363,0.1885473183178043,,,,0.1744230218265436,0.30718202312945037,0.30254920298321697,0.24943761237691517,0.21380735865713593,0.4195413977217372,0.13715291395735268,,0.15157846696809127,,0.2107749459243306,0.3042947202113754,0.1571618026876201,0.22445522774424276,0.13941434348633033
2025-02-11,0.2207385618421798,0.1837870738286782,0.602249120018991,0.4229847787932781,0.25956435047393195,0.2241050028936091,0.3510546984181297,,0.23777871122549005,0.2653534500333464,0.28110172381768916,0.19792269488185998,0.1848805890164795,,,0.2165711989088111,0.17657335650533676,0.3118001125273938,0.3176338908916265,0.24925653047628465,0.21688983878652324,0.4403387084339834,,,0.13659862186134544,,0.1996976638498334,0.2209074795397135,0.15231872984406744,0.20996286930952823,0.1536508672109917
2025-02-12,0.2084298406032405,0.1704459021456961,0.5984419025377173,0.4174229770747542,0.264269738819924,0.23264954661165238,0.3400242818063451,,0.19209870856399464,0.24908851121182696,0.2572458607119903,0.1887532356973688,0.1936775791586751,,,,0.17492319382468655,0.3073542329481231,0.2740859886136955,,0.2215564940662511,0.4832437500419033,0.13430884844213958,,0.17761875934274848,,0.19574825084485084,0.2952138955700839,0.16338888161942905,0.2240616776551008,0.14492039944070295
2025-02-13,0.2063878673868423,0.1610791118445579,0.6104901611610569,0.42274289535164855,0.1834699425489366,0.2409373483683981,0.3286441052080232,,0.28703784251122233,0.20793769912437063,0.29964430588419866,0.19033848081273197,0.22203749908907952,,,,0.14104872906975352,0.31493690191803314,0.2907495446734636,,,0.48578495077998435,0.12391655315272478,0.13182655021845055,0.1325058618785412,,0.1842687078188824,0.25989553915794916,0.16327872506972851,0.25031776331612293,0.1421280711998191
2025-02-14,0.1966409786739353,0.1496095349101489,0.574314350411632,0.4283043702343096,0.20967169086458512,0.22674701294535746,0.32019616677104645,,0.18669633105241415,0.1663968275633339,0.2928213055725822,0.18183561703275594,,0.5295816689991982,,0.29708165185583674,,0.2675880838161391,,,0.23951400328625908,0.48014281855938745,,0.13799586811517986,0.1177391906827476,,0.17479049601055377,0.29570326942267344,0.18127614727941163,0.2120263428136269,0.12732818213367608
2025-02-18,,,0.6238831599460481,0.449890744863941,0.283750940461188,0.2466014861221361,0.3495497784531446,0.15500205577561751,,,0.26123236104713704,0.19277184213045218,,,,,0.18638608552227712,,,,0.24881347841475235,,,,0.12962288715386286,,,0.2646522864439792,0.18415352898743323,0.23924445474410033,0.14666561243712214
2025-02-19,,,0.6133358977246991,0.45924170515359364,0.17193917345515278,0.2655568956314508,0.35415115730429786,0.15112199944151727,,,0.3347604933168156,0.19147700113301372,,,,,0.18567237602881737,,,,0.24880305272504938,,,,0.13651593084954158,,,0.27411849951370554,0.17714125666708644,0.19730373944141155,
2025-02-20,,,0.6102438239796518,0.4573616180457689,0.23584300686127652,0.25987997294266724,0.32989955651897596,,,,0.3363710452847962,0.17516188084654638,,,,,0.17847263040553954,,,,0.25560377513161536,,,,0.14634530326215742,,,0.32017086526239513,0.17651340492677978,0.22107221260795298,0.12227070173628168
2025-02-21,,,0.5802879285247203,0.48759732912914044,0.20137816812931317,0.27060912404967247,0.3336761224042468,,,0.23027940217735227,0.3066458411238594,0.1900277675769636,,,,,0.19635028429205972,,,,0.2715384313662173,,,,0.14965074325276276,,,0.32072746462243346,0.18859095733587886,0.24366451807084968,0.1594889807737654
2025-02-24,,,0.7554160013818825,0.5108180406519558,0.21018256401402327,0.2804418034459745,0.362193999156006,0.1684742145908967,,0.22241200511309334,0.33046841843340397,0.21111698575840854,0.19730618213011697,0.3110630595038746,0.16281215846379068,0.23952683611966527,0.19180999796328582,0.33072815159244134,0.2703571962387714,0.25570470250714755,0.29026685248207545,0.2750563703667111,,0.15321046490814516,0.1484789544374374,,0.3042453415488871,0.28296277019149346,0.193043989927508,0.2533346137805864,0.18706150929589666
2025-02-25,,,0.7374807751506209,0.5406522024454196,0.23138114660382855,0.2658671635581632,0.3691999755260654,,,0.270944875450863,0.3096507115604427,0.19541843884145038,,,0.16025050210373618,,0.2202296934880434,0.3430515490333228,0.29601618986771017,0.2756022871430141,0.3244130861145766,0.4548609106985827,0.1890865946366517,0.15581869250153002,0.13876689693484032,,0.23700967974175507,0.2556159066521903,0.19479113737736867,0.25983351532424764,0.1947929801141188
2025-02-26,,,0.7263408719985184,0.5116144308446345,0.21981725635022217,0.26952268150655423,0.3602175864141214,,,0.2743278854631621,0.3215286339048938,0.22814482557337248,,0.3056521205943716,0.17661989072183465,0.2370672796333396,0.22075313878579758,0.3570388974614843,0.28386425254603515,0.26920287206782817,0.2529201480323681,0.3857287175577862,,0.16766573058220177,0.15618910344178905,0.38493722759892196,0.3663086610578917,0.2695627983776811,0.19781312103971047,0.29446112615034964,0.162489117227198
2025-02-27,0.3498818890817432,,0.68594411223621,0.3127796720906587,,0.2515973417991572,0.38206944448509533,0.19324559732925636,0.3001507444204236,0.30288875344279387,0.35271790108012463,0.22572451397982218,,,0.17783644149988542,0.2416206386435685,0.22652650743769215,0.349934174009562,0.2880172187230272,0.2689166233388258,0.28382126592549867,,0.19121212362718507,0.1775567742707789,0.15471759464011478,0.5622128706363584,0.3183416593080232,0.25997193081646824,0.19873974741527856,0.2627121830350017,0.18701043847756638
2025-02-28,0.343261570602879,,0.5756191718360844,0.30256624621030537,,0.2570340825883664,0.31530811973401907,,0.3025714624460146,0.35449431139146487,0.3572403412388412,0.23399472826667292,0.1900038557699491,,,,0.19870358913117225,0.31769757440411944,0.25966701276700027,,0.26296032923388307,,,0.11850625207528745,0.14417621953617044,,0.31522344679494135,,0.18024363869279156,0.23775955141534671,0.15043713920809265
2025-03-03,0.3740506311690091,,0.6860375591092748,0.3469280032355135,0.2518489141502927,0.25427113902404097,0.38839484236232497,0.18548463497691792,0.29393213504655197,0.37141186187317066,0.3846050358974373,0.31338358293278545,0.23051392309313906,0.3116725662390505,0.208223088021073,0.2424659618217797,,0.3611306439736542,0.30636376886955047,0.3250386695421739,0.2776647721446322,,0.277341555698189,0.28366566293151374,0.18981465113464263,0.6607302177002732,0.35795548039613595,,0.2203201069330004,0.2905689112204629,0.20594873339724176
2025-03-04,0.3816937284461532,,0.705967872069035,0.3542212837868155,0.3069816371040295,0.24802991551680395,0.4069199576105644,0.20466825060434216,0.338855646948276,0.3968936929193647,0.40450365963892343,0.27496458560592946,,,0.21605375996791687,0.24693275600564513,0.25574886001247854,0.41195759740691285,,0.31537220426979873,0.29366412759203453,0.4616241992040233,0.18212062049670522,0.16211095583219653,0.21294340142017984,0.5710176212239364,0.38128292735938807,0.20553185503833032,0.23704643373224277,0.33548417808354536,0.22697547322217793
2025-03-05,0.3550798922152017,,0.6734712601234671,0.35192610927469825,0.26467943859273957,0.2530834139697029,0.38801740022380243,0.18639903011907477,0.3136957328562752,0.36549989937401584,0.37975753149842817,0.24672404582497226,0.22647200441033793,,,0.23266691156107566,0.23217500832757684,0.37389928047663895,0.3094127162146002,0.31468191980107124,0.2717920870081505,,0.21257107576238812,0.14491128296038008,0.1897174738368514,,0.3718567718137567,0.26604904936600404,,0.31268716169346183,0.19463040386133526
2025-03-06,0.3793203475607117,,0.6782404253426748,0.39197209860123045,0.25967451149284326,0.2918812639874106,0.4218258052164628,0.2087464522399228,0.33620868839546153,0.40075397333271795,0.3741077704713758,0.2647227598856513,0.24267134301941715,,0.19749575667680255,0.24426829007665904,0.23054241417325147,0.4292640734550993,0.3733750047451465,0.39914841496165787,0.3007269527339933,,0.18425074230649277,,0.20599312691238428,0.6666208794471837,0.32673170778926314,0.1885311724913278,0.24582847952397036,0.3789216474834624,0.23482368798336317
2025-03-07,0.3797408059967987,,0.6416143846782597,0.33416744316427893,,0.2794931965831559,0.3954604544000225,0.25220509352586223,0.3052643929739777,0.3659019473922086,0.3607419741257883,0.242416562872472,,0.2750841781902998,0.1716883472399366,0.22518035045786206,0.24873718040501264,,0.35874896207854734,0.381369447684539,0.2918986917679209,0.2907362683565378,0.2789439543095719,0.17263395240892102,0.23477337165001821,,0.286421606343091,,,0.40962273949486283,0.19700193772551544
2025-03-10,0.4428174814418855,,0.7449377099943834,0.42598900750521124,0.31028894165992477,0.399417012437834,0.49142841896712464,0.4703661137628858,0.38620246841313,0.44195936868205055,0.4325311261847287,0.3114302200220462,0.33549720291077956,,0.2560384290538733,,0.33667454608094755,,0.4389526920569946,0.4538248159467775,0.37945730100532465,0.36094837828434817,0.27056626044759036,0.18900333815043935,0.2742946444193411,0.695596943688549,0.3880970806474635,0.2677930805225078,0.2719547430393155,0.4644951546478146,0.2451229873079096
2025-03-11,0.3970416862044904,,0.7204069877164817,0.4262849708520729,0.29013989115298006,,0.46568446952733217,0.2779018731915914,0.36709717113938556,0.4265752237162353,0.4104609669334102,0.3159944456206153,,,0.22825565270399265,0.32098788827584956,0.3201083225568635,0.5140621177954171,0.40417345324083775,,0.37345343928786434,0.3307197419386674,,0.11398074273333739,0.27205184027534574,0.8130898964289665,0.36046763662335696,0.290277375310194,,0.4649774244322466,0.24915822862024556
2025-03-12,0.3649503712071488,,0.6826407270027791,0.39522360861550765,0.26242150656816476,0.3296719694096533,0.41462757818043044,0.24814426921093558,0.3285130010218239,0.3700204679490849,0.3735689791170976,0.2678217915226976,0.2725262514147715,0.34308678772557455,0.19130869649465726,0.2325254577383639,0.280449999683288,0.453916659960059,0.3701832888423435,,0.3610383933021318,0.3028683930169049,0.2147592106918615,0.14358610084794263,0.24020860005241612,0.8028795633547157,0.31976590206311983,0.2421124497463555,,0.3726007066834848,0.20011988982548748
2025-03-13,0.3665718200106858,0.2959602099972209,0.6616211781806369,0.3763204864624896,0.2758909945379062,0.30615474266081794,0.4134210314610351,0.2514323389573907,0.3401546227106905,0.3714828256937034,0.36846078564845136,0.27218249175651216,0.2727087279162351,,0.19327717748080964,0.2389248242128011,0.2771906704598028,0.45153290571857335,0.3553517289905287,0.3734379092575157,0.3204492047029568,0.30397021919332545,0.21512282834811192,0.1382558406532694,0.23684863843441137,0.9549174237811187,0.3174260476581711,0.3211125338551658,,0.35951704822512504,0.20716627779086202
2025-03-14,0.3014347590056203,0.2569168562825458,0.5939916663475624,0.33521337015877206,0.23546239699919128,0.3010489757273064,0.35406722643513044,0.20321086673376587,0.2581147518388007,0.3118609771283464,0.31758343398672706,0.2236651634429196,,,0.15400057704002484,,0.22252262528726163,0.376572165933735,0.3159515048773287,,0.27187578254115635,0.23984842201267595,0.18354380710568635,0.16889488167225616,0.20571414650937545,0.8384993741097265,0.27181445809238536,0.28178112666187116,,0.2621869421752226,0.15979442691276155
2025-04-01,,0.2606813916176675,,0.2974474748002101,,,0.3539461179016373,0.15335162810794983,,0.3032755358977372,0.290058562047349,0.22867013788372725,0.24099000669613843,,,,,,,0.26769695303976515,,,,,,,,0.2370622257793372,,0.26374599627941064,0.14614255621527542
2025-04-02,,0.2615336803670224,,0.2960135896071641,,,0.3613603188807812,0.15979310033043434,,0.3021377866465139,0.2835808658287338,0.22316426796097302,0.24470464494464517,,,,,,,0.27686038316940975,,,,,,,,0.2378688520205117,,0.25109010238604257,0.16366905527490905
2025-04-03,,,,0.34722924533875393,,,0.4090468128361951,0.18474784484128212,,,,0.2602571527300703,0.2733887442851336,,,,,,,0.3114794600338497,,,,,,,,0.27104787328342395,,0.3029236703445294,0.17539354243916558
2025-04-04,,,,,,,0.4675209094844863,0.2810119277885715,,,,0.30969379566199473,0.3266387520505518,,,,,,,,,,,,,,,0.33372006945112537,,,
2025-04-07,,,,0.40261683267540527,,,0.4810026676097422,,,,,,,,,,,,,0.4055834055791103,,,,,,,,0.3365833715705147,,,
2025-04-08,,,,0.44434080233947026,,,,0.2859251923773986,,,,,,,,,,,,,,,,,,,,0.38367763577035296,,,
2025-04-09,,,0.4588501585389108,0.34597796843760553,,,0.3931305242435254,0.20760190846241583,,0.346733662053899,,0.25627146554302216,,,,,,,,,,,,,,,,,,,0.18867757911844485
2025-04-10,,,,0.3823753882986003,,,0.4420803480536443,0.30570431765343137,,,,,,,,,,,,,,,,,,,,0.320578542804763,,,0.24001538365828518
2025-04-11,,0.2748402972657514,,0.3626196334260127,,,0.42309605365699715,0.29043829770934365,,,0.3691486896551756,0.2842100712047168,,,,,,,,0.3317017848654453,,,,,,,,0.3124854780352475,,,0.2292575036193419
2025-04-14,,0.2650398671873155,,0.32666991852563554,,,0.4071314366825329,0.2779070131639737,,,,0.2548641543716025,,,,,,,,0.30886945358280016,,,,,,,,0.268475171381484,,,0.18026937275153318
2025-04-15,,,,,,,0.38968566625181966,0.26232259726629187,,,,0.24385399888119116,,,,,,,,0.30023415890579097,,,,,,,,0.24640151068034397,,,0.16841256889808523
2025-04-16,,,,,,,0.41831541949457635,0.27217513725351966,,,,0.2759400505698845,,,,,,,,,,,,,,,,0.2724949549685583,,,0.18669193502224357
2025-04-17,,,,,,,0.40655611248153334,0.27920054780409087,,,,0.2575437293599469,,,,,,,,,,,,,,,,0.24798389065148252,,,0.17284825149113178
2025-04-21,0.4016990736456873,,,,,,,0.3097497031729342,,,,0.30958860096089397,,,0.2314402682540922,0.4475940679548255,0.36931417295567825,,,,,0.36513731154178075,0.3244575584369719,0.25565580042345637,0.25843675863196275,,,0.28696269632315136,0.3297690237992866,,0.22900255380002807
2025-04-22,0.3813861069194236,,,,,,0.43661260202444924,,,,,0.2978102844045334,,,0.21589951312918684,0.45911829423579564,0.3561647910565563,,,0.31745227484509103,,0.3539838170729335,0.311756463280254,0.2564709873169914,0.28647301060932623,0.47319555914556166,,0.2678961957270556,0.32047859749571034,,0.20402530389505766
2025-04-23,0.3799421890516406,,,,,,0.43423640587728113,0.2098210697351598,,,,0.2945135122741751,,,,0.3975110170959367,0.3649084889741789,,,,,0.34643266121075267,,0.2505647174503236,0.2737407916623738,0.45598706886630264,,0.2648335730511505,0.31578208205541286,,
2025-04-24,0.3654358073243419,,,0.3337977576561253,0.34012285375566764,,0.4392967202562752,0.20165303739804238,0.23052335987337724,0.29708776990570923,,0.2769796136666588,,,,,0.3789689941751086,,,0.310973195443831,,0.35430853723193667,0.20635538772609852,0.2360563761328803,0.2608605595293224,0.4126950734318235,,0.24629009017553335,0.30229631308301286,,
2025-04-25,0.3539265807152722,,,0.33667703889634987,,,0.4219855542075041,0.1881924227501993,0.2153978909757521,0.2925369427205721,,,0.2041865927485547,,0.20999924037839066,0.37281807647231086,0.34619376214189646,,,,,0.34974559858876403,,0.22782255863293308,0.25805559183914484,0.40239726582419244,,0.23558875528450102,0.29787281846828934,,
2025-04-28,0.3652202526212486,0.3121969121758298,,0.3309084236429505,,,0.4413279732093549,0.1965360099940638,0.21813788368716902,0.30051851633099197,,0.2691510246580493,,,,0.3154393813077853,0.365883848817852,,,,0.280073152561907,0.3589223140961392,0.20854247197010134,0.2491653636543785,0.268797215730246,0.41410361107418897,,0.24191713049849367,0.3057246439427772,,0.16681131935500054
2025-04-29,0.3603299929913671,0.3116145308645668,,0.3215906977874379,,,0.4426400600233047,0.18944629768985533,0.21436919058023582,0.2874109477926265,,,,,0.21106955091892418,0.3450736159519737,0.3810296093188635,0.3254519241544974,,0.2604499214344527,,0.356680018449385,0.1958214974795572,0.1921898468282499,0.2652330961226558,0.40923337729664194,,0.2402120053955754,0.2997568465385115,,
2025-04-30,0.3885938638663484,,,0.3274439949314672,,,,0.21762745032712896,,0.297602698795663,,0.20263309809032581,,,0.21530070369867163,0.38872335673764713,0.36731551715345395,,,0.28050369193223357,,0.36962058529240643,0.1935800779134007,0.1891757871988908,0.25095729008268386,0.42533632627596585,,0.22983261408664304,,,
2025-05-01,0.3473440236803139,,,0.3116606694669668,,,0.4951336318406583,0.20940724733418847,,0.29755880354111025,,,,,,0.3674539358499861,0.40230347017291807,0.33402028048268195,,,,0.3794761347472372,,0.18994340021407036,0.19396338500028937,0.40765408390055957,,0.24077510824868284,0.3251683989989466,,
2025-05-02,0.2819539719991132,0.1983958245336261,0.44545256429362634,0.3049671594142428,0.31799732049062635,,0.30472604474541887,0.1891968818075405,0.20131322507584892,0.2686248037383726,0.24774858588963258,,0.21370171894266016,,0.21934457805874588,0.46451954323936634,0.2502533121077125,0.3268670248442127,,0.24203527603932248,,0.3635686550638491,0.1833144967555925,0.16382146315483206,0.18306004813774243,0.4129865247988995,,0.21135209389941462,0.30149982866753394,0.21428645990397419,0.1440351859809694
2025-05-05,0.334229556130581,0.2120791062020752,0.4749173391968361,0.33291027386406274,0.3629605444989234,,0.3340009510312503,0.20970187694748202,0.21890299661307944,0.29960615871521745,,0.18779276759603405,0.21560709071169187,,0.24442383186176553,0.40387161047979186,0.22295346338808814,,,0.2560336350458242,,0.40384256605424934,0.18544693781684893,0.18656723413469445,0.2119323212827835,0.4345199122268855,,,0.26964957313587024,0.23265095743836858,0.1511711816752129
2025-05-06,0.3240784791303043,0.2078604744759765,0.4939875889436716,0.4436165495267259,0.39953845004413463,,0.2961339616753283,0.2400412471467547,0.2255942310605709,0.2662940616266558,,,0.22533504928025022,,0.23625705004964134,0.46701717227396744,0.2676460864104412,0.30650546846723015,0.2585507368445265,0.23207491717891254,,0.4321159607585575,0.18758684399140535,0.18606877042778008,0.20343299906600112,0.37613505828949934,,0.2804573633866814,0.22648210194538823,0.26615109705861273,0.15342254525622928
2025-05-07,0.3169126883895166,0.2109334543371642,0.5373420034971325,0.4309903762442721,,0.21166690087951257,0.29123137429755724,0.22721528075920483,0.21271345978783152,0.2611789514238882,,,0.2156561445956185,,0.1392848922425494,0.5215918446069662,0.2592034324356362,0.29961207651377714,,0.2359443867851454,,0.4390504778208632,0.18353183898197434,0.18432091459103506,0.1979876745227458,0.36744895504635744,,0.28123513490357593,0.22628896460892833,0.2598913381530502,0.1536817516243617
2025-05-08,0.312639949276511,0.1964290236951703,0.4926325976977188,0.4237325272104025,0.4306100233993871,0.21285557047729703,0.2892526468408716,,0.2206333705693143,0.25591784701272446,,0.18512779810243385,0.22632516624843305,,0.1974141730422083,0.4446700463056492,0.26836486772257906,0.31542143098079584,0.24537590768876513,0.2271064463032812,,0.48730450347076026,0.18487871873307932,0.1824044293951172,0.19128749948255913,0.3586385580178591,,0.2756906068966373,0.22166605339276887,0.2626373002373997,0.1511599488890245
2025-05-09,0.3000464610369919,0.1782758297803554,0.49796546580616524,0.433935228184311,0.4483805398151988,0.22448432519970973,0.2849701303719956,0.2030090951461202,0.2070313562010537,0.2448634303161733,,0.17760098661072732,0.1941174402441199,,0.1804561979945657,0.44980794655059075,0.2604542082458248,0.3086255457662888,0.24278261155696235,0.2265649977559794,,0.5090378218714523,0.1753406423026414,0.16228792434407466,0.17281870763475654,0.35417747350060486,,0.2743349847861937,0.21242352606830867,0.24006923529541133,0.1475166036285842
2025-05-12,0.2856773243331448,,0.44425704986842485,0.4394197755833758,,0.21048599039333787,0.27184101017346507,,0.18519711890846952,0.2188905074383387,,,0.17938005550392616,,0.1494654788036674,,0.23198925030155196,0.27890493714452197,0.21575010772128822,0.2078912904669728,,,0.17882489074390723,,,0.3079632104831244,,0.2653789727644364,0.18380193712494003,0.18990559942513727,0.13685623289679724
2025-05-13,0.2887472102164531,,0.4681822687233344,0.43528001754773493,,0.2144278762618479,0.2722795684483505,,0.18633775277084494,0.2202914379500304,,,0.1921460649824667,,0.15997930126965362,,0.2352925491791351,0.29647663294538545,0.23821439264538,0.21058410159034963,,,0.1624635831799794,,,0.2924348158262152,,0.2679648124567295,0.18289285029030367,0.22290057094071913,0.1284869046903241
2025-05-14,0.3026642789363606,,0.49811482692486053,0.44726477574283285,,0.22827652939829637,0.2848213560996773,,0.19524333737375288,0.22958245596711824,,,0.1960106377667183,,0.17292118073994628,,0.2557751173054651,0.3170299519176724,0.24488108125453584,0.2146846065937809,,,0.1694655024612596,,,0.29983305991580766,,0.25995868819789,0.1848438164003663,0.22704702712940764,0.1341659475482266
2025-05-15,0.2892847872745064,,0.4848489990118383,0.4182144774801272,,0.22505188504687995,0.2808114777732342,,0.2049370280701998,0.2250189624908703,,,0.20466945990374472,,0.16613581830558768,,0.24322225862360816,0.3020355060125778,0.23179897319838919,0.2344733984314961,,,0.1814457547032505,,,0.304490031617909,,0.28232496564569376,0.1865009851287825,0.17203451391761893,0.13243650719932218
2025-05-16,0.2841497851236015,,0.47861903833492564,0.449006126373142,,0.21385706932120163,0.26793212172847897,,0.19697788847525968,0.21881464193866038,,,0.1587526614014616,,0.14526500415231702,,0.26082745777364946,0.28996054256913717,0.22618816498072578,0.2562713959141524,,,0.17642410052492968,,,0.29290177621701036,,0.23979266347008327,0.17913217408006815,0.20898141530688255,0.12946292078563862
2025-05-19,0.2918742267781328,0.1783089392890302,0.48598016731322874,0.4567173720710319,0.1822321185253529,0.2145496425563984,0.2773141051988041,0.22764081981970213,0.19016239261389245,0.22316693879881924,0.25550595513626134,,0.18009589031944054,0.577861626543155,0.14423087539147134,0.32847618695401565,0.25738686321917714,0.2818200457741251,0.23678799741416148,0.27152081749516876,0.23124364935962438,,0.1864585284770682,0.15993741966735373,,0.2983320848825299,0.21326135999089865,0.23334608363547574,0.20989151573904102,0.2582471549675224,0.13719378412627767
2025-05-20,0.2984231440913294,0.1725196994330693,0.47733346723760545,0.4706382261125054,0.17243171577818342,0.21664207900554172,0.28135247133156943,0.24134750477185796,0.19686199100521712,0.22694203353325326,0.23076326098633057,,0.20601025540623435,0.4962388649473112,0.1443606509772811,0.33342267642697465,0.2612408851336399,0.3015296930087813,0.23547843124319243,0.2836065076458535,0.2683582259151037,0.23358460295752348,0.19018834604853374,0.16354182929345068,,0.3063306606647263,0.2117769244494254,0.2131182315232799,0.2189344227999313,0.20935864353216557,0.1404549730649305
2025-05-21,0.319221610599813,,0.496973043416669,0.45958517753220995,0.17400080305679383,0.23303659901101165,0.29218151434532535,0.22467848838747412,0.20260864673358034,0.25558803825242354,0.267336235456637,,0.20910762381494563,0.5137585686754512,0.14461539373626875,0.3342443230776575,0.281267441066554,0.3030975675682445,0.24474108717212856,0.27673588011549816,0.24274118707508674,0.232069825310409,0.1949725494840422,0.16626954763606927,,0.32102330398514795,,0.2146335216432707,0.24159147863852504,0.26946362391021506,0.1477260206562951
2025-05-22,0.3137230591051509,0.1765032401382789,0.49126112014594175,0.4756039893663826,0.17336003861652266,,0.29281869484057765,0.2104209689870852,0.19839940182801113,0.24970638709374376,0.2494946789708354,,0.1980601550991708,0.5035620118469308,0.18425917718458054,0.3327680151121454,0.27482447787285724,0.29883955470238455,,0.28054865604650653,0.2400664989750027,0.22759760760178707,0.19085393921343616,0.15222132394181212,,0.322966914816097,,0.21430037516566444,0.23819020295875692,0.2707936771758819,0.14898627024952082
2025-05-23,0.331145961004252,,0.4900272016772769,0.4814949431749999,0.17158449239020848,,0.3003860686015702,0.22993053438031855,0.20731733425502952,0.2508957143058029,0.26255189304369675,,0.2112098960646836,0.46154296912516896,0.14442426301685965,0.31630625251597494,0.2777441912025369,0.2923917717688214,0.23849351694479495,0.2738202924512068,0.2443193856558259,0.23858558967346466,0.18552114903782216,0.16817529661042177,,0.3316815472292436,0.22438896964094743,0.23536246327868682,0.23709755701877486,0.2543535010407712,0.148221095325228
2025-05-27,0.3103282871882042,0.173509666406759,0.4895897346766403,0.4899404270584805,0.16208818618907173,0.21659627151071728,0.282730726142963,0.20093247026257552,0.1922274777256242,0.2368920150890589,0.2498773510004811,,0.16999750479376793,0.4316581411784229,0.19544940456505241,0.3234252378975417,0.26270420703364367,0.28586881706190037,0.237665997709775,0.3030157261441343,0.2799852398172558,0.21919983608652474,0.2111284777389196,0.18045386489115003,,0.2941160441701738,0.2099816432219358,0.17661135114524884,0.2333053093830935,0.26716285628894426,0.14656748324529018
2025-05-28,0.310713865132208,0.1737805612696826,0.5032279398918122,0.47726423333940937,0.16102582105685367,0.22197855338128003,0.28708651160814946,0.2234187212831923,0.19455586231274624,0.24223321816515805,0.25420818446974897,,0.17467743287635606,0.4034190044240648,0.20260133960461577,0.34263686822461115,0.30813663996093293,0.29694418575421777,0.2509971746666686,0.29613360139749223,0.2785225461736714,0.22900482766616218,0.21528965008681727,0.18819439170121902,,0.30101342732919556,0.2090714056245798,0.1980407384596033,0.24338218449497048,0.26298608031831294,0.14851235154276807
2025-05-29,0.3068735508537716,,0.3766965842166763,0.2923617313893573,0.1627629853478327,0.21850020425435218,0.2790318761645606,0.2387354609227847,,0.23259442205696398,0.25659228852182675,,0.18243855496254402,0.3742956043261824,0.2074979359926227,0.3345837292082291,0.2832077197943615,0.3085059835055771,0.23834609190002404,0.2876808354512836,0.30045404389014946,0.21530563221932847,0.22411355810691458,0.22241334103168853,,0.30340948150129315,0.20707692322120244,0.17689407402879742,0.2315990573710721,0.28524595787678203,0.13772459981240837
2025-05-30,0.3010786466056902,,0.3571286066632436,0.2690599707028917,0.15833390956180624,,0.27021827284042593,0.1827039954710238,0.1841066692409881,0.2377994252207699,0.25515856868887954,,0.1872841129352229,0.36206881032805704,0.19011849279541548,0.3099221949295672,0.2505817667641497,0.28664041405807217,0.22654241106500486,0.28063684419351526,0.25420783983281087,0.22770218488210373,0.20929119856297163,0.1427070342747627,,0.2847667576229838,,0.1687616774514693,0.2318467229492826,0.24947341942932633,0.13812114753816687
2025-06-02,0.3044842737001081,0.1566736246361384,0.3546316402258864,0.26713551452105544,0.1651399781432592,0.21488037224411252,0.27462604531353685,0.26270179734449267,,0.24195362923953487,0.23834254840074248,,0.14574831858778017,0.38591913660259675,0.20187045718306548,0.30679586098916317,0.266074485728445,0.31080995332592914,0.2351878652012852,0.30845779304523263,0.2641374742542692,0.2515596693922647,0.21952443100699137,0.17590334027572746,,0.33906624137191815,0.19582644857462533,0.1331495024682115,,0.22082686130737916,0.14225405443831426
2025-06-03,0.2923205387381511,0.152535913749954,0.3486693697221726,0.2678231646678874,0.1613475004812602,0.20121842415881797,0.27334406629725816,0.1879736460500333,0.18258925833086148,,0.24688891599345217,0.22099978086256303,0.19955394554482472,0.36003114419831,0.20118248024271257,0.30802410353876325,0.26127523371101263,0.3198371825996096,0.24560920380559534,0.30933698685278804,0.22475830995984378,0.24181541279333174,0.2199718052269851,0.15486488309931437,,0.33854415724415143,0.19251189829592197,0.2202321447103801,0.2146057083003485,0.23826119184431424,0.13048511026578635
2025-06-04,0.2682453391577233,,0.336163735295039,0.2585900068619299,0.15807783179442636,0.19974181752183395,0.2630427396957607,0.1872312761323515,0.18063160502498618,0.237218416192243,0.24657413183348478,0.23055071542408304,0.2185008624463233,0.33262281243636876,0.1699917921928509,0.31159150117807183,0.27792641870610557,0.3032080073065136,0.23981166176139598,0.3179673725066386,0.2542502950958579,0.2417588341979048,0.2107297561723547,0.13937423048874298,,0.3392693791470063,0.19365094713782655,0.1961364311829015,0.23314144852658303,0.2552782649468541,0.13227952287368883
2025-06-05,0.2741950950039749,,0.35073041680909706,0.24563864812264335,,0.2113803352293784,0.2687484598730945,0.16970463668139266,0.19070435362190039,0.25722483897845,0.23280883131946595,0.21635346265798464,0.2047710638867035,0.3248714438075009,0.2236826762352223,0.3069292778356988,0.310543391332363,0.28007266832384564,,0.31442661918921655,,0.23879972215649545,0.21428716208247642,0.15137188862003248,,0.42141382415781675,0.2030674741879325,0.22836897121924843,0.22592067483258785,0.22748345799117145,0.14571248339237589
2025-06-06,0.2661615850028027,0.1542507254354077,0.3348145610007016,0.25192370436086525,0.1600926925881666,0.19958328458113586,0.2629944094268547,0.17411362138435724,0.169545153703157,0.2246534727936693,0.23623242616146878,0.2134556593304122,0.20260484798180348,0.26478797650497393,0.19326957094801864,0.2931505832491605,0.28881221380965255,0.2638265371210147,0.22767669130061477,0.34044511948943684,0.23541629373273376,0.22811580330023926,0.1940210653371379,0.1288806231404283,,0.4276378322944649,0.18157906409832095,0.2155137576390751,0.2134907945623435,0.2539708343567088,0.12649111136683786
2025-06-09,0.2712580386242879,0.1540118570246409,0.34794612608460757,0.2284667592425163,0.1643799591097066,0.20799872921662935,0.26526949352044,0.1701627952649726,0.18001425166154622,0.23508005985325933,0.23888240161415267,0.22341327297130506,0.21741112947406166,0.2831329499516021,0.20742611577543893,0.27613861762912295,0.30203350625544784,0.2775114823875028,0.23717311882072387,0.3273095750388168,0.25385182666117984,0.2246554852297432,0.18679407714866084,0.1369230655119606,,0.4428017193528411,0.18402178856267531,0.2204475088510777,0.21703130988664499,0.2479596706687431,0.1300225346291235
2025-06-10,0.2621040046655834,0.1573681034620878,0.33480768839657915,0.26755385672777865,0.15363988447331772,0.21897164523172885,0.26388751194307586,0.1689361243419321,0.1827002857212842,0.23899273523728218,0.23396718532012278,0.21795991062038098,0.2321076808694328,0.2889814660688331,0.24272694920199342,0.27820923851819745,0.31894052625501984,0.274502260232007,0.23850086683146163,0.3556379710430528,0.24421815428804344,0.2227307618827208,0.21261548239831332,0.14160163005740797,0.2040968870347908,0.4620216398965215,0.20410137745629237,0.22959185862974119,0.2234516461603752,0.22132428219458375,0.10577072809389829
2025-06-11,0.2675314385308309,0.1527327305897589,0.32212596470601046,0.26897159977524004,,0.22905256534490498,0.2612300789164269,0.1760321001135028,0.1813715434968473,0.23485785345766613,0.24608301582067135,0.22474293307524268,0.22483661976655364,0.2874256485463985,0.2734930082626241,0.2702388368387583,0.3067163197152479,0.27437512943374603,0.23612137883558626,0.34017541725817624,0.2626215725045901,0.22246359034313223,0.15384154545545617,0.14822779978053444,0.2542996001858099,0.4469555838452766,0.21019341544946055,0.2243908062463966,0.2435848819020589,0.24137444734906136,0.13452990802844314
2025-06-12,0.2590663911759021,0.1591246002308304,0.3094919367844117,0.24130809779682436,0.15875969695309317,0.22063205667129876,0.2558780944125481,0.19656183102623223,0.173318877223813,0.22408630686318984,0.22736529465397814,0.2203049718922167,0.22969745854143986,0.2292957865292629,0.23180694046100728,0.2591681447937478,0.2933684862731025,0.31592976824904706,0.22268443618175915,0.37869778038081464,0.2514633395654043,0.21812973183305634,0.19343881998540924,0.14564386458140213,0.18801007214230858,0.4643616497235597,0.18903608702888228,0.22338295307101447,0.23388160432675298,0.23578678567189573,0.1293439592279946
2025-06-13,0.2608627259902439,0.1609835399081665,0.3144061031931994,0.24416925464251707,,0.22339254842964668,0.2621703227848982,0.16571385263833396,0.19074416022361917,0.2555228417729077,0.2556045855133125,0.22785687836785276,0.25279098967926483,0.16447236938818638,0.2085251628810994,0.2603721895708943,0.2918442950573205,0.3263988868178983,0.24398454158027238,,0.24732561678753504,0.22998691260431237,0.19925680277073213,0.18389315417289848,0.19989151432252208,0.3672683605880381,0.20170270290302308,0.2254865816546698,0.2662277692177062,0.20800078391047258,0.14925303056098035
2025-06-16,0.2517696027738144,0.1504937980236751,,,,0.2269075167607897,0.2581447233952406,0.183073218128179,,,,0.22044855626901436,0.25547163592032296,,,0.29965137281345217,0.2964491591686363,0.30863394371124125,,,,0.2235958324196973,0.18184815386765268,0.18219332289429438,,0.4774117258150692,,0.2192347665438194,0.23714295773128533,0.21145039678950106,
2025-06-17,0.2600967823088357,0.1571772009896298,,,,0.23895100148195575,0.2608111271687034,0.16599869380965981,,,,0.22981431987781278,,,,0.3000796055752755,0.2930859003643394,0.32841109544241076,,,,0.22808803745138606,0.18267937175896967,0.19331861506225598,,,,0.2250316056467926,0.26727162259225984,,
2025-06-18,0.2425556583508819,0.149692275834557,,,,0.2548426862041258,0.25965821497352626,0.15283221934545352,,,,0.2421843065880063,0.26993727757857294,,,0.3011523907891663,0.2912354430062598,0.3165594315450673,,,,0.23030328487175852,0.18610291578710988,0.18253869730400865,,,,0.21375935478951505,0.2629821294585075,0.21062525296051066,
2025-06-20,0.2387916849041912,0.1491181616375489,,,,0.23140504082903854,0.25990584531553174,0.16335695327338626,,,,0.22540998788829517,,,,0.2940207781368405,0.30265584298929904,0.30684915297650084,,,,0.23087119734168715,,0.18240667221845727,,,,0.2151161772560409,0.2416462261048532,,
2025-06-23,0.2289730484053109,0.1504347484923881,,0.270351112135399,,0.24463617625789735,0.24880690829691776,0.14387139811472838,0.23026387759735534,,0.28087518314991367,0.20612593813407268,0.24257716835130635,0.3837753161003185,,0.2937368074937538,,0.301479508152441,,,0.2420327370098258,0.21790613419105917,0.18334976277982548,0.17810715877958774,0.16298750815786262,0.4858545352882559,0.18422381216004605,0.20748429291240583,0.23923417154204685,0.21327626790231768,
2025-06-24,0.2303646412100275,0.1433925161057942,,0.26372506389383904,0.13816371341244862,0.22814436903196558,0.24021688579817124,0.15887308193086289,0.23378005529260715,,0.284668149779036,0.19782973909469867,0.26217032763741777,0.35241126822248797,,0.28232050835287925,0.2148597926752846,,,,0.23216965413826315,0.224013140665179,0.1808325246468657,0.17041900896840942,0.16112496243133972,0.46373763415094005,0.1823081175294881,0.21094363645666517,0.22660926560728453,0.20448767697668513,
2025-06-25,0.2240348897960797,0.1480011108919946,,0.25173465591711996,0.14494093067534733,0.22561017559598173,0.24130427945889657,0.08876210495734597,0.2287699053243721,,0.28115674516291583,0.21065610242178492,0.24980269556081044,0.3290248422136646,,0.2895746480862784,0.20409420155228847,,,,0.22779215530823685,0.21528914701171212,0.16541958454863542,0.17389224074997206,0.16584238809997956,0.48127013831766,0.18503515397734036,0.20984805248548305,0.22666997644699427,,
2025-06-26,0.2274814228738345,0.1522020116102777,0.32403629550376095,0.27970373001523274,0.1388572717861743,0.2268803487494761,0.2519215461436735,0.15097084489561197,0.2375297402309012,,0.29316563245676897,0.19992134942454637,0.2526060282068706,0.3268255946963028,,0.28379471228166175,0.2056646006430209,0.30200331791555635,,,0.22466179777265202,0.21707564832604218,0.16464898976550796,0.16819918852041396,0.1667041219135555,,0.18672043164246233,0.2120191613040087,0.21437920760320492,0.2073897756650698,
2025-06-27,0.227581936464374,,0.3229003652817822,0.23170980650402867,0.13249378848858295,0.20361886206572094,0.2481719078804333,,0.22552746611012248,,0.2970122557893558,0.2086605725574176,,0.3311828575583449,,0.2528186745751964,,0.2762164804223958,,0.18015343578682003,0.2280289544019027,0.18236378273577733,0.1719799224376986,0.16263794761740757,0.1653570037358823,0.32493372090182954,0.18476036507837706,0.2011334545936701,0.20688712063182815,,0.11209951882948756
2025-06-30,0.2525895173549941,0.1523791050283929,0.3156903229621128,0.26890980049143076,0.11965936613690058,0.2129335240015595,0.26510485041798865,,0.23367241414026152,,0.3107926538946185,0.1955378706623488,0.2728357799042715,0.34240919018644755,,0.2630888468715003,,0.2902699264958929,,0.22367086012720325,0.21774718652711686,0.21078571024898593,0.1658117435511866,0.1481550798905892,0.16535666680927455,0.28765356855148766,0.19833912229022066,0.2130124546184421,0.20922081609510249,0.21113206116499436,0.11962760632357944
2025-07-01,0.2500153791297107,0.1517936428989652,0.3360804880572174,0.26791375412210555,0.11989305308202128,0.22411111657757324,0.26508432566360984,0.18844010461652713,0.23877820952917753,0.31505951118262254,0.3083242236973143,0.20746191621290527,0.24091511350896674,,,0.280885490160112,0.22533909385835918,0.29442349870695544,,0.2721913967263962,0.23284072618296459,0.217712602507822,0.15610258827170786,0.18083431587925874,0.17145711512072562,0.2917502785009521,0.1942248897220967,0.2231849440471055,0.21136850978547705,0.22729215518775014,0.1300260406768792
2025-07-02,0.2453649512469924,0.2212224535037291,0.31093146422504336,0.2657777400424544,,0.357989361198264,0.2639114931772766,0.1510014778878523,0.2126764947889639,0.3283123420861415,0.34941321569186995,0.23466325978370617,,0.36517580677228656,0.19510046486641366,0.2823021615080388,0.2299103372046486,0.32340929081139597,,0.2776691318840289,0.2311840773750331,0.21122575428644225,0.16099730184473407,0.19488934101557853,0.17802654939813656,0.3263467223442973,0.32085163277200285,0.22716474956249366,0.21720102314781278,0.2349846532003263,0.12610112837717183
2025-07-03,0.2291349863820239,0.2200171094259515,0.33693786307850027,0.2567951473510435,0.17463291126495525,0.34383650385287423,0.3275865943945423,0.1563644062312613,0.23582688485061015,0.27525882257805345,0.3825735789800842,0.23807480574857728,0.2439730767752331,0.2764780007275958,0.18197263952491766,0.2673853292636186,0.21654153953524402,0.31834052415055586,,0.2818342171244204,0.4057848258692615,0.19895848012636305,0.15861957886675299,0.18716270840690405,0.19413553580732362,0.28446880221682547,0.29999494042644775,0.18443789256411305,0.20813007562271227,0.24698162213022753,0.13027081256658016
2025-07-07,0.2654031021747362,0.2316621163982158,0.3431689431179849,0.28878163346945473,0.19997424021898802,0.382179296214002,0.3472132233883841,0.16611020322668504,0.23499663635553583,0.27911830900994444,0.40077183912579395,0.24043971696118469,0.24354404802968282,0.3588656187429366,0.21698949966640865,0.2985948340841524,0.24114853416782,0.3403531323261063,,0.3118550361203779,0.4557252035303291,0.20859567249489475,0.17074564207702203,0.20455065623598265,0.20712524215046949,0.34349549883906394,0.3399252212591455,0.19265511310117694,0.24218238398423575,0.23294419375743083,0.13012233991423305
2025-07-08,0.2517704446701335,0.2245787179834925,0.3406203584251706,0.29768740024203794,0.17712775967060937,0.40855653481019333,0.3454507146650131,0.1619475014895757,0.2350580653238704,0.27437159349886714,0.393686578368551,0.2535116726557614,0.25109079843335186,0.33726949667491735,0.21753310717472601,0.26804960932708316,0.22225653273090706,0.32653398129663613,,0.3244401658307497,0.41797393446531467,0.20768905717560382,0.1728709708370411,0.20073235578732398,0.20260719291407503,0.31636112713552716,0.31791539916978667,0.19333244776245487,0.2525760437772706,0.2579267790418375,0.12748603054135996
2025-07-09,0.2440306476010256,0.2266498279299578,0.3409677101417823,0.29242414958919055,0.18287121960186017,0.4040053894961404,0.33471629047891066,0.16246404514418564,0.2263059575978217,0.2604486003182512,0.4346757469838588,0.24600224031824505,0.2372669594967514,0.3959276619861232,0.21360937268263266,0.29084369589722164,0.20275408406421946,0.3265492235591331,,0.30245699334571147,0.481586615798637,0.20563598109784004,0.1756006721214459,0.19621278263392614,0.2020429710326258,0.275252204447913,0.31002914342955307,0.18713741979134074,0.23498131237560296,0.24770309575734872,0.1272394250096654
2025-07-10,0.230943299514199,0.2321638676172653,0.33995211112987056,0.2705651351957158,0.1692889982034579,0.3762138451648976,0.3393755511463398,0.20168810404637189,0.23137919182714303,0.267175081853473,0.43982768834770236,0.24929277050673562,0.23411859452195966,0.422378784276866,0.2253381762280539,0.2855404696319677,0.20719292592410637,0.3195439156706976,,0.27471131096755247,0.48436710276389056,0.20723217767581353,0.16987706095837876,0.1940109671447298,0.2028526324048518,0.25461414780032277,0.31349125444620785,0.185240368720758,0.24113593128697416,0.24338947947058578,0.12094574531212973
2025-07-11,0.2213532078340719,0.2306651361400641,0.3411292009963305,0.25497030869108533,0.15335601343915542,0.34327751252985245,0.3357143801014076,0.20600557814153103,0.22533765919770085,0.2660745233102045,0.4224132316030899,0.2517259038520705,0.24305106305361823,,0.23257369644930692,0.25757638257387333,,0.32006744991264424,0.19208780608510154,0.26378414407016343,0.5074225887181153,0.20451816018342678,0.17103971932443768,0.19756398465557942,0.2063220932981693,0.2647689026516563,0.31045220420060204,0.18716794972075582,0.28670122324697095,,0.12180988990425118
2025-07-14,,0.2379892851469747,0.3350122609049991,,,0.3855365247345122,0.3370899144273978,0.22012315917543593,0.2390823819672713,0.27714224498528245,,0.2603808053491432,0.25615369969460866,,,,,0.3316497989673154,,,,0.19929750376131,0.1885228683708226,0.19939994570960468,0.21391931350433577,,0.32939157151326875,0.19248180360836728,,,0.1273908086578344
2025-07-15,,0.2426102550790597,0.3389510871249205,,,0.34049185992059716,0.34266180040777117,0.2159468324125596,0.20354192337375815,0.2850332817282104,,0.260887431048788,0.25037929010001686,,,,,0.332911463526615,,,,0.19911186141345488,0.1861733431448094,0.19971806657132937,0.21507750089434258,,0.32562866710181715,0.20296357773440776,,,0.12582787933604628
2025-07-16,,0.2411465285493969,0.33665395009804266,,,0.37868747676622927,0.33878231693971433,0.21873374649044008,0.20124998686807594,0.23473807015724005,,0.2576596163517776,,,,,,0.3223232105887874,,,,0.19526393053615512,0.1791445103342248,0.19936299096925683,0.2100301294277949,,0.33380876627203465,,,,0.12512959196252574
2025-07-17,,0.2424765612672547,0.334515914038439,,,0.39589859281747863,0.3373862130699013,0.22755789969696893,0.19810042065761363,0.228787511067543,,0.2575591602260627,0.17459744820771064,,,,,0.324625068081233,,,,0.19338413238825466,0.1823706026042122,0.1956851653777347,0.21506053196316632,,0.3406096989983599,,,,0.12153708611100598
2025-07-18,,0.2402002200725759,0.31895618526868497,,,0.4389723246160106,0.33199125974762783,0.22215882377226734,0.1863006051684505,0.2218208376364115,,0.24291563501607624,0.17605476889740815,,,,,0.3192268370820921,,,,0.19275629463492142,0.2177957626743743,0.18982196012454475,0.2074266156396461,,0.3332029960807759,0.2051888715920744,,0.23941418554129684,0.11836583632262514
2025-07-21,0.2832815379040448,0.247881667609814,0.3214523089727684,0.3107525333787924,0.29808230775218,0.385100159839815,0.34769609879354946,0.16210110996897586,0.19808556133830507,0.22196260241252364,0.2345927241005852,0.25665324174946874,,0.5025691297438096,,0.35536937891053033,0.2514968913775863,0.3289763715597577,0.2867726663143111,0.4455901043365983,0.23675371107369902,0.18858976176906228,0.21758550594947446,0.20725946314407365,0.21695226719130498,0.29243882683883815,0.3366398277627759,,0.2364493153452245,,0.12223873234785519
2025-07-22,0.2819654913415615,0.2580518677353499,0.32969012409441756,0.30323704611335706,0.305090727975864,0.4081758047136621,0.3528878229407269,0.15966406671765673,0.19055840262571708,0.22015993436218503,0.23160540172033778,0.2616282356592923,0.18678551842184746,0.5175740142173202,,0.36898868657034223,0.2726695723057605,0.33268551563411736,0.302653889634899,0.45002680592309596,0.23107749544179654,0.19163829389420234,0.2470157865456601,0.1640940285614833,0.2229108722460324,0.28107511300133126,0.35572971102460144,0.20738535172495798,0.2328638045400226,,0.12106419394680301
2025-07-23,0.2933202487199126,0.2563385827007853,0.32704310239796397,0.3800094240463344,0.29566420261601456,0.38497300230703313,0.35877380298622846,0.1541153229845994,0.1972590892908652,0.23030765448303508,0.2384935896299797,0.27529102294331187,0.18120871224576618,0.5192300794967221,0.13335764661264352,0.3620420804430212,0.27763149987363717,0.3477501931584848,0.31691590467753755,0.47731306374784477,0.2313896042967739,0.1918884548092353,0.23603981013829048,0.1649197651048592,0.2245738639747931,0.28180051364910247,0.37135274391786827,0.19975883515005488,0.22403558180914,,0.11047878656425127
2025-07-24,0.291365505018343,0.2531792130058581,0.30288206130438,0.2919061329177595,0.2921597297440038,0.24766895282853632,0.3592723795081307,0.15751333278373597,0.2143816694467552,0.22555964088051308,0.23254094651945703,0.27678853418971394,0.17458103011732096,0.569838577191622,,0.3623649946003345,0.28347974817512117,0.33880327479459743,0.3104745213293952,0.3064236920265105,0.2216767580734101,0.19031171345971348,0.24523804325847115,0.15316903323003064,0.22903427794526673,0.28662630976705056,0.3824718294683566,0.20246744188481497,0.22491798700909815,,0.11491541718527142
2025-07-25,0.2822776955719629,0.2601249751532867,0.2883387304486027,0.31224187696845873,0.31134159617380636,0.1490204467560522,0.34657541807812564,0.14667566874684707,0.19519656397731602,0.21392399166110623,0.22970654355061604,0.24766838116670478,0.17074306712528137,0.5403618449504743,,0.3583207540887285,0.2744543894961878,0.32409322133668206,0.31677603758947503,0.2939726430189964,0.2267535213967763,0.1777104731012229,0.24058638137134905,0.13886996087015496,0.21927439073155466,0.2757768097925164,0.377590487600943,0.1822400206589104,0.20997164697125617,,0.10900692640880265
2025-07-28,0.2931131511176286,0.2762956822411452,0.3052152743538154,0.3523451052695391,0.3282795965769312,,0.37553560132817176,0.161706835346726,0.1956792806826562,0.2151537521418926,0.2344141171423513,0.2566146674508407,,,,0.3638744611240921,0.2827801127293553,0.3292590575931271,0.3228293220197732,0.3246761309262689,0.23234710721374685,0.18708297251112196,0.23740380283748636,0.14688648539742147,0.2336165413031367,0.280037082676378,0.38976946034910603,0.19990439322342007,0.21902442138807812,,0.11443476445137574
2025-07-29,0.3197684978557235,0.2945485426013484,0.3229696147736299,0.33778143270322586,0.3526328373527666,0.265408049231961,0.38882861653312106,0.15650060915495478,0.22714358288335104,0.23550597230049616,0.2433755833063985,0.27819010344465606,0.18558023440403568,0.4602619997529756,,0.27349503368737976,0.30315645856653367,0.28816321440979414,0.30684201302308567,0.2854338994998113,0.23933619809794945,0.19578451486251977,0.1877157764194543,0.1479399925213633,0.24474761245530186,0.2879539023936255,0.39987850203748554,0.20011265525488814,0.2343635362670986,,0.11131526841475473
2025-07-30,0.330765241435197,0.2742759017239118,0.3326607444496368,0.2890024573591649,0.36075043110185695,,0.4089349872769452,0.16461830006206532,0.22273400600305276,0.2487023730133464,0.25145819282037296,0.21378080969891888,,,,0.2784778134031951,0.2883518948916212,0.279051787976283,0.35027433406298225,0.3050265335794172,0.23725215824858822,0.19677300188035732,0.1830943676061689,0.14640803162711952,0.24914058661007468,0.2835630741312942,0.41728420517668474,0.21871127860455086,0.2374106157210752,,0.12070843956288008
2025-07-31,0.381356024929064,0.2202607985176135,0.3509699559037604,0.34213144472764745,0.3762733689286245,,0.4420694455050483,0.17486339575231302,0.22440018574943763,0.2467755629527555,0.24983033608240554,0.21079736004971136,,,,0.2976604441377353,0.30130908044645405,0.29420716556470233,0.34541373126623903,0.3023871065270885,0.2442647190354742,0.199780648673947,,0.15869197062299154,0.2642714536417443,0.30201537295793723,0.4373043798996895,0.23956853328443764,0.24887063312914812,,0.11073222873149621
2025-08-01,0.3400988511438527,0.2000724373556342,0.3531543953160313,0.3073151180645473,0.38281754375644506,0.1919273426329864,0.29786205970206353,0.1743185272830354,0.20186321504291418,0.26501189364684746,0.2675892295389698,0.1973614469245637,,,,0.28706786604895607,0.30622534894382447,0.29919176710616247,0.39849895736276647,0.2655662369751244,0.25980436082600844,0.19909797342497776,0.17656282295357043,0.1607952791044211,0.2587942612736441,0.31467981448417015,0.4446045327898094,0.21509368606057566,0.21981495373933788,,0.12298625236067733
2025-08-04,0.3479638376606296,0.2324353700885309,0.34939076648115236,0.32695076553481717,0.43018809450544243,,0.30742523090102564,0.16008632127769762,0.21832460366485842,0.2527691136983975,0.247790085540318,0.1888774698632868,0.19773414618572316,,0.14405697519388677,0.29183009663843296,0.36565692513039627,0.30080325142536257,0.41968679432214545,0.32899773928959225,0.25557988020011274,0.20459296699384133,0.1638687898100044,0.16295536949326342,0.2772648882837266,0.3085614728350479,0.5104356851833769,0.20932097691273352,0.22711916713343833,,0.11641303690510632
2025-08-05,0.3620152487630738,0.2103756105059807,0.36094767295429386,0.33061110750425127,0.4560389590040319,,0.2843737908752676,0.1829470393213796,0.1988403517268888,0.2362574292515603,0.2432053966829793,0.19350648387572134,,,0.12620615340304875,0.2819702883810859,0.25517408110040996,0.30471198500276553,0.2823344206658309,0.31921468831956284,0.27170044462039533,0.1982667407417915,0.1691781275696272,0.16203678628012488,0.2858575948383612,0.30572607428965526,0.5346544953242707,0.2133105269708189,0.17551927492117347,0.19172385804924091,0.11992709907090052
2025-08-06,0.2432902724894044,0.2010629115724078,0.3388505189139543,0.31601824534070255,0.4855802887831925,,0.262652686180392,0.1808739916414783,0.19454699106323806,0.22890378427146224,0.2414102645605281,0.18685341600971303,0.1735296817826908,,0.12402097824388232,0.2928042886587517,0.19838236126516642,0.29763460929074015,0.28950161181923517,0.3076757486186709,0.2511569312516952,0.22136847553360628,0.17044204309331087,0.15956494812260105,0.19309476943150058,0.29831582437898385,0.2452799409384441,0.21081529459546747,0.17882858044428065,0.19488189083546126,0.11037329260236768
2025-08-07,0.2316977936666487,0.2001905854667051,0.33635421280079725,0.3265002837805041,0.5149216032255205,,0.25149745919500444,0.16654137270671351,0.20309980330070124,0.2372403045807382,0.2504844556635605,0.21978775450184673,,,0.11677706982961737,0.2864205425892754,0.19169966210534284,0.30347011277789027,0.3080832397609358,0.26775137131631155,0.2440364564733678,0.21094027009052344,0.16900755233862624,0.17700233069867904,0.17733181057778333,0.3109340712583371,0.24329401242816903,0.21788557502559724,0.17289291888775196,0.19740602477964259,0.11802982572246372
2025-08-08,0.2337167351003461,0.1740458159763547,0.3245271495214049,0.2944188472507044,0.5521578292463569,0.2470136292266083,0.23060506129945585,0.1492068884649877,0.19153807504941284,0.22095242248524816,0.23200071165304015,0.18463520277939932,,,0.11660767808664695,0.271185715410693,0.1836270949912269,0.2881267804576264,0.24809764344572804,0.25745504474469627,0.2549037627988918,0.20825120043922724,0.16252904473143953,0.15047002193623465,0.15477424312472568,0.2980796481450583,0.21721566851644752,0.20343756808928298,0.16153567732965302,0.19053978354205092,0.10386970500255761
2025-08-11,0.2341126457624482,,,,,,,,0.19277131452925136,0.22704193394174893,0.24210218772166808,,,,0.11842681156528728,,0.1866974800921685,0.29621380452050655,,,,,0.177409848465217,,,,,0.21539165926137382,0.1693877349839343,0.20719992421039243,
2025-08-12,0.22757891486808,,,,,,,,0.18381581200754676,0.21738804729016947,0.22335406921062845,,,,0.11144055990379283,,0.17756730281849917,0.27579588868094224,,,,,0.16584615944053424,,,,,0.2081490745824204,0.1581541470678756,0.19468161632579645,
2025-08-13,0.2303767342079694,,,,,,,,0.18727087631585454,0.22998642979943543,,,,,0.10931671928148054,,,0.3185865948025079,,,,,0.16971256278483976,,,,,0.21585106041477323,0.15343967038244913,0.20365936381137986,
2025-08-14,0.2203210986628523,,,,,,,,0.1820071025042898,0.22369639023398516,0.23038556469952193,,,,0.11894833544320589,,0.16805237417624863,0.2975797492754015,,,,,0.1714835850072496,,,,,0.2043329178589674,0.15776020079925038,0.192699676580615,
2025-08-15,0.2169692693327812,,,,,,,,0.18601230110609177,0.22441580482965737,0.23191489090483797,,,,0.11027830912918102,,0.14113425385335776,0.3136138639777587,,,,,0.16187781427718662,,,,,0.2011674390822569,0.15416652076992307,0.199984787745557,
2025-08-18,0.2215427098406313,0.185516501813749,0.41560477626391473,0.4365098826891592,0.1807216368822268,,0.2330307412495167,0.16431777538321066,0.18466196250249198,0.22279853196302796,0.23267234877761367,0.1926367237547622,,,0.10733179284153303,0.25805639253166424,0.14909400801102957,0.2869698605572501,,0.27549717799161083,0.2206389507104176,0.26023618008056326,0.17838414780291384,0.15407828800401024,0.12045979744240626,0.24960654285937045,0.22796512709103764,0.20840078934686615,0.15641012090709427,0.20010133273270525,0.09892914309471966
2025-08-19,0.2136726508519678,0.1848233653670621,0.4360818505333331,0.440385359620073,0.19115611482134093,,0.23538980172131374,0.17746799875354274,0.1884373585254433,0.2331495898524574,0.23465475627861737,0.19832944272542108,0.16665741062110798,,0.10569391122725016,0.26715959782680254,0.1526891109794201,0.29765343622738394,,0.2994969411113,0.22483609681434671,0.27416514857062857,0.19087997870696805,0.1814474983684395,0.13817090319288908,0.2686667412631507,0.22902239610814168,0.1655642642077803,0.1990489123575795,0.20989901060346547,0.1012229752087261
2025-08-20,0.2202759650503476,0.1812740752653892,0.44230872585179176,0.44694484989018335,0.188978985065278,,0.24224063325931527,,0.19089919600645228,0.23952630817957135,0.23673328796361492,0.19855195977842693,,,0.09759184105154571,0.25334606235967755,0.13485534947416455,0.3103101883243178,,0.2904116070182216,0.22826385645271532,0.28096933700683946,0.18585954915210043,0.15043830047690676,0.1294309119251603,0.2558492093133785,0.23445527028557894,0.16350583730813456,0.19556650438046158,0.21284727403571013,0.09948937490647705
2025-08-21,0.2153647719515289,0.1923777209179334,0.44823448223962636,0.46043127309332926,0.193246689878052,,0.24510193494585966,0.18310953173758054,0.19437319904760433,0.24220658667548384,0.24706789672413665,0.20149988205073174,0.1732982490301738,,0.10985676312194378,0.2953025235814059,0.16058685351738083,0.31022541666461334,,0.2991542421164232,0.23207487661562937,0.1973662575993393,0.19072521914687085,0.15082641691610346,0.12591627095717625,0.26533667138749895,0.2393587992977909,0.17126565500107654,0.20348196458754458,0.21520008995190695,0.10256101263674741
2025-08-22,0.2125675107116788,0.1765075191166126,0.442129327851872,0.4431849213937058,0.17903463003021153,,0.23070614989279895,0.16369921545784535,0.18083443569643926,0.22925428570299505,0.22138312772811752,0.19265446996444094,,,0.0780946732189417,0.24616482415883323,0.21129008347142433,0.29676886347733705,,0.3404108361228677,0.20791798494453384,0.19032957499476363,0.17619797320788338,0.14677105924680492,0.10429248933506795,,0.2205537950297681,0.15461000398704702,0.19209088350786963,0.224558700084293,0.09933132641010453
2025-08-25,0.2293758129881516,0.1801904941459462,0.4591454447099943,0.46408980663477606,0.18088458258196244,,0.23612840660814988,0.16772718822901084,0.19659682008662707,0.2304463369461538,0.2266748268596309,0.20195526340007847,0.17293808302759558,,0.09589774982438055,0.25588715659897693,0.22082977726801684,0.3108294685210082,,0.3438409470537754,0.24221422632978443,0.19642078985366523,0.17656045277118115,0.15393661102803802,0.09294041585645439,0.2844208731898944,0.2233698225085267,0.15753456437283098,0.1998513341340802,0.22840231406488376,0.0994781194562375
2025-08-26,0.2313351723067241,0.1798373456460902,0.4684799258123285,0.483761741910676,0.19003068668442885,,0.2319094224168776,0.17361807526833667,0.18869673136919177,0.2301988071707149,0.23101876079744704,0.2037492803230965,0.1648093214190427,,0.15933341818379598,0.2462829599954309,0.21367172409959434,0.3075625665276807,,0.31953181058726327,0.2433544474535497,0.18692510082691832,0.17652168068670385,0.1650709013227089,0.10009769689681174,0.23003019525409163,0.22586285614404555,0.15401926931522342,0.20697105072078117,0.21821064519289426,0.09844981314754121
2025-08-27,0.230122957368307,0.17881598848536,0.46518419165627195,0.4792911266018676,0.18748067905448135,,0.23408082466844995,0.16971934324265317,0.19317300876706422,,0.2295260466180037,0.2045059070388163,0.16121816845022985,,0.15077885141437838,,0.21209447481163388,0.2844325710992084,,0.3422962554320925,0.2424464447370759,0.18736799983471836,0.1770435314674025,0.14635304538550256,0.10470893722705842,0.23477627273529506,0.23422684490214007,0.1531281724140824,0.20226282598281523,0.23381663043305914,0.09841883222825899
2025-08-28,0.2262036084270965,0.166445724086421,0.3295641863839783,0.4789019253841711,0.18525663386195154,,0.22843082175525203,0.17040279855464022,0.18020142056818017,0.21882568804063368,0.22163088971021186,0.19811630712497041,,,0.1423855868161105,0.24472431999224384,0.2090469141245357,0.3175331681880999,,0.3406865529442161,0.24189771832352489,0.19003529635230373,0.17482823219486168,0.16851833689330184,0.11607510854963371,,0.21749339361922337,0.15457449309110616,0.20526148076905915,0.2359197654383117,0.09870571035931067
2025-08-29,0.2166283501096355,0.1795403099821656,0.3311889713636074,0.4846453290620624,0.1827662618888829,,0.22402991735984762,,0.1812274114392955,0.23130539670350547,0.24242406924209156,0.19747666722742485,,,0.14192485597632884,0.233797449211529,0.2049751755345337,0.34624076617067623,,0.3446193239541453,0.23579268596964584,0.17723513108657626,0.17614166105717127,0.1423199174511222,,,0.20026098180892069,0.14669868658673588,0.19824442557476973,0.22117422060333256,0.09702756800044289
2025-09-02,0.2380175679262287,0.1934619261230006,0.3476469078605095,0.5441618530612933,0.1975512222706717,,0.23948753630325126,0.19932756925619813,0.18653094096269848,0.2580635043105473,0.2452533650787135,0.20898366385651063,0.21036929901726636,,0.1758220193578799,0.24801990937850985,0.21434833212403692,0.29531566881757243,,0.36178311676086417,0.24889811138073228,0.18315794910616262,0.18155351322068833,0.15369040156919428,0.20055232265130202,0.3258332145000134,0.24383154990613928,0.15801006988160446,0.20946426653294065,0.23243407749312653,0.1045948082182944
2025-09-03,0.2166242844749155,0.1898985761703709,0.33059155172210697,0.5470600180454409,0.17947087814000506,,0.23849933327794534,0.18116635075943127,0.18584819922843943,0.2748994288696179,0.24448390941885062,0.20739125382680945,0.19103781834589095,,0.15625481847703815,0.25310684892520946,0.20269901857511693,0.373031626550631,,0.32044904699776094,0.25522445276577777,0.1826208198560515,0.18347713656129144,0.15704704476987236,0.21116194441973749,0.43114218378442876,0.2366782485987324,0.15554122572901696,0.23155141141875665,0.21914825797013884,0.09445111725922858
2025-09-04,0.2045388758219927,0.1822599996902623,0.3106156300787303,0.2839273873674096,0.17652254941317472,,0.25136236972499315,0.17569547771262517,0.19342041607775712,0.2819319169279541,0.2402106097405258,0.19528897564701705,0.1971969921206173,,0.1498977132430769,0.24812824703256778,0.20149507910568906,0.32746422347510823,,0.32018207074302624,0.25176901999320234,0.18231673447635374,0.18401454571366008,0.14808956169852353,0.21720391651826698,0.4357381933353936,0.24362743741797874,0.19137967105398146,0.21635438865742712,0.265929597905171,0.09931792989701341
2025-09-05,0.2017388195011603,0.1873965426495175,0.32703952967737077,0.2633909853231638,0.16842759849055283,,0.24162941724869444,0.2011413632940024,0.20316865614555707,0.2809496510962868,0.2432849543746865,0.19404654048343803,0.20288198052198228,,0.14776924698105134,0.24321303333575156,0.20294393355155368,0.3441978529953469,,0.33797037862467894,0.2547152426296549,0.1784883914616607,0.19035129013178664,0.14622140375588316,0.17491901240039717,0.4354354029497662,0.24139077959285718,0.18935235377116272,0.201187234408783,0.2895545024802988,0.08838898895225333
2025-09-08,0.2253476144476257,0.1847286551493389,0.3286528396177859,0.26783605183503195,0.1727365727500875,,0.2687818617828348,0.19089426284771632,0.22290089043292385,0.2828891052245122,0.2589897379236209,0.20538344634564695,0.2180604308579485,0.34781317024624464,0.18187446120561074,0.24999800481269843,0.2076271011517834,0.37538046731774194,,0.3281957513474539,0.26513909911120515,0.1960542658424367,0.24643136732870788,0.12542706443399762,0.19660535777714772,0.4462090050518356,0.26020168817187334,0.2068124435623623,0.20882126136601142,0.2665251204194916,0.10030498577537487
2025-09-09,0.2349423693704727,0.1937694427607086,0.32782260745503206,0.28333947431918094,0.17378428940174367,0.24871230555263724,0.27359982384744286,0.1795569679872758,0.22315964048734857,0.29402255892132795,0.26711142903843893,0.20894311045268535,0.21765648514410318,0.3900004817347876,0.16526419672789977,0.2494854528467557,0.20331799529685127,0.4060763811988347,,0.3198498867551052,0.2756281293787516,0.20207365818708117,0.15511001973613725,0.10574238484635715,0.18430443720765477,0.4455560436734714,0.24904427685522862,0.20308769628005915,0.2229652540590851,0.2596644465023879,0.0966016676894645
2025-09-10,0.2857717921810555,0.2057852414164787,0.34768247975563643,0.2912120839611842,0.1812990440984816,,0.2784561425848986,0.1820126239857246,0.23307953823625188,0.30802188168310485,0.2743561081809225,0.21795054946935985,0.2369929490653552,0.3451152483357157,0.1606813878148371,0.24245833240902856,0.20727874073112323,0.32685956410708394,,0.3350971709505154,0.27937821198426027,0.20730078091459198,0.2093194534863765,0.10749226330744173,0.1948256686068215,0.4488277030610738,0.27392132566162053,0.22492507966483338,0.23456148110497368,0.251176653623172,0.10068543460736626
2025-09-11,0.2528995296383773,0.1974965593311289,0.3082739148274901,0.2723359765424229,0.18266527489608933,,0.26353024796124314,0.1779080646383064,0.20675834389696096,0.30652106549887925,0.2619000328393488,0.20259740442038476,0.26273777182270797,0.29074879700655204,0.16552717632734676,0.261357018166319,0.2069897753998189,0.32023541295388214,,0.33160763101930935,0.2807792430213777,0.1999559354208129,0.19986814376555634,,0.22439390952378868,0.439440854401988,0.24397115802057168,0.21449607682350635,0.21356475426978647,0.2771650674446979,0.10902472660701532
2025-09-12,0.2367092767205985,0.1895401103120814,0.2886888427995059,0.27052751063481695,0.1818654744128689,0.24681121710973986,0.25616477646415553,0.2051377891874009,0.19497493928348958,0.2983930284526363,0.26136924498671765,0.19694996486371869,0.26148860911028643,0.2480844032774017,0.1580459150681091,0.2671028525245564,0.21025678188780364,0.2842859432795427,,0.3132810596834105,0.2604771761719208,0.18669594075735524,0.195977983015552,,0.17927603451441207,0.4495343256809193,0.24743002757021837,0.2043055110900069,0.20030349620485252,0.292129562422521,0.09728109716808404
2025-09-15,,,,,0.1897774582326641,,,,,0.32153744611987906,,,0.27444128179409,,,0.3069449749535795,0.21034589061518438,,,0.3159258685462225,,,,,,0.4694129580112863,,,,0.29587686007008057,
2025-09-16,,,,,0.2048004419054211,,,,,0.31531530948067027,,,0.2912528609314426,,,0.307181271265068,0.2105678829210243,,,0.32199219240625304,,,,,,0.46436336053757565,,,,0.26453362188796725,
2025-09-17,,,,,0.18997880132087658,,,,,0.32004392180727537,,,0.3067285600041317,,,0.3041338494022928,,,,0.3027563381498057,,,,,,0.46168996433797216,,,,0.27186644339842203,
2025-09-18,,,,,0.1940505997304918,,,,,0.3188449731194674,,,0.2946107415587682,,,0.30362977901044874,0.19699507528227642,,,0.3207047652339726,,,,,,0.46711921588996225,,,,0.26384686025372056,
2025-09-19,,,,,0.18227928767257384,,,,,0.33770137684836,,,0.30452537654408496,,,0.2883675124632054,0.28812861570099496,,,0.33263431034972474,,,,,,0.46531203163687385,,,,0.25485198078216353,
2025-09-22,0.2419354800006658,0.2167584500589597,0.3871122992879943,0.3167184687537256,0.20050094422871934,0.277418735956108,0.2988850916297673,0.15921427772826588,0.258938875756463,0.3248178874797178,0.30053188659173596,0.2166684209728665,0.3116555638196906,0.37397001059103285,,0.29569981040835397,0.2546866624725327,0.3210156817805926,,0.3234719185871265,0.2930570201187427,0.21521754891982015,0.2011573865691653,0.1729379704401778,0.17770295788312399,0.4920560628197361,0.2622681045000447,,0.2196868332982581,0.25644423287711804,0.12600562229039192
2025-09-23,0.2373607015396185,0.2094882945135815,0.37846865224831805,0.327179859332491,0.19539472614076298,0.2613600453605866,0.3209288201187152,,0.2671441127058648,0.3560185911751407,0.3046286531992284,0.2137606665463717,0.3330197266165483,0.3851273257846781,,0.2869357384763903,0.23823282594056253,0.34279372606081737,,0.31724496913168027,0.31183926502914,0.20778446248547489,0.1938492119147772,0.17081975072056182,0.17500647466358535,0.4939216021134198,0.25824276807235985,,0.2290156237034603,0.26363112044116194,0.13272596510144344
2025-09-24,0.2271867683102446,0.2022988693488916,0.35748452730226066,0.3202401401323864,0.18861368846570317,0.263057132056213,0.3196701662505604,0.08804265174200313,0.2597077931229674,0.3393269182686504,0.3058597345226007,0.2102446576010281,0.3072737175536646,0.368254478712661,,0.275429839639196,0.22446570461580545,0.342141602078164,,0.35040194406433006,0.2978824805537198,0.20905565842440213,0.1863312263329959,0.16750545303860115,0.17559989952731267,0.4894090047242655,0.2535517544341852,,0.24233454023298365,0.24553031158428615,0.13509271520662253
2025-09-25,0.237173665379503,0.2007575878127127,0.356251625313615,0.3210305266383136,0.2080980972837294,0.3027052617796104,0.3198515369455057,,0.25853334671655415,0.3684097900274658,0.3102310412658165,0.21295962685544323,0.33444917870173113,0.36145241362774383,,0.2838062371806977,,0.34296007718718485,,0.2824531133685784,0.2936876294979348,0.20939642100654324,0.18884550426687044,0.17032023958097092,0.1759574805105837,0.5014642107788044,0.2539063694319553,,0.24533095115508738,0.257547647507319,0.12783383055230013
2025-09-26,0.2193991118691366,0.1917597269838271,0.32869318843361306,0.3077624266602695,0.19336801781613197,0.27645687734841556,0.29967942210530135,,0.22727452903465728,0.3462770192288393,0.2981133576723938,0.1938192526143485,0.29468219214813574,0.3508353831668459,0.18727344548456226,0.28218893956001934,,0.3072844416791447,,0.32504693031106396,0.2905902927409073,0.19148852853950413,0.17828079144940104,0.15521576883428198,0.15954243837224208,0.507214523164469,0.23397617745230836,,0.22055019502396145,0.22984522482583422,0.12581739725943164
2025-09-29,0.2232455224235227,0.2017092426752661,0.3457011310508399,0.3195532781676679,0.19903105568357188,0.2697725494030423,0.2998748353421732,,0.2287096263331211,0.3752224850001925,0.31120588272507466,0.21054634148512213,0.32642495407151206,0.3588753194576028,,0.2846157833631294,,0.33318662897827894,,0.3673941332738058,0.2962755604890889,0.19461802819350707,0.18135555910822967,0.1585945711377035,0.1674825542746051,0.5418483633436821,0.24573504961760625,,0.22423862751774448,0.2262383727327463,0.12711933525382177
2025-09-30,0.219131758003397,0.1963983913405136,0.38189148441902504,0.34409714746611736,0.1869928057734793,0.285171815860715,0.2988974114156801,,0.24757148983195607,0.3835165475066708,0.3332522396033773,0.21506842297058612,0.3248723074422309,0.36645811767924213,0.20165916938181505,0.2962399046109846,,0.33418853936107634,,0.3894129610147399,0.2903093239949906,0.2030771241756675,0.191618012348834,0.16392429345150097,0.1722854671567629,0.5515534222770277,0.24893409062131547,,0.2301769971277973,0.24567917502670794,0.11736244596212007
2025-10-01,0.2329265048959923,0.2126980698248939,0.37933666930954696,0.35043419242583873,0.19709183997003193,0.28151565204331225,0.30784455279913003,,0.2660469067150701,0.3922336450620849,0.3424187154229875,0.22796982798951476,0.36228471473390234,0.3827332163514821,0.2118283277035653,0.34379899487116145,0.269137420495238,0.3169251567482416,,0.38073090572674734,0.29959582807925966,0.20708178435328603,0.1828626484200566,0.15819811645173001,0.17379223445249306,0.416727369779751,0.2553349035526386,,0.22477646769256227,0.2922129263233994,0.1228451050586823
2025-10-02,0.2332924207111045,0.2112084163054705,0.38494050145530245,0.3467837057842495,0.1913313063085785,0.2818196177402796,0.31167168044174137,0.35629134300879817,0.26704308365061336,0.3666319695367926,0.3435821036481457,0.2162608697002857,0.40607727544064637,0.355385235074283,0.2253360790976536,0.27990248010175883,0.2556351717628961,0.29700253484931677,,0.41289171506356204,0.29322255079667314,0.21439303535364443,0.18842195959148925,0.17046652702953022,0.18112954249020866,0.35374028935497226,0.2568933293290276,,0.22550453080281602,0.23745755476398067,0.12985072103835918
2025-10-03,0.2220512739158937,0.2005423466895521,0.36472716610882144,0.3435952568708745,0.21102112600336553,0.27143327846939885,0.30500710921157725,,0.2683384127528984,0.37706269634241374,0.33720634306589503,0.21647460194217522,0.43409011052449176,0.34729066539710346,0.22943497792696835,0.2892657924595889,0.24474406426901574,0.32664305760534357,,0.3796816885510261,0.2418227988559534,0.20274421995562533,0.179354434834546,0.16352444004713262,0.16977066067544028,0.34088082587987073,0.25167214964321544,,0.21902650848725985,0.268674620258264,0.12919381842591468
2025-10-06,0.2415306476720009,0.2230434326193538,0.41380627544128407,0.40669891201169006,0.22812098442733011,0.3049089106765192,0.3206743722316402,0.1550599707540227,0.39104627801284625,0.3937671549618647,0.3757238421140271,0.24572982440245647,0.36588162904024923,0.35893491775040093,0.26047349681102316,0.28811145556665574,0.26248252991898785,0.3516269413497469,,0.4230543045751251,0.32647067831345056,0.21520501394866468,0.19257012006152274,0.1801004725512425,0.19057600809449834,0.34564483303046895,0.26978616773217107,0.21998215340139182,0.2276049115471309,0.2559758490459656,0.1302531432586653
2025-10-07,0.2361424859619432,0.2278732545986151,0.4487623368344802,0.4026327972619943,0.23888377056862573,0.3070573166851734,0.37343144262281874,0.1603814703237647,0.37974069924933496,0.31546002551065216,0.3948863187697545,0.23990238079857118,0.2445580568935222,0.4281593671143458,0.26577890690915645,0.30578490162634836,0.2668519104995419,0.46484771361955246,,0.31320405654574845,0.32481475085916156,0.2638258721949041,0.19014732359356204,0.1851678811155953,0.20496923007645126,0.35405692891062956,0.2779280579797242,0.21246565607233256,0.23171093403669143,0.2644832511625939,0.14372219513782655
2025-10-08,0.2330230209545657,0.2175874862971191,0.4583834504329877,0.39411301484781364,0.26632795501954154,0.2936615069284965,0.37631141322505535,0.1579960253037457,0.39558863211290135,0.3239734288207709,0.4122816126322633,0.2540492025828629,0.47175159206138695,0.42550769122421034,0.26546097276714153,0.2838036121573242,0.2545035806142066,0.33951199632778944,,0.30892089716501847,0.3240615257737468,0.2659350664183308,0.18920050608094344,0.18825111214824697,0.20023976894554904,0.3084586914393135,0.26874773386876927,0.21867491930962732,0.22552703321117298,0.2777472910773903,0.13928896718288736
2025-10-09,0.2312389699990963,0.220385132422841,0.4700428720343016,0.40902745422453674,0.25549851882315094,0.2805416095536999,0.38345248878183935,0.16313448076156586,0.4161854478112249,0.32658322486910496,0.4272678582526507,0.22901242072671452,0.5005587243788537,0.4413415896532085,0.26275749404251264,0.30506999268938617,0.2541005132902796,0.4632270958376398,,0.2952702625689369,0.3114256285307005,0.27505196055861164,0.1925116085463134,0.18051340926551263,0.2075364044215002,0.2975791974369321,0.25943775394843566,0.22608743970096756,0.22370691048004065,0.28378678357305565,0.13667782277269894
2025-10-10,0.2860173921095559,0.2445330982343098,0.5085427428279987,0.465755174750623,0.26527683158323206,0.3016490855258555,0.41226678198916544,0.22791265856153717,0.4777986470805656,0.3570851215803567,,0.26095171799000055,0.45335704659479975,0.41581270042223006,0.2915731822894899,0.3042057548269973,,0.5096341951084952,,0.2969700481730199,0.3462633711116927,0.28024364476471114,0.20589356095948952,0.19392557343797037,0.21271059160176842,0.37518560692170844,0.2745249279700867,,0.23979548063912215,0.2693420615212918,0.15329506870824325
2025-10-13,,,0.49178101616567055,,,,0.4021634087790926,0.22322898582869566,,0.34027484089472426,,,0.24041315313509862,0.45699933681266913,,,,0.44496535111832913,,0.2999083062919322,,0.2691691839744644,0.19843166758738298,,0.21353832539079595,,,,0.23026565361308574,0.2593457656220289,0.143559140243563
2025-10-14,,,0.5005522873836061,,,,0.41502015778617785,0.22437915847203008,,0.3100190507145203,,,,0.4409034435087681,,,,0.5545772095743222,,0.30597636394400174,,0.29026925506965245,0.19754503141211094,,0.21472407571087762,,,,0.23777919688089436,0.2862542861884562,0.15196608420070776
2025-10-15,,,0.5037099659875185,,,,0.42552120307940544,0.22674280532857796,,0.2968608178968284,,,,0.4028411520811516,,,,0.46129925992791965,0.3895239476123788,0.3156645558793791,,0.2949585723083652,0.197534032384953,,0.21913209614590518,,,,0.23332132097407168,0.28866488114208244,0.1506645073067579
2025-10-16,,,0.5101378383057918,,,,0.4409702238680431,0.23210446938165114,,0.3538382361947717,,,,0.4037893696909641,,,,0.4581255707089284,0.4279268950006273,0.3340467655118997,,0.2995091167160626,0.20650120391438653,,0.23018090244672484,,,,0.2461853325609395,,
2025-10-17,,,0.49465243719102564,,,,0.42573906260820543,0.22515658672944597,,0.29776300447233367,,,,0.4488038592440759,,,,0.4497575284157898,0.3989855731414118,0.31548426107390753,,0.291851991640093,0.19160432549635556,,0.21750253474434758,,,,0.23209953826896204,0.27777558212036385,0.14971083594570483
2025-10-20,0.2755246265645852,,0.4864773938746575,0.38016136142275164,0.3066832939657926,0.35097127590346905,0.4210273848539195,0.21244113617394286,0.24327158552516173,0.2850055051963343,0.2397811347829489,0.27825691982685247,,0.44803323476857987,,,,0.38954579570474546,0.38275163612206187,0.3356546914380844,0.3349238000878417,0.2889357500187296,0.1924304281831724,,0.20995203332046902,0.32449277888239975,0.36718869924387787,,0.22537898303821557,0.28111286415109843,0.14339438001657076
2025-10-21,0.2649410089499489,,0.47518290846181344,0.4531757733200712,0.3216808429122038,0.3843790248622071,0.4186101530791887,0.23875706015629636,0.23505279157098355,0.289198891274825,0.27714841023779513,0.27812980431938855,,0.45267169373912325,,,,0.3820321010289684,0.4029691370471303,0.3591621081056247,0.2481433004450056,0.2902618762724508,0.18940392684514518,0.15406895290599223,0.21216751979354542,0.4734385263700618,0.36999003543070935,,0.22830870052923946,0.28158308647257396,0.1450269522545265
2025-10-22,0.2666086755665192,,0.4718086492289675,0.4134886546587947,0.3185847735888294,0.37442175591859467,0.4296014185772668,0.23639940892249695,0.24346845155389024,0.28857656842399493,0.2622739447806697,0.2734839052217794,,0.4425987508029925,,,,0.36593125878226124,0.40103720941923365,,0.24073371196185397,0.29703890435847424,0.1923692817949281,0.14300223300415366,0.22696067401582581,0.20687137117365392,0.4516283539509005,,0.23895879015711002,0.2937985020207301,0.13744636570316368
2025-10-23,0.2577074819125431,,0.47060216407308714,0.3514600395247616,0.3182236802531551,0.25647785172703086,0.4146844115427635,,0.2381851018050838,0.2762067339682665,0.2563187246818816,0.2733158059254906,,0.460225417581512,,,,0.4643741106351057,0.40619373249674734,0.3846724460997448,0.1845943778810969,0.28962800568746244,0.20063386635792496,0.1475887021342905,0.22163901452266227,0.2935130829551614,0.3393131925384189,,0.24477082451306442,,0.13369318701057975
2025-10-24,0.2569071814240655,,0.47537813667163914,0.36295898687011935,0.3061910553678193,0.31338202777049046,0.4071597339904122,0.23683916969057875,0.23215263517773826,0.2719083403858986,0.2442137649981826,0.26109677112448254,,0.4294249494618587,,,,0.4474134708417525,0.39684784189665734,0.35202755109226896,0.20560302521555276,0.29457390769813463,0.18857193215439919,0.13539901921490763,0.21538484091152788,0.322260200080602,0.47743296641155963,,0.24793955652252322,0.2849553272051043,0.13420590953139783
2025-10-27,0.2708813825665521,,0.5210768498268012,0.3883952943172339,0.326804092002323,0.2700197883107272,0.4166165735709925,0.24047267074665846,0.2527414164606465,0.28075400325543204,0.26496510504175697,0.26515930843389884,,0.4221407173460393,,,,,0.3951245516952699,0.38502115453822033,0.21275748183387233,0.3048362616049263,0.18555068007023864,0.1427974259584428,0.23175285310067936,0.3506963705652686,0.3536287228547546,,0.22814635489615892,0.3044466599014889,0.14822415859791502
2025-10-28,0.2683388268857157,,0.544490049107412,0.4109632849737634,0.33806873306944313,0.30787625947994673,0.4363502945437376,0.25907981603142144,0.2520942706404715,0.29038728745953024,0.26837696148342205,0.27755166222632693,,0.42241968472059677,,,,0.5463092203636791,0.4045036946540638,0.3494714268973921,0.20862140269992954,0.31136976531411303,0.19369746839108698,,0.23637062394341024,0.42203453132564883,0.42577193977504346,,0.2362496584306663,0.22401366779102005,0.15168208336747008
2025-10-29,0.2821056356537745,,0.6130686330958697,0.3942455566862036,0.34932108624482866,0.28946946331229695,0.46168808187621463,0.20541555212723475,0.26197374628892145,0.307167307290503,0.25756260053321317,0.23778042354173431,,0.4687059420662527,,,,,0.38588777607584235,0.3422382821236247,0.21192117477754124,0.3228085098691414,0.19379781214063693,,0.23292294719486645,,0.5114369655023135,,0.238659992383065,0.23527583427966658,0.136338328354591
2025-10-30,0.2614948815888236,,0.5372763701913998,0.4510055977192577,0.347544037626546,0.2829773537917706,0.4865735705181156,0.19865436067152123,0.2722100630990925,0.299493411314794,0.256802785395173,0.2233898436940502,,0.3529798517085348,,,,0.4653592685316025,0.35041939133571,,0.22906659832464588,0.3189937956324668,0.1885252883837051,,0.24116505333767305,0.37517122403394726,0.5397542113868652,,0.2352418535033772,0.23053964369034247,0.17722591947571806
2025-10-31,0.2230305213568437,,0.5417892256111082,0.45675266222582706,0.3455169967605876,0.24648180352774954,0.34522490542103906,0.18970585121573225,0.2798221774462218,0.2901813409296885,0.27288379035835747,0.23470612021448164,,0.36413225585773723,,,,0.4077360769678913,0.33635764805844787,,0.2241095536932674,0.3233715051766363,0.18737226453083386,,0.24748523579810106,0.32421937231869147,0.4287087846945755,,0.21910672888992938,0.21903043992748333,0.154165987603397
2025-11-03,0.2255551424320151,,0.5918984145857229,0.2906876229263509,0.35874200203489465,0.2868095576921024,0.43279934265246967,0.1932652639722108,0.27207307907052664,0.31187121874868445,0.2821370132096712,0.21577259227029152,,0.36697758330386643,,,,0.42963530102915914,0.33063594652024475,,0.22650889205312766,0.33841252915829273,0.1878629734686566,,0.24977854094407523,0.3622457897780936,0.46685924567130754,,0.1885698711271045,0.18211717321962184,0.1505517104876634
2025-11-04,0.2289744500203277,0.2410159775484915,0.5583045939327769,0.42003086296570313,0.3615957817654092,0.2714831571935837,0.4864899698590096,0.20118121735035382,0.28730348341735634,0.31946166256338276,0.2739950250184252,0.22142453602215484,,0.3807337046817574,,,,0.46896115235101965,0.3337847456470292,0.10485034479532404,0.24052767248440632,0.3502304499957246,0.19387900703953329,0.1499387711674156,0.2573991467478064,0.36028386725338024,0.5029272868815724,0.25096540715297144,0.21831839492920424,0.22789399390963092,0.17825186604735987
2025-11-05,0.21790790051227,0.2366103420478285,0.4813853746221812,0.430751152657835,0.3714023244729369,0.25512655886002755,0.41488723628407453,0.18629135946183867,0.26840382169292337,0.3000487038450769,0.2881295943854359,0.2036777942090175,,0.35786711976311036,,,,0.3066700824953443,0.32719141495423326,0.09967938784943288,0.22886947557220405,0.35582124111310603,0.19111798539863592,0.1431749285542329,0.19022845329498145,0.37349011996244513,0.5000941554152597,0.2896946606872376,0.24983243362574692,0.23631697807259158,0.16176166734577177
2025-11-06,0.2379697777454312,0.2368279728453993,0.498598163513348,0.44262052469752255,0.3909682295168653,0.2822661491795528,0.409609534796169,0.19803879064551447,0.2984764260100468,0.3064475541014891,0.2883754891326719,0.20413488887200723,,0.36605752157840427,,,,0.3242809276069407,0.3307475217281727,0.10894787012973413,0.23554823241463793,0.3668974440392995,0.18806477906053873,0.14868663742273283,0.172526612868138,0.37071300921737277,0.41792040380088796,0.27659357122765493,0.22674893787947203,0.2402873657152744,0.1709443291141843
2025-11-07,0.2222165106569539,0.231090071180576,0.515662610396381,0.44128723647466206,0.3998523119601523,0.2652824669710347,0.3463296156360518,0.19117661475942668,0.2694392047290244,0.2779609316310307,0.29017788026295727,0.20208732707434032,0.17925782085054584,0.3598061721276656,,,,0.3089340429856888,0.3177721366143804,,0.22339086386685436,0.36565108711874145,0.1720202276882942,0.14020698776105003,0.16933845789792304,0.3524404687683323,0.5328559915556248,0.2842212646936973,0.21860092777166995,0.20693027150085214,0.1627336794316179
2025-11-10,0.2241371720913831,0.2302269285630565,0.49578314125842404,0.4434064687375667,0.43176180839263945,0.2809218451462698,0.4207648807305364,0.18946788244753607,0.2574353585026401,0.28668967538492046,0.2758337351212931,0.20014543654248132,0.1729300499040217,0.36957908804577294,0.2395741026926867,,,0.30622423593369036,0.30982203891935883,,0.21309417430833003,0.4029973797072998,0.1848862738160172,0.1374255642232322,0.16617736300318836,0.36007233231143154,0.5924559844177836,0.2514103641547342,0.17346976092478056,0.221485257066599,0.15538139977115553
2025-11-11,0.2311256533990698,0.2239113776981149,0.5067064280712226,0.43093098500552934,0.5023120940315658,0.29900146053601645,0.4623838268368114,0.19600763302149035,0.3185692689934942,0.3155716097040849,0.30613048615250166,0.1878347811543161,0.1737963214110339,0.365604372808532,,,,0.29622481958505564,0.3103163594366656,0.05153807220247307,0.21167890646341353,0.41199773108260657,0.18550077712578575,0.11823404689465787,0.15480559938944632,0.34197837529173325,0.5222991740176256,0.2932783871435747,,0.22655153114370138,0.17826026943753948
2025-11-12,0.2211654506346893,0.2362564810407046,0.49676924160725067,0.43970164295594605,0.5073914468699487,0.3162243250294315,0.4261772893029521,0.19180451044866123,0.32066563970724765,0.2518605670046071,0.34777758415730486,0.2061838143444426,0.16546304613755705,0.40207017092290953,,,,0.3002786016837459,0.32214217534279177,,0.15947046781201582,0.4311925682638195,0.1855732896770822,0.13792024782274753,0.15409301247507354,0.3366790587009843,0.6116613246295565,0.2618568678982785,0.1852456923381583,0.25171340383758833,0.2244447226247604
2025-11-13,0.251915508615523,0.2423040120722419,0.5136141438641515,0.4564093694533304,0.292071890154263,0.29729179466193184,0.4260898528178805,0.20119671876610593,0.3043220147811352,0.2898838845254275,0.301669366940803,0.21169722546254452,0.17670857137164975,0.41689820854485005,,,,0.29873617953452647,0.3798559731348813,0.06048506940882908,0.2087572629462084,0.4488663075604878,0.19783714074887548,0.13368807354047782,0.15455123123472791,0.38412542777581155,0.2974799301676619,0.2565792923185498,,0.2585642269331771,0.2317962631436961
2025-11-14,0.2327625204896747,0.235762809393478,0.5066378585880608,0.4359843630870647,0.26712087530159584,0.2887602078366072,0.41390736218770674,0.18776443605382104,0.2689049634058638,0.32775342662795715,0.26578970055991424,0.2061008226485526,,0.3739804686051714,,,,0.29267018676254913,0.32929184937866096,0.07631516806314488,0.23789332545925168,0.4550841572474706,0.19046278280894455,0.12155875405978935,0.15251506774112944,0.34016630992034774,0.27153235416463317,0.2752666586643322,0.2328995223055352,0.25153444981787676,0.18267769563119893
2025-11-17,,0.2479505124701867,0.5250953163516621,0.46904686368456167,,0.3070457455021479,,0.20470663027819405,,,,0.2349276846034043,,,,,,0.32237300608454944,,0.1046091046056338,,,,0.1367223911214672,0.16773456013285304,,,0.2783569724620863,,0.26377236240196894,
2025-11-18,,0.2629770430000284,0.5471868115564029,0.47998912657317844,,0.30711764381786427,,0.20864092514765442,,,,0.22891740393953267,0.18732916956361018,,,,,0.3189753960639585,,,,,,0.1392163422349961,0.17371451893754888,,,0.24351740160661775,,0.25332551380830604,
2025-11-19,,0.2497763572043232,0.5496122110099156,0.5010617961509765,,0.3127941304949914,,0.22376538238404092,,0.29667649542072594,,0.22343440332164344,,,,,,0.33126466486875994,,,,,,0.13770402724611436,0.16910055836035526,,,0.24177036302681268,,0.24959772164807392,
2025-11-20,,0.2699304408285478,0.5255025860861893,0.513740275195412,,0.32553465007374016,,0.21463600168889393,,,,0.24056179874622707,,,,,,0.37072155404075563,,,,,,0.13799468549171962,0.17119370881615148,,,0.24042327379709827,,0.2636711843091363,
2025-11-21,,0.2507109719507622,0.5045101455866261,0.4889242536393071,,0.3018932867242061,,0.21038949946620353,,,,,0.17189484650654965,,,,,0.3873553333223849,,,,,,0.09470416881858029,0.14690153136047637,,,0.2356282914584766,,0.24267276167623514,
2025-11-24,0.2283249148802788,0.2382054252507068,0.4411141390439337,0.46957294934911986,,0.3185321558219845,0.32700554123058273,0.196811120492158,,,,0.19208113628311177,,0.31411816698353107,,0.2646066128572068,0.24899049734839418,,0.33006401502972094,,,,,,0.1446613920734034,0.504950229915462,,0.23113989016008843,,0.2766661638459996,0.1280981512347788
2025-11-25,0.2278855456128662,0.2344267580299323,0.45348039412048696,0.4860877729611273,0.21537117427462305,0.30951199157662845,0.3188455356803693,0.19089800775286725,0.2253231303316864,,,0.18304124069667563,0.1711241473304464,0.31381457387154976,0.19301960758377779,0.2622887650775312,0.27242650019589193,,0.3248126891820176,,0.24235382161630148,0.1951525101048359,0.2230394935739922,,0.14285772285991247,0.4581583120055759,,0.23806896277513648,0.20753401497597054,0.2626623531906356,0.12786821304007148
2025-11-26,0.2140754257205742,0.2378266474359185,0.41473658608688435,0.47576924340283205,0.19073206424113676,0.2731388119769669,0.30830546713755486,0.17863228025621394,0.22169145339929275,,,0.1798826957930986,0.17229525999990952,0.2898941878325282,0.1767130706561816,0.2513398821390851,0.22582808601078527,0.3425714570268659,0.30118469206590714,,0.2723248798840651,0.1891076318424517,0.20436859021593212,,0.13142963799637672,0.47291104141332524,,0.21340810074510635,0.2112181871544996,0.2812084780613358,0.12286716322140401
2025-11-28,0.2138820316608816,0.2182805591218689,0.40338644929977613,0.4842090933414718,0.17970347744167187,0.26715882985434763,0.3021609152631632,0.16289399298229598,0.2171634742103518,,,0.17390046605244122,0.17163021695632794,0.2771539986462404,0.1614381087416511,0.18477113401287643,0.2683013697305067,0.3347402083689275,0.29789484199329275,,0.11800782035131663,0.18066561737669043,0.21534481109145673,,0.12139925940741784,0.4075292134349187,,0.20802540793765792,0.21164285041336167,0.27189454546520725,0.11718131770335642
2025-12-01,0.2484494846937001,0.2385567909191339,0.41711839616497703,0.5170407163757833,0.19801810948943194,0.2901887454642539,0.333751398111582,0.23105029719773432,0.22591606737770978,,,,,0.30103210548649995,0.19103248273548923,0.21420699358579118,0.27590697649564,,0.3023886940661085,,0.301322839616406,0.19558580119408178,0.2546894327285685,0.1733422479270392,0.16270846411386625,0.5263397561681946,0.2057073306350442,0.22482734603773258,0.2287267693482602,0.2971104758652204,0.1280181194452329
2025-12-02,0.2264221681643,0.2282208186231448,0.40409384439759843,0.5343497969299291,0.20485647414534594,0.2902328760397066,0.3157310472669609,0.2001138376847873,0.218879179169414,,,,0.15559540855682885,0.28484316922165226,0.18859630103796537,0.22122947813563856,0.27476258764072753,0.29889117006101223,0.3218290500011324,,0.24532520836505176,0.1897747252496549,0.20457753534007872,0.1634214156054894,0.17207841443342303,0.6020254102663967,,0.2119862035329551,0.2129794557080693,0.29597148308461824,0.12716817069460973
2025-12-03,0.2360655725036908,0.2449172084221077,0.39518205847774385,0.5437404134253009,0.19690494946518722,0.2987635074417367,0.3079505990669023,0.19086628238949777,0.22546988309149835,0.2603315379704515,,,0.18275410920194127,0.2744194473304566,0.1809619124417341,0.20864202382240038,0.26465190398126237,0.29653503770142164,0.32755349106305665,,0.24049948036414992,0.18411250035773594,0.1949631747412491,0.15463755352051536,0.16326948020288232,0.6477897507832776,,0.19994501245625237,0.21621355718036223,0.26475432201204385,0.13576695998151306
2025-12-04,0.2536301233819877,0.2531776378703013,0.3936771937996055,0.3261813096009187,0.2019634976834069,0.27369327973281954,0.28981066811865647,0.08740304465235213,0.22749257574992282,,,,0.19506342941531252,0.32540310351153834,0.1752997881012894,0.18224796706902016,0.2359634085610427,0.3036376538677766,0.3337396030668824,,0.1713786634949022,0.19312197457513958,0.19220758505813623,0.1691566382276885,0.15765230361796234,0.5969066591231974,,0.20794394792812568,0.1730511413560087,0.264892139794762,0.11606088266766561
2025-12-05,0.2431145210496957,0.2392083775218316,0.382643118490598,0.2966666197746068,0.18937765571053447,0.2775310766284471,0.2763353420692498,0.20647957119482208,0.20655134435747038,0.25926069033615384,,,0.1781835548683275,0.32705379288929476,0.16624078294109346,0.19527009777629986,0.23039428321310257,,0.29976445130869084,,0.2585605678430072,0.19275089368365245,0.18554614511761897,0.15529694744071817,0.15101756407298908,0.5386843214423921,,0.2163415856285002,0.20687627680831874,0.24708799685592436,0.11449878822175119
2025-12-08,0.258134446041821,0.2534022473154889,0.3965587239894859,0.30505067012867293,0.1846075103625731,0.2818061634616062,0.2867777311909199,0.09094613670036808,0.23414930914701562,0.27479044471982084,0.2709596680178289,,0.1597968250804923,0.363154185037825,0.18005682633504785,0.20562298382133207,0.2320890149758033,0.31109094106809093,0.34256024671580987,,0.24377302197326473,0.19742571933096945,0.2049856766834515,0.16543738038983055,0.16530992683108925,0.712798418864121,0.21337535809040703,0.2197973959060471,0.20882511828515865,0.1915892383392843,0.12293285885239873
2025-12-09,0.255905122376617,0.247115740247111,0.39089812123223167,0.29971566892549467,0.197103219367757,0.2772339046482063,0.27845967101943375,0.1826171995880039,0.2553369668727423,0.27449399523126683,0.26464798453088517,0.2585916363977116,0.1948032503837424,0.3661393918402333,,,0.24134689393489234,0.32550592071323875,0.33779437697549863,,0.2526894762376064,0.20194591060699943,0.19358753004154713,0.16198250288504357,0.16652173458150663,0.6913622336161119,,0.2555846111089621,0.21535945940401266,0.2313811578460646,0.12461251521069262
2025-12-10,0.244963145878073,0.2599274820349617,0.37878880983004776,0.2942110371673363,0.21262634737730307,0.29079845458268394,0.27622362562727626,0.1758963964948698,0.22660663291320504,0.283660844975611,0.2609387465372218,,0.20626273354185662,0.3582969336010642,0.19428521223631756,,0.23745695475563036,0.3380904997296768,0.34398521035828833,,0.2664266744401582,0.20925835251501002,0.18285220448973522,0.15871994808122275,0.17049915351332032,,0.19857725017300087,0.21486601875662112,0.2099621487984305,,0.12836950670662758
2025-12-11,0.2494820414806584,0.2452337680054124,0.37217644234684305,0.273686875100352,0.20919116673882643,0.25400270223692767,0.27113514189584825,0.16747764040452345,0.2202824096487813,0.2706286747280591,0.2811346276159432,0.1937363530634276,0.2341114021213929,0.34965883890042043,0.20169556220781482,0.1930037125545166,0.23292156044923748,,0.35300577925857446,,,0.19441960331940103,0.1787172706010917,0.15063007523642083,0.16707208189856734,0.6689411905636006,0.17404426465601755,0.2123692773157437,0.22334743765937706,0.23479485359226954,0.13644159089196198
2025-12-12,0.2518560927999976,0.2316438312771525,0.37158468955982626,0.2597706901589275,0.1876178142956313,0.24939989392803955,0.26706326763330984,0.14733434057102204,0.2246080886538741,0.2657698129183426,0.2396985087185157,0.16941917229543058,0.18495115760038214,0.35592038016658356,0.2094094052260559,0.16815706687572546,0.22057724206160947,0.2795075915672928,0.35376468158615576,,0.24938669343858755,0.20005177070271737,0.17404114704386758,0.15287762238307506,0.15856458001545942,0.911446113449347,0.14722487861596545,0.19862846491460712,0.20737001824215776,0.22051994133597813,0.12138898814776496
2025-12-15,0.2458103335337663,0.2303202100329293,0.3527367231306774,,0.19910220429625022,0.2689745069462091,0.2629892344371442,0.19762060959967123,,,,,0.23195189601762262,0.3340945704886657,,,0.22043191962274303,,,,,0.20052754432059644,0.1702393867011611,0.15689571757589976,,,,,,,
2025-12-16,0.2312932445292143,0.2260605794441995,0.3406528074569594,,0.19823532069336391,0.25296708393255174,0.25830848191263356,0.17005607953206,,,,,0.21735388216120066,0.3220129181191135,,,0.2300503517826051,,,,,0.20300701264407764,0.1753787784165238,0.16235216698245128,,,,,,,
2025-12-17,0.2499950513217656,0.236685665134242,0.35623061751884666,,0.19188969507276277,0.2577892146002498,0.26764813171112345,,,0.2733372168082522,,,0.14670124368924933,0.3184402259084452,,,0.23617211387222312,,,,,0.20670059063058374,0.18349113801927122,0.1539053697696177,,,,,,,
2025-12-18,0.2366310255006779,0.2387348185679802,0.33923186323603555,,0.19614466230934147,0.24777507767651255,0.2588131573660344,0.15675706128227518,,,,,0.17112828665337396,0.30839409082179603,,,0.23273164500308002,,,,,0.19945416902852697,0.1779825221437753,0.1504616957671283,,,,,,,
2025-12-19,0.2273512809007553,0.2338125056404337,0.3265066704025292,,0.16652388294109347,0.23402685222090386,0.25085199272474273,0.15209166266054636,,,,,0.19202809467846285,0.3112477932488974,,,0.22537995315463838,,,,,0.18578967413075526,0.160063831352622,0.1434310163131677,,,,,,,
2025-12-22,0.2114209253344715,0.2278356344256071,0.32603656997926267,,0.16303080596614336,0.23261899006149608,0.243096657484476,0.16910175410414974,0.2012784863460779,0.2656533266367608,0.22744237635076378,0.2463941877328093,0.22249808162868426,0.30242527917545053,,0.23938081641091957,0.2317939846320353,,,,,0.1905346634300233,0.15849749633898647,0.134467268821079,0.15274829772186785,,0.20540027763676844,,,,0.09898153027196645
2025-12-23,0.2022700777706781,0.2192864055619094,0.33382661550326415,0.2926204050208376,0.14596658218115255,0.23428185895630085,0.2386032804934328,0.14271004922259828,0.22439901767696854,0.26470282902389913,0.22164888258982893,0.24597928753868667,0.24680798209123928,0.2951742623692885,,0.22974156456816525,0.22510384123202595,,,,0.20842850514565187,0.19971651582534378,0.16425317593860994,0.13454563611494905,0.16139122246850518,,0.19652625793014292,,,,
2025-12-24,0.2185260876496479,0.2214487545627293,0.3300545438373001,0.4183854797762062,0.15701903278385884,0.22842366475575662,0.23375873770170977,0.10418005480283055,0.22001966414448934,0.2679670119401965,0.21858535770172746,0.24874715034522363,0.2162182646175731,0.2988843459514928,0.1825980738296596,0.23581538100613525,0.22750292034308556,,,,0.21259698259526133,0.1956654141173724,0.15955375334603888,0.13675458730945325,0.12123531262693557,0.28480124372729787,0.19535868769839163,,,,
2025-12-26,0.2116092500805412,0.2166890956450773,0.3359087516700915,0.3419036763895763,0.12418905684041372,0.22818936148003122,0.2319220157417356,0.1329711220821089,0.20909352731438846,0.27117729224258047,0.2021387081278454,0.21307148660203665,0.205007232959903,0.29164451956386134,,0.22210861086789802,0.2225004037777017,,,,0.2138561938663561,0.19368978982530655,0.16231326920642336,0.13380760933976507,0.15364237383390947,0.27140485503139933,0.19590701134735677,0.206606189516447,,,
2025-12-29,0.2457327396252857,0.2176975867507261,0.34355013515847344,0.44108741048626554,,0.23470281823510508,0.23584535410403326,0.13911745283449642,0.22891416128518718,0.30026605320422123,0.21457597072239515,0.22825848623293182,,0.3006166549775865,,0.21595211064969388,0.21818771709271878,,,,0.2221451348878272,0.1959982145585952,0.16772185334472964,0.13186581608839548,0.1527458526889378,0.2781209854903703,0.2468897192350932,,,,
2025-12-30,0.221101186876041,0.2420643077992068,0.33973476716067563,0.47832342731923716,0.11769920183731683,0.23122162805330926,0.23367772379445845,0.1494540647865265,0.23126006562224255,0.30081969184248003,0.18687061412621525,0.27540098126895396,0.13169161908633253,0.29584801829551466,,0.21631814775172858,0.21111289098033406,,,,0.2193441383481741,,0.1630662375476182,0.13650151973510058,0.16008581716960477,0.27832195283156014,,0.21676542376220936,,,
2025-12-31,0.2230616294561062,0.2221728611746405,0.34628717346262083,0.5161526394537497,0.14721667986008943,0.22459778352955145,0.2346304803511514,,0.22749042044242868,,0.20768744800116035,0.26163358321758606,0.2790180861595458,0.2792174100778991,,0.20359281857463635,0.2211879335952828,,,,,,0.1536266680095127,0.1294781470680912,0.14948494642996993,0.2938685093480495,,,,,
2026-01-02,0.2276665905335179,0.2198019193104265,0.3580538650851034,0.4094344760638938,0.21554958505918623,0.23606048679915406,0.25344683193925366,,0.23445960394846319,,0.20804824142054754,0.2085181347260733,,0.2783062888732868,,0.21404897301798664,0.2495726526992285,,,,0.21343941991438825,0.19613831844932952,0.16147304527284856,0.12893614732368247,0.15078446064980822,0.2887374858190719,0.20004295100600045,,,,
2026-01-05,0.2408064318986718,0.230982725224079,0.39805713714866886,0.5342819758894871,0.20927924833496378,0.2501200266270829,0.25731841074301975,,0.22562087384003393,0.37778445602803756,0.26879233234277927,0.37348977081177526,0.267627902290427,0.3398184989227324,,0.23454421097022926,0.256954587714411,,,,0.24208630203347517,0.2257508107812912,0.18659757286251955,0.16296510289967633,0.16473842605064185,0.3068245488462076,0.23522943462466767,,0.2771548913814976,,0.11187064655460434
2026-01-06,0.2355705420821321,0.2449443056818896,0.3714777921153008,,0.20591920974997546,0.257233423892489,0.3779293252140154,,0.2614592343576803,0.3672868370576589,0.33168042529608927,0.23510207208100728,0.2704175102682238,0.4359909349992198,,0.25288640046908895,0.2861393478317292,,,,0.24497188612283072,0.22951746576206739,,,0.1733442124271318,0.305583796113879,0.18356614455791387,,,,0.12412758252163453
2026-01-07,0.243967606347446,0.2628114092498148,0.3671010936181484,,0.20808659147856784,0.26590486351576803,0.3804448898023344,,0.2562056284757288,0.36454194079287894,0.2832870222082536,0.24098118306551822,0.2505038651790179,0.39946770213317023,,0.26883774849735087,0.31126370117460833,,,,0.24529313239110595,0.2590366464520019,,0.17066519811054395,0.17874559316786257,0.3159358511500246,0.21472838714942646,,,,0.11209251321140573
2026-01-08,0.2500709335436707,0.227931548092771,0.36119568392803375,0.7146736608663137,0.2175392982796035,0.25346260168222357,0.381412037602894,,0.26780727718651615,0.38599271146826314,0.35020144606118786,0.23752512934240821,0.28449136226849114,0.3783812860516679,,,0.3017982155044599,,,,0.2587673630336918,0.26649707188921834,0.2090688301265175,0.20120364036965288,0.17843821230970183,0.30792107780876965,,,0.2813146384018976,0.2545534183481128,0.13121818657508572
2026-01-09,0.2405876061030281,0.2268144165086561,0.3510268130043304,0.5962891392308654,0.18882534625726732,0.24840368790355505,0.3768331994896519,,0.24476324118540915,0.38242679247810185,0.3057752527198103,0.1939888265161943,0.19685358191404093,0.3896192988903468,,0.2708683370135017,0.3389051918203379,0.25969231230326423,,,0.24389537119289953,0.24002524592691188,0.17828501948039036,0.1593978510420619,0.1689248024019856,0.29716091520750976,,0.23493803658654286,0.25226898699969935,0.2656566980315155,0.10687660275538356
2026-01-12,0.2526172558037907,,0.34931243718839605,,,,0.3931010901121771,,0.2422901278291726,,,0.25450208925051376,,0.4353379119063854,,,,,,,,,,,0.17633375502719204,0.31162469973062745,,,0.2594045198584544,0.2779314339103414,
2026-01-13,0.2460999444747059,,0.3492615059975275,,,,0.40214254532256366,,0.22268242796101267,,,0.264693968488489,,0.386591116384385,,,,,,,,,,,0.18083463978153444,0.30788392296205785,,,,0.28571854512069844,
2026-01-14,0.2511702045205808,,0.34819637952746874,,,,0.4080720330699344,,0.2230278879468749,,,0.2511814585334202,,0.330882049681148,,,,,,,,,,,0.18456785312329846,0.31367821814438224,,,,0.2897031393893271,
2026-01-15,0.2477657569519326,,0.3507270501968724,,,,0.40276054143269374,,0.22623006973433293,,,0.2285927308735227,,0.3677893005052257,,,,,,,,,,,0.1834580762868276,0.2970893753809241,,,,0.27160793117559867,
2026-01-16,0.2420866371976366,,0.344706179503759,0.4359670846398777,,,0.3976319867725355,,0.21131500110971857,,,0.2231034459029472,,0.43976605728262086,,,,,,,,,0.1916600568633205,,0.18450574735173758,0.3012298682536261,,,,0.23527323016410695,
2026-01-20,0.282039478253378,,0.38640484522973056,0.45024609914241565,0.2951196495653602,,0.45962569145527477,,0.23387582755218692,,0.3497589859832232,0.2582590931081807,,0.36604246628623843,,,,0.3179547263451846,,,,,,,0.19834224261320088,0.3141162579574962,0.36180442375999045,0.26803416629602406,,,0.13531914068718337
2026-01-21,0.2722978130155877,,0.36882700254714,0.44858011615569554,0.2953242704871509,,0.42236127076577523,,0.21305098772744238,,0.3433910791877748,0.257185608586801,,0.3610201088836286,,,,0.3200622356737165,,,,0.2875500364649776,,,0.1857800612073637,0.3152231158774784,0.3452099715069146,0.23587687133090798,0.23795229208585725,0.28113972572753476,0.12664650152837348
2026-01-22,0.2664529191755739,,0.3580863792142331,0.40305230622783894,,,0.41308900307677454,,0.20387133996935577,,0.34478201233478467,0.22339156179328123,,,,,,0.32833796178498625,,,,0.273369649859346,,,,0.3076754748825225,0.37612308946378503,0.23053412903470574,,0.2947759081108371,0.12002149544953172
2026-01-23,0.2698173732189333,,0.36060344512946535,0.36693529835184074,0.2838631565045605,,0.432932879887895,,0.2072048436133221,,0.3277742472143219,0.22936384807724966,,0.44370152576687794,,,,0.3232101562802246,,,,0.267862912110394,,,,0.29782624791863194,0.3674738069340253,0.21886998515428957,,,0.11317652428828022
2026-01-26,0.2821210865186199,,0.36329430840846993,0.5705458099767465,0.31034148622784163,,0.47256997137373313,,0.2097311660247632,,0.33771038459255465,0.24285956407418363,,0.45492866419562467,,,,0.3342780571685877,,,0.21343770462286496,0.27362169914915446,,,0.1950391586985946,0.31277458913741574,0.3780305561498087,0.2318002819484034,0.24434910596825252,,0.11005816133169907
2026-01-27,0.2728803667134489,,0.3738720009171577,,0.35191235424523737,,0.49070278168850723,,0.2086351496482682,,0.3467099077899868,0.2401564585099505,,0.37351601993215405,,,,0.3048829350765729,,,,0.28121637216416867,,,0.195825493346734,0.31920085359220224,0.36843455034975026,0.23349460274941947,0.24317695995716443,0.3068091597808296,0.1175593277588507
2026-01-28,0.2811160641182829,,0.3946925419086249,0.5060040002848896,0.34349560226696635,,0.46579565035370585,,0.20896164451171487,,0.3378912143684932,0.248885916746575,,0.32222440261216284,,,,,,,,0.2877379485468036,,,,0.3117265137005667,0.38893799438594506,0.21983643707492434,0.24781217768825387,,0.11946792535531987
2026-01-29,0.3145595638556993,,0.38838894873279706,0.41412572569624556,0.3669761525523657,,0.46702994050263097,,0.21660086321588584,,0.36604638079385804,0.2799990188410936,,0.3020626689041876,,,,0.28306546683194017,0.3106697161496307,,,0.2935464365921058,,,0.20920214650662228,0.3132303904838019,0.43617199488078173,0.22425748502798887,,0.2223993442155156,0.10998362746244132
2026-01-30,0.2293410501277943,,0.39468584795092093,0.46581813415587237,0.3674512159186787,,0.5153175754408342,,0.20945512706035194,,0.28617725063601274,0.19409355960685165,,0.2877543581764721,,,,0.28499789518271645,,,,0.29738014258239215,,0.19365239980525623,0.2138466411953576,0.3168920625811933,0.4226483230162883,0.21937166930579757,0.22575838781298682,0.2138550212968155,0.11238243656311439
2026-02-02,0.2152337497598292,,0.40007940260292396,0.3836883744547355,0.39643627913436263,,0.5191806546102423,,0.2218926379615323,,0.2795598846435602,0.20565696099190978,,0.3058972845291363,,,,0.2715255719227914,,,,0.3265662722432748,0.1652700377171781,0.20652073220343986,0.2220572120380396,0.31900107558422225,0.2473567095317328,0.2201206070849574,,,0.11638930532670366
2026-02-03,0.2355896154296909,,0.4074977604775295,0.42698037976087794,0.43733000874377403,,0.5775576503507692,0.20020035705374767,0.25112348984519517,0.310782669741118,0.2900258383874019,0.2468239562258253,0.18809974765427648,0.2983304017660732,0.19222896025240702,,,0.2841228996373461,0.34626274738040747,,,0.36958746614256693,0.1796295170303695,0.2150520268442183,0.22243180429410853,0.3440629353511329,0.2516510183428892,0.2435313255865039,0.24677932020629886,,0.13478852416486267
2026-02-04,0.2580100290455194,,0.42414661939204473,0.4688710661549294,0.4098569809313178,,0.46717959722895275,0.20279324752725741,0.2649836822909343,0.31034314611144354,0.2980480169259686,0.24361668568187542,0.19290102592043631,0.31542222798015407,0.20251329830626136,,,0.3817578245609885,0.3525164436472848,,0.2287754794578802,0.3732274773914415,0.19198819898076622,0.21956397564270913,0.17978520516019386,0.3456037808153817,0.2996773226128135,0.2545412548177506,0.2373493948568907,0.22882738142874573,0.1454063601838336
2026-02-05,0.292898609830802,,0.43772993965806845,0.5269636593937518,0.32658901585186995,,0.497198392660713,0.21036946005911675,0.28252884277507256,0.31721353263690505,0.32071948712127946,0.26771670603041325,0.20049867424745238,0.3487258198986576,0.2106727437934744,,0.225335665623143,0.49581664204065073,0.3637253769144466,,0.2558861178691416,0.3963587659456623,0.19574991265722216,0.19643514529852155,0.2078927955715717,0.36218984664260867,0.3056215716279814,0.26965784690657085,0.24361642133129732,0.25807018964088296,0.18698952012812983
2026-02-06,0.2324294448315051,,0.3983420361581882,0.5070535728461357,0.30835174810351995,,0.3250988553636668,,0.2513007879454954,0.31129596453005887,0.276992741365381,0.22243048165626267,0.18684586470459824,0.2987144503660964,0.18104131220607983,,0.1861994161926499,0.3733824828526729,0.3743666109569869,,0.23600109153783294,0.42856796834807953,0.1746627734043693,0.19409617995450817,0.1779455155040193,0.31957489706347825,0.2745097381288168,0.26585914132271965,0.20861468849562337,0.21689434442785296,0.17270581548314876
2026-02-09,0.2512316615762037,0.2748783438203001,0.4068874078469416,0.5140361460451349,0.34413160878894566,,0.3223706999693639,,0.2885491807328953,0.31619713157141915,0.3355905098318636,0.21517114935062345,,0.31868266739982537,0.1895894061447784,,,0.3410416074453596,0.38794282558202847,,0.23894696577453198,0.4614247206597067,0.1719898616014886,0.1830611873243494,0.1635041275154013,0.34189791928416097,0.26052496121783525,0.317264975966551,0.1960441069960448,0.2683897816109418,0.17568009805363397
2026-02-10,0.250017099772499,0.2778208114189271,0.3833994307087054,0.5053892223635104,0.38297198138113925,,0.31713370818180764,0.1956704644393543,0.27513394116627676,0.24734516406502954,0.3126024832235935,0.2407855297723551,0.2353475384010321,0.3279738011249937,0.19948259438650065,0.2515601896195577,,0.5085554839625883,0.3824221044000068,,0.22519870459610292,0.43056115618651175,0.18331281291370338,0.16511472304526464,0.1977105301475039,0.4435638827295951,0.29688714068127164,0.25384436828601326,0.1880902944896785,0.22923441329166921,0.2040350270381404
2026-02-11,0.2623991155166889,0.2666949423407997,0.37353023036443844,0.5223084819091,0.359962636234142,,0.32009163990897843,0.19696749739716957,0.2816534605944422,0.3588118979799416,0.35500314077145506,0.26730410116028835,0.22796247589721477,0.30405085600647974,0.18486731764589187,,,0.4795647445629103,0.3990930446170257,,,0.5185899166781645,0.1836750565464299,0.18244472328940226,0.16882567765547973,0.38561321712180036,0.3205097515557516,0.24263613133907344,0.17279786492074706,0.2025008095848172,0.18045126948637366
2026-02-12,0.2891492342260315,0.2903827495951194,0.408355508830579,0.5361987510750336,,0.45411828021241246,0.32951109095277803,0.2185403986486475,0.3002453690307515,0.37906941064368405,0.3462360520009012,0.30381041347974713,0.2587042235311501,0.3221661395163736,0.22267997965949443,0.26280170872762426,,0.48413723028906785,0.4328009387717298,,0.33589327079205966,0.513802609899817,0.2057147566525381,0.1720596265310302,0.18661864091747832,0.43004362770055965,0.3168496829824381,0.2593988932861817,0.1932635777201182,0.26208290403512435,0.20239684294846116
2026-02-13,0.2563800234056099,0.2514897786445288,0.36587100675976275,0.5275560562825342,0.2581174445487521,,0.3177685600307798,0.2072989238414741,0.2706776843815408,0.3209174436523043,0.3187842677074705,0.2427047773758223,0.2240470714263608,0.3052193221576563,0.18918450848917004,0.2314299591207509,,0.19659733840087681,0.42303854349079834,,0.2748951080440855,0.586157627132464,0.18544703341284333,0.147840759730977,0.14460368064285828,0.3375923072543667,0.28407867020954036,0.2403902853105349,0.1648220469499852,0.2291494073068957,0.1937931384817737
2026-02-17,,,,0.5498873740426746,0.25104705989411547,,0.33707871482059615,0.21159669695612018,,0.3250527551648759,,,0.24054349761108715,,,,,,0.42847241448843665,,,,,0.18584396692301638,0.15532215700737828,,0.2907202038518927,,,,0.1939466206758245
2026-02-18,,,,0.5518029674172865,0.2365546218429107,,0.3249602682768307,0.20197173930524362,,0.27306497086982423,,,0.2185404479918717,,,,,0.621471122095308,0.4244602662793064,,,,,0.13007002466818957,0.131752206823246,,0.31337718994507435,0.3462570080982812,,,0.19259386511631102
2026-02-19,,,,0.5529662550888539,0.2479809827957557,,0.3283510194841165,0.1979997328881352,,0.32089740878814,,,0.209539195811669,,,,,0.49081627493822644,0.4207110472065166,,,,,0.1552150278858255,0.16087865661789003,0.42339942732582053,0.31856118870485034,,,,0.19534086165119943
2026-02-20,,,,0.5507707963030269,0.21567951586628742,,0.3362255193382764,,,0.18058403626160144,,,0.20244621964589787,,,,,0.5028755229664355,0.4009426333263124,,,,,,,,0.2797438356789702,,,,0.23611224908630563
2026-02-23,0.324268256020745,0.3049250895492263,0.5839461120793356,0.6083200393763362,0.25859245767233874,0.5120694348685634,0.34807286096526063,0.21773492526366603,0.3240241293391308,0.370181507538247,0.4175351710108773,0.2765936784929843,0.22677115299887218,0.2791708178802103,0.17029245488497213,0.20656203217230878,,0.4476911535156925,0.423951297246267,,,0.29077947857248676,,0.15040187899060278,,,0.30913603218482955,,0.2973306995217828,0.32891004444486355,0.23621820963391074
2026-02-24,0.3076111697762027,0.2869117646408533,0.5754578564790502,0.6085853928055709,0.2651206188944975,0.3793854696893627,0.3483475691916594,0.20611988324993388,0.3029531308463456,0.34506364335030126,0.4091327907499678,0.26301510241371323,0.20532764562453226,0.3074691576314329,0.22289882279119239,0.34444900340404777,,0.5785407498657672,0.42493663011365573,,,0.3088342296692672,,0.20527807053140507,,,0.329640560326643,,0.2849168280490174,,0.22161160505123986
2026-02-25,0.3025697481332652,0.2962638628874476,0.5723775632826592,0.604293882985073,0.2371890427799816,0.3899944930225952,0.33203343809583835,0.21049648514355698,0.30065604465260853,0.29386008757791454,0.3885226467697897,0.27624173854666956,0.21371334787475,0.28984465118272906,0.22862615185897275,0.3082438453774875,,0.45195906276355147,0.4054422017155234,,,0.3107411703414375,,,,0.5009922110917937,0.2969848413449722,0.32122062845680965,,,0.20962742754901173
2026-02-26,0.3166038712341595,0.3022760831489351,0.4915370837074981,0.43779877431344966,0.24206669903861752,0.37325953815345825,0.3277972689158972,0.20516100274805674,0.3154413233591464,0.27212937622828043,0.39162999331699516,0.27916979926327945,0.2033721471720151,0.2741081338229864,0.2141133475381775,0.31264375707698083,,0.5138608647504381,0.40125454959591866,,,0.2282321624522713,,,,0.6068848769335744,0.30300064662370835,0.35381988564634154,,,0.20450769990103415
2026-02-27,0.3261187064648462,0.2958693524485823,0.4989190955171775,0.43250294286301566,0.25006393608510424,0.36996750243384396,0.3432971758206386,0.21627717573965888,0.30564037968398894,0.3695848849631176,0.4178655470371789,0.2641893167067187,0.22904281072550806,0.252614070190415,0.2508018892189741,0.21829014866588567,,0.38702439078240314,0.40307701324193174,,,0.2710646953218895,,,,,0.3233786440606571,,0.3080880483538086,,0.20695201094453236
2026-03-02,0.3476352552397068,0.3148183268314983,0.5023411837942705,0.45208403767562166,0.2853535040033799,0.38381656779740103,0.3567323552596082,0.24053477769360335,0.33509581489755125,0.4343107956957853,0.41988591267712605,0.3117764180142125,0.2320442223242121,0.29946523877725095,0.23361732258742296,0.32005090997666,,0.41552473788560584,0.46653726560334235,,,0.3678042207257831,,0.24906482414161352,,,0.2932380612511594,,0.33028797114875313,0.30376993899182425,0.2345784574502812
2026-03-03,0.3474248162194444,0.3578584137624253,0.5212311437926648,0.4609904092200953,0.2823921780133562,0.39473365821312456,0.3674595139254768,0.2473886620677019,0.3519558487956663,0.445516619710581,0.39824505677306027,0.3218019996757588,0.21537886059103106,0.2964234962371584,0.2926843639887836,0.3367673952379418,0.32062856590203387,0.47122812977005946,0.44358213939500846,,0.29948948841858225,0.35998400131333697,,0.19715043522488357,0.1955908515138716,,0.2977638172800054,0.2370313486839551,0.32116469378194645,0.4807332034758372,0.1914029366799873
2026-03-04,0.2550998122764197,0.3474812941424667,0.522892341740369,0.43037200448866975,0.30068831956336395,0.37999906496989827,0.36307069112933943,0.24750748705655465,0.33181314519940724,0.43989757222955983,0.36483860488958175,0.3534202423534271,0.23873278284461266,0.2443142527815659,0.2777501305666471,0.28646951618060457,0.3086107692053277,0.5299624623738344,0.45525052432140367,,0.2925322927756192,0.26125814376716244,,0.1980778588869548,0.17950612427482465,0.6480600532759663,0.29924518526631594,0.2189407776233658,0.30479148906560033,0.4755775392032247,0.2617008792571971
2026-03-05,0.2565178180440634,0.3484242575049557,0.5168604396536255,0.4549588934675057,0.3052368387287691,0.42375249112795166,0.2850772440770209,0.2454194770784856,0.2797790956550513,0.34336128073722144,0.411440350591192,0.2702675057703428,0.24665928744137391,0.2749019105378376,0.2474455268108126,0.2771498720471757,0.29459483430509364,0.5097900324081628,0.44153898474883047,,0.2839148633623014,0.2793059548034071,,0.1600166697995256,0.24126975657316826,0.4495686502365067,0.30129066836546736,0.2479531629512781,0.28477189368805816,0.26224573404353824,0.23246427700100858
2026-03-06,0.2615376172960064,0.3979950989030521,0.5724158560659867,0.45927107138922374,0.3093657626422598,0.4106061622540749,0.3115584478038139,0.2342329243680152,0.28348622439209725,0.43004381021078075,0.3947624166700853,0.3031038677794049,0.2478675389164295,0.2950429974135348,0.26471074995335026,0.2649094265083835,0.30061300068956387,0.5829558182517892,0.4920219276925319,,0.3226517983820961,0.2731655311637808,,0.1902577314477799,0.2199177230211101,0.5479183203778302,0.32129010560726706,0.2543191328473631,0.3053078255864625,0.37865490301345023,0.28880585463631725
2026-03-09,0.2504629833164064,0.3688686891224701,0.5223115735864865,0.4845398561266566,0.2994992177916378,0.45366713658563224,0.29596695205848833,0.2522918228584173,0.27190702239873943,0.3571175395911927,0.4334299844410092,0.3352451485695804,0.250158028105473,0.34887533620760847,0.284425505443051,0.2590291636114902,0.3110307597421781,0.4775434411663377,0.4615817795023255,,0.31354400437958735,0.3044818278703681,0.36196037751144955,0.18730757784399543,0.3148138951711114,0.33696814994713953,0.3208384384922277,0.2372560037119196,0.27959604931692816,0.25634640557290267,0.23751331832738085
2026-03-10,0.2494771668465414,0.3539554391143517,0.5303725153114709,0.46644182033840087,0.3052081111924349,0.4021916723409105,0.28348965167904927,0.2522916353127852,0.27904219540791525,0.3530217361615014,0.40310021831151044,0.3420819372407337,0.25234441806694025,0.3867459191831889,0.281831719287855,0.24318112191198157,0.30567995883535926,0.48131568009395265,0.494913070549572,,0.3101238918030781,0.30242638087196855,0.40281866430039237,,0.2866658409381788,,0.3114705638519303,0.2435587374541456,0.2786965375080694,0.26722219574367817,0.3096252313447915
2026-03-11,0.2438254114111856,0.3121937891119143,0.5250454002280807,0.45534891205679195,0.3157231713692151,0.410141007609418,0.2892376477393716,0.2552245842179339,0.2734937036791199,0.3505317529933409,0.41281803897466385,0.32359095618864964,0.2571126970499069,0.4140263317441855,0.23977089933997234,0.2232997339838885,0.31143142150759323,0.4947213400206249,0.48108882090413563,,0.3055143556422402,0.296102652912501,0.30973479053265696,,0.2594871416876078,0.39369377478016865,0.3017848549087625,0.25717062233712146,0.27860136271034647,0.26751770359317406,0.2446967907572776
2026-03-12,0.252406100266661,0.3961765267216421,0.5480074358663797,0.46609403201150357,0.3178580358391992,0.43538641555186214,0.3006536741550717,0.256802322692837,0.3038278274487072,0.39265197910235405,0.42694945110565785,0.32700971593582573,0.2857332929731203,0.38802225438943433,0.2938323848928026,0.2365595266699857,0.31694870828021093,0.46904635603814154,0.5038179550107954,,0.32001322176471103,,0.27048699711222757,,0.3466180599630628,0.42750930637386353,0.2931486438773314,0.2852271035418341,0.3148208807997725,0.4694277222775376,0.2940036070620578
2026-03-13,0.2505290677021479,0.3223308986464235,0.5184380225990823,0.43737633768096357,0.31605093669797796,0.4231571040273876,0.3821875068063405,0.25258013236081905,0.29519701481278043,0.37354131141442953,0.4157189187954643,0.30486910463549033,0.2964819300316499,0.3763795763126223,,0.2258187185686914,0.320340145251651,0.37733114666510326,0.5148332539615643,,0.32028123934915115,0.3650105772889591,0.2970914431052276,0.2831465900896305,0.20804888257672569,0.4164487131204836,0.30596360365335745,0.2812539618728335,0.3021003913347085,0.40401770913921975,0.2663411948021091
2026-03-16,0.2320242704019734,,,,,,0.28677093636483775,,0.2734252467296153,0.372133767560878,,,0.2956695840620414,,,,0.3288633170903144,,,,0.30388415004265545,,,,,,,0.2753749737609644,0.28125514771181914,0.25844559260227495,
2026-03-17,0.2161548804816564,,,,,,0.2750006657126868,,0.2609047179967275,0.3557048334757461,,,0.29240952125219716,,,,0.30411216758415976,,,,0.2754883892964742,,,,,,,0.25203538763246747,0.27622704126581415,,
2026-03-18,0.2306818765222609,,,,,,0.2997965618610479,,0.2722655079763345,,,,0.2871731947535698,,,,0.2919982742603308,,,,,,,,,,,0.2623288150093058,0.3135998032633231,,
2026-03-19,0.2207106869821059,,,,,,0.3039489943768352,,0.27001342358505115,,,,0.2719258798338207,,,,0.28325519937432014,,,,,,,,,,,,0.30515763128536993,,
2026-03-20,0.2323470916750491,,,,,,,,0.2840410685332246,,,,0.2792087838446104,,,,0.28535294810209655,,,,,,,,,,,,0.3520130227623231,,
2026-03-23,0.2203417568081173,,0.3114330271700281,0.4000963135240351,,0.33594897096007675,0.30439667289765315,,0.27947721991471886,0.38663020632725725,,0.25171394232083555,0.29382944739161065,,0.2809894706561176,0.2966161786077676,0.29594578412221206,0.35148035098870084,,,0.2876200898257427,0.2509745999333101,0.23431819196875994,0.19694488933797583,0.21951386222612387,0.6709956094828022,,0.2748241030026826,0.3187411924455385,,
2026-03-24,0.2245045381524142,,0.3133271144416382,0.41446930207557736,0.2313194349960301,0.3452460671892209,,,0.27890162603692764,0.37541412579613237,,0.25023665665134576,0.2895033315419791,0.41503115421895287,0.2699063031537573,0.296984598544674,0.2910693312769644,0.3511124395096427,,,0.2932553149406647,0.257449284212954,0.23530803274673984,0.19201205975293173,0.20674601036210274,0.5360069628825765,,0.2835836179322602,0.2854682491182014,,
2026-03-25,0.2175206342692702,,0.2992388401439143,0.3958945644660586,0.24073463792331273,0.3262323795913478,0.2889791776114245,,0.27688949475388597,0.3763336029334295,,0.2457384106305095,0.29355106656027824,,0.2803724235787624,0.2966810751843594,0.2654381824849008,0.3268604844147579,,,0.2865769685309092,0.2518313613526039,0.21871655210212682,0.19064509635400106,0.1981075817743075,0.6891804148737105,,0.2712278029959489,0.31977987204727965,,
2026-03-26,0.2361886627948898,,0.3558396180978351,0.4092889464737104,0.2560438955928307,0.34267021656883223,,,0.2930096062079438,,,0.24512881090653954,0.2877059770248854,,0.2982189214215014,0.3135384495315926,0.30493927029017615,,,,0.31799838278715314,0.2620796517254586,0.23824363635360704,0.19758685620955674,0.2137772359080438,0.6011690584133969,,0.28475798252213635,0.3656132997898704,,
2026-03-27,0.2578753563007771,,,0.4167928282529828,,0.3560859002861402,,0.22130660596710547,0.31091016578608965,,,0.268612658419896,,,0.2980364447632722,0.33446955067592504,0.3174120676435668,,,,,0.27175532436221783,,0.21194630879394571,0.21872575307492784,0.6985442144974044,,0.2970736234097483,0.33832205320348635,,
2026-03-30,0.258222868680314,,,0.4499603600486189,,0.34943431571361006,,0.23934484755377552,,,,0.26650778258723473,0.30771934710957394,,0.310369067946181,0.3087214292686663,,,,,0.3308310795565967,0.2810055718369049,0.2453584820002616,0.22498393673920514,0.22384073060390508,0.6138864087207123,,,0.45053110475682134,,
2026-03-31,0.2358250385609634,,0.3401792425645891,0.42574741147777134,,0.33704216848060214,,,0.2960440004370197,,,0.2509614476539526,0.308753221967229,,0.2998669859071481,0.3057523041224018,0.2895863644728668,0.3594998336276903,,,,0.25647753363462544,0.23293012391943244,0.20768583714673725,0.21126662541262034,0.9597053875450914,,0.2709803153594256,0.30365848579804344,0.3655561179012559,0.15684152090295514
2026-04-01,0.2495766848191646,,0.33041166980216713,0.38867856234653525,,0.33624356215278056,,,0.283721522482761,0.38838808125237906,,0.2546417365659391,0.26549587222679133,,0.3096845499207712,0.2893840717460395,0.26736181090107897,0.38244704037270083,,,,0.24045033968214638,0.21836935704418003,0.2051962956167502,0.19688230249716374,0.37535950031594756,,0.2596114733844182,0.3086478431585975,0.3651805178206458,0.1526289499939365
2026-04-02,0.2414288921740195,,0.3170424841968878,0.38309114792990945,,0.41113473242815435,0.34631608284978105,,0.28745480184834404,0.38027046168506357,,0.25679824713007177,0.2543144613198588,,0.2597064466424213,0.29511349117227825,0.28073443158424344,0.39597736423483204,,,,0.23397797801385334,0.21290651233686625,0.20311123864460948,0.20518430957514383,0.33764159629915286,,,0.30852892238386503,0.35349610481358007,0.14941203290709312
2026-04-06,0.2505293100715237,,0.3478390431494277,0.4164930927058609,,0.4237601473950137,,,0.331594904807996,0.39403816227000427,,0.25729421365071853,0.2643002446721185,,0.32508624480169307,0.2970171299073312,0.28644464101406925,0.3879962378592021,,,,0.2506399192691085,0.21648996657501737,0.21784571121938376,0.2060832134599157,0.345223443857574,,,0.3279243015735376,0.37946328587206435,0.14854231877312865
2026-04-07,0.2756981652308169,,,0.4271879622926177,,0.4345077039437413,,,0.3561655298562799,0.4201886755888604,,0.25284049347467985,0.27169665914781016,0.323615458204765,0.3507141183072283,0.304729897207449,,0.3952524997554954,,,,0.26414218581543486,0.23238987356665716,0.2131147013385433,0.20497669576021513,0.3718484072591691,,,0.32907592570183997,0.35393185852728326,
2026-04-08,0.2553732440252641,,0.3246651740982489,0.40539443529427316,0.2542765392001959,0.4454959724262682,0.3568940539620189,,0.3533594338132384,0.41600638548075314,,0.23608573806808045,0.2545537447945274,0.28540779267964295,0.33922262893046196,0.26320863321459487,0.2597981613212054,0.38645435995176675,0.36055714421381685,,,0.26161921098077107,0.21250451695962355,0.2159240011376475,,0.33097622255605424,,,0.3144596160942117,0.372654811155984,0.14062562986744295
2026-04-09,0.2511716397177317,,0.32628511296494256,0.42357026743077486,0.2522286359738488,0.4215234625856163,0.38117207271506515,,0.3332917579760109,0.39623228612276035,,0.23843965493679903,0.2546464675852908,0.2603347169681863,0.35065145857665053,0.3127814796076259,0.26639732663520804,0.38468344530571663,0.37431015774249066,,0.25422192523502596,0.257338081754415,0.2083498760623697,0.20558716790542333,0.18483677354083003,0.3329001744426986,,0.24661176450322045,0.2864261757520538,0.38508294568746393,0.13620292316165966
2026-04-10,0.2529927312579696,,0.3283892905797015,,,0.4487671543734267,0.38387658549884296,0.20277034627373822,0.34948082809423514,0.41222475914921436,,0.24010717755656394,0.2705713202830733,,0.34292226983098917,0.269310290104592,,0.3744856416894632,0.3770321090713592,,0.23326444307363442,0.2411515447341898,0.2061688497149787,0.17866112347103688,,,,0.2394579769259447,0.2780760953458622,0.3609025539492442,0.13213885998175526
2026-04-13,0.2708196231981017,,0.3255162443168965,,,0.4126338819509656,0.3913699075645543,,,,,0.2451224870583689,0.2681632210489589,,,,,0.38584236766952246,0.36019421934384854,,,,,,,,,,0.28027052294570287,0.32869857729527957,0.13288241575562781
2026-04-14,0.2841485809748469,,0.3296701979197295,,,0.43693282933569133,0.4132898203688437,,,,,0.2389702530162263,0.2638896774325816,,,,,0.37679144338686743,0.356394541761139,,,,,,,,,,0.28293516898903115,0.39347725234421493,0.13333292556709714
2026-04-15,0.2856838313056182,,0.3334841332315692,,,0.4764438964002748,0.40284570532364583,,,,,0.25044265331879445,0.26107972407422014,,,,,0.383800364451867,0.3781083104418171,,,,,,,,,,0.27634625124898626,0.3242069749968392,0.13572158540609558
2026-04-16,0.2827707647466875,,0.3232629212519233,,,0.39885714227280694,0.3956817785379789,,,,,0.2536799097034383,0.21409399341409222,,,,,0.3804371032194962,,,,,,,,,,,0.27770792764373897,0.3807542557489773,0.13572102600009778
2026-04-17,0.2686974291878102,,0.31145293585378725,,,0.37938014890709043,0.3976708184553784,,,,,0.24733870708634972,0.21854915897218902,,,,,0.372580969254437,0.3876301857200384,,,,,,,,,,0.28717848907280286,0.4046498306967268,0.15772017699569849
2026-04-20,0.278493875210808,0.3737200853259004,0.32324786914758347,0.44514577081324364,,0.4219583056220295,0.4135546347917937,0.28143103412787707,0.26659144476948793,,0.3629969070305256,0.2552904408624873,0.1999776507756882,,0.2188618393870854,0.42641390523047085,,0.3816573633346373,0.41856597159736186,,0.3926358950005613,0.2486434145199358,0.1945561924140811,,,,0.42112866058511783,,0.2992905348491728,0.3485882371764212,0.1515770438535085
2026-04-21,0.2936278869640004,0.3899671521862101,0.32277486957056967,0.46929417150020675,,0.5002215157221374,0.4329256011889984,0.3041730703546109,0.2892858152372988,,0.3598968602868918,0.26999253250325855,0.23568662827824663,,0.23319651990831622,0.35582737652940327,,0.39561724929243625,0.44694597862159696,,0.30796517166299886,0.24963074273142075,0.23019307785042997,,,0.37476185023129427,0.3997340338958541,,0.328394427447524,0.3103022919300959,
2026-04-22,0.277246402447665,0.3991927895317351,0.3258277432209749,0.4932878572233049,,0.4162473049911308,0.4352921580280206,0.30732249769317577,0.26757709326081125,,0.3779651225559008,0.256170378051277,0.2213678343214736,,0.23125453929018167,0.3690212807461229,,0.3615367009191223,0.4458786258133234,,0.2864054016312646,0.25557407895548734,0.2218624560758009,,,,0.4176289757697125,,0.2980339023919749,0.3282000482247809,0.13595946729851036
2026-04-23,0.2703047970616224,0.41625326490385,0.32418260667790316,0.47631019694351706,,0.3502848050910215,0.4428906144909871,0.3193423007511568,0.2769393723781613,,0.297107810241164,0.25987332479249226,0.23715278820184768,,0.2333404542056482,0.36879599824694065,,0.34889139070015873,0.47272320311883204,,0.2950821124581864,0.2436720855803947,,,,0.33743886074471346,0.41766992513829987,,0.311100598120891,0.35374324358944964,0.14590896193954428
2026-04-24,0.2856001569933171,0.4194204529519422,0.3562704873066813,0.4670216108965595,,0.32772741440339076,0.4477207092971321,0.3166221643599141,0.26345257177986,,0.296649919883752,,0.23804660263822408,,0.23117112501391068,0.34523427439804305,,0.35402519371383406,0.44853622193233345,0.043814823376485276,0.316423232992395,0.24719224803445572,0.2519811407206393,,,0.33406112088899687,0.42428238713908506,,0.2971191008427606,0.37027693025404607,0.14901928807244758
2026-04-27,0.3093662251406853,0.4635916452646249,0.4059546850854149,0.5220950480981089,,0.33856224139670943,0.4735242040490976,0.2513654967853737,0.2819954145633342,,0.3278826094805733,0.2817467137674113,0.2476740557950521,,0.23240177918385765,0.37359457113032934,,0.3607359395811531,0.48441938404290075,,0.2985036158497888,0.25558918726669305,0.24156790938906703,,,0.3545246433886439,0.4715400501414689,,0.33461650729332915,0.45378035348053003,0.14387644860211643
2026-04-28,0.2991191494681374,0.4791973919983824,0.3857848435704966,0.4695536817304299,,0.32003168918191904,0.4769379551745704,0.21796859257286644,0.27956320807987245,,0.31251058986708197,0.27711240025195233,0.17495981709172145,,0.23147251662216467,0.37428825468671956,,0.32968898668075114,0.46989545696500684,0.033488814905663224,0.2890743130248214,0.2501453479169272,0.1913391097613497,0.19855454122591032,,0.33136324767890535,0.46634120430928694,,0.31795850605399445,0.3531127763973493,0.14948544013584397
2026-04-29,0.3163099598633507,0.485325910754652,0.3932040612245313,0.5324728688212375,,0.3305743432430875,0.5338447827339464,0.2202152021538999,0.27505375313054603,,0.3043922585060999,0.2257445451312012,0.2255317225555836,,0.23579305838542544,0.385084480345942,,0.37201465311060766,0.4693128302305593,,0.29319259670646336,0.25779679319647075,0.20186635713932288,0.19303496355119035,,,0.47588894925916686,,0.3485267318846697,0.32594426214978345,
2026-04-30,0.3465386278212262,0.2925138610161474,0.4024945185387106,0.49202666290300273,,0.28266344613368904,0.29757699070271665,0.24428009186860594,0.2866724994297581,,0.3143924526123611,0.2163503613862897,0.23566131285634068,,0.22426422911786406,0.3083277563971704,,0.3433905939358124,0.38128889140210526,,0.2784369082395769,0.24020432369992342,0.23366286835356373,0.17726956499148647,,,0.480558170871361,,0.3402821759747823,0.35812321002519154,
2026-05-01,0.2391434340515724,0.2648552083195072,0.37795531952890243,0.43989537415103025,,0.26479732479705675,0.2788389701007367,0.2521100605666133,0.27969472131989814,,0.2992375033710298,0.19825815204198102,0.230266140861304,,0.2216647663000316,0.3036507638218095,,0.3462446416829965,0.3530262606849008,,0.27457710426100523,0.22721918183114626,0.1962138969919946,0.1718406713079804,,0.3579766582217388,0.4781618908135152,,0.2914425121633468,0.3476090036550665,0.1307182476951583
2026-05-04,0.2488693313592951,0.2850562522462883,0.39607376884490714,0.5268429722240352,,0.2887803357281982,0.306500090333216,0.2216101951869191,0.2697633461130946,,0.33574907495914713,0.21813378945815667,0.2437277349829485,,0.23673092495150427,0.30983530523159086,,0.38916006868525627,0.3852249012041813,,0.2903887412736912,0.2491194244702219,0.2122086500380566,,,0.40959767890820137,0.5412673829499027,,0.33190754717087184,0.32818379771386486,0.1376245069394747
2026-05-05,,0.2774324831316128,0.4271761820744614,0.4875218237734944,,0.29427271732558596,0.3102267703654776,0.23406737601416647,0.2782277730781213,,0.31861214903882307,0.22607603438170285,0.2338353969926404,,0.2284644660343225,0.32240177680229537,,0.37440232337887147,0.38516728532842287,,0.297649924806998,0.24592849582774004,0.25723300175450925,0.18917062796522133,,0.33751913518902465,0.5449856365471348,,0.3085674505753177,0.3058107037423508,0.13816570503182501
2026-05-06,0.2359212448408491,0.2772063777921599,0.40680876230881674,0.44639942085263723,,0.277308328897762,0.305134512122766,,0.29268945400779506,0.27143964719633784,0.3058305285401694,0.21214759746859638,0.22943979322706143,,0.21741313911801888,0.3014217000218243,0.21631362446873878,0.37693103673243744,0.39160140559439466,,,0.23090591035056776,,0.17316918092986955,0.3125503163494409,0.31405158503510644,0.3173841586735142,0.4546847911901662,0.2988805404832725,0.43034909906143476,0.13958861547949838
2026-05-07,0.2400583470655845,0.2847661984680853,0.3908025566439514,0.5316154897235811,,,0.2860223517772804,0.24435309266608227,0.27622331913448195,0.27458618501140075,0.2680094067896306,0.21646534437554418,0.22176314169291642,,0.20471498896568763,0.25443767420005337,0.20750785454877357,0.3482406325874228,0.38275844870243675,,,0.22502990229586367,,,0.26395284110659856,0.35976120810902834,0.16844337902279194,0.4540351044221685,0.2974618603348023,0.30519500691420864,0.13977277510449954
2026-05-08,0.2237375141630681,0.2662518160081147,0.37657335248348967,0.3540165125115981,,0.35401638390116136,0.2995034346986251,0.21855363439851622,0.24747171996432743,0.2719277363740095,0.2621930695197884,0.20492675315130218,,0.28520218060669317,,0.25416905739896284,,0.4710969571330093,0.3310684109740366,,,0.22488435835735254,0.21235561536385186,0.18122685891652424,0.19338166516944275,0.3668305461575126,,0.4161120675873165,0.2873140201611832,0.30410878258510315,0.12107609707305576
2026-06-02,,0.3356396738780728,,0.43282829307680537,,,,,0.26069659452266314,,,,,,,,,0.3381205683617277,0.40914577525949275,,0.28972213300061683,,0.23604705395209144,,,,,0.2756963859048383,,,
2026-06-03,,0.3183577035407601,,0.44348690299370097,,,,,0.2605883773020843,,,,,,,,,0.3445095193114713,0.43443439678057566,,0.2888459317325082,,0.23640614016662548,,,,,0.2738895506372689,,,
2026-06-04,,0.3054597669072516,,0.44298120160712917,,,,,0.25288739227000356,,,,,,,,,0.33872968110027035,0.40595103105983943,,0.27387321114166546,,0.22764041003842153,,,,,0.2846052846726002,,,
2026-06-05,,0.310639763623852,,0.43804716149736794,,,,,0.2611809570302961,,,,,,,,,0.3366623496673694,0.42814460164317525,,0.28840073325946114,,0.21155747767558292,,,,,0.2740529668092362,,,
2026-06-08,,0.3079576781773532,,0.4430779897532695,,,,,0.2648572025050616,,,,,,,,,0.32538438967544797,0.4084520633843252,,0.3037704259050098,,0.23198361622200048,,,,,0.2850245083219431,,0.30089105283015266,
2026-06-09,,0.3097431189388939,,0.4317294343444819,,,,,0.2655253023207667,,,,,,,,,0.34519725237424953,0.41910475848172085,,0.30162394686736127,,0.22202762264058498,,,,,0.2801603291147816,,0.285770421552581,
2026-06-10,,0.3150106168265956,,0.44148620634507885,,,,,0.26861004123511445,,,,,,,,,0.3500138070999059,0.43709066363760757,,0.30823028107431705,,0.2220795836555283,,,,,0.28305692035291596,,,
2026-06-11,,0.320736533229769,,0.458522240074944,,,,,0.25477811524748456,,,,,,,,,0.34370228115158474,0.4196845333846782,,0.2826007361826287,,0.21606158433878986,,,,,0.2922814260926561,,0.28314871705908984,
2026-06-12,,0.3076735833701122,,0.436954431996379,,,,,0.24198472365677795,,,,,,,,,0.3344277590230385,0.40304476328623395,,0.2666769686007386,,0.20828856088776665,,,,,0.2693689099689484,,0.2780664784444695,
2026-06-15,,0.3101455488598563,,0.4405962040737812,,,,,0.24586640105548996,,,,,,,,,0.3397678541958312,0.40003356711354143,,0.29202628629871674,,0.21610586549097663,,,,,0.281636591870234,,0.2724602026574691,
2026-06-16,,0.2979169589398676,,0.42003515768944927,,,,,0.2333681829385336,,,,,,,,,0.3187846614975692,0.4146312175773048,,0.292502848001893,,0.2104949029102554,,,,,0.2657318741101008,,0.26796068606886353,
2026-06-17,,0.3143869412426619,,0.42622347667270544,,,,,0.23942890394025376,,,,,,,,,0.3436385958061439,0.40589381887846115,,0.2930951866948236,,0.2034454996176754,,,,,0.2767046375712992,,,
2026-06-18,,0.3006694721089203,,0.4216500942843484,,,,,0.23964303011379942,,,,,,,,,0.34243969913737554,0.41317641418506673,,0.30825015357403346,,0.22393597577238525,,,,,0.2815512314600754,,0.2610611573548441,
2026-06-22,,0.3304421881795846,0.36040438440057193,0.45238643217996416,0.34720006705049367,,0.33802374781926064,0.21961318655082787,0.25183779792014965,0.34771320554365054,0.2619337600758605,,,0.3721445193824189,,,,0.3529337966555843,0.3619312706967575,,0.31086764281864815,0.2568613325550708,0.2246838775898556,0.19218109399563885,0.2290958027380501,0.5700772482576443,0.17789182478154802,0.28481967729464336,0.2737314785472551,0.28671709508569576,0.13818022791200504
2026-06-23,,0.3280249893585455,0.37932923731259666,0.43666853984553383,0.37611970748743684,,0.33092827519934737,,0.2553522087539358,0.38537035119974944,0.255283499859015,,,0.38231102037943765,,,,0.34685243533291865,0.4668049013634187,,0.286206206026186,0.2664594904669899,0.2268118471133693,0.18861752299300055,0.21706661783845366,0.5788470172225382,0.2082015898746448,0.2846112069971773,0.26450360931676625,0.28031176992031215,0.14410604509985747
2026-06-24,,0.344370537692812,0.37361590985814913,0.44011430704696675,0.3487893774088603,,0.3361627061455044,,0.2602492562923006,0.37050643729716487,0.2600783516294913,,,0.403667516097473,,,,0.35363110885073623,0.4029332019053609,,0.31823782065565154,0.2649205121586479,0.22526113520629695,0.18608414952548047,0.24087342007548096,0.5583888694764239,,0.2921315820736183,,0.3043136456307999,
2026-06-25,,0.3829185202697587,0.3743995220653101,0.4428077256720569,0.3192907385626608,,0.3497376114724267,,0.2399954980586257,0.35763403693981316,0.24463263062286417,,,0.3910540789074228,0.26222809591677326,,,0.32904776235605726,0.38236702873389383,,0.299220681225259,0.24758182916398236,0.2214568629038032,0.18511932479985158,0.20928504172671972,0.5531500328134988,0.21628326605588524,0.2773955959614566,0.27005020682608016,0.2884604905591676,0.1570307541378265
2026-06-26,,0.3700272361264186,0.3514260687660894,0.41012205738301827,0.31967083779236644,,,,,,0.24700050249277744,,,0.3754945248918912,0.26499259090223337,,,0.3381557589407678,0.44236418957379364,,0.31649032770937335,0.22620743266155574,0.20765136834380665,0.1830640308267927,0.19922948956173267,0.5617574260736452,0.19366411656175958,0.2534692089534439,,0.3093429538539446,0.14884290648409843
2026-06-29,,0.3899777841261734,0.3673105484215457,0.4349412819157622,0.32259843981306446,,0.3424412544311906,0.20888622960423256,0.25889079379763663,0.3795082422756106,0.25523446499115066,,,0.4033987741511028,0.2751894941440204,,,0.3270299215341336,0.45835954295401254,,0.3188312447511805,0.2502380394660502,0.22217466797644903,0.18369486427580128,0.21294130408875597,0.6090733190547857,0.21506157487213173,0.2995817674500598,,0.2742276961085981,0.13634152090004795
2026-06-30,,0.3398703186257204,0.3606860882924335,0.42909556219420447,0.35049264187125373,,0.34934785773598787,0.21626009891250067,0.2735126190266971,0.37790687863671024,0.26318623014174325,,,0.42815719729241447,0.3043611443510632,,,0.3215913814035829,0.523182414336507,,,0.23043451943356946,0.21160217476683607,0.18157117603511622,0.21555286657219141,0.6533650520900526,0.24362258277487397,0.28145747424820783,,0.28735134581938804,0.11965329396612662
2026-07-01,,0.3462385651181785,0.36215176064523824,0.42200510470918084,0.33533812856095946,,0.3437075953635249,,0.27460520432163626,0.3950326547917003,0.26143636807948867,,,0.44721741442675167,0.2784595914659666,,,0.32095313875486897,0.5465030402806107,,0.3679819790580551,0.2446270122434279,0.20872452255832813,0.18127023372020812,0.20843330337956562,0.35438273975426887,0.25101231442878386,0.28117564896534286,,0.3021637026562166,0.11586973996601954
2026-07-02,,0.331965573576604,0.3556116328814534,0.41309959026708487,0.3477792878323667,,0.32719260409390416,0.22773282232842215,0.2732899727206137,0.38422812417750807,0.26022204510063035,,,0.43299279243323285,0.279168589265643,,,0.2922619837752566,0.5241408544147178,,0.40751299751489556,0.23924867564495342,0.2215795502970327,0.15418328289699126,0.1987928770503006,0.353423323326447,,0.24580585873833363,,0.2614134974540748,0.11958970524720798
2026-07-06,,0.364545740203917,0.3821952645940431,0.4548231773511238,0.3856248535038964,,0.3576915829468327,,0.3273188782635155,0.42477001857245555,0.2913993064806158,,,0.49166494935157157,0.33688204975633856,,,,0.4259156526922812,0.3562556555375427,0.32444152691129785,0.2736152889784583,0.2511525990786008,0.19976886944698274,0.21820110628610528,0.3620577867039689,0.255708354714047,0.3024130454416337,,0.3781545778980227,0.11776131541450618
2026-07-07,0.2676589563947222,0.3591420164140443,0.40022030489303906,0.45839558218626836,0.3935907834924139,,0.3570091261537194,0.22292798565308947,0.32259673152866125,0.3484521488801478,0.28365996545746613,0.24295546249234098,,0.3719120651974162,0.27382212466167294,,,0.3853947204240731,0.4688082778808835,0.3592977075310638,,0.26494798565956534,0.20100569607412266,0.2107242799829113,0.2628556172660304,0.3530524210498823,0.25223634765148506,0.3198530543452771,0.3251548092403348,0.2909655336539542,0.11014103747278528
2026-07-08,0.2645699452176427,0.3338967354170716,0.4072395963449948,0.42987960755250904,0.3992604290214438,,0.3386129123877117,0.21007690031378956,0.3184376808591182,0.3484630466309477,,0.24883210432462982,,0.4070690554738777,0.25516222845327874,0.29318387948773517,,0.37342106999347235,0.5047863240046461,0.3523153330577911,0.29371838604746864,0.24683486341264363,0.22088645641125984,0.2152532226439019,0.25357123631881334,0.3585539852951256,0.25576215302911026,0.3148484661421076,,0.3125941360127613,0.11901719463986722
2026-07-09,0.2665055648381581,0.340486051697559,0.39226234580817176,0.413918422912252,0.28283952456601014,,0.35849064211824033,0.19421359791765327,0.32647922698204773,0.3659603859711162,0.28386263134450007,0.24360776411500082,,0.3638399210553771,0.2493538007787519,0.28515016078902977,,0.3870204419034013,0.49216843066745336,0.3092877162213245,0.3219955502134631,0.23896839866253342,0.2243743890078634,0.1841956711706287,0.2517169515413605,0.33276277700152684,0.2431724714559335,0.3045155328615329,,0.2784847359871452,0.10957359451699537
2026-07-10,0.2648910994191406,0.3285589779752094,0.38564891942633195,0.3823391350047684,,0.4995352960723697,0.3143932056425259,,0.32837087797763664,0.3572544131242766,0.27231962659855247,0.2395482091150671,0.21654567405687966,0.35808244564006353,0.25298042191464126,,0.2474715042532389,0.3640894094761303,0.5100411452604874,0.2958097916156266,,0.21546749435904167,0.21624703038055515,0.17325793988666235,0.2572463513155249,0.32141151515462224,0.23664312999652765,0.30065901520983523,,,0.11509957554112736
2026-07-13,0.2792472631819213,,0.3941721297693393,,,0.5116547200324127,,,,0.3573342913499885,,0.2517383267458771,0.22944392781859765,0.365064704079883,0.260013500459707,,,0.37022517967004054,0.522078237600984,,,,0.2234192751211613,,0.2647935149320334,,,0.31549804040368773,,,
2026-07-14,0.2725571121926725,,0.39663812228419815,,,0.5504205867073589,,,,0.368421488592184,,0.25211146018665326,0.2293607184996288,0.37502995351518664,0.2532110091756611,,,0.373907672064319,0.5211764527058893,,,,0.22409671604851625,,0.26951054294950894,,,0.3152932462797107,,,0.12255927079495799
2026-07-15,0.2780550644175801,,0.3950328688973409,,,0.5006323896360949,,,,0.34316204923813654,,0.25237406284306413,,0.37321540727848246,0.2478008362415991,,,0.3744699130127077,0.5010567456132311,,,,0.22118210741034325,,0.26056096817868557,,,0.30658114933124897,,,0.11834233946879846
2026-07-16,0.3037196624644551,,0.392734561907756,,,0.46618225312874717,,,,0.34002472415426194,,0.24735690713681407,,0.3011722070438514,0.2428059074862703,,,0.3692317946847191,0.5093431423479559,,0.3269898545606963,,,,0.2629506443719102,,,0.29572673810496697,,,0.11373915520505802
2026-07-17,0.3086702326041748,,0.3967965465152903,,,0.4593891396037912,,,,0.354572243415459,,0.2504830442140593,0.231473388985919,0.3329287887329726,0.23810167029235185,,,0.3811144601261949,0.5613544053634651,,,,0.2063344110986458,,0.27171626814417416,,,0.3179158710314293,,,0.11773640363891984
2026-07-20,0.3176065529478089,,0.3771779612698109,,0.5405312758296887,0.4663297104964578,0.42347666873561157,,0.2188461418137003,0.3426911803570467,0.32523589149551746,0.2683253526929969,0.24093566671246652,0.3175845353692884,,,,0.38721894567327597,0.5546333576114661,0.34795305527062653,,0.3368439970211341,0.2238380061892446,,0.2732722446840411,0.3645264251795207,0.3667849491052289,0.32817969253610774,0.29340181466942833,,0.11956849974732896
2026-07-21,0.3057953023766923,,0.3709005637727952,,0.5056714518556219,0.4643335000236246,0.42157250648557565,,0.21926721462284127,0.3366369437946362,0.32537369783884035,0.26988468863501747,0.2271334947301279,0.3223286252286564,0.24075215238426706,,,0.39420018777352633,0.546497262928775,0.3645807502010175,0.27460037129924036,0.31401227846276114,0.22649274528949592,,0.27502163529318463,0.3885391683671774,,0.32545234771237913,0.2791371831801252,,0.11694751390520203
2026-07-22,0.3089573559841129,,0.38103441834296153,,0.49741338472557917,0.5133282633990894,0.43680665259224977,,0.2229249016313791,0.3462081776794304,0.320006008514877,0.25294889391407555,0.23654258589823218,0.2957388041570504,0.24599976758575492,,,0.3875839619217268,0.5646694069494945,0.37967454017274144,0.25242445513181394,0.3296871618991619,0.21764148583252105,,0.2729486368981933,0.3566080675380777,,0.32007250747791877,0.27997137888238305,,0.12182412990815042
2026-07-23,0.2996312014264328,,0.3839473791384277,,0.5152324665381177,,0.4413112292812754,,0.2202037898978918,0.3426672081002484,0.3023617950350805,0.24948498672799205,0.24017680946134376,0.305132238902219,0.25424003965066383,,,0.38599622784685733,0.5489672873727554,0.22092118471190714,,0.32815835095569756,0.21466938249282042,,0.27408019013203877,0.36762964621524347,,0.33138667731643984,0.28750888527624013,,0.1180412251871465
2026-07-24,0.3033485316264188,,0.3814933395919086,,0.5007094185673925,0.39861112054279796,0.4267861424507433,,0.21398109177870292,0.3359361978804283,0.25693844669856525,0.24648225684236053,0.2730431071512169,0.2916913015045297,0.24149639313325624,,,0.3975689243520325,0.5469988106387214,0.32121656647275115,0.243981672897586,0.30172178549510154,0.24665264942744697,,0.26074790231107703,0.3810204993937493,,0.33610974662110266,0.2803582914575818,,0.1162707985276173
2026-07-27,0.3194743230372709,,0.38471423657783554,,0.5430679129041666,0.40131675661716243,0.4413562747145903,,0.22441783890815084,0.3484191500377417,0.2804648052711977,0.26192024449393286,0.26070157334873784,0.2843150817263765,0.2594387470664988,,,0.4026859785234446,0.551726455482056,0.331421361817385,0.2521906306825822,,0.28159046331033916,0.2293194484094735,0.27778213733688495,0.3371296376040025,,0.34488503684850946,0.2906280726745631,,0.1260546911563489
2026-07-28,0.3273808165849746,,0.3891808345499647,0.4673800438437583,0.5557435319709002,0.40005618736916737,0.44767492719321317,,0.21670235399919344,0.36126786540697786,0.26548899417107624,0.26561980486704945,0.30859874486528455,0.3363125191207735,0.2587874246810614,,,0.3645868742965712,0.563338654913275,0.37247829894042667,0.25483354913989104,,,0.20409948703544456,0.2755272305838076,0.3595054969607839,0.37397327551850656,0.36050099686331216,,0.28446918602207993,0.13372802156162822
2026-07-29,0.3349568285018604,,0.4059977080287521,0.46928103845559443,0.5518289003205817,0.39266460552389604,0.4681782583218858,,0.2315397347477215,0.3668596871634097,0.2661323339464182,0.22773164374171487,0.2534431104499084,0.35371079687498497,0.2489321375682192,,,0.34690187569513065,0.5495100154880034,0.36869947534610775,0.25729560537006546,0.309835952904209,0.2242930381800656,0.20946065324456675,0.2687590722627095,0.3625471546988069,0.3623468759733307,0.3565169883424771,0.290310359518378,0.2633877967877427,0.13322419142352865
2026-07-30,0.3236776083041616,,0.37258943838257536,0.4610732092249034,0.5362161331581264,0.3774147108768236,0.5240527096403836,,0.2112981622013407,0.34637392513300375,0.2654624795370413,0.21421152152095146,0.21887340749780443,0.30962283859987516,0.24387973854784287,,,0.34407963669291874,0.5325960408196491,0.24264846904121715,0.25415072336527206,0.33135843388999375,0.232736140038006,0.20572486410780255,0.2794400108922025,0.37275115498525857,,0.3509483859352701,,0.23185288159402778,0.12644068158830493
2026-07-31,0.2737164918633564,,0.36660072019919837,0.46665290038244794,0.5728822780145105,0.39263246171662886,0.3182232496174644,,0.2057577759498922,0.34401895895555035,0.25564382837820315,0.21948163719604782,0.25880270044154924,0.3270837868597428,0.24430632139796576,,,0.3530205850827629,0.5334812711927746,0.3309740464094328,0.23737408181048647,,0.21740829840901654,0.21609627628477782,0.27530472187871674,0.38014241411865823,,0.35479096244058883,0.25851890452480925,0.2589768218101008,0.11175579270766565
2026-08-03,0.2746706556404659,,0.3840607952227762,0.4863139612736182,0.6040151655555362,0.4056413345979744,0.3691114898781389,,0.21489488317477748,0.34595166517185316,0.2498557230994331,0.21005879871913097,0.25460175401465107,0.3438812578147334,0.2557901304931501,,,0.3648644776300995,0.5920861627923213,0.3021327753378036,0.2523950522964643,0.3633027369464399,0.2328338388422487,,0.324418018901863,0.3700658364391883,,0.365976398855597,0.269651865479901,0.2536326444162187,0.12644200687255117
2026-08-04,0.2669919405826689,,0.3829044052792143,0.4759993960627651,0.6241680410611057,0.37846519597511785,0.35046305539925704,,0.22573527385613915,0.3737397490263561,0.2702263401003939,0.21511581170708852,0.28200272241923136,0.3130643008594599,0.278670028154938,,,0.36289064860852516,0.5007668901618385,,0.2652469329961618,,0.22992000143777985,,0.25407287077067475,0.3847307166660475,,0.39290263184102775,,0.2862866085243128,0.1459100231732734
2026-08-05,0.2562494496486619,,0.38275100192448663,0.46799650149267885,0.6030361280786498,0.34673748618383526,0.32531129210938375,,0.21769888877384364,0.3547677943741426,0.25960318407838123,0.19663043776988412,0.26501789937485326,0.28740350487357774,0.2542036542769337,,,0.4100041131069418,0.49184964787509344,0.40720253878850476,0.24535592275876153,0.27887936878884984,0.18526542889817899,,0.22902820065767185,0.37631371077201975,,0.39153470745463786,,0.22750961127440747,0.14702632083268027
2026-08-06,0.2443568444695062,,0.3691764109661191,0.45896256232387356,0.5555972338138144,0.33172870109438185,0.3166729524495632,,0.19815196319849773,0.33912301500151737,0.2325086981861106,0.18483753036086029,0.16896819117862932,0.2752733634697394,,,,0.3884194006554219,0.4753037285744003,,0.23183652624247092,0.32669880952849617,0.1821284024470653,,0.21393801789147526,0.33277117138413187,0.2543351436612801,0.3501695223864546,,0.2514622949957294,0.11336186510319653
2026-08-07,0.2262082491501764,,0.3443059702327751,0.4273535709655459,0.5428522280466331,0.2958243877294971,0.3057097902098074,,0.19588362865984887,0.3051629686145075,0.22145896603337986,0.18014430050776806,0.22641129605511828,0.257372923485143,,,,0.3734999275637807,0.4082233880162844,,,0.32781065295728895,0.20423439340892244,0.18802591760451653,0.18824101948033947,0.3156091314028858,0.2161055731234309,0.3381335107875703,,0.19983877462974414,0.1083983875506731
2026-08-10,0.2411095920486593,0.2797339100037537,0.36497685998654844,0.41311407745391165,0.6048387962599829,0.3402042451075825,0.33429545391576276,,0.1984451983346749,0.3030727240253013,0.22123452755123724,0.1914842542106223,0.24258437446447967,0.27525329664465253,0.23378970811554817,,,0.38797412416346955,0.40366618618715444,,0.22023092335396924,0.419889404318911,0.17685813626831678,,0.19980037901000652,0.3048917685626366,,0.3981797516921633,,0.25152151646986076,0.10671795491729076
2026-08-11,0.2323915895823451,0.264515733678487,0.3465622286503823,0.3912692187141559,0.6380610216699155,0.35694271536991723,0.299294779969641,,0.20816795885078002,0.3036685614550943,0.23230802717964597,0.1858858137367694,0.30570791584371154,0.269821096590604,0.2236036076324946,,,0.31840358035096017,0.4029000940066581,0.31781542364862414,,,0.20097553147090344,,0.19090136248084386,0.32489526678938185,,0.3999671476351737,0.2241673477671224,0.26578126259274987,0.11593460040492072
2026-08-12,0.2293785559220229,0.2518442719403365,0.3528464893495617,0.39520130648016505,0.6926097646887402,0.329288071278749,0.29688356768148144,,0.22007124794225696,0.277314735386167,0.23467777459372072,0.19679168854480159,0.18510463418914197,0.2785066922023428,0.2237120499771255,,,0.33187295321764104,0.43120655043138617,,0.258356657304486,,0.20274137656874447,,0.21313428578959182,0.3507008796176333,,0.4377010107484438,0.2261183746027252,0.27436054717394165,0.111206246835761
2026-08-13,0.2285810448653295,0.2309989044657197,0.3305810603051407,0.4576565997587023,0.3361163628156578,0.30935570436944354,0.29395081446424165,0.21997477188450767,0.2034030499792684,0.27346341324990836,0.2546832048242247,,0.26383620395301044,0.26062674738847447,,,,0.24487298668346474,0.38733967715520945,0.3666283395799087,0.23471132761569383,,0.1821726870214105,,0.22349863662116717,0.3348491519151992,0.21948437256537462,0.4044929679002914,0.22522107707039263,0.1881992670260414,0.09712652961256178
2026-08-14,0.2017688085452991,0.2056844500812816,0.31389454706285835,0.37010499129580937,0.2879125039100013,0.31712531368335434,0.2522705849832709,,0.19702354233563274,0.24237733608869633,0.21177444358922093,,0.24829104655514206,0.23329565841985575,,,,,0.3568019768939149,0.21727631926868002,0.22749154775265312,,0.17341280925949884,,0.19274947970112072,0.29502856826499607,0.21214044240162927,0.3530361371711159,0.21390013580829506,,0.07399165269265322
